run_key,method,iter,eligible_q,scheduled,forced_final,support_size,lambda_min,eta,chosen_sign,actual_drop,required_drop,roundoff_guard,guard_dominates_theory,accepted,eig_time,probe_time,verification_time,regime,n,p,seed,schedule,geometry,perturbation
ordinary_n50_p0.3_seed1101,4V-FB,1339,1,True,False,26,0.05607664917715323,0.08973928820402641,1,-0.00022340438951884423,1.0190560951052899e-41,2.0757952064859007e-13,True,False,0.010684128999969289,1.7589999970368808e-05,0.010736269000062748,ordinary,50,0.3,1101.0,,,
ordinary_n50_p0.3_seed1101,4V-FB,1340,2,True,False,26,0.05607664876100611,0.08973928820402641,1,-0.00022340450396995948,1.0190560951052899e-41,2.075795206485898e-13,True,False,7.439000000886153e-05,1.1040000003958994e-05,0.0001067799998963892,ordinary,50,0.3,1101.0,,,
ordinary_n50_p0.3_seed1101,4V-FB,1342,4,True,False,26,0.0560766479451395,0.08973928820402641,1,-0.00022340472830872926,1.0190560951052899e-41,2.0757952064858942e-13,True,False,5.528999997750361e-05,1.0379999935139494e-05,8.319999994910177e-05,ordinary,50,0.3,1101.0,,,
ordinary_n50_p0.3_seed1101,4V-FB,1346,8,True,False,26,0.05607664637711875,0.08973928820402641,1,-0.00022340515930130422,1.0190560951052899e-41,2.0757952064858856e-13,True,False,4.5940000063637854e-05,1.00999999403939e-05,7.252000000335102e-05,ordinary,50,0.3,1101.0,,,
ordinary_n50_p0.3_seed1101,4V-FB,1354,16,True,False,26,0.05607664348074176,0.08973928820402641,1,-0.00022340595481340486,1.0190560951052899e-41,2.0757952064858722e-13,True,False,4.5860000000175205e-05,9.999999974752427e-06,7.238000000597822e-05,ordinary,50,0.3,1101.0,,,
ordinary_n50_p0.3_seed1101,4V-FB,1370,32,True,False,26,0.0560766385364041,0.08973928820402641,1,-0.00022340731089398602,1.0190560951052899e-41,2.0757952064858528e-13,True,False,4.4080000066060165e-05,1.0060000022349413e-05,7.003000007443916e-05,ordinary,50,0.3,1101.0,,,
ordinary_n50_p0.3_seed1101,4V-FB,1402,64,True,False,26,0.05607663131369389,0.08973928820402641,1,-0.00022340928687825112,1.0190560951052899e-41,2.0757952064858316e-13,True,False,4.396000008455303e-05,1.0000000088439265e-05,7.003999996868515e-05,ordinary,50,0.3,1101.0,,,
ordinary_n50_p0.3_seed1101,4V-FB,1466,128,True,False,26,0.05607662352674979,0.08973928820402641,1,-0.00022341140867121467,1.0190560951052899e-41,2.0757952064858187e-13,True,False,4.4559999992088706e-05,9.999999974752427e-06,7.028999993963225e-05,ordinary,50,0.3,1101.0,,,
ordinary_n50_p0.3_seed1101,4V-FB,1594,256,True,False,26,0.05607661881124908,0.08973928820402641,1,-0.00022341268675996062,1.0190560951052899e-41,2.0757952064858164e-13,True,False,4.425999998147745e-05,1.0149999980058055e-05,7.018999997399078e-05,ordinary,50,0.3,1101.0,,,
ordinary_n50_p0.3_seed1101,4V-FB,1850,512,True,False,26,0.05607661781004207,0.08973928820402641,1,-0.0002234129567217913,1.0190560951052899e-41,2.075795206485816e-13,True,False,0.00019190000000435248,1.2969999943379662e-05,0.00023993999991489545,ordinary,50,0.3,1101.0,,,
ordinary_n50_p0.3_seed1101,4V-FB,2024,686,False,True,26,0.05607661777995353,0.08973928820402641,1,-0.00022341296480732353,1.0190560951052899e-41,2.0757952064858164e-13,True,False,7.579999999052234e-05,1.1150000091220136e-05,0.0001058899999861751,ordinary,50,0.3,1101.0,,,
ordinary_n50_p0.3_seed1102,4V-FB,1150,1,True,False,25,0.060333014821671485,0.08919747049877136,-1,-0.00023998866134622432,6.393305139509483e-42,2.559197856227758e-13,True,False,0.00012227999991409888,1.2120000064896885e-05,0.00015935999999783235,ordinary,50,0.3,1102.0,,,
ordinary_n50_p0.3_seed1102,4V-FB,1151,2,True,False,25,0.06033301482754999,0.08919747049877136,-1,-0.00023998853747420057,6.393305139509483e-42,2.559197856227756e-13,True,False,5.5090000046220666e-05,1.042999997480365e-05,8.288000003631169e-05,ordinary,50,0.3,1102.0,,,
ordinary_n50_p0.3_seed1102,4V-FB,1153,4,True,False,25,0.06033301483905827,0.08919747049877136,-1,-0.0002399882949681853,6.393305139509483e-42,2.559197856227752e-13,True,False,4.750999994485028e-05,1.0169999995923718e-05,7.37700000854602e-05,ordinary,50,0.3,1102.0,,,
ordinary_n50_p0.3_seed1102,4V-FB,1157,8,True,False,25,0.0603330148611126,0.08919747049877136,-1,-0.00023998783023193582,6.393305139509483e-42,2.5591978562277435e-13,True,False,4.230000001825829e-05,9.890000001178123e-06,6.781000001865323e-05,ordinary,50,0.3,1102.0,,,
ordinary_n50_p0.3_seed1102,4V-FB,1165,16,True,False,25,0.06033301490161916,0.08919747049877136,-1,-0.0002399869766671614,6.393305139509483e-42,2.559197856227731e-13,True,False,4.011999999420368e-05,1.0240000051453535e-05,6.60000000607397e-05,ordinary,50,0.3,1102.0,,,
ordinary_n50_p0.3_seed1102,4V-FB,1181,32,True,False,25,0.060333014969995075,0.08919747049877136,-1,-0.00023998553581972004,6.393305139509483e-42,2.559197856227711e-13,True,False,4.195999997591571e-05,9.930000032909447e-06,6.739000002653484e-05,ordinary,50,0.3,1102.0,,,
ordinary_n50_p0.3_seed1102,4V-FB,1213,64,True,False,25,0.06033301506772827,0.08919747049877136,-1,-0.00023998347632270267,6.393305139509483e-42,2.5591978562276915e-13,True,False,4.216000002088549e-05,1.002999999855092e-05,6.826000003457011e-05,ordinary,50,0.3,1102.0,,,
ordinary_n50_p0.3_seed1102,4V-FB,1277,128,True,False,25,0.060333015168853435,0.08919747049877136,-1,-0.0002399813452909072,6.393305139509483e-42,2.559197856227681e-13,True,False,4.219999993892998e-05,1.0139999972125224e-05,6.791999999222753e-05,ordinary,50,0.3,1102.0,,,
ordinary_n50_p0.3_seed1102,4V-FB,1405,256,True,False,25,0.060333015225713965,0.08919747049877136,-1,-0.00023998014702630854,6.393305139509483e-42,2.5591978562276794e-13,True,False,4.3239999968136544e-05,9.949999935088272e-06,6.925000002411252e-05,ordinary,50,0.3,1102.0,,,
ordinary_n50_p0.3_seed1102,4V-FB,1661,512,True,False,25,0.06033301523634378,0.08919747049877136,-1,-0.0002399799230148325,6.393305139509483e-42,2.559197856227679e-13,True,False,4.447999992862606e-05,1.0309999993296515e-05,7.124999990537617e-05,ordinary,50,0.3,1102.0,,,
ordinary_n50_p0.3_seed1102,4V-FB,1796,647,False,True,25,0.060333015236586074,0.08919747049877136,-1,-0.0002399799179202411,6.393305139509483e-42,2.559197856227679e-13,True,False,4.49799999842071e-05,1.0659999929885089e-05,7.189999996626284e-05,ordinary,50,0.3,1102.0,,,
ordinary_n50_p0.3_seed1103,4V-FB,682,1,True,False,23,0.08209524886530509,0.08189651608428171,-1,-0.00027363213357700644,8.000529677521357e-41,2.9232367903643673e-13,True,False,9.547999991355027e-05,1.1640000025181507e-05,0.00013014000001021486,ordinary,50,0.3,1103.0,,,
ordinary_n50_p0.3_seed1103,4V-FB,683,2,True,False,23,0.08209524852398131,0.08189651608428171,-1,-0.00027363226437771004,8.000529677521357e-41,2.923236790364365e-13,True,False,5.280999994283775e-05,1.0519999932512292e-05,8.084000000962988e-05,ordinary,50,0.3,1103.0,,,
ordinary_n50_p0.3_seed1103,4V-FB,685,4,True,False,23,0.08209524785844952,0.08189651608428171,-1,-0.00027363251945633493,8.000529677521357e-41,2.9232367903643617e-13,True,False,4.263000005266804e-05,9.979999958886765e-06,6.852000001345004e-05,ordinary,50,0.3,1103.0,,,
ordinary_n50_p0.3_seed1103,4V-FB,689,8,True,False,23,0.08209524659319811,0.08189651608428171,-1,-0.0002736330045296498,8.000529677521357e-41,2.9232367903643556e-13,True,False,4.046000003654626e-05,1.0070000030282245e-05,6.602999997085135e-05,ordinary,50,0.3,1103.0,,,
ordinary_n50_p0.3_seed1103,4V-FB,697,16,True,False,23,0.08209524430604351,0.08189651608428171,-1,-0.00027363388186119053,8.000529677521357e-41,2.9232367903643445e-13,True,False,4.025999999157648e-05,1.019000001178938e-05,6.594000001314271e-05,ordinary,50,0.3,1103.0,,,
ordinary_n50_p0.3_seed1103,4V-FB,713,32,True,False,23,0.08209524056466111,0.08189651608428171,-1,-0.00027363531847601763,8.000529677521357e-41,2.92323679036433e-13,True,False,4.0480000052411924e-05,1.0009999982685258e-05,6.62500000316868e-05,ordinary,50,0.3,1103.0,,,
ordinary_n50_p0.3_seed1103,4V-FB,745,64,True,False,23,0.08209523553468706,0.08189651608428171,-1,-0.0002736372532301523,8.000529677521357e-41,2.9232367903643163e-13,True,False,4.1460000034021505e-05,1.0380000048826332e-05,6.750000000010914e-05,ordinary,50,0.3,1103.0,,,
ordinary_n50_p0.3_seed1103,4V-FB,809,128,True,False,23,0.08209523090317003,0.08189651608428171,-1,-0.0002736390393121013,8.000529677521357e-41,2.92323679036431e-13,True,False,4.1300000020783045e-05,9.940000040842278e-06,6.704999998419225e-05,ordinary,50,0.3,1103.0,,,
ordinary_n50_p0.3_seed1103,4V-FB,937,256,True,False,23,0.08209522879909997,0.08189651608428171,-1,-0.0002736398531588691,8.000529677521357e-41,2.9232367903643097e-13,True,False,4.2579999899317045e-05,9.839999961513968e-06,6.828999994468177e-05,ordinary,50,0.3,1103.0,,,
ordinary_n50_p0.3_seed1103,4V-FB,1193,512,True,False,23,0.08209522852835338,0.08189651608428171,-1,-0.0002736399581406701,8.000529677521357e-41,2.9232367903643097e-13,True,False,4.44500000185144e-05,1.0230000043520704e-05,7.158000005347276e-05,ordinary,50,0.3,1103.0,,,
ordinary_n50_p0.3_seed1103,4V-FB,1228,547,False,True,23,0.08209522852671969,0.08189651608428171,-1,-0.0002736399587739413,8.000529677521357e-41,2.92323679036431e-13,True,False,4.060899993874045e-05,9.970000064640772e-06,6.654900005287345e-05,ordinary,50,0.3,1103.0,,,
ordinary_n50_p0.3_seed1104,4V-FB,1088,1,True,False,23,0.06703462476380154,0.08651073431205755,-1,-0.0002498940166084651,9.557491268415018e-43,2.0265961638872492e-13,True,False,7.935999997243925e-05,1.1610000001383014e-05,0.00011268000002928602,ordinary,50,0.3,1104.0,,,
ordinary_n50_p0.3_seed1104,4V-FB,1089,2,True,False,23,0.06703462458862793,0.08651073431205755,-1,-0.00024989414124609866,9.557491268415018e-43,2.0265961638872474e-13,True,False,4.9679999960972054e-05,1.0549999956310785e-05,7.692000008319155e-05,ordinary,50,0.3,1104.0,,,
ordinary_n50_p0.3_seed1104,4V-FB,1091,4,True,False,23,0.0670346242461169,0.08651073431205755,-1,-0.00024989438494893434,9.557491268415018e-43,2.0265961638872426e-13,True,False,4.16000000313943e-05,1.0349999911341001e-05,6.771000005301175e-05,ordinary,50,0.3,1104.0,,,
ordinary_n50_p0.3_seed1104,4V-FB,1095,8,True,False,23,0.06703462359136006,0.08651073431205755,-1,-0.00024989485081983176,9.557491268415018e-43,2.026596163887236e-13,True,False,4.133999993882753e-05,1.0119999956259562e-05,6.729000006089336e-05,ordinary,50,0.3,1104.0,,,
ordinary_n50_p0.3_seed1104,4V-FB,1103,16,True,False,23,0.06703462239472253,0.08651073431205755,-1,-0.0002498957022472048,9.557491268415018e-43,2.026596163887224e-13,True,False,3.936999996767554e-05,1.0080000038215076e-05,6.496000003153313e-05,ordinary,50,0.3,1104.0,,,
ordinary_n50_p0.3_seed1104,4V-FB,1119,32,True,False,23,0.06703462039443993,0.08651073431205755,-1,-0.00024989712548428855,9.557491268415018e-43,2.0265961638872065e-13,True,False,4.0379999973083613e-05,1.0100000054080738e-05,6.621999989420146e-05,ordinary,50,0.3,1104.0,,,
ordinary_n50_p0.3_seed1104,4V-FB,1151,64,True,False,23,0.06703461758966875,0.08651073431205755,-1,-0.0002498991211314916,9.557491268415018e-43,2.0265961638871898e-13,True,False,3.985900002589915e-05,1.0070000030282245e-05,6.568900005277101e-05,ordinary,50,0.3,1104.0,,,
ordinary_n50_p0.3_seed1104,4V-FB,1215,128,True,False,23,0.06703461479254949,0.08651073431205755,-1,-0.0002499011113390459,9.557491268415018e-43,2.0265961638871808e-13,True,False,4.089999993084348e-05,9.979999958886765e-06,6.656999994447688e-05,ordinary,50,0.3,1104.0,,,
ordinary_n50_p0.3_seed1104,4V-FB,1343,256,True,False,23,0.0670346133234793,0.08651073431205755,-1,-0.00024990215661535586,9.557491268415018e-43,2.0265961638871795e-13,True,False,6.793000000016036e-05,1.0439999982736481e-05,9.571000009600539e-05,ordinary,50,0.3,1104.0,,,
ordinary_n50_p0.3_seed1104,4V-FB,1599,512,True,False,23,0.06703461308005215,0.08651073431205755,-1,-0.00024990232981991767,9.557491268415018e-43,2.0265961638871795e-13,True,False,4.4959999968341435e-05,1.0159999987990886e-05,7.210999990547862e-05,ordinary,50,0.3,1104.0,,,
ordinary_n50_p0.3_seed1104,4V-FB,1697,610,False,True,23,0.06703461307602832,0.08651073431205755,-1,-0.0002499023326829608,9.557491268415018e-43,2.026596163887179e-13,True,False,4.66600000663675e-05,9.919999911289779e-06,7.25599999213955e-05,ordinary,50,0.3,1104.0,,,
ordinary_n50_p0.3_seed1105,4V-FB,1419,1,True,False,28,0.04148556427854872,0.08628148933262116,1,-0.000153810580776792,3.03469494232032e-42,3.333422337563219e-13,True,False,8.889000002909597e-05,1.159000009920419e-05,0.00013122999996539875,ordinary,50,0.3,1105.0,,,
ordinary_n50_p0.3_seed1105,4V-FB,1420,2,True,False,28,0.04148556416052967,0.08628148933262116,1,-0.00015381065857278386,3.03469494232032e-42,3.333422337563216e-13,True,False,5.84499999831678e-05,1.0399999951005157e-05,8.560999992823781e-05,ordinary,50,0.3,1105.0,,,
ordinary_n50_p0.3_seed1105,4V-FB,1422,4,True,False,28,0.041485563927744884,0.08628148933262116,1,-0.00015381081201848446,3.03469494232032e-42,3.333422337563212e-13,True,False,4.916000000321219e-05,1.0150000093744893e-05,7.481000000097993e-05,ordinary,50,0.3,1105.0,,,
ordinary_n50_p0.3_seed1105,4V-FB,1426,8,True,False,28,0.04148556347491916,0.08628148933262116,1,-0.00015381111050993823,3.03469494232032e-42,3.3334223375632035e-13,True,False,4.498999999213993e-05,9.910000017043785e-06,7.018999997399078e-05,ordinary,50,0.3,1105.0,,,
ordinary_n50_p0.3_seed1105,4V-FB,1434,16,True,False,28,0.04148556261809473,0.08628148933262116,1,-0.0001538116753074803,3.03469494232032e-42,3.33342233756319e-13,True,False,4.541999999219115e-05,1.01200000699464e-05,7.129000005079433e-05,ordinary,50,0.3,1105.0,,,
ordinary_n50_p0.3_seed1105,4V-FB,1450,32,True,False,28,0.041485561083712964,0.08628148933262116,1,-0.00015381268673086979,3.03469494232032e-42,3.3334223375631676e-13,True,False,4.468999998152867e-05,9.969999950953934e-06,7.010999991052813e-05,ordinary,50,0.3,1105.0,,,
ordinary_n50_p0.3_seed1105,4V-FB,1482,64,True,False,28,0.04148555862004797,0.08628148933262116,1,-0.00015381431071403995,3.03469494232032e-42,3.3334223375631373e-13,True,False,4.603999991559249e-05,9.809999937715475e-06,7.158000005347276e-05,ordinary,50,0.3,1105.0,,,
ordinary_n50_p0.3_seed1105,4V-FB,1546,128,True,False,28,0.04148555542689841,0.08628148933262116,1,-0.00015381641554679248,3.03469494232032e-42,3.333422337563112e-13,True,False,4.631000001609209e-05,1.0369999927206663e-05,7.271999993463396e-05,ordinary,50,0.3,1105.0,,,
ordinary_n50_p0.3_seed1105,4V-FB,1674,256,True,False,28,0.041485552686779406,0.08628148933262116,1,-0.0001538182217504236,3.03469494232032e-42,3.3334223375631025e-13,True,False,4.7740000013618555e-05,1.0089999932461069e-05,7.41300000299816e-05,ordinary,50,0.3,1105.0,,,
ordinary_n50_p0.3_seed1105,4V-FB,1930,512,True,False,28,0.041485551594163055,0.08628148933262116,1,-0.00015381894197030732,3.03469494232032e-42,3.3334223375631015e-13,True,False,8.147999994889688e-05,1.0869999982787704e-05,0.00011050999989947741,ordinary,50,0.3,1105.0,,,
ordinary_n50_p0.3_seed1105,4V-FB,2413,995,False,True,28,0.041485551483014034,0.08628148933262116,1,-0.00015381901523703334,3.03469494232032e-42,3.333422337563101e-13,True,False,5.1839999969161e-05,1.0279999969498022e-05,7.876999995914957e-05,ordinary,50,0.3,1105.0,,,
ordinary_n50_p0.5_seed1101,4V-FB,1557,1,True,False,27,0.0457402722473528,0.05199500361549363,-1,-6.138410404821215e-05,9.938742454125823e-29,2.0191252290510963e-13,True,False,0.00016039000001910608,1.116999999339896e-05,0.000200879999965764,ordinary,50,0.5,1101.0,,,
ordinary_n50_p0.5_seed1101,4V-FB,1558,2,True,False,27,0.04574027183249468,0.05199500361549363,-1,-6.138415891321358e-05,9.938742454125823e-29,2.019125229051094e-13,True,False,6.149000000732485e-05,9.849999969446799e-06,8.825999998407497e-05,ordinary,50,0.5,1101.0,,,
ordinary_n50_p0.5_seed1101,4V-FB,1560,4,True,False,27,0.045740271016329936,0.05199500361549363,-1,-6.138426685620146e-05,9.938742454125823e-29,2.0191252290510895e-13,True,False,4.8959999958242406e-05,9.159999990515644e-06,7.377999997970619e-05,ordinary,50,0.5,1101.0,,,
ordinary_n50_p0.5_seed1101,4V-FB,1564,8,True,False,27,0.04574026943683518,0.05199500361549363,-1,-6.138447576908845e-05,9.938742454125823e-29,2.019125229051081e-13,True,False,5.586999998286046e-05,9.15000009626965e-06,8.053999999901862e-05,ordinary,50,0.5,1101.0,,,
ordinary_n50_p0.5_seed1101,4V-FB,1572,16,True,False,27,0.045740266478658725,0.05199500361549363,-1,-6.138486708939794e-05,9.938742454125823e-29,2.0191252290510665e-13,True,False,4.70500000346874e-05,9.149999982582813e-06,7.144999995034595e-05,ordinary,50,0.5,1101.0,,,
ordinary_n50_p0.5_seed1101,4V-FB,1588,32,True,False,27,0.04574026128800843,0.05199500361549363,-1,-6.138555391066447e-05,9.938742454125823e-29,2.0191252290510443e-13,True,False,4.707000005055306e-05,9.040000009008509e-06,7.171000004291272e-05,ordinary,50,0.5,1101.0,,,
ordinary_n50_p0.5_seed1101,4V-FB,1620,64,True,False,27,0.04574025328141086,0.05199500361549363,-1,-6.138661382459887e-05,9.938742454125823e-29,2.0191252290510168e-13,True,False,4.733999992367899e-05,9.12999996671715e-06,7.192999999006133e-05,ordinary,50,0.5,1101.0,,,
ordinary_n50_p0.5_seed1101,4V-FB,1684,128,True,False,27,0.04574024368144497,0.05199500361549363,-1,-6.13878855801886e-05,9.938742454125823e-29,2.0191252290509976e-13,True,False,4.6489999931509374e-05,9.149999982582813e-06,7.113000003755587e-05,ordinary,50,0.5,1101.0,,,
ordinary_n50_p0.5_seed1101,4V-FB,1812,256,True,False,27,0.04574023656905675,0.05199500361549363,-1,-6.13888286409292e-05,9.938742454125823e-29,2.0191252290509915e-13,True,False,5.265000004328613e-05,9.420000083082414e-06,7.801000003837544e-05,ordinary,50,0.5,1101.0,,,
ordinary_n50_p0.5_seed1101,4V-FB,2068,512,True,False,27,0.04574023439306358,0.05199500361549363,-1,-6.138911739217434e-05,9.938742454125823e-29,2.019125229050991e-13,True,False,5.5900000006658956e-05,9.519999935037049e-06,8.966000007148978e-05,ordinary,50,0.5,1101.0,,,
ordinary_n50_p0.5_seed1101,4V-FB,2397,841,False,True,27,0.04574023425702084,0.05199500361549363,-1,-6.138913545150615e-05,9.938742454125823e-29,2.019125229050991e-13,True,False,7.956000001740904e-05,9.499999919171387e-06,0.00010701999997309031,ordinary,50,0.5,1101.0,,,
ordinary_n50_p0.5_seed1102,4V-FB,1830,1,True,False,28,0.03370770302594157,0.05163936026162418,1,-4.396465424738594e-05,7.47319720318821e-29,2.672098878322158e-13,True,False,9.015000000545115e-05,1.1000000085914508e-05,0.00012297000000671687,ordinary,50,0.5,1102.0,,,
ordinary_n50_p0.5_seed1102,4V-FB,1831,2,True,False,28,0.0337077021027694,0.05163936026162418,1,-4.396469323220131e-05,7.47319720318821e-29,2.672098878322156e-13,True,False,5.755000006502087e-05,9.389999945597083e-06,8.386000001792127e-05,ordinary,50,0.5,1102.0,,,
ordinary_n50_p0.5_seed1102,4V-FB,1833,4,True,False,28,0.03370770027839267,0.05163936026162418,1,-4.396477027146517e-05,7.47319720318821e-29,2.6720988783221527e-13,True,False,4.850000004807953e-05,8.829999956105894e-06,7.29700000192679e-05,ordinary,50,0.5,1102.0,,,
ordinary_n50_p0.5_seed1102,4V-FB,1837,8,True,False,28,0.03370769671588577,0.05163936026162418,1,-4.396492071156999e-05,7.47319720318821e-29,2.6720988783221436e-13,True,False,4.498999999213993e-05,8.989999969344353e-06,6.917000007433671e-05,ordinary,50,0.5,1102.0,,,
ordinary_n50_p0.5_seed1102,4V-FB,1845,16,True,False,28,0.03370768992329035,0.05163936026162418,1,-4.3965207551899255e-05,7.47319720318821e-29,2.6720988783221284e-13,True,False,4.5279999994818354e-05,9.159999990515644e-06,6.978999999773805e-05,ordinary,50,0.5,1102.0,,,
ordinary_n50_p0.5_seed1102,4V-FB,1861,32,True,False,28,0.03370767757301991,0.05163936026162418,1,-4.396572908493823e-05,7.47319720318821e-29,2.6720988783221027e-13,True,False,4.5390000082079496e-05,9.15000009626965e-06,6.974000007176073e-05,ordinary,50,0.5,1102.0,,,
ordinary_n50_p0.5_seed1102,4V-FB,1893,64,True,False,28,0.03370765713823596,0.05163936026162418,1,-4.396659200844866e-05,7.47319720318821e-29,2.6720988783220674e-13,True,False,4.6259999976427935e-05,9.1899999006273e-06,7.076999997934763e-05,ordinary,50,0.5,1102.0,,,
ordinary_n50_p0.5_seed1102,4V-FB,1957,128,True,False,28,0.03370762905223263,0.05163936026162418,1,-4.39677780170733e-05,7.47319720318821e-29,2.672098878322035e-13,True,False,4.599000010330201e-05,9.270000077776785e-06,7.055000003219902e-05,ordinary,50,0.5,1102.0,,,
ordinary_n50_p0.5_seed1102,4V-FB,2085,256,True,False,28,0.03370760209637872,0.05163936026162418,1,-4.396891629498967e-05,7.47319720318821e-29,2.6720988783220174e-13,True,False,5.032000001392589e-05,9.280000085709617e-06,7.531000005656097e-05,ordinary,50,0.5,1102.0,,,
ordinary_n50_p0.5_seed1102,4V-FB,2341,512,True,False,28,0.033707588904933826,0.05163936026162418,1,-4.396947333340506e-05,7.47319720318821e-29,2.6720988783220143e-13,True,False,4.883000008248928e-05,9.419999969395576e-06,7.420999997975741e-05,ordinary,50,0.5,1102.0,,,
ordinary_n50_p0.5_seed1102,4V-FB,2853,1024,True,False,28,0.03370758697535315,0.05163936026162418,1,-4.396955481311693e-05,7.47319720318821e-29,2.6720988783220154e-13,True,False,5.0649999934648804e-05,9.520000048723887e-06,7.600000003549212e-05,ordinary,50,0.5,1102.0,,,
ordinary_n50_p0.5_seed1102,4V-FB,2984,1155,False,True,28,0.03370758695400399,0.05163936026162418,1,-4.3969555715062114e-05,7.47319720318821e-29,2.672098878322015e-13,True,False,4.799999999249849e-05,9.139999974649982e-06,7.274000006418646e-05,ordinary,50,0.5,1102.0,,,
ordinary_n50_p0.5_seed1103,4V-FB,1907,1,True,False,27,0.031662016716340946,0.04687581089319526,1,-3.472724808384342e-05,2.6832561830640065e-28,2.683652639347839e-13,True,False,9.242999999514723e-05,1.0470000006534974e-05,0.0001242800000227362,ordinary,50,0.5,1103.0,,,
ordinary_n50_p0.5_seed1103,4V-FB,1908,2,True,False,27,0.0316620167888655,0.04687581089319526,1,-3.4727218258368e-05,2.6832561830640065e-28,2.6836526393478374e-13,True,False,5.4579999982706795e-05,9.139999974649982e-06,8.005000006505725e-05,ordinary,50,0.5,1103.0,,,
ordinary_n50_p0.5_seed1103,4V-FB,1910,4,True,False,27,0.031662016932515,0.04687581089319526,1,-3.472715918384495e-05,2.6832561830640065e-28,2.683652639347833e-13,True,False,4.623999996056227e-05,8.940000043367036e-06,7.033000008505041e-05,ordinary,50,0.5,1103.0,,,
ordinary_n50_p0.5_seed1103,4V-FB,1914,8,True,False,27,0.03166201721430098,0.04687581089319526,1,-3.472704330054199e-05,2.6832561830640065e-28,2.683652639347826e-13,True,False,4.394000006868737e-05,8.989999969344353e-06,6.755999993401929e-05,ordinary,50,0.5,1103.0,,,
ordinary_n50_p0.5_seed1103,4V-FB,1922,16,True,False,27,0.03166201775647595,0.04687581089319526,1,-3.4726820335784225e-05,2.6832561830640065e-28,2.6836526393478116e-13,True,False,4.393000006075454e-05,9.05000001694134e-06,6.799000004775735e-05,ordinary,50,0.5,1103.0,,,
ordinary_n50_p0.5_seed1103,4V-FB,1938,32,True,False,27,0.031662018760215585,0.04687581089319526,1,-3.472640755486367e-05,2.6832561830640065e-28,2.6836526393477874e-13,True,False,4.337999996550934e-05,8.910000019568542e-06,6.732999997893785e-05,ordinary,50,0.5,1103.0,,,
ordinary_n50_p0.5_seed1103,4V-FB,1970,64,True,False,27,0.031662020481468336,0.04687581089319526,1,-3.4725699700643986e-05,2.6832561830640065e-28,2.683652639347753e-13,True,False,4.330000001573353e-05,8.81000005392707e-06,6.676999998944666e-05,ordinary,50,0.5,1103.0,,,
ordinary_n50_p0.5_seed1103,4V-FB,2034,128,True,False,27,0.031662023019050925,0.04687581089319526,1,-3.472465613318931e-05,2.6832561830640065e-28,2.6836526393477137e-13,True,False,5.512999996426515e-05,9.4600000011269e-06,8.172000002559798e-05,ordinary,50,0.5,1103.0,,,
ordinary_n50_p0.5_seed1103,4V-FB,2162,256,True,False,27,0.03166202580601819,0.04687581089319526,1,-3.472351000599616e-05,2.6832561830640065e-28,2.68365263934769e-13,True,False,5.6550000067545625e-05,9.44999999319407e-06,8.289000004424452e-05,ordinary,50,0.5,1103.0,,,
ordinary_n50_p0.5_seed1103,4V-FB,2418,512,True,False,27,0.0316620275567944,0.04687581089319526,1,-3.472279000593659e-05,2.6832561830640065e-28,2.6836526393476844e-13,True,False,5.0429999987500196e-05,9.11999995878432e-06,7.575999995879101e-05,ordinary,50,0.5,1103.0,,,
ordinary_n50_p0.5_seed1103,4V-FB,2930,1024,True,False,27,0.03166202795525094,0.04687581089319526,1,-3.4722626141903135e-05,2.6832561830640065e-28,2.683652639347684e-13,True,False,5.0030000011247466e-05,9.259999956157117e-06,7.597000001169363e-05,ordinary,50,0.5,1103.0,,,
ordinary_n50_p0.5_seed1103,4V-FB,3332,1426,False,True,27,0.03166202796922743,0.04687581089319526,1,-3.47226203936124e-05,2.6832561830640065e-28,2.683652639347684e-13,True,False,5.068999996638013e-05,9.360000035485427e-06,7.593999998789513e-05,ordinary,50,0.5,1103.0,,,
ordinary_n50_p0.5_seed1104,4V-FB,1483,1,True,False,25,0.04939630539138758,0.049880099105955464,1,-6.140072424809517e-05,2.3294655069046762e-29,2.0946292228667431e-13,True,False,9.31600000058097e-05,1.0740000107034575e-05,0.00012559999993300153,ordinary,50,0.5,1104.0,,,
ordinary_n50_p0.5_seed1104,4V-FB,1484,2,True,False,25,0.04939630534558065,0.049880099105955464,1,-6.140077819338785e-05,2.3294655069046762e-29,2.0946292228667406e-13,True,False,5.3380000053948606e-05,9.130000080403988e-06,7.878999997501523e-05,ordinary,50,0.5,1104.0,,,
ordinary_n50_p0.5_seed1104,4V-FB,1486,4,True,False,25,0.04939630525547695,0.049880099105955464,1,-6.140088430495183e-05,2.3294655069046762e-29,2.094629222866737e-13,True,False,4.412999999203748e-05,8.859999979904387e-06,6.798999993407051e-05,ordinary,50,0.5,1104.0,,,
ordinary_n50_p0.5_seed1104,4V-FB,1490,8,True,False,25,0.049396305081154876,0.049880099105955464,1,-6.140108959851176e-05,2.3294655069046762e-29,2.094629222866729e-13,True,False,4.177000005256559e-05,9.4600000011269e-06,6.627000004755246e-05,ordinary,50,0.5,1104.0,,,
ordinary_n50_p0.5_seed1104,4V-FB,1498,16,True,False,25,0.049396304754871,0.049880099105955464,1,-6.140147385336192e-05,2.3294655069046762e-29,2.0946292228667149e-13,True,False,4.110999998374609e-05,8.979999961411522e-06,6.510999992315192e-05,ordinary,50,0.5,1104.0,,,
ordinary_n50_p0.5_seed1104,4V-FB,1514,32,True,False,25,0.04939630418304196,0.049880099105955464,1,-6.140214727956561e-05,2.3294655069046762e-29,2.0946292228666944e-13,True,False,4.1880000026139896e-05,9.11999995878432e-06,6.613999994442565e-05,ordinary,50,0.5,1104.0,,,
ordinary_n50_p0.5_seed1104,4V-FB,1546,64,True,False,25,0.04939630330314765,0.049880099105955464,1,-6.140318350578156e-05,2.3294655069046762e-29,2.0946292228666687e-13,True,False,4.2430000007698254e-05,9.180000006381306e-06,6.652000001849956e-05,ordinary,50,0.5,1104.0,,,
ordinary_n50_p0.5_seed1104,4V-FB,1610,128,True,False,25,0.04939630225332807,0.049880099105955464,1,-6.140441984880951e-05,2.3294655069046762e-29,2.0946292228666508e-13,True,False,4.314000000249507e-05,8.850000085658394e-06,6.728999994720652e-05,ordinary,50,0.5,1104.0,,,
ordinary_n50_p0.5_seed1104,4V-FB,1738,256,True,False,25,0.049396301483064814,0.049880099105955464,1,-6.140532696674583e-05,2.3294655069046762e-29,2.094629222866645e-13,True,False,4.29000000394808e-05,8.910000019568542e-06,6.689999997888663e-05,ordinary,50,0.5,1104.0,,,
ordinary_n50_p0.5_seed1104,4V-FB,1994,512,True,False,25,0.0493963012516794,0.049880099105955464,1,-6.14055994638818e-05,2.3294655069046762e-29,2.0946292228666447e-13,True,False,4.3920000052821706e-05,8.999999977277184e-06,6.837000000814442e-05,ordinary,50,0.5,1104.0,,,
ordinary_n50_p0.5_seed1104,4V-FB,2314,832,False,True,25,0.049396301237713575,0.049880099105955464,1,-6.14056159102816e-05,2.3294655069046762e-29,2.0946292228666455e-13,True,False,4.364000005807611e-05,8.869999987837218e-06,6.791000009798154e-05,ordinary,50,0.5,1104.0,,,
ordinary_n50_p0.5_seed1105,4V-FB,1450,1,True,False,32,0.04531291368099563,0.049730324558257585,-1,-5.5975537916808094e-05,4.488739313275086e-29,2.489274057989489e-13,True,False,9.542000009332696e-05,1.0559999964243616e-05,0.00012771000001521315,ordinary,50,0.5,1105.0,,,
ordinary_n50_p0.5_seed1105,4V-FB,1451,2,True,False,32,0.04531291362607981,0.049730324558257585,-1,-5.5975586639167574e-05,4.488739313275086e-29,2.489274057989487e-13,True,False,6.19600000391074e-05,9.340000019619765e-06,8.754000009503216e-05,ordinary,50,0.5,1105.0,,,
ordinary_n50_p0.5_seed1105,4V-FB,1453,4,True,False,32,0.0453129135179144,0.049730324558257585,-1,-5.5975682617059874e-05,4.488739313275086e-29,2.489274057989484e-13,True,False,5.2800000048591755e-05,1.759999997830164e-05,8.587000002080458e-05,ordinary,50,0.5,1105.0,,,
ordinary_n50_p0.5_seed1105,4V-FB,1457,8,True,False,32,0.04531291330809731,0.049730324558257585,-1,-5.5975868845425936e-05,4.488739313275086e-29,2.4892740579894746e-13,True,False,5.1559999974415405e-05,9.109999950851488e-06,7.601000004342495e-05,ordinary,50,0.5,1105.0,,,
ordinary_n50_p0.5_seed1105,4V-FB,1465,16,True,False,32,0.04531291291330759,0.049730324558257585,-1,-5.597621942587949e-05,4.488739313275086e-29,2.4892740579894614e-13,True,False,5.033000002185872e-05,9.109999950851488e-06,7.468999990578595e-05,ordinary,50,0.5,1105.0,,,
ordinary_n50_p0.5_seed1105,4V-FB,1481,32,True,False,32,0.0453129122141407,0.049730324558257585,-1,-5.5976840913185555e-05,4.488739313275086e-29,2.489274057989439e-13,True,False,4.9689999968904885e-05,9.040000009008509e-06,7.396000000881031e-05,ordinary,50,0.5,1105.0,,,
ordinary_n50_p0.5_seed1105,4V-FB,1513,64,True,False,32,0.04531291111576184,0.049730324558257585,-1,-5.597781904675969e-05,4.488739313275086e-29,2.489274057989413e-13,True,False,5.045000000336586e-05,9.279999972022779e-06,8.006999996723607e-05,ordinary,50,0.5,1105.0,,,
ordinary_n50_p0.5_seed1105,4V-FB,1577,128,True,False,32,0.04531290975085414,0.049730324558257585,-1,-5.597903838649998e-05,4.488739313275086e-29,2.4892740579893913e-13,True,False,5.020000003241876e-05,9.089999934985826e-06,7.91699999354023e-05,ordinary,50,0.5,1105.0,,,
ordinary_n50_p0.5_seed1105,4V-FB,1705,256,True,False,32,0.04531290866821533,0.049730324558257585,-1,-5.5980010226441834e-05,4.488739313275086e-29,2.489274057989383e-13,True,False,5.0510000050962844e-05,9.040000009008509e-06,7.473000005120412e-05,ordinary,50,0.5,1105.0,,,
ordinary_n50_p0.5_seed1105,4V-FB,1961,512,True,False,32,0.04531290829288748,0.049730324558257585,-1,-5.598034913356642e-05,4.488739313275086e-29,2.4892740579893827e-13,True,False,5.241000008027186e-05,9.269999964089948e-06,7.779000009122683e-05,ordinary,50,0.5,1105.0,,,
ordinary_n50_p0.5_seed1105,4V-FB,2359,910,False,True,32,0.045312908263179186,0.049730324558257585,-1,-5.598037610488049e-05,4.488739313275086e-29,2.489274057989382e-13,True,False,5.3669999942940194e-05,9.379999937664252e-06,7.88099999908809e-05,ordinary,50,0.5,1105.0,,,
ordinary_n50_p0.8_seed1101,4V-FB,3791,1,True,False,33,0.015171334881188795,0.011570052831207982,-1,-1.0134919508075768e-06,7.177381265054803e-24,2.2028765573689758e-13,True,False,0.0030540090000386044,1.3029999990976648e-05,0.0030939189999799055,ordinary,50,0.8,1101.0,,,
ordinary_n50_p0.8_seed1101,4V-FB,3792,2,True,False,33,0.01517133480766313,0.011570052831207982,-1,-1.0134960866103881e-06,7.177381265054803e-24,2.2028765573689727e-13,True,False,7.531000005656097e-05,1.0790000033011893e-05,0.00010382000004938163,ordinary,50,0.8,1101.0,,,
ordinary_n50_p0.8_seed1101,4V-FB,3794,4,True,False,33,0.015171334661405841,0.011570052831207982,-1,-1.0135043115866438e-06,7.177381265054803e-24,2.2028765573689687e-13,True,False,6.233999999949447e-05,1.0119999956259562e-05,8.849000005284324e-05,ordinary,50,0.8,1101.0,,,
ordinary_n50_p0.8_seed1101,4V-FB,3798,8,True,False,33,0.015171334372044248,0.011570052831207982,-1,-1.0135205870120956e-06,7.177381265054803e-24,2.2028765573689594e-13,True,False,5.958999997801584e-05,1.0149999980058055e-05,8.637999997063162e-05,ordinary,50,0.8,1101.0,,,
ordinary_n50_p0.8_seed1101,4V-FB,3806,16,True,False,33,0.015171333805724793,0.011570052831207982,-1,-1.0135524397547613e-06,7.177381265054803e-24,2.2028765573689414e-13,True,False,5.5470000006607734e-05,1.0080000038215076e-05,8.133000005727808e-05,ordinary,50,0.8,1101.0,,,
ordinary_n50_p0.8_seed1101,4V-FB,3822,32,True,False,33,0.015171332721058667,0.011570052831207982,-1,-1.0136134438454292e-06,7.177381265054803e-24,2.2028765573689101e-13,True,False,5.60999999379419e-05,1.0040000006483751e-05,8.199000001241075e-05,ordinary,50,0.8,1101.0,,,
ordinary_n50_p0.8_seed1101,4V-FB,3854,64,True,False,33,0.015171330731178727,0.011570052831207982,-1,-1.013725359655382e-06,7.177381265054803e-24,2.2028765573688571e-13,True,False,5.7099999935417145e-05,1.0079999924528238e-05,8.29599999860875e-05,ordinary,50,0.8,1101.0,,,
ordinary_n50_p0.8_seed1101,4V-FB,3918,128,True,False,33,0.015171327379827517,0.011570052831207982,-1,-1.0139138479914322e-06,7.177381265054803e-24,2.2028765573687804e-13,True,False,5.744999998569256e-05,9.969999950953934e-06,8.319000005485577e-05,ordinary,50,0.8,1101.0,,,
ordinary_n50_p0.8_seed1101,4V-FB,4046,256,True,False,33,0.015171322610892398,0.011570052831207982,-1,-1.0141820578901672e-06,7.177381265054803e-24,2.2028765573687026e-13,True,False,6.397000004199072e-05,9.95000004877511e-06,9.005000003980967e-05,ordinary,50,0.8,1101.0,,,
ordinary_n50_p0.8_seed1101,4V-FB,4302,512,True,False,33,0.015171317718603744,0.011570052831207982,-1,-1.014457200021468e-06,7.177381265054803e-24,2.2028765573686595e-13,True,False,6.140000004961621e-05,1.001999999061809e-05,8.793999995759805e-05,ordinary,50,0.8,1101.0,,,
ordinary_n50_p0.8_seed1101,4V-FB,4814,1024,True,False,33,0.015171315011289417,0.011570052831207982,-1,-1.0146094573393327e-06,7.177381265054803e-24,2.202876557368652e-13,True,False,6.324000003132824e-05,1.025999995363236e-05,9.094000006371061e-05,ordinary,50,0.8,1101.0,,,
ordinary_n50_p0.8_seed1101,4V-FB,5838,2048,True,False,33,0.015171314519280945,0.011570052831207982,-1,-1.0146371272057308e-06,7.177381265054803e-24,2.2028765573686516e-13,True,False,6.631999997352978e-05,1.0350000025027839e-05,9.494999994785758e-05,ordinary,50,0.8,1101.0,,,
ordinary_n50_p0.8_seed1101,4V-FB,6339,2549,False,True,33,0.015171314508869592,0.011570052831207982,-1,-1.0146377125153094e-06,7.177381265054803e-24,2.2028765573686516e-13,True,False,6.24599999810016e-05,1.0289999977430853e-05,8.92900000053487e-05,ordinary,50,0.8,1101.0,,,
ordinary_n50_p0.8_seed1102,4V-FB,2970,1,True,False,32,0.02621207336663669,0.011471214290645062,1,-1.7217269938640811e-06,5.9760679350748686e-24,2.85985878207117e-13,True,False,9.454999997160485e-05,1.1289999974906095e-05,0.0001279699999940931,ordinary,50,0.8,1102.0,,,
ordinary_n50_p0.8_seed1102,4V-FB,2971,2,True,False,32,0.026212073206397568,0.011471214290645062,1,-1.721733972726014e-06,5.9760679350748686e-24,2.8598587820711683e-13,True,False,6.134000000201922e-05,1.0529999940445123e-05,8.872000000792468e-05,ordinary,50,0.8,1102.0,,,
ordinary_n50_p0.8_seed1102,4V-FB,2973,4,True,False,32,0.026212072888879667,0.011471214290645062,1,-1.721747804328544e-06,5.9760679350748686e-24,2.859858782071164e-13,True,False,5.322000004071015e-05,1.0080000038215076e-05,7.948000006763323e-05,ordinary,50,0.8,1102.0,,,
ordinary_n50_p0.8_seed1102,4V-FB,2977,8,True,False,32,0.02621207226550839,0.011471214290645062,1,-1.7217749586073694e-06,5.9760679350748686e-24,2.859858782071155e-13,True,False,5.201999999826512e-05,1.0150000093744893e-05,7.788999994318146e-05,ordinary,50,0.8,1102.0,,,
ordinary_n50_p0.8_seed1102,4V-FB,2985,16,True,False,32,0.026212071064101127,0.011471214290645062,1,-1.721827291856215e-06,5.9760679350748686e-24,2.859858782071139e-13,True,False,4.8949999950309575e-05,9.920000024976616e-06,7.420999997975741e-05,ordinary,50,0.8,1102.0,,,
ordinary_n50_p0.8_seed1102,4V-FB,3001,32,True,False,32,0.02621206883251881,0.011471214290645062,1,-1.7219244998756267e-06,5.9760679350748686e-24,2.859858782071112e-13,True,False,4.981000006409886e-05,1.0050000014416582e-05,7.531000005656097e-05,ordinary,50,0.8,1102.0,,,
ordinary_n50_p0.8_seed1102,4V-FB,3033,64,True,False,32,0.026212064980444698,0.011471214290645062,1,-1.722092297651301e-06,5.9760679350748686e-24,2.8598587820710693e-13,True,False,4.999999998744897e-05,9.93999992715544e-06,7.584999991649966e-05,ordinary,50,0.8,1102.0,,,
ordinary_n50_p0.8_seed1102,4V-FB,3097,128,True,False,32,0.0262120592275228,0.011471214290645062,1,-1.7223428963042409e-06,5.9760679350748686e-24,2.859858782071023e-13,True,False,5.079999993995443e-05,1.001999999061809e-05,7.6459999945655e-05,ordinary,50,0.8,1102.0,,,
ordinary_n50_p0.8_seed1102,4V-FB,3225,256,True,False,32,0.02621205274933231,0.011471214290645062,1,-1.7226250892399264e-06,5.9760679350748686e-24,2.859858782070992e-13,True,False,5.1389999953244114e-05,1.0100000054080738e-05,7.740999990346609e-05,ordinary,50,0.8,1102.0,,,
ordinary_n50_p0.8_seed1102,4V-FB,3481,512,True,False,32,0.0262120484852005,0.011471214290645062,1,-1.7228108357691951e-06,5.9760679350748686e-24,2.859858782070985e-13,True,False,5.271999998512911e-05,1.509000003352412e-05,8.405000005495822e-05,ordinary,50,0.8,1102.0,,,
ordinary_n50_p0.8_seed1102,4V-FB,3993,1024,True,False,32,0.026212047430538822,0.011471214290645062,1,-1.7228567776861325e-06,5.9760679350748686e-24,2.8598587820709845e-13,True,False,5.282000006445742e-05,1.0060000022349413e-05,7.926000000679778e-05,ordinary,50,0.8,1102.0,,,
ordinary_n50_p0.8_seed1102,4V-FB,4459,1490,False,True,32,0.026212047386764265,0.011471214290645062,1,-1.7228586846051996e-06,5.9760679350748686e-24,2.8598587820709845e-13,True,False,5.73999999460284e-05,1.0330000009162177e-05,8.442000000741245e-05,ordinary,50,0.8,1102.0,,,
ordinary_n50_p0.8_seed1103,4V-FB,1779,1,True,False,28,0.04192394645087212,0.010164109099905935,-1,-2.161569637948446e-06,9.749148363582326e-24,2.652657399473131e-13,True,False,0.00010802999997849838,1.1700000072778494e-05,0.0001442200000383309,ordinary,50,0.8,1103.0,,,
ordinary_n50_p0.8_seed1103,4V-FB,1780,2,True,False,28,0.04192394611197561,0.010164109099905935,-1,-2.1615781897743602e-06,9.749148363582326e-24,2.652657399473129e-13,True,False,5.821000002015353e-05,1.0310000106983352e-05,8.550999996259634e-05,ordinary,50,0.8,1103.0,,,
ordinary_n50_p0.8_seed1103,4V-FB,1782,4,True,False,28,0.04192394544284064,0.010164109099905935,-1,-2.1615950736020295e-06,9.749148363582326e-24,2.6526573994731255e-13,True,False,4.9439999997957784e-05,9.910000017043785e-06,7.503999995606137e-05,ordinary,50,0.8,1103.0,,,
ordinary_n50_p0.8_seed1103,4V-FB,1786,8,True,False,28,0.041923944138511,0.010164109099905935,-1,-2.1616279846092823e-06,9.749148363582326e-24,2.652657399473118e-13,True,False,4.7479999921051785e-05,9.959999943021103e-06,7.33299999637893e-05,ordinary,50,0.8,1103.0,,,
ordinary_n50_p0.8_seed1103,4V-FB,1794,16,True,False,28,0.04192394166032181,0.010164109099905935,-1,-2.1616905150345644e-06,9.749148363582326e-24,2.6526573994731043e-13,True,False,4.477000004499132e-05,9.920000024976616e-06,7.033000008505041e-05,ordinary,50,0.8,1103.0,,,
ordinary_n50_p0.8_seed1103,4V-FB,1810,32,True,False,28,0.04192393718600383,0.010164109099905935,-1,-2.1618034109494033e-06,9.749148363582326e-24,2.6526573994730826e-13,True,False,4.580999996051105e-05,1.0150000093744893e-05,7.171999993715872e-05,ordinary,50,0.8,1103.0,,,
ordinary_n50_p0.8_seed1103,4V-FB,1842,64,True,False,28,0.041923929884848554,0.010164109099905935,-1,-2.1619876329204146e-06,9.749148363582326e-24,2.6526573994730543e-13,True,False,4.5939999949951016e-05,1.0149999980058055e-05,7.1950000005927e-05,ordinary,50,0.8,1103.0,,,
ordinary_n50_p0.8_seed1103,4V-FB,1906,128,True,False,28,0.04192392011869808,0.010164109099905935,-1,-2.162234050917533e-06,9.749148363582326e-24,2.6526573994730275e-13,True,False,4.621999994469661e-05,9.900000009110954e-06,7.155000002967427e-05,ordinary,50,0.8,1103.0,,,
ordinary_n50_p0.8_seed1103,4V-FB,2034,256,True,False,28,0.04192391121939064,0.010164109099905935,-1,-2.1624585939683527e-06,9.749148363582326e-24,2.652657399473017e-13,True,False,4.672000000027765e-05,1.0149999980058055e-05,7.253000001128385e-05,ordinary,50,0.8,1103.0,,,
ordinary_n50_p0.8_seed1103,4V-FB,2290,512,True,False,28,0.04192390725974532,0.010164109099905935,-1,-2.1625585029383387e-06,9.749148363582326e-24,2.6526573994730144e-13,True,False,5.5549999956383544e-05,1.0289999977430853e-05,8.268999999927473e-05,ordinary,50,0.8,1103.0,,,
ordinary_n50_p0.8_seed1103,4V-FB,2802,1024,True,False,28,0.041923906769945625,0.010164109099905935,-1,-2.1625708610528704e-06,9.749148363582326e-24,2.652657399473015e-13,True,False,5.295999994814338e-05,1.0330000009162177e-05,8.02499999963402e-05,ordinary,50,0.8,1103.0,,,
ordinary_n50_p0.8_seed1103,4V-FB,2853,1075,False,True,28,0.04192390676776885,0.010164109099905935,-1,-2.1625709156758433e-06,9.749148363582326e-24,2.6526573994730154e-13,True,False,4.664999994474783e-05,1.0180000003856549e-05,7.262999997692532e-05,ordinary,50,0.8,1103.0,,,
ordinary_n50_p0.8_seed1104,4V-FB,2331,1,True,False,29,0.031979452361293376,0.010984807754786096,-1,-1.928286250674205e-06,2.755144647430172e-24,2.1462283737355572e-13,True,False,9.655000008024217e-05,1.1700000072778494e-05,0.0001313800000843912,ordinary,50,0.8,1104.0,,,
ordinary_n50_p0.8_seed1104,4V-FB,2332,2,True,False,29,0.03197945235683798,0.010984807754786096,-1,-1.9282939929254894e-06,2.755144647430172e-24,2.1462283737355554e-13,True,False,5.912000005992013e-05,1.058999998804211e-05,8.697000009760814e-05,ordinary,50,0.8,1104.0,,,
ordinary_n50_p0.8_seed1104,4V-FB,2334,4,True,False,29,0.03197945234802227,0.010984807754786096,-1,-1.928309311338694e-06,2.755144647430172e-24,2.1462283737355508e-13,True,False,4.908999994768237e-05,9.890000001178123e-06,7.470999992165162e-05,ordinary,50,0.8,1104.0,,,
ordinary_n50_p0.8_seed1104,4V-FB,2338,8,True,False,29,0.03197945233076854,0.010984807754786096,-1,-1.9283392993507675e-06,2.755144647430172e-24,2.1462283737355423e-13,True,False,4.61399999949208e-05,9.96000005670794e-06,7.148999998207728e-05,ordinary,50,0.8,1104.0,,,
ordinary_n50_p0.8_seed1104,4V-FB,2346,16,True,False,29,0.03197945229771976,0.010984807754786096,-1,-1.928396757833184e-06,2.755144647430172e-24,2.1462283737355276e-13,True,False,4.7900000026857015e-05,1.0159999987990886e-05,7.381000000350468e-05,ordinary,50,0.8,1104.0,,,
ordinary_n50_p0.8_seed1104,4V-FB,2362,32,True,False,29,0.03197945223707903,0.010984807754786096,-1,-1.9285022530013407e-06,2.755144647430172e-24,2.1462283737355024e-13,True,False,4.727999998976884e-05,9.739999995872495e-06,7.243000004564237e-05,ordinary,50,0.8,1104.0,,,
ordinary_n50_p0.8_seed1104,4V-FB,2394,64,True,False,29,0.03197945213490118,0.010984807754786096,-1,-1.9286802137585823e-06,2.755144647430172e-24,2.1462283737354665e-13,True,False,4.778000004534988e-05,1.0069999916595407e-05,7.38899999532805e-05,ordinary,50,0.8,1104.0,,,
ordinary_n50_p0.8_seed1104,4V-FB,2458,128,True,False,29,0.03197945198932729,0.010984807754786096,-1,-1.928934250550185e-06,2.755144647430172e-24,2.1462283737354297e-13,True,False,4.7249999965970346e-05,9.999999974752427e-06,7.343900006162585e-05,ordinary,50,0.8,1104.0,,,
ordinary_n50_p0.8_seed1104,4V-FB,2586,256,True,False,29,0.03197945183949852,0.010984807754786096,-1,-1.929196447925108e-06,2.755144647430172e-24,2.1462283737354082e-13,True,False,4.787000000305852e-05,9.839999961513968e-06,7.322999999814783e-05,ordinary,50,0.8,1104.0,,,
ordinary_n50_p0.8_seed1104,4V-FB,2842,512,True,False,29,0.03197945175590117,0.010984807754786096,-1,-1.9293431905431646e-06,2.755144647430172e-24,2.1462283737354042e-13,True,False,4.9679999960972054e-05,1.0109999948326731e-05,7.586000003811932e-05,ordinary,50,0.8,1104.0,,,
ordinary_n50_p0.8_seed1104,4V-FB,3354,1024,True,False,29,0.03197945174043686,0.010984807754786096,-1,-1.9293703967804277e-06,2.755144647430172e-24,2.1462283737354047e-13,True,False,5.241999997451785e-05,1.0119999956259562e-05,7.90800000913805e-05,ordinary,50,0.8,1104.0,,,
ordinary_n50_p0.8_seed1104,4V-FB,3617,1287,False,True,29,0.031979451740093215,0.010984807754786096,-1,-1.92937100251811e-06,2.755144647430172e-24,2.1462283737354042e-13,True,False,4.9950000061471655e-05,1.0119999956259562e-05,7.621999998264073e-05,ordinary,50,0.8,1104.0,,,
ordinary_n50_p0.8_seed1105,4V-FB,4198,1,True,False,33,0.019158437379322206,0.010943593255965682,1,-1.1456097230855278e-06,4.0056921411050706e-24,2.649397271716319e-13,True,False,0.00011345000007167982,1.133000000663742e-05,0.00014701999998578685,ordinary,50,0.8,1105.0,,,
ordinary_n50_p0.8_seed1105,4V-FB,4199,2,True,False,33,0.019158437325892785,0.010943593255965682,1,-1.1456143487187376e-06,4.0056921411050706e-24,2.649397271716317e-13,True,False,7.185999993453152e-05,1.0660000043571927e-05,9.956999997484672e-05,ordinary,50,0.8,1105.0,,,
ordinary_n50_p0.8_seed1105,4V-FB,4201,4,True,False,33,0.01915843721971503,0.010943593255965682,1,-1.1456235409212923e-06,4.0056921411050706e-24,2.649397271716313e-13,True,False,6.310999992820143e-05,1.0080000038215076e-05,8.922999995775172e-05,ordinary,50,0.8,1105.0,,,
ordinary_n50_p0.8_seed1105,4V-FB,4205,8,True,False,33,0.019158437010058336,0.010943593255965682,1,-1.1456416930677449e-06,4.0056921411050706e-24,2.6493972717163045e-13,True,False,5.7760000004236645e-05,1.0050000014416582e-05,8.364000007077266e-05,ordinary,50,0.8,1105.0,,,
ordinary_n50_p0.8_seed1105,4V-FB,4213,16,True,False,33,0.019158436601326247,0.010943593255965682,1,-1.1456770812046102e-06,4.0056921411050706e-24,2.6493972717162883e-13,True,False,5.878000001757755e-05,9.979999958886765e-06,8.470000000215805e-05,ordinary,50,0.8,1105.0,,,
ordinary_n50_p0.8_seed1105,4V-FB,4229,32,True,False,33,0.019158435824541672,0.010943593255965682,1,-1.145744332298193e-06,4.0056921411050706e-24,2.64939727171626e-13,True,False,5.770999996457249e-05,1.0249999945699528e-05,8.40899999730027e-05,ordinary,50,0.8,1105.0,,,
ordinary_n50_p0.8_seed1105,4V-FB,4261,64,True,False,33,0.01915843442133868,0.010943593255965682,1,-1.1458658195628857e-06,4.0056921411050706e-24,2.649397271716212e-13,True,False,5.755999995926686e-05,1.0250000059386366e-05,8.38400000020556e-05,ordinary,50,0.8,1105.0,,,
ordinary_n50_p0.8_seed1105,4V-FB,4325,128,True,False,33,0.019158432129224107,0.010943593255965682,1,-1.146064268819913e-06,4.0056921411050706e-24,2.649397271716149e-13,True,False,5.997999994633574e-05,1.0470000006534974e-05,8.697999999185413e-05,ordinary,50,0.8,1105.0,,,
ordinary_n50_p0.8_seed1105,4V-FB,4453,256,True,False,33,0.019158429057019644,0.010943593255965682,1,-1.146330260937134e-06,4.0056921411050706e-24,2.6493972717160904e-13,True,False,5.9720000081142643e-05,1.019000001178938e-05,8.640999999443011e-05,ordinary,50,0.8,1105.0,,,
ordinary_n50_p0.8_seed1105,4V-FB,4709,512,True,False,33,0.01915842624660659,0.010943593255965682,1,-1.1465735907378871e-06,4.0056921411050706e-24,2.649397271716065e-13,True,False,6.0689999941132555e-05,1.0419999966870819e-05,8.867999997619336e-05,ordinary,50,0.8,1105.0,,,
ordinary_n50_p0.8_seed1105,4V-FB,5221,1024,True,False,33,0.01915842498719901,0.010943593255965682,1,-1.1466826355110982e-06,4.0056921411050706e-24,2.649397271716062e-13,True,False,6.962999998449959e-05,1.0679999945750751e-05,9.7839999966709e-05,ordinary,50,0.8,1105.0,,,
ordinary_n50_p0.8_seed1105,4V-FB,6245,2048,True,False,33,0.019158424829441363,0.010943593255965682,1,-1.146696295251104e-06,4.0056921411050706e-24,2.649397271716061e-13,True,False,6.293000001278415e-05,1.0289999977430853e-05,9.017000002131681e-05,ordinary,50,0.8,1105.0,,,
ordinary_n50_p0.8_seed1105,4V-FB,6358,2161,False,True,33,0.01915842482866703,0.010943593255965682,1,-1.1466963623085746e-06,4.0056921411050706e-24,2.6493972717160616e-13,True,False,5.924999993567326e-05,1.019000001178938e-05,8.54200000048877e-05,ordinary,50,0.8,1105.0,,,
ordinary_n100_p0.3_seed1101,4V-FB,1022,1,True,False,48,0.0626937484365108,0.08583907471723473,-1,-0.00022893971684112557,1.0411366703602796e-46,5.953100254624615e-13,True,False,0.00012672000002567074,1.3459999991027871e-05,0.00016385999992962752,ordinary,100,0.3,1101.0,,,
ordinary_n100_p0.3_seed1101,4V-FB,1023,2,True,False,48,0.06269374806668818,0.08583907471723473,-1,-0.00022893982833238624,1.0411366703602796e-46,5.953100254624614e-13,True,False,9.442999999009771e-05,1.1849999964397284e-05,0.00012436999998044485,ordinary,100,0.3,1101.0,,,
ordinary_n100_p0.3_seed1101,4V-FB,1025,4,True,False,48,0.06269374734236077,0.08583907471723473,-1,-0.00022894004670703794,1.0411366703602796e-46,5.953100254624609e-13,True,False,8.407999996506987e-05,1.134000001457025e-05,0.0001123900000266076,ordinary,100,0.3,1101.0,,,
ordinary_n100_p0.3_seed1101,4V-FB,1029,8,True,False,48,0.06269374595302298,0.08583907471723473,-1,-0.00022894046560217873,1.0411366703602796e-46,5.953100254624603e-13,True,False,8.116999993035279e-05,1.1290000088592933e-05,0.00010950000000775617,ordinary,100,0.3,1101.0,,,
ordinary_n100_p0.3_seed1101,4V-FB,1037,16,True,False,48,0.06269374339673547,0.08583907471723473,-1,-0.00022894123646111098,1.0411366703602796e-46,5.953100254624589e-13,True,False,7.886000003054505e-05,1.1530000051607203e-05,0.00010692000000744883,ordinary,100,0.3,1101.0,,,
ordinary_n100_p0.3_seed1101,4V-FB,1053,32,True,False,48,0.06269373906636207,0.08583907471723473,-1,-0.00022894254267491476,1.0411366703602796e-46,5.953100254624571e-13,True,False,7.980000009411015e-05,1.1520000043674372e-05,0.0001086299999997209,ordinary,100,0.3,1101.0,,,
ordinary_n100_p0.3_seed1101,4V-FB,1085,64,True,False,48,0.06269373283349242,0.08583907471723473,-1,-0.00022894442376042434,1.0411366703602796e-46,5.953100254624554e-13,True,False,8.002999993550475e-05,1.7749999983607267e-05,0.00011477999998987798,ordinary,100,0.3,1101.0,,,
ordinary_n100_p0.3_seed1101,4V-FB,1149,128,True,False,48,0.06269372629672218,0.08583907471723473,-1,-0.0002289463984004314,1.0411366703602796e-46,5.953100254624542e-13,True,False,7.88090000014563e-05,1.1289999974906095e-05,0.00010719900001276983,ordinary,100,0.3,1101.0,,,
ordinary_n100_p0.3_seed1101,4V-FB,1277,256,True,False,48,0.06269372252730225,0.08583907471723473,-1,-0.0002289475387105,1.0411366703602796e-46,5.95310025462454e-13,True,False,8.327000000463158e-05,1.1439999980211724e-05,0.00011254000003191322,ordinary,100,0.3,1101.0,,,
ordinary_n100_p0.3_seed1101,4V-FB,1533,512,True,False,48,0.06269372179005447,0.08583907471723473,-1,-0.00022894776216109136,1.0411366703602796e-46,5.95310025462454e-13,True,False,8.449999995718827e-05,1.1610000001383014e-05,0.00011439000002155808,ordinary,100,0.3,1101.0,,,
ordinary_n100_p0.3_seed1101,4V-FB,1681,660,False,True,48,0.06269372177144883,0.08583907471723473,-1,-0.00022894776781345882,1.0411366703602796e-46,5.95310025462454e-13,True,False,8.805999993910518e-05,1.1470000004010217e-05,0.00011698000002979825,ordinary,100,0.3,1101.0,,,
ordinary_n100_p0.3_seed1102,4V-FB,4367,1,True,False,50,0.01206049591464685,0.08581104909800452,-1,-3.574954766971672e-05,4.014775628102211e-45,5.244109815406808e-13,True,False,0.00013380999996570608,1.3649999914377986e-05,0.00017159000003630354,ordinary,100,0.3,1102.0,,,
ordinary_n100_p0.3_seed1102,4V-FB,4368,2,True,False,50,0.012060494405426126,0.08581104909800452,-1,-3.5749558451314556e-05,4.014775628102211e-45,5.244109815406805e-13,True,False,0.00010620000000471919,1.254999995126127e-05,0.00013785000010102522,ordinary,100,0.3,1102.0,,,
ordinary_n100_p0.3_seed1102,4V-FB,4370,4,True,False,50,0.012060491399087105,0.08581104909800452,-1,-3.574957992569239e-05,4.014775628102211e-45,5.244109815406802e-13,True,False,8.662000004733272e-05,1.1710000080711325e-05,0.00011556000004020461,ordinary,100,0.3,1102.0,,,
ordinary_n100_p0.3_seed1102,4V-FB,4374,8,True,False,50,0.012060485434521663,0.08581104909800452,-1,-3.5749622534275716e-05,4.014775628102211e-45,5.244109815406793e-13,True,False,8.231999993313366e-05,1.1659999927360332e-05,0.00011077999999997701,ordinary,100,0.3,1102.0,,,
ordinary_n100_p0.3_seed1102,4V-FB,4382,16,True,False,50,0.012060473695450038,0.08581104909800452,-1,-3.574970639075303e-05,4.014775628102211e-45,5.244109815406776e-13,True,False,8.112000000437547e-05,1.173999999082298e-05,0.0001096500000130618,ordinary,100,0.3,1102.0,,,
ordinary_n100_p0.3_seed1102,4V-FB,4398,32,True,False,50,0.01206045095882651,0.08581104909800452,-1,-3.5749868800394324e-05,4.014775628102211e-45,5.244109815406747e-13,True,False,8.106999996471131e-05,1.7389999925399025e-05,0.00011560999996618193,ordinary,100,0.3,1102.0,,,
ordinary_n100_p0.3_seed1102,4V-FB,4430,64,True,False,50,0.012060408307760498,0.08581104909800452,-1,-3.5750173450033174e-05,4.014775628102211e-45,5.244109815406692e-13,True,False,8.145000003878522e-05,1.1719999974957318e-05,0.00011030999996819446,ordinary,100,0.3,1102.0,,,
ordinary_n100_p0.3_seed1102,4V-FB,4494,128,True,False,50,0.012060333230983718,0.08581104909800452,-1,-3.575070965666782e-05,4.014775628102211e-45,5.244109815406608e-13,True,False,8.255000000190194e-05,1.1879999988195777e-05,0.0001115899999604153,ordinary,100,0.3,1102.0,,,
ordinary_n100_p0.3_seed1102,4V-FB,4622,256,True,False,50,0.012060216706160299,0.08581104909800452,-1,-3.5751541765272066e-05,4.014775628102211e-45,5.244109815406506e-13,True,False,8.180999998330662e-05,1.157999997758452e-05,0.00011066000001846987,ordinary,100,0.3,1102.0,,,
ordinary_n100_p0.3_seed1102,4V-FB,4878,512,True,False,50,0.01206007533347737,0.08581104909800452,-1,-3.5752551106327246e-05,4.014775628102211e-45,5.244109815406431e-13,True,False,9.34700000243538e-05,1.2289999972381338e-05,0.00012435999997251201,ordinary,100,0.3,1102.0,,,
ordinary_n100_p0.3_seed1102,4V-FB,5390,1024,True,False,50,0.012059968292750233,0.08581104909800452,-1,-3.5753315183129075e-05,4.014775628102211e-45,5.244109815406405e-13,True,False,0.00013037999997322913,1.344999998309504e-05,0.0001682700000174009,ordinary,100,0.3,1102.0,,,
ordinary_n100_p0.3_seed1102,4V-FB,6414,2048,True,False,50,0.012059934268908985,0.08581104909800452,-1,-3.57535580244317e-05,4.014775628102211e-45,5.244109815406403e-13,True,False,0.00010208000003331108,1.264000002265675e-05,0.0001343499999393316,ordinary,100,0.3,1102.0,,,
ordinary_n100_p0.3_seed1102,4V-FB,7804,3438,False,True,50,0.012059931987544034,0.08581104909800452,-1,-3.5753574308294844e-05,4.014775628102211e-45,5.244109815406402e-13,True,False,9.95299999431154e-05,1.2169999990874203e-05,0.00013137999997070438,ordinary,100,0.3,1102.0,,,
ordinary_n100_p0.3_seed1103,4V-FB,1915,1,True,False,53,0.0373879538536978,0.08672805462985421,1,-0.00013521231546320678,1.0290616541223908e-46,5.220134124512436e-13,True,False,0.00013816000000588247,1.3729999977840635e-05,0.00017668000009507523,ordinary,100,0.3,1103.0,,,
ordinary_n100_p0.3_seed1103,4V-FB,1916,2,True,False,53,0.03738795282937094,0.08672805462985421,1,-0.0001352123827658147,1.0290616541223908e-46,5.220134124512434e-13,True,False,0.00010321000002022629,1.1719999974957318e-05,0.00013373000001593027,ordinary,100,0.3,1103.0,,,
ordinary_n100_p0.3_seed1103,4V-FB,1918,4,True,False,53,0.037387950806531914,0.08672805462985421,1,-0.00013521251567283343,1.0290616541223908e-46,5.220134124512431e-13,True,False,9.131000001616485e-05,1.1690000064845663e-05,0.00012001000004602247,ordinary,100,0.3,1103.0,,,
ordinary_n100_p0.3_seed1103,4V-FB,1922,8,True,False,53,0.037387946862105385,0.08672805462985421,1,-0.0001352127748353027,1.0290616541223908e-46,5.220134124512419e-13,True,False,8.657000000766857e-05,1.1449999988144555e-05,0.00011465000000043801,ordinary,100,0.3,1103.0,,,
ordinary_n100_p0.3_seed1103,4V-FB,1930,16,True,False,53,0.03738793936263964,0.08672805462985421,1,-0.0001352132675735973,1.0290616541223908e-46,5.220134124512406e-13,True,False,8.601000001817738e-05,1.150000002780871e-05,0.0001143299999739611,ordinary,100,0.3,1103.0,,,
ordinary_n100_p0.3_seed1103,4V-FB,1946,32,True,False,53,0.03738792580396046,0.08672805462985421,1,-0.0001352141584192168,1.0290616541223908e-46,5.220134124512382e-13,True,False,9.165000005850743e-05,1.1459999996077386e-05,0.00012029000004076806,ordinary,100,0.3,1103.0,,,
ordinary_n100_p0.3_seed1103,4V-FB,1978,64,True,False,53,0.037387903619035025,0.08672805462985421,1,-0.00013521561603013765,1.0290616541223908e-46,5.220134124512351e-13,True,False,8.533000004717906e-05,1.1679999943225994e-05,0.00011428999994222977,ordinary,100,0.3,1103.0,,,
ordinary_n100_p0.3_seed1103,4V-FB,2042,128,True,False,53,0.03738787378668521,0.08672805462985421,1,-0.00013521757608536689,1.0290616541223908e-46,5.220134124512321e-13,True,False,9.109000006901624e-05,1.1700000072778494e-05,0.00011998000002222398,ordinary,100,0.3,1103.0,,,
ordinary_n100_p0.3_seed1103,4V-FB,2170,256,True,False,53,0.03738784632630746,0.08672805462985421,1,-0.00013521938028304703,1.0290616541223908e-46,5.220134124512308e-13,True,False,8.560000003399182e-05,1.1610000001383014e-05,0.00011416999996072263,ordinary,100,0.3,1103.0,,,
ordinary_n100_p0.3_seed1103,4V-FB,2426,512,True,False,53,0.0373878338800497,0.08672805462985421,1,-0.00013522019801914809,1.0290616541223908e-46,5.220134124512307e-13,True,False,9.22499999660431e-05,1.1810000046352798e-05,0.00012164999998276471,ordinary,100,0.3,1103.0,,,
ordinary_n100_p0.3_seed1103,4V-FB,2938,1024,True,False,53,0.03738783228952863,0.08672805462985421,1,-0.00013522030252133277,1.0290616541223908e-46,5.220134124512306e-13,True,False,8.89099999312748e-05,1.1930000027859933e-05,0.00011842000003525754,ordinary,100,0.3,1103.0,,,
ordinary_n100_p0.3_seed1103,4V-FB,3004,1090,False,True,53,0.0373878322804649,0.08672805462985421,1,-0.0001352203031164123,1.0290616541223908e-46,5.220134124512306e-13,True,False,8.623000007901283e-05,1.1669999935293163e-05,0.00011484999993172096,ordinary,100,0.3,1103.0,,,
ordinary_n100_p0.3_seed1104,4V-FB,1969,1,True,False,50,0.05013785498293132,0.08283539639808991,-1,-0.00016880790790274602,1.2355066705390412e-45,4.830042035850156e-13,True,False,0.0001298799999176481,1.354000005449052e-05,0.00016777999996975268,ordinary,100,0.3,1104.0,,,
ordinary_n100_p0.3_seed1104,4V-FB,1970,2,True,False,50,0.0501378543394069,0.08283539639808991,-1,-0.00016880798989760137,1.2355066705390412e-45,4.830042035850155e-13,True,False,9.757999998782907e-05,1.2150000088695379e-05,0.00012823999998090585,ordinary,100,0.3,1104.0,,,
ordinary_n100_p0.3_seed1104,4V-FB,1972,4,True,False,50,0.050137853072408964,0.08283539639808991,-1,-0.0001688081513346873,1.2355066705390412e-45,4.830042035850151e-13,True,False,8.637999997063162e-05,1.183000006221846e-05,0.00011527999993177218,ordinary,100,0.3,1104.0,,,
ordinary_n100_p0.3_seed1104,4V-FB,1976,8,True,False,50,0.050137850616687754,0.08283539639808991,-1,-0.00016880846422662188,1.2355066705390412e-45,4.830042035850143e-13,True,False,8.169000000179949e-05,1.1870000093949784e-05,0.00011063000010835822,ordinary,100,0.3,1104.0,,,
ordinary_n100_p0.3_seed1104,4V-FB,1984,16,True,False,50,0.0501378460034805,0.08283539639808991,-1,-0.0001688090519875729,1.2355066705390412e-45,4.830042035850131e-13,True,False,8.164999997006817e-05,1.1800000038419967e-05,0.00011059999997087289,ordinary,100,0.3,1104.0,,,
ordinary_n100_p0.3_seed1104,4V-FB,2000,32,True,False,50,0.05013783786000239,0.08283539639808991,-1,-0.0001688100894545741,1.2355066705390412e-45,4.83004203585011e-13,True,False,8.121999997001694e-05,1.1699999959091656e-05,0.00011009000002104585,ordinary,100,0.3,1104.0,,,
ordinary_n100_p0.3_seed1104,4V-FB,2032,64,True,False,50,0.05013782514985792,0.08283539639808991,-1,-0.00016881170848570548,1.2355066705390412e-45,4.830042035850086e-13,True,False,8.136000008107658e-05,1.1829999948531622e-05,0.00011085000005550683,ordinary,100,0.3,1104.0,,,
ordinary_n100_p0.3_seed1104,4V-FB,2096,128,True,False,50,0.050137809561052876,0.08283539639808991,-1,-0.00016881369373944466,1.2355066705390412e-45,4.830042035850067e-13,True,False,8.25700000177676e-05,1.173999999082298e-05,0.00011194000001069071,ordinary,100,0.3,1104.0,,,
ordinary_n100_p0.3_seed1104,4V-FB,2224,256,True,False,50,0.050137797513915,0.08283539639808991,-1,-0.00016881522744505162,1.2355066705390412e-45,4.830042035850062e-13,True,False,8.558000001812616e-05,1.157999997758452e-05,0.00011474999996607949,ordinary,100,0.3,1104.0,,,
ordinary_n100_p0.3_seed1104,4V-FB,2480,512,True,False,50,0.050137793541251655,0.08283539639808991,-1,-0.0001688157330086426,1.2355066705390412e-45,4.830042035850062e-13,True,False,8.313000000725879e-05,1.1990000075456919e-05,0.00011279000000286032,ordinary,100,0.3,1104.0,,,
ordinary_n100_p0.3_seed1104,4V-FB,2848,880,False,True,50,0.05013779325609828,0.08283539639808991,-1,-0.00016881576928717834,1.2355066705390412e-45,4.830042035850062e-13,True,False,8.456000000478525e-05,1.1959999937971588e-05,0.00011400000005323818,ordinary,100,0.3,1104.0,,,
ordinary_n100_p0.3_seed1105,4V-FB,1384,1,True,False,56,0.02781645389886358,0.08826643159802369,1,-0.0001083141007436339,1.4916680030664171e-46,5.331828613715812e-13,True,False,0.00014062000002468267,1.3230000035946432e-05,0.00017834000004768313,ordinary,100,0.3,1105.0,,,
ordinary_n100_p0.3_seed1105,4V-FB,1385,2,True,False,56,0.027816453907585525,0.08826643159802369,1,-0.00010831404472178008,1.4916680030664171e-46,5.33182861371581e-13,True,False,0.00010515999997551262,1.1719999974957318e-05,0.00013536999995267252,ordinary,100,0.3,1105.0,,,
ordinary_n100_p0.3_seed1105,4V-FB,1387,4,True,False,56,0.0278164539248592,0.08826643159802369,1,-0.00010831393375632103,1.4916680030664171e-46,5.331828613715805e-13,True,False,9.589000001142267e-05,1.1400000062167237e-05,0.00012483000000429456,ordinary,100,0.3,1105.0,,,
ordinary_n100_p0.3_seed1105,4V-FB,1391,8,True,False,56,0.027816453958732702,0.08826643159802369,1,-0.00010831371607178397,1.4916680030664171e-46,5.331828613715797e-13,True,False,9.326999997938401e-05,1.1520000043674372e-05,0.00012249000008068833,ordinary,100,0.3,1105.0,,,
ordinary_n100_p0.3_seed1105,4V-FB,1399,16,True,False,56,0.02781645402386944,0.08826643159802369,1,-0.00010831329719174221,1.4916680030664171e-46,5.331828613715782e-13,True,False,9.018900004775787e-05,1.1629999903561838e-05,0.00012569900002290524,ordinary,100,0.3,1105.0,,,
ordinary_n100_p0.3_seed1105,4V-FB,1415,32,True,False,56,0.02781645414432872,0.08826643159802369,1,-0.00010831252155085735,1.4916680030664171e-46,5.331828613715754e-13,True,False,9.06999999870095e-05,1.1210000025130284e-05,0.00011924000000362867,ordinary,100,0.3,1105.0,,,
ordinary_n100_p0.3_seed1105,4V-FB,1447,64,True,False,56,0.027816454350522345,0.08826643159802369,1,-0.00010831119090681796,1.4916680030664171e-46,5.331828613715714e-13,True,False,9.117000001879205e-05,1.1490000019875879e-05,0.0001194999999825086,ordinary,100,0.3,1105.0,,,
ordinary_n100_p0.3_seed1105,4V-FB,1511,128,True,False,56,0.027816454653745028,0.08826643159802369,1,-0.00010830922761417838,1.4916680030664171e-46,5.33182861371567e-13,True,False,9.137999995800783e-05,1.1410000070100068e-05,0.00012025000000903674,ordinary,100,0.3,1105.0,,,
ordinary_n100_p0.3_seed1105,4V-FB,1639,256,True,False,56,0.027816454986013837,0.08826643159802369,1,-0.00010830706805098345,1.4916680030664171e-46,5.331828613715643e-13,True,False,9.302000000843691e-05,1.1729999982890149e-05,0.00012218000006214425,ordinary,100,0.3,1105.0,,,
ordinary_n100_p0.3_seed1105,4V-FB,1895,512,True,False,56,0.027816455194759893,0.08826643159802369,1,-0.0001083057075081939,1.4916680030664171e-46,5.331828613715637e-13,True,False,9.883899997475964e-05,1.1939999922105926e-05,0.00012929900003655348,ordinary,100,0.3,1105.0,,,
ordinary_n100_p0.3_seed1105,4V-FB,2407,1024,True,False,56,0.02781645524246216,0.08826643159802369,1,-0.00010830539627715297,1.4916680030664171e-46,5.331828613715638e-13,True,False,0.00010866000002351939,1.1949999930038757e-05,0.00013927999998486484,ordinary,100,0.3,1105.0,,,
ordinary_n100_p0.3_seed1105,4V-FB,2812,1429,False,True,56,0.027816455244152404,0.08826643159802369,1,-0.00010830538525130606,1.4916680030664171e-46,5.331828613715637e-13,True,False,9.61800000141011e-05,1.1689999951158825e-05,0.00012571000002026267,ordinary,100,0.3,1105.0,,,
ordinary_n100_p0.5_seed1101,4V-FB,1542,1,True,False,51,0.04450507276618727,0.04944142818870401,1,-5.4281130242195275e-05,9.533972675049429e-32,5.277084562092827e-13,True,False,0.00013544000000820233,1.1820000054285629e-05,0.00017074000004413392,ordinary,100,0.5,1101.0,,,
ordinary_n100_p0.5_seed1101,4V-FB,1543,2,True,False,51,0.04450507267292027,0.04944142818870401,1,-5.428117337569205e-05,9.533972675049429e-32,5.277084562092823e-13,True,False,9.918000000652683e-05,1.082999995105638e-05,0.00012802999992800324,ordinary,100,0.5,1101.0,,,
ordinary_n100_p0.5_seed1101,4V-FB,1545,4,True,False,51,0.04450507248905851,0.04944142818870401,1,-5.428125837170228e-05,9.533972675049429e-32,5.277084562092819e-13,True,False,8.912999999211024e-05,1.0610000003907771e-05,0.00011639000001650857,ordinary,100,0.5,1101.0,,,
ordinary_n100_p0.5_seed1101,4V-FB,1549,8,True,False,51,0.04450507213179272,0.04944142818870401,1,-5.428142341568076e-05,9.533972675049429e-32,5.277084562092811e-13,True,False,8.75200000791665e-05,1.053000005413196e-05,0.00011491000009300478,ordinary,100,0.5,1101.0,,,
ordinary_n100_p0.5_seed1101,4V-FB,1557,16,True,False,51,0.04450507145726823,0.04944142818870401,1,-5.428173459698371e-05,9.533972675049429e-32,5.277084562092797e-13,True,False,8.385000000998843e-05,1.0549999956310785e-05,0.00011051000001316424,ordinary,100,0.5,1101.0,,,
ordinary_n100_p0.5_seed1101,4V-FB,1573,32,True,False,51,0.044505070254681964,0.04944142818870401,1,-5.428228791259926e-05,9.533972675049429e-32,5.277084562092776e-13,True,False,8.494999997310515e-05,1.0400000064691994e-05,0.0001117299999577881,ordinary,100,0.5,1101.0,,,
ordinary_n100_p0.5_seed1101,4V-FB,1605,64,True,False,51,0.04450506834096381,0.04944142818870401,1,-5.428316397892985e-05,9.533972675049429e-32,5.277084562092749e-13,True,False,9.233000002950575e-05,1.0550000069997623e-05,0.0001194699999587101,ordinary,100,0.5,1101.0,,,
ordinary_n100_p0.5_seed1101,4V-FB,1669,128,True,False,51,0.04450506590530602,0.04944142818870401,1,-5.428426886400217e-05,9.533972675049429e-32,5.277084562092729e-13,True,False,8.465999997042672e-05,1.0289999977430853e-05,0.00011160999997628096,ordinary,100,0.5,1101.0,,,
ordinary_n100_p0.5_seed1101,4V-FB,1797,256,True,False,51,0.04450506389098752,0.04944142818870401,1,-5.428516909233849e-05,9.533972675049429e-32,5.277084562092722e-13,True,False,8.596999998644606e-05,1.0459999998602143e-05,0.00011300000005576294,ordinary,100,0.5,1101.0,,,
ordinary_n100_p0.5_seed1101,4V-FB,2053,512,True,False,51,0.04450506314463899,0.04944142818870401,1,-5.4285495788342075e-05,9.533972675049429e-32,5.277084562092721e-13,True,False,8.905000004233443e-05,1.0800000040944724e-05,0.00011727999992672267,ordinary,100,0.5,1101.0,,,
ordinary_n100_p0.5_seed1101,4V-FB,2466,925,False,True,51,0.04450506307932585,0.04944142818870401,1,-5.428552371977702e-05,9.533972675049429e-32,5.277084562092721e-13,True,False,8.896999997887178e-05,1.0620000011840602e-05,0.00011681000000862696,ordinary,100,0.5,1101.0,,,
ordinary_n100_p0.5_seed1102,4V-FB,3190,1,True,False,49,0.06931567203073233,0.04942313415792066,-1,-8.45726487348486e-05,7.936733867178842e-31,4.621859175909115e-13,True,False,0.00013065000007372873,1.2259999948582845e-05,0.00016617999995105492,ordinary,100,0.5,1102.0,,,
ordinary_n100_p0.5_seed1102,4V-FB,3191,2,True,False,49,0.06931567212350265,0.04942313415792066,-1,-8.457257517946459e-05,7.936733867178842e-31,4.621859175909114e-13,True,False,9.554999996908009e-05,1.0879999990720535e-05,0.0001242800000227362,ordinary,100,0.5,1102.0,,,
ordinary_n100_p0.5_seed1102,4V-FB,3193,4,True,False,49,0.06931567230482208,0.04942313415792066,-1,-8.457243142867554e-05,7.936733867178842e-31,4.62185917590911e-13,True,False,9.534000002986431e-05,1.0670000051504758e-05,0.00012294000009660522,ordinary,100,0.5,1102.0,,,
ordinary_n100_p0.5_seed1102,4V-FB,3197,8,True,False,49,0.06931567265116437,0.04942313415792066,-1,-8.457215686785702e-05,7.936733867178842e-31,4.621859175909102e-13,True,False,8.129000002554676e-05,1.0480000014467805e-05,0.00010809000002609537,ordinary,100,0.5,1102.0,,,
ordinary_n100_p0.5_seed1102,4V-FB,3205,16,True,False,49,0.06931567328313712,0.04942313415792066,-1,-8.45716559521037e-05,7.936733867178842e-31,4.621859175909091e-13,True,False,8.061000005454844e-05,1.0410000072624825e-05,0.00010727999995197024,ordinary,100,0.5,1102.0,,,
ordinary_n100_p0.5_seed1102,4V-FB,3221,32,True,False,49,0.06931567433619171,0.04942313415792066,-1,-8.45708215120311e-05,7.936733867178842e-31,4.621859175909073e-13,True,False,7.940000000417058e-05,1.0340000017095008e-05,0.00010579000002053363,ordinary,100,0.5,1102.0,,,
ordinary_n100_p0.5_seed1102,4V-FB,3253,64,True,False,49,0.06931567580348794,0.04942313415792066,-1,-8.456965935099703e-05,7.936733867178842e-31,4.621859175909057e-13,True,False,8.02499999963402e-05,1.0570000085863285e-05,0.00010739000003923138,ordinary,100,0.5,1102.0,,,
ordinary_n100_p0.5_seed1102,4V-FB,3317,128,True,False,49,0.0693156772488023,0.04942313415792066,-1,-8.456851528393372e-05,7.936733867178842e-31,4.621859175909049e-13,True,False,8.04999999672873e-05,1.0680000059437589e-05,0.00010752000002867135,ordinary,100,0.5,1102.0,,,
ordinary_n100_p0.5_seed1102,4V-FB,3445,256,True,False,49,0.06931567799037858,0.04942313415792066,-1,-8.456792861633033e-05,7.936733867178842e-31,4.621859175909046e-13,True,False,8.692999995218997e-05,1.0780000025079062e-05,0.00011472000005596783,ordinary,100,0.5,1102.0,,,
ordinary_n100_p0.5_seed1102,4V-FB,3701,512,True,False,49,0.06931567810821995,0.04942313415792066,-1,-8.456783542420965e-05,7.936733867178842e-31,4.621859175909046e-13,True,False,8.491999994930666e-05,1.066999993781792e-05,0.00011275000008481584,ordinary,100,0.5,1102.0,,,
ordinary_n100_p0.5_seed1102,4V-FB,3788,599,False,True,49,0.0693156781099433,0.04942313415792066,-1,-8.456783406174395e-05,7.936733867178842e-31,4.621859175909046e-13,True,False,8.11600000361068e-05,1.0660000043571927e-05,0.00010866000002351939,ordinary,100,0.5,1102.0,,,
ordinary_n100_p0.5_seed1103,4V-FB,1729,1,True,False,54,0.0371892996077659,0.05002213168593275,-1,-4.6481791172503506e-05,9.712542601066142e-32,5.110292884332197e-13,True,False,0.00018138999996608618,1.2269999956515676e-05,0.00021876000005249807,ordinary,100,0.5,1103.0,,,
ordinary_n100_p0.5_seed1103,4V-FB,1730,2,True,False,54,0.03718929956659105,0.05002213168593275,-1,-4.64818321486149e-05,9.712542601066142e-32,5.110292884332195e-13,True,False,0.00010569000005489215,1.0910000014519028e-05,0.00013467999997374136,ordinary,100,0.5,1103.0,,,
ordinary_n100_p0.5_seed1103,4V-FB,1732,4,True,False,54,0.037189299485270416,0.05002213168593275,-1,-4.6481913083873394e-05,9.712542601066142e-32,5.110292884332191e-13,True,False,9.55199999452816e-05,1.0449999990669312e-05,0.00012271000002783694,ordinary,100,0.5,1103.0,,,
ordinary_n100_p0.5_seed1103,4V-FB,1736,8,True,False,54,0.03718929932666169,0.05002213168593275,-1,-4.648207093804757e-05,9.712542601066142e-32,5.110292884332183e-13,True,False,8.881999997356615e-05,1.0370000040893501e-05,0.00011546000007456314,ordinary,100,0.5,1103.0,,,
ordinary_n100_p0.5_seed1103,4V-FB,1744,16,True,False,54,0.037189299024957906,0.05002213168593275,-1,-4.6482371206302275e-05,9.712542601066142e-32,5.110292884332169e-13,True,False,8.789000003162073e-05,1.0550000069997623e-05,0.00011509000000842207,ordinary,100,0.5,1103.0,,,
ordinary_n100_p0.5_seed1103,4V-FB,1760,32,True,False,54,0.037189298478975355,0.05002213168593275,-1,-4.648291459208309e-05,9.712542601066142e-32,5.110292884332145e-13,True,False,8.822999996027647e-05,1.0610000003907771e-05,0.00011512999992646655,ordinary,100,0.5,1103.0,,,
ordinary_n100_p0.5_seed1103,4V-FB,1792,64,True,False,54,0.037189297583952646,0.05002213168593275,-1,-4.648380534977292e-05,9.712542601066142e-32,5.110292884332113e-13,True,False,8.891999993920763e-05,1.058999998804211e-05,0.00011627999992924742,ordinary,100,0.5,1103.0,,,
ordinary_n100_p0.5_seed1103,4V-FB,1856,128,True,False,54,0.03718929637599029,0.05002213168593275,-1,-4.64850075481138e-05,9.712542601066142e-32,5.110292884332083e-13,True,False,8.990000003450405e-05,1.07600000092134e-05,0.00011740999991616263,ordinary,100,0.5,1103.0,,,
ordinary_n100_p0.5_seed1103,4V-FB,1984,256,True,False,54,0.03718929525626932,0.05002213168593275,-1,-4.6486121912714395e-05,9.712542601066142e-32,5.110292884332069e-13,True,False,9.126999998443353e-05,1.0470000006534974e-05,0.0001188600000432416,ordinary,100,0.5,1103.0,,,
ordinary_n100_p0.5_seed1103,4V-FB,2240,512,True,False,54,0.037189294742219034,0.05002213168593275,-1,-4.648663350081961e-05,9.712542601066142e-32,5.110292884332066e-13,True,False,9.211899998717854e-05,1.085000008060888e-05,0.00012036900000111928,ordinary,100,0.5,1103.0,,,
ordinary_n100_p0.5_seed1103,4V-FB,2752,1024,True,False,54,0.037189294675030585,0.05002213168593275,-1,-4.6486700366443756e-05,9.712542601066142e-32,5.110292884332067e-13,True,False,9.314999999787688e-05,1.0459999998602143e-05,0.00012071000003288646,ordinary,100,0.5,1103.0,,,
ordinary_n100_p0.5_seed1103,4V-FB,2828,1100,False,True,54,0.03718929467459073,0.05002213168593275,-1,-4.648670080253936e-05,9.712542601066142e-32,5.110292884332067e-13,True,False,8.917000002384157e-05,1.0529999940445123e-05,0.00011600000004818867,ordinary,100,0.5,1103.0,,,
ordinary_n100_p0.5_seed1104,4V-FB,3252,1,True,False,59,0.018516058087324608,0.04748532247976192,1,-2.083754740134225e-05,3.691026524785028e-31,4.97276664494778e-13,True,False,0.00015243999996528146,1.2260000062269683e-05,0.00018791000002238434,ordinary,100,0.5,1104.0,,,
ordinary_n100_p0.5_seed1104,4V-FB,3253,2,True,False,59,0.018516058050473988,0.04748532247976192,1,-2.0837565472220376e-05,3.691026524785028e-31,4.972766644947779e-13,True,False,0.00011134999999740103,1.1009999980160501e-05,0.00014057000009870535,ordinary,100,0.5,1104.0,,,
ordinary_n100_p0.5_seed1104,4V-FB,3255,4,True,False,59,0.01851605797719571,0.04748532247976192,1,-2.0837601404366524e-05,3.691026524785028e-31,4.972766644947775e-13,True,False,0.00010309000003871915,1.052000004619913e-05,0.00013076999994154903,ordinary,100,0.5,1104.0,,,
ordinary_n100_p0.5_seed1104,4V-FB,3259,8,True,False,59,0.0185160578323214,0.04748532247976192,1,-2.083767244798196e-05,3.691026524785028e-31,4.972766644947767e-13,True,False,9.785999998257466e-05,1.019000001178938e-05,0.00012462999995932478,ordinary,100,0.5,1104.0,,,
ordinary_n100_p0.5_seed1104,4V-FB,3267,16,True,False,59,0.018516057549186088,0.04748532247976192,1,-2.0837811287144348e-05,3.691026524785028e-31,4.972766644947752e-13,True,False,9.579999994002719e-05,1.0379999935139494e-05,0.0001225600000225313,ordinary,100,0.5,1104.0,,,
ordinary_n100_p0.5_seed1104,4V-FB,3283,32,True,False,59,0.018516057008434485,0.04748532247976192,1,-2.083807645814062e-05,3.691026524785028e-31,4.972766644947725e-13,True,False,9.70600000300692e-05,1.0379999935139494e-05,0.00012358000003587222,ordinary,100,0.5,1104.0,,,
ordinary_n100_p0.5_seed1104,4V-FB,3315,64,True,False,59,0.01851605602196959,0.04748532247976192,1,-2.083856019385877e-05,3.691026524785028e-31,4.97276664494768e-13,True,False,9.907999992719851e-05,1.042999997480365e-05,0.00012656000001243228,ordinary,100,0.5,1104.0,,,
ordinary_n100_p0.5_seed1104,4V-FB,3379,128,True,False,59,0.01851605437900017,0.04748532247976192,1,-2.0839365877378668e-05,3.691026524785028e-31,4.972766644947614e-13,True,False,9.835000003022287e-05,1.0340000017095008e-05,0.00012545000004138274,ordinary,100,0.5,1104.0,,,
ordinary_n100_p0.5_seed1104,4V-FB,3507,256,True,False,59,0.018516052091610724,0.04748532247976192,1,-2.084048759076751e-05,3.691026524785028e-31,4.972766644947552e-13,True,False,9.771999998520187e-05,1.0410000072624825e-05,0.0001249800000096002,ordinary,100,0.5,1104.0,,,
ordinary_n100_p0.5_seed1104,4V-FB,3763,512,True,False,59,0.01851604984140559,0.04748532247976192,1,-2.0841591102715995e-05,3.691026524785028e-31,4.972766644947521e-13,True,False,9.996000005685346e-05,1.0340000017095008e-05,0.00012757999991208635,ordinary,100,0.5,1104.0,,,
ordinary_n100_p0.5_seed1104,4V-FB,4275,1024,True,False,59,0.01851604868896601,0.04748532247976192,1,-2.084215627817798e-05,3.691026524785028e-31,4.972766644947515e-13,True,False,0.00010238999993816833,1.0349999911341001e-05,0.0001299499999731779,ordinary,100,0.5,1104.0,,,
ordinary_n100_p0.5_seed1104,4V-FB,5299,2048,True,False,59,0.01851604850630275,0.04748532247976192,1,-2.0842245859853392e-05,3.691026524785028e-31,4.972766644947516e-13,True,False,0.00010468000004948408,1.042999997480365e-05,0.00013249000005544076,ordinary,100,0.5,1104.0,,,
ordinary_n100_p0.5_seed1104,4V-FB,5643,2392,False,True,59,0.018516048503654563,0.04748532247976192,1,-2.084224715925842e-05,3.691026524785028e-31,4.972766644947515e-13,True,False,9.967000005417503e-05,1.020000001972221e-05,0.00012669000000187225,ordinary,100,0.5,1104.0,,,
ordinary_n100_p0.5_seed1105,4V-FB,2096,1,True,False,56,0.042622809253693175,0.051028909594245254,-1,-5.536994530697115e-05,1.2464206911367776e-31,5.205946146539229e-13,True,False,0.00014265999993767764,1.2129999959142879e-05,0.0001784700000371231,ordinary,100,0.5,1105.0,,,
ordinary_n100_p0.5_seed1105,4V-FB,2097,2,True,False,56,0.042622809137143405,0.051028909594245254,-1,-5.5369994355736196e-05,1.2464206911367776e-31,5.205946146539227e-13,True,False,0.00011913999992430035,1.1110000059488812e-05,0.00014822999992247787,ordinary,100,0.5,1105.0,,,
ordinary_n100_p0.5_seed1105,4V-FB,2099,4,True,False,56,0.04262280890747845,0.051028909594245254,-1,-5.537009101175272e-05,1.2464206911367776e-31,5.205946146539222e-13,True,False,9.607000015421363e-05,1.0160000101677724e-05,0.0001229300000886724,ordinary,100,0.5,1105.0,,,
ordinary_n100_p0.5_seed1105,4V-FB,2103,8,True,False,56,0.04262280846157372,0.051028909594245254,-1,-5.537027867319466e-05,1.2464206911367776e-31,5.205946146539214e-13,True,False,9.270000009564683e-05,1.0230000043520704e-05,0.00011946000017815095,ordinary,100,0.5,1105.0,,,
ordinary_n100_p0.5_seed1105,4V-FB,2111,16,True,False,56,0.042622807621053665,0.051028909594245254,-1,-5.537063240179663e-05,1.2464206911367776e-31,5.205946146539201e-13,True,False,9.096999997382227e-05,1.0420000080557656e-05,0.00011775000007219205,ordinary,100,0.5,1105.0,,,
ordinary_n100_p0.5_seed1105,4V-FB,2127,32,True,False,56,0.042622806127224036,0.051028909594245254,-1,-5.5371261063363875e-05,1.2464206911367776e-31,5.205946146539179e-13,True,False,9.175899981528346e-05,1.0359999805586995e-05,0.00011859899996125023,ordinary,100,0.5,1105.0,,,
ordinary_n100_p0.5_seed1105,4V-FB,2159,64,True,False,56,0.042622803764261794,0.051028909594245254,-1,-5.537225544749447e-05,1.2464206911367776e-31,5.205946146539151e-13,True,False,9.312000020145206e-05,1.0500000144020305e-05,0.00012020000008305942,ordinary,100,0.5,1105.0,,,
ordinary_n100_p0.5_seed1105,4V-FB,2223,128,True,False,56,0.04262280078955763,0.051028909594245254,-1,-5.537350717510492e-05,1.2464206911367776e-31,5.205946146539125e-13,True,False,9.374000001116656e-05,1.0480000128154643e-05,0.0001209399999879679,ordinary,100,0.5,1105.0,,,
ordinary_n100_p0.5_seed1105,4V-FB,2351,256,True,False,56,0.04262279837422246,0.051028909594245254,-1,-5.5374523391549246e-05,1.2464206911367776e-31,5.205946146539118e-13,True,False,9.829000009631272e-05,1.0570000085863285e-05,0.0001257999999779713,ordinary,100,0.5,1105.0,,,
ordinary_n100_p0.5_seed1105,4V-FB,2607,512,True,False,56,0.04262279750315927,0.051028909594245254,-1,-5.5374889809556294e-05,1.2464206911367776e-31,5.205946146539118e-13,True,False,9.47700000324403e-05,1.066999993781792e-05,0.00012224000010974123,ordinary,100,0.5,1105.0,,,
ordinary_n100_p0.5_seed1105,4V-FB,3025,930,False,True,56,0.042622797429433035,0.051028909594245254,-1,-5.537492081764128e-05,1.2464206911367776e-31,5.205946146539118e-13,True,False,9.596000018063933e-05,1.059999999597494e-05,0.0001235899999301182,ordinary,100,0.5,1105.0,,,
ordinary_n100_p0.8_seed1101,4V-FB,3603,1,True,False,63,0.013303737379660506,0.01086418332718184,1,-7.841891980220339e-07,8.657877715221515e-26,4.960862665602837e-13,True,False,0.0001683599998614227,1.3699999954042141e-05,0.00020709999989776406,ordinary,100,0.8,1101.0,,,
ordinary_n100_p0.8_seed1101,4V-FB,3604,2,True,False,63,0.013303737394626113,0.01086418332718184,1,-7.841923617135649e-07,8.657877715221515e-26,4.960862665602835e-13,True,False,0.00012697000011030468,1.2929999911648338e-05,0.00015929999995023536,ordinary,100,0.8,1101.0,,,
ordinary_n100_p0.8_seed1101,4V-FB,3606,4,True,False,63,0.013303737424426124,0.01086418332718184,1,-7.841986615630958e-07,8.657877715221515e-26,4.960862665602831e-13,True,False,0.0001181699999506236,1.1970000059591257e-05,0.00014801000020270294,ordinary,100,0.8,1101.0,,,
ordinary_n100_p0.8_seed1101,4V-FB,3610,8,True,False,63,0.013303737483506812,0.01086418332718184,1,-7.842111484634984e-07,8.657877715221515e-26,4.960862665602823e-13,True,False,0.00011061999998673855,1.156999996965169e-05,0.00013951999994787911,ordinary,100,0.8,1101.0,,,
ordinary_n100_p0.8_seed1101,4V-FB,3618,16,True,False,63,0.013303737599614543,0.01086418332718184,1,-7.842356923859484e-07,8.657877715221515e-26,4.960862665602806e-13,True,False,0.00010994000012942706,1.1589999985517352e-05,0.00013875000013285899,ordinary,100,0.8,1101.0,,,
ordinary_n100_p0.8_seed1101,4V-FB,3634,32,True,False,63,0.013303737823834904,0.01086418332718184,1,-7.842830811455315e-07,8.657877715221515e-26,4.960862665602776e-13,True,False,0.00010866999991776538,1.1529999937920365e-05,0.00013745000001108565,ordinary,100,0.8,1101.0,,,
ordinary_n100_p0.8_seed1101,4V-FB,3666,64,True,False,63,0.01330373824197992,0.01086418332718184,1,-7.84371434470188e-07,8.657877715221515e-26,4.960862665602723e-13,True,False,0.00010978000000250177,1.1679999943225994e-05,0.00013899000009587326,ordinary,100,0.8,1101.0,,,
ordinary_n100_p0.8_seed1101,4V-FB,3730,128,True,False,63,0.013303738969460162,0.01086418332718184,1,-7.845250928895098e-07,8.657877715221515e-26,4.960862665602643e-13,True,False,0.00011558999995031627,1.1659999927360332e-05,0.00014493000003312773,ordinary,100,0.8,1101.0,,,
ordinary_n100_p0.8_seed1101,4V-FB,3858,256,True,False,63,0.013303740072685963,0.01086418332718184,1,-7.847579732711552e-07,8.657877715221515e-26,4.960862665602549e-13,True,False,0.00011491999998725078,1.1769999900934636e-05,0.00014490000012301607,ordinary,100,0.8,1101.0,,,
ordinary_n100_p0.8_seed1101,4V-FB,4114,512,True,False,63,0.013303741351845167,0.01086418332718184,1,-7.85027774341529e-07,8.657877715221515e-26,4.960862665602484e-13,True,False,0.00011549000009836163,1.1659999927360332e-05,0.00014641000007031835,ordinary,100,0.8,1101.0,,,
ordinary_n100_p0.8_seed1101,4V-FB,4626,1024,True,False,63,0.013303742240534988,0.01086418332718184,-1,-7.850285390631484e-07,8.657877715221515e-26,4.960862665602469e-13,True,False,0.00011971000003541121,1.1689999837471987e-05,0.00014988000020821346,ordinary,100,0.8,1101.0,,,
ordinary_n100_p0.8_seed1101,4V-FB,5650,2048,True,False,63,0.013303742482383592,0.01086418332718184,-1,-7.849776118007412e-07,8.657877715221515e-26,4.960862665602468e-13,True,False,0.0001254799999514944,1.2220000144225196e-05,0.00015757999995003047,ordinary,100,0.8,1101.0,,,
ordinary_n100_p0.8_seed1101,4V-FB,6741,3139,False,True,63,0.013303742494471566,0.01086418332718184,-1,-7.849750689459256e-07,8.657877715221515e-26,4.960862665602467e-13,True,False,0.0001224800000727555,1.191000001199427e-05,0.00015345999986493553,ordinary,100,0.8,1101.0,,,
ordinary_n100_p0.8_seed1102,4V-FB,4721,1,True,False,64,0.011710792651147325,0.010859158681906435,-1,-6.887996439886024e-07,2.9750008003699768e-25,4.601712388584218e-13,True,False,0.0001650799999879382,1.4110000165601377e-05,0.00020421999988684547,ordinary,100,0.8,1102.0,,,
ordinary_n100_p0.8_seed1102,4V-FB,4722,2,True,False,64,0.011710792591366545,0.010859158681906435,-1,-6.888024257634129e-07,2.9750008003699768e-25,4.601712388584217e-13,True,False,0.00012971000001016364,1.2030000107188243e-05,0.0001609999999345746,ordinary,100,0.8,1102.0,,,
ordinary_n100_p0.8_seed1102,4V-FB,4724,4,True,False,64,0.011710792472268673,0.010859158681906435,-1,-6.888079688849302e-07,2.9750008003699768e-25,4.601712388584212e-13,True,False,0.0001168999999663356,1.1760000006688642e-05,0.00014639000005445268,ordinary,100,0.8,1102.0,,,
ordinary_n100_p0.8_seed1102,4V-FB,4728,8,True,False,64,0.011710792235907198,0.010859158681906435,-1,-6.888189698628366e-07,2.9750008003699768e-25,4.601712388584204e-13,True,False,0.00012048999997205101,1.1780000022554304e-05,0.00015035000001262233,ordinary,100,0.8,1102.0,,,
ordinary_n100_p0.8_seed1102,4V-FB,4736,16,True,False,64,0.011710791770435821,0.010859158681906435,-1,-6.888406316463147e-07,2.9750008003699768e-25,4.601712388584186e-13,True,False,0.00011029999996026163,1.173999999082298e-05,0.0001391800001329102,ordinary,100,0.8,1102.0,,,
ordinary_n100_p0.8_seed1102,4V-FB,4752,32,True,False,64,0.01171079086781394,0.010859158681906435,-1,-6.888826362683176e-07,2.9750008003699768e-25,4.601712388584154e-13,True,False,0.00011079000000790984,1.1869999980262946e-05,0.00014005999992150464,ordinary,100,0.8,1102.0,,,
ordinary_n100_p0.8_seed1102,4V-FB,4784,64,True,False,64,0.011710789170562862,0.010859158681906435,-1,-6.889616050997915e-07,2.9750008003699768e-25,4.601712388584102e-13,True,False,0.00011104999998678977,1.757999984874914e-05,0.00014590999990105047,ordinary,100,0.8,1102.0,,,
ordinary_n100_p0.8_seed1102,4V-FB,4848,128,True,False,64,0.011710786168803854,0.010859158681906435,-1,-6.891012409582231e-07,2.9750008003699768e-25,4.601712388584014e-13,True,False,0.0001111900000978494,1.1769999900934636e-05,0.00014059000000088417,ordinary,100,0.8,1102.0,,,
ordinary_n100_p0.8_seed1102,4V-FB,4976,256,True,False,64,0.01171078146636362,0.010859158681906435,-1,-6.893198891688712e-07,2.9750008003699768e-25,4.60171238858391e-13,True,False,0.00011299000016151695,1.1860000086016953e-05,0.00014276000001700595,ordinary,100,0.8,1102.0,,,
ordinary_n100_p0.8_seed1102,4V-FB,5232,512,True,False,64,0.011710775657924808,0.010859158681906435,-1,-6.895897781689087e-07,2.9750008003699768e-25,4.601712388583825e-13,True,False,0.00011264999989180069,1.1789999916800298e-05,0.00014224000005924609,ordinary,100,0.8,1102.0,,,
ordinary_n100_p0.8_seed1102,4V-FB,5744,1024,True,False,64,0.011710771110041623,0.010859158681906435,-1,-6.898008981792714e-07,2.9750008003699768e-25,4.601712388583799e-13,True,False,0.00012373000004117785,1.2169999990874203e-05,0.00015525000003435707,ordinary,100,0.8,1102.0,,,
ordinary_n100_p0.8_seed1102,4V-FB,6768,2048,True,False,64,0.011710769575362772,0.010859158681906435,-1,-6.898720767978261e-07,2.9750008003699768e-25,4.601712388583797e-13,True,False,0.00012303999983487302,1.187999987450894e-05,0.00015431999986503797,ordinary,100,0.8,1102.0,,,
ordinary_n100_p0.8_seed1102,4V-FB,8285,3565,False,True,64,0.011710769460521669,0.010859158681906435,-1,-6.898774023156307e-07,2.9750008003699768e-25,4.601712388583796e-13,True,False,0.00012428000013642304,1.209000015478523e-05,0.00015574000008200528,ordinary,100,0.8,1102.0,,,
ordinary_n100_p0.8_seed1103,4V-FB,2870,1,True,False,61,0.026773049262575184,0.01102392043572218,-1,-1.6253517909348147e-06,9.034331550529726e-26,5.22052883581018e-13,True,False,0.0001758199998675991,1.3529999932870851e-05,0.00021339000022635446,ordinary,100,0.8,1103.0,,,
ordinary_n100_p0.8_seed1103,4V-FB,2871,2,True,False,61,0.026773049506767933,0.01102392043572218,-1,-1.6253452912451394e-06,9.034331550529726e-26,5.220528835810179e-13,True,False,0.00012560000004668836,1.197999995383725e-05,0.0001564400001825561,ordinary,100,0.8,1103.0,,,
ordinary_n100_p0.8_seed1103,4V-FB,2873,4,True,False,61,0.02677304999079721,0.01102392043572218,-1,-1.6253324073289832e-06,9.034331550529726e-26,5.220528835810176e-13,True,False,0.00011303999986012059,1.1269999959040433e-05,0.00014194000004863483,ordinary,100,0.8,1103.0,,,
ordinary_n100_p0.8_seed1103,4V-FB,2877,8,True,False,61,0.02677305094167713,0.01102392043572218,-1,-1.6253071066785196e-06,9.034331550529726e-26,5.220528835810168e-13,True,False,0.00010922000001301058,1.1230000154682784e-05,0.00013750999983130896,ordinary,100,0.8,1103.0,,,
ordinary_n100_p0.8_seed1103,4V-FB,2885,16,True,False,61,0.026773052776597382,0.01102392043572218,-1,-1.6252582994980003e-06,9.034331550529726e-26,5.220528835810152e-13,True,False,0.00010664999990694923,1.1699999959091656e-05,0.00013555000009546347,ordinary,100,0.8,1103.0,,,
ordinary_n100_p0.8_seed1103,4V-FB,2901,32,True,False,61,0.026773056193446616,0.01102392043572218,-1,-1.6251674646028391e-06,9.034331550529726e-26,5.220528835810125e-13,True,False,0.00010656000017661427,1.1139999969600467e-05,0.00013510999997379258,ordinary,100,0.8,1103.0,,,
ordinary_n100_p0.8_seed1103,4V-FB,2933,64,True,False,61,0.0267730621205143,0.01102392043572218,-1,-1.6250100758341546e-06,9.034331550529726e-26,5.220528835810085e-13,True,False,0.0001069400000233145,1.136000014412275e-05,0.00013572999978350708,ordinary,100,0.8,1103.0,,,
ordinary_n100_p0.8_seed1103,4V-FB,2997,128,True,False,61,0.02677307105665795,0.01102392043572218,-1,-1.624773275921143e-06,9.034331550529726e-26,5.220528835810038e-13,True,False,0.00010670000006030023,1.1610000001383014e-05,0.00013579999995272374,ordinary,100,0.8,1103.0,,,
ordinary_n100_p0.8_seed1103,4V-FB,3125,256,True,False,61,0.02677308129949528,0.01102392043572218,-1,-1.624502763419855e-06,9.034331550529726e-26,5.220528835810009e-13,True,False,0.00011233999998694344,1.1470000117697055e-05,0.00014148999980534427,ordinary,100,0.8,1103.0,,,
ordinary_n100_p0.8_seed1103,4V-FB,3381,512,True,False,61,0.026773088258111137,0.01102392043572218,-1,-1.6243198608378862e-06,9.034331550529726e-26,5.220528835809999e-13,True,False,0.0001093799999125622,1.1649999805740663e-05,0.0001390200000059849,ordinary,100,0.8,1103.0,,,
ordinary_n100_p0.8_seed1103,4V-FB,3893,1024,True,False,61,0.026773090073092254,0.01102392043572218,-1,-1.6242724010240295e-06,9.034331550529726e-26,5.220528835809999e-13,True,False,0.00011719999997694686,1.1679999943225994e-05,0.00014735000013388344,ordinary,100,0.8,1103.0,,,
ordinary_n100_p0.8_seed1103,4V-FB,4397,1528,False,True,61,0.026773090156174267,0.01102392043572218,-1,-1.6242702383095775e-06,9.034331550529726e-26,5.220528835809999e-13,True,False,0.00011231999997107778,1.1439999980211724e-05,0.00014164000003802357,ordinary,100,0.8,1103.0,,,
ordinary_n100_p0.8_seed1104,4V-FB,8608,1,True,False,67,0.006328602796149288,0.01032957767492853,1,-3.3664072507377796e-07,1.7070997949335912e-25,4.767442895733883e-13,True,False,0.0001939599999332131,1.4160000091578695e-05,0.00023526999984824215,ordinary,100,0.8,1104.0,,,
ordinary_n100_p0.8_seed1104,4V-FB,8609,2,True,False,67,0.006328602800649851,0.01032957767492853,1,-3.3664207332861906e-07,1.7070997949335912e-25,4.76744289573388e-13,True,False,0.0001363100000162376,1.2120000064896885e-05,0.00016782000011517084,ordinary,100,0.8,1104.0,,,
ordinary_n100_p0.8_seed1104,4V-FB,8611,4,True,False,67,0.006328602809632237,0.01032957767492853,1,-3.3664476806194443e-07,1.7070997949335912e-25,4.767442895733878e-13,True,False,0.0001249800000096002,2.1950000018478022e-05,0.00016477999997732695,ordinary,100,0.8,1104.0,,,
ordinary_n100_p0.8_seed1104,4V-FB,8615,8,True,False,67,0.006328602827525018,0.01032957767492853,1,-3.366501362123131e-07,1.7070997949335912e-25,4.767442895733868e-13,True,False,0.0001199999999244028,1.173999999082298e-05,0.00014885999985381204,ordinary,100,0.8,1104.0,,,
ordinary_n100_p0.8_seed1104,4V-FB,8623,16,True,False,67,0.006328602863026816,0.01032957767492853,1,-3.3666078813610056e-07,1.7070997949335912e-25,4.767442895733853e-13,True,False,0.00011842000003525754,1.192000013361394e-05,0.00014775999989069533,ordinary,100,0.8,1104.0,,,
ordinary_n100_p0.8_seed1104,4V-FB,8639,32,True,False,67,0.006328602932910375,0.01032957767492853,1,-3.366817598049465e-07,1.7070997949335912e-25,4.767442895733819e-13,True,False,0.00011702000006152957,1.1730000096576987e-05,0.00014630000009674404,ordinary,100,0.8,1104.0,,,
ordinary_n100_p0.8_seed1104,4V-FB,8671,64,True,False,67,0.0063286030683040225,0.01032957767492853,1,-3.367224019612536e-07,1.7070997949335912e-25,4.767442895733763e-13,True,False,0.00011761999985537841,1.180999993266596e-05,0.0001469999999699212,ordinary,100,0.8,1104.0,,,
ordinary_n100_p0.8_seed1104,4V-FB,8735,128,True,False,67,0.0063286033224450155,0.01032957767492853,1,-3.367987364555347e-07,1.7070997949335912e-25,4.767442895733661e-13,True,False,0.00011754000001928944,1.1630000017248676e-05,0.00014691000001221255,ordinary,100,0.8,1104.0,,,
ordinary_n100_p0.8_seed1104,4V-FB,8863,256,True,False,67,0.006328603770384477,0.01032957767492853,1,-3.3693344647645063e-07,1.7070997949335912e-25,4.767442895733499e-13,True,False,0.00011869000013575715,1.1730000096576987e-05,0.00014792999991186662,ordinary,100,0.8,1104.0,,,
ordinary_n100_p0.8_seed1104,4V-FB,9119,512,True,False,67,0.006328604467587746,0.01032957767492853,1,-3.37143558404307e-07,1.7070997949335912e-25,4.767442895733303e-13,True,False,0.00012426000012055738,1.2010000091322581e-05,0.00015447000009771727,ordinary,100,0.8,1104.0,,,
ordinary_n100_p0.8_seed1104,4V-FB,9631,1024,True,False,67,0.006328605318788609,0.01032957767492853,1,-3.3740094274037347e-07,1.7070997949335912e-25,4.767442895733153e-13,True,False,0.0001254700000572484,1.2129999959142879e-05,0.0001562999998441228,ordinary,100,0.8,1104.0,,,
ordinary_n100_p0.8_seed1104,4V-FB,10655,2048,True,False,67,0.00632860597230013,0.01032957767492853,1,-3.37599411537326e-07,1.7070997949335912e-25,4.767442895733103e-13,True,False,0.00013263999994705955,1.2089999927411554e-05,0.00016422999988208176,ordinary,100,0.8,1104.0,,,
ordinary_n100_p0.8_seed1104,4V-FB,12703,4096,True,False,67,0.006328606186121943,0.01032957767492853,-1,-3.3759495998708644e-07,1.7070997949335912e-25,4.767442895733099e-13,True,False,0.00013328999989425938,1.2159999869254534e-05,0.0001652500000091095,ordinary,100,0.8,1104.0,,,
ordinary_n100_p0.8_seed1104,4V-FB,15621,7014,False,True,67,0.006328606201328576,0.01032957767492853,-1,-3.3759031303759457e-07,1.7070997949335912e-25,4.767442895733099e-13,True,False,0.00013931000012235017,1.247000000148546e-05,0.0001721099999940634,ordinary,100,0.8,1104.0,,,
ordinary_n100_p0.8_seed1105,4V-FB,4856,1,True,False,64,0.012137145933333553,0.011301957931679363,1,-7.733517932706491e-07,1.1004531358511312e-25,5.181698331037433e-13,True,False,0.000178860000005443,1.36099999963335e-05,0.00021850000007361814,ordinary,100,0.8,1105.0,,,
ordinary_n100_p0.8_seed1105,4V-FB,4857,2,True,False,64,0.012137145867932875,0.011301957931679363,1,-7.733549391986116e-07,1.1004531358511312e-25,5.181698331037428e-13,True,False,0.00012874999993073288,1.1760000006688642e-05,0.00015901999995548977,ordinary,100,0.8,1105.0,,,
ordinary_n100_p0.8_seed1105,4V-FB,4859,4,True,False,64,0.012137145737679954,0.011301957931679363,1,-7.733612026328274e-07,1.1004531358511312e-25,5.181698331037425e-13,True,False,0.00011746999985007278,1.1889999996128608e-05,0.00014680000003863825,ordinary,100,0.8,1105.0,,,
ordinary_n100_p0.8_seed1105,4V-FB,4863,8,True,False,64,0.012137145479360347,0.011301957931679363,1,-7.733736264725621e-07,1.1004531358511312e-25,5.181698331037414e-13,True,False,0.00012513000001490582,1.1630000017248676e-05,0.0001538599999548751,ordinary,100,0.8,1105.0,,,
ordinary_n100_p0.8_seed1105,4V-FB,4871,16,True,False,64,0.012137144971344084,0.011301957931679363,1,-7.73398055819996e-07,1.1004531358511312e-25,5.181698331037397e-13,True,False,0.00011115000006611808,1.1450000101831392e-05,0.00013951000005363312,ordinary,100,0.8,1105.0,,,
ordinary_n100_p0.8_seed1105,4V-FB,4887,32,True,False,64,0.01213714398891753,0.011301957931679363,1,-7.734452998064967e-07,1.1004531358511312e-25,5.181698331037366e-13,True,False,0.00011057999995500722,1.1230000154682784e-05,0.00013882999996894796,ordinary,100,0.8,1105.0,,,
ordinary_n100_p0.8_seed1105,4V-FB,4919,64,True,False,64,0.012137142151659614,0.011301957931679363,1,-7.735336504666179e-07,1.1004531358511312e-25,5.181698331037308e-13,True,False,0.00011866999989251781,1.1459999996077386e-05,0.00014760000021851738,ordinary,100,0.8,1105.0,,,
ordinary_n100_p0.8_seed1105,4V-FB,4983,128,True,False,64,0.012137138937266959,0.011301957931679363,1,-7.736882254860689e-07,1.1004531358511312e-25,5.181698331037224e-13,True,False,0.00011051000001316424,1.1409999842726393e-05,0.0001390299999002309,ordinary,100,0.8,1105.0,,,
ordinary_n100_p0.8_seed1105,4V-FB,5111,256,True,False,64,0.012137134007784383,0.011301957931679363,1,-7.739252758653947e-07,1.1004531358511312e-25,5.181698331037121e-13,True,False,0.0001119799999287352,1.1390000054234406e-05,0.00014022000004842994,ordinary,100,0.8,1105.0,,,
ordinary_n100_p0.8_seed1105,4V-FB,5367,512,True,False,64,0.01213712816460403,0.011301957931679363,1,-7.742062635429647e-07,1.1004531358511312e-25,5.181698331037047e-13,True,False,0.00011301999984425493,1.1480000011943048e-05,0.00014226999996935774,ordinary,100,0.8,1105.0,,,
ordinary_n100_p0.8_seed1105,4V-FB,5879,1024,True,False,64,0.01213712392981064,0.011301957931679363,1,-7.744099042028552e-07,1.1004531358511312e-25,5.181698331037026e-13,True,False,0.00011614000004556146,1.1710000080711325e-05,0.0001458899998851848,ordinary,100,0.8,1105.0,,,
ordinary_n100_p0.8_seed1105,4V-FB,6903,2048,True,False,64,0.012137122685488931,0.011301957931679363,1,-7.744697425593472e-07,1.1004531358511312e-25,5.181698331037024e-13,True,False,0.000124369999866758,1.156999996965169e-05,0.00015452999991794059,ordinary,100,0.8,1105.0,,,
ordinary_n100_p0.8_seed1105,4V-FB,8136,3281,False,True,64,0.012137122613469222,0.011301957931679363,1,-7.744732037906488e-07,1.1004531358511312e-25,5.181698331037025e-13,True,False,0.00011899999981324072,1.1840000070151291e-05,0.00014946999999665422,ordinary,100,0.8,1105.0,,,
ordinary_n200_p0.3_seed1101,4V-FB,2168,1,True,False,103,0.028999136113663566,0.08748724197265915,1,-0.00010927762031087696,4.964936664488037e-50,1.1364440780249788e-12,True,False,0.0002909599998019985,2.0590000076481374e-05,0.0003411200000300596,ordinary,200,0.3,1101.0,,,
ordinary_n200_p0.3_seed1101,4V-FB,2169,2,True,False,103,0.02899913579149197,0.08748724197265915,1,-0.00010927767604229643,4.964936664488037e-50,1.1364440780249786e-12,True,False,0.0002611800000522635,1.8360000012762612e-05,0.00030292000019471743,ordinary,200,0.3,1101.0,,,
ordinary_n200_p0.3_seed1101,4V-FB,2171,4,True,False,103,0.028999135153524043,0.08748724197265915,1,-0.00010927778640379415,4.964936664488037e-50,1.136444078024978e-12,True,False,0.0002350100000967359,1.8480000107956585e-05,0.00027576000002227374,ordinary,200,0.3,1101.0,,,
ordinary_n200_p0.3_seed1101,4V-FB,2175,8,True,False,103,0.028999133902693576,0.08748724197265915,1,-0.00010927800278182076,4.964936664488037e-50,1.1364440780249774e-12,True,False,0.00023134999992180383,1.786000007086841e-05,0.0002705700001115474,ordinary,200,0.3,1101.0,,,
ordinary_n200_p0.3_seed1101,4V-FB,2183,16,True,False,103,0.028999131498406716,0.08748724197265915,1,-0.00010927841869623478,4.964936664488037e-50,1.1364440780249756e-12,True,False,0.00022570999999516062,1.7970000044442713e-05,0.00026468999999451626,ordinary,200,0.3,1101.0,,,
ordinary_n200_p0.3_seed1101,4V-FB,2199,32,True,False,103,0.028999127056102712,0.08748724197265915,1,-0.00010927918715708529,4.964936664488037e-50,1.136444078024973e-12,True,False,0.0002353499999117048,1.7730000081428443e-05,0.00027442999999038875,ordinary,200,0.3,1101.0,,,
ordinary_n200_p0.3_seed1101,4V-FB,2231,64,True,False,103,0.0289991194680968,0.08748724197265915,1,-0.00010928049978176091,4.964936664488037e-50,1.136444078024969e-12,True,False,0.0002341800000067451,1.7959999922823044e-05,0.000273580000111906,ordinary,200,0.3,1101.0,,,
ordinary_n200_p0.3_seed1101,4V-FB,2295,128,True,False,103,0.028999108367309193,0.08748724197265915,1,-0.0001092824200483733,4.964936664488037e-50,1.1364440780249648e-12,True,False,0.0002364099998430902,1.7789999901651754e-05,0.0002757199999905424,ordinary,200,0.3,1101.0,,,
ordinary_n200_p0.3_seed1101,4V-FB,2423,256,True,False,103,0.02899909635572711,0.08748724197265915,1,-0.00010928449784941563,4.964936664488037e-50,1.136444078024962e-12,True,False,0.00023078000003806665,1.835000011851662e-05,0.00027104000014332996,ordinary,200,0.3,1101.0,,,
ordinary_n200_p0.3_seed1101,4V-FB,2679,512,True,False,103,0.02899908901665141,0.08748724197265915,1,-0.00010928576736546347,4.964936664488037e-50,1.1364440780249616e-12,True,False,0.0002396600000338367,1.7900000102599734e-05,0.00027980000004390604,ordinary,200,0.3,1101.0,,,
ordinary_n200_p0.3_seed1101,4V-FB,3191,1024,True,False,103,0.02899908742684735,0.08748724197265915,1,-0.0001092860423703712,4.964936664488037e-50,1.1364440780249616e-12,True,False,0.0002347399999962363,1.857999995991122e-05,0.00027587999989009404,ordinary,200,0.3,1101.0,,,
ordinary_n200_p0.3_seed1101,4V-FB,3557,1390,False,True,103,0.02899908737657056,0.08748724197265915,1,-0.00010928605106563793,4.964936664488037e-50,1.1364440780249618e-12,True,False,0.00024058999997578212,1.8699999827731517e-05,0.0002823100001023704,ordinary,200,0.3,1101.0,,,
ordinary_n200_p0.3_seed1102,4V-FB,2384,1,True,False,102,0.04828914139641759,0.08610461803952664,1,-0.0001766559101632481,1.3466704081593132e-50,1.1313799192731945e-12,True,False,0.00027873999988514697,2.0840000161115313e-05,0.0003295100000286766,ordinary,200,0.3,1102.0,,,
ordinary_n200_p0.3_seed1102,4V-FB,2385,2,True,False,102,0.04828914147305692,0.08610461803952664,1,-0.00017665587789750248,1.3466704081593132e-50,1.1313799192731945e-12,True,False,0.000256519999993543,1.8960000033985125e-05,0.00029959000016788195,ordinary,200,0.3,1102.0,,,
ordinary_n200_p0.3_seed1102,4V-FB,2387,4,True,False,102,0.04828914162424218,0.08610461803952664,1,-0.0001766558144122854,1.3466704081593132e-50,1.1313799192731943e-12,True,False,0.00023612899985892,1.77599999915401e-05,0.0002761289999853034,ordinary,200,0.3,1102.0,,,
ordinary_n200_p0.3_seed1102,4V-FB,2391,8,True,False,102,0.04828914191840611,0.08610461803952664,1,-0.0001766556914635231,1.3466704081593132e-50,1.1313799192731933e-12,True,False,0.0002285999999003252,1.7739999975674436e-05,0.00026816000013241137,ordinary,200,0.3,1102.0,,,
ordinary_n200_p0.3_seed1102,4V-FB,2399,16,True,False,102,0.04828914247518763,0.08610461803952664,1,-0.00017665546091194528,1.3466704081593132e-50,1.131379919273192e-12,True,False,0.00022691000003760564,1.779000012902543e-05,0.0002660999998624902,ordinary,200,0.3,1102.0,,,
ordinary_n200_p0.3_seed1102,4V-FB,2415,32,True,False,102,0.048289143472243404,0.08610461803952664,1,-0.00017665505534836257,1.3466704081593132e-50,1.13137991927319e-12,True,False,0.00022536000005857204,2.3880000071585528e-05,0.0002710399999159563,ordinary,200,0.3,1102.0,,,
ordinary_n200_p0.3_seed1102,4V-FB,2447,64,True,False,102,0.048289145069528985,0.08610461803952664,1,-0.00017665442669745346,1.3466704081593132e-50,1.1313799192731876e-12,True,False,0.00023402000010719348,1.7899999875226058e-05,0.0002739299998211209,ordinary,200,0.3,1102.0,,,
ordinary_n200_p0.3_seed1102,4V-FB,2511,128,True,False,102,0.04828914711569368,0.08610461803952664,1,-0.0001766536658607265,1.3466704081593132e-50,1.131379919273186e-12,True,False,0.0002267100001063227,1.7920000118465396e-05,0.0002662599999894155,ordinary,200,0.3,1102.0,,,
ordinary_n200_p0.3_seed1102,4V-FB,2639,256,True,False,102,0.04828914879913926,0.08610461803952664,1,-0.00017665309237457905,1.3466704081593132e-50,1.1313799192731856e-12,True,False,0.0002310999998371699,1.8230000023322646e-05,0.00027201999978387903,ordinary,200,0.3,1102.0,,,
ordinary_n200_p0.3_seed1102,4V-FB,2895,512,True,False,102,0.04828914939526098,0.08610461803952664,1,-0.00017665291151303109,1.3466704081593132e-50,1.1313799192731856e-12,True,False,0.00024095999992823636,1.799999995455437e-05,0.0002827099999649363,ordinary,200,0.3,1102.0,,,
ordinary_n200_p0.3_seed1102,4V-FB,3181,798,False,True,102,0.048289149439145904,0.08610461803952664,1,-0.00017665289981749766,1.3466704081593132e-50,1.1313799192731854e-12,True,False,0.00023310000005949405,1.8380000028628274e-05,0.0002738099999533006,ordinary,200,0.3,1102.0,,,
ordinary_n200_p0.3_seed1103,4V-FB,2473,1,True,False,101,0.026596507435394587,0.08397877870813802,-1,-9.346667759757565e-05,2.2510408866060813e-50,1.0741998290586737e-12,True,False,0.0002804200000809942,2.0810000023629982e-05,0.0003309400001398899,ordinary,200,0.3,1103.0,,,
ordinary_n200_p0.3_seed1103,4V-FB,2474,2,True,False,101,0.026596507480482867,0.08397877870813802,-1,-9.346663100728847e-05,2.2510408866060813e-50,1.0741998290586735e-12,True,False,0.0002447500000926084,1.8530000033933902e-05,0.0002960399999665242,ordinary,200,0.3,1103.0,,,
ordinary_n200_p0.3_seed1103,4V-FB,2476,4,True,False,101,0.026596507569895858,0.08397877870813802,-1,-9.346653861364018e-05,2.2510408866060813e-50,1.0741998290586729e-12,True,False,0.00022882999996909348,1.7719999959808774e-05,0.00026817999992090336,ordinary,200,0.3,1103.0,,,
ordinary_n200_p0.3_seed1103,4V-FB,2480,8,True,False,101,0.026596507745704115,0.08397877870813802,-1,-9.346635694384986e-05,2.2510408866060813e-50,1.0741998290586722e-12,True,False,0.00022269999999480206,1.7969999817069038e-05,0.0002623400000629772,ordinary,200,0.3,1103.0,,,
ordinary_n200_p0.3_seed1103,4V-FB,2488,16,True,False,101,0.026596508085565768,0.08397877870813802,-1,-9.346600575632635e-05,2.2510408866060813e-50,1.0741998290586708e-12,True,False,0.00022050999996281462,1.8070000123771024e-05,0.00025998000000981847,ordinary,200,0.3,1103.0,,,
ordinary_n200_p0.3_seed1103,4V-FB,2504,32,True,False,101,0.026596508720687535,0.08397877870813802,-1,-9.346534949372654e-05,2.2510408866060813e-50,1.0741998290586682e-12,True,False,0.00022072000001571723,2.410999991298013e-05,0.00026619000004757254,ordinary,200,0.3,1103.0,,,
ordinary_n200_p0.3_seed1103,4V-FB,2536,64,True,False,101,0.026596509830262613,0.08397877870813802,-1,-9.34642030490096e-05,2.2510408866060813e-50,1.0741998290586642e-12,True,False,0.00022667999996883736,1.8060000002151355e-05,0.00026634999994712416,ordinary,200,0.3,1103.0,,,
ordinary_n200_p0.3_seed1103,4V-FB,2600,128,True,False,101,0.026596511527001022,0.08397877870813802,-1,-9.346245007790799e-05,2.2510408866060813e-50,1.0741998290586597e-12,True,False,0.00022509999985231843,1.7900000102599734e-05,0.0002645900001425616,ordinary,200,0.3,1103.0,,,
ordinary_n200_p0.3_seed1103,4V-FB,2728,256,True,False,101,0.026596513527028902,0.08397877870813802,-1,-9.346038406121693e-05,2.2510408866060813e-50,1.0741998290586563e-12,True,False,0.00022286000012172735,1.80300000920397e-05,0.00026690000004236936,ordinary,200,0.3,1103.0,,,
ordinary_n200_p0.3_seed1103,4V-FB,2984,512,True,False,101,0.026596514961241248,0.08397877870813802,-1,-9.34589027714594e-05,2.2510408866060813e-50,1.0741998290586553e-12,True,False,0.0002253999998629297,1.8219999901702977e-05,0.0002659300000686926,ordinary,200,0.3,1103.0,,,
ordinary_n200_p0.3_seed1103,4V-FB,3496,1024,True,False,101,0.026596515374648994,0.08397877870813802,-1,-9.345847584896205e-05,2.2510408866060813e-50,1.074199829058655e-12,True,False,0.00022868999985803384,1.82599999334343e-05,0.00026957000000038533,ordinary,200,0.3,1103.0,,,
ordinary_n200_p0.3_seed1103,4V-FB,4095,1623,False,True,101,0.026596515397722474,0.08397877870813802,-1,-9.345845202091141e-05,2.2510408866060813e-50,1.0741998290586555e-12,True,False,0.00022912000008545874,1.784999994924874e-05,0.00026971000011144497,ordinary,200,0.3,1103.0,,,
ordinary_n200_p0.3_seed1104,4V-FB,1715,1,True,False,105,0.03729015042526144,0.08616142997504937,-1,-0.00013836765467267753,4.0487176505997056e-50,9.334167781206807e-13,True,False,0.0002866800000447256,2.0559999938996043e-05,0.0003451099998983409,ordinary,200,0.3,1104.0,,,
ordinary_n200_p0.3_seed1104,4V-FB,1716,2,True,False,105,0.03729015041834018,0.08616142997504937,-1,-0.0001383677250270665,4.0487176505997056e-50,9.334167781206803e-13,True,False,0.0002547500000673608,1.823999991756864e-05,0.00029588000006697257,ordinary,200,0.3,1104.0,,,
ordinary_n200_p0.3_seed1104,4V-FB,1718,4,True,False,105,0.03729015040466927,0.08616142997504937,-1,-0.00013836786398435663,4.0487176505997056e-50,9.3341677812068e-13,True,False,0.00024195000014515244,1.7510000134279835e-05,0.00028157999986433424,ordinary,200,0.3,1104.0,,,
ordinary_n200_p0.3_seed1104,4V-FB,1722,8,True,False,105,0.03729015037799727,0.08616142997504937,-1,-0.00013836813507595025,4.0487176505997056e-50,9.33416778120679e-13,True,False,0.0002365699999700155,1.7699999943943112e-05,0.00027630999989014526,ordinary,200,0.3,1104.0,,,
ordinary_n200_p0.3_seed1104,4V-FB,1730,16,True,False,105,0.0372901503272372,0.08616142997504937,-1,-0.00013836865097083262,4.0487176505997056e-50,9.334167781206776e-13,True,False,0.00023349000002781395,1.6969999933280633e-05,0.00027150999994773883,ordinary,200,0.3,1104.0,,,
ordinary_n200_p0.3_seed1104,4V-FB,1746,32,True,False,105,0.03729015023528389,0.08616142997504937,-1,-0.0001383695854109135,4.0487176505997056e-50,9.334167781206752e-13,True,False,0.0002385499999491003,1.7500000012660166e-05,0.0002770099999906961,ordinary,200,0.3,1104.0,,,
ordinary_n200_p0.3_seed1104,4V-FB,1778,64,True,False,105,0.0372901500842509,0.08616142997504937,-1,-0.00013837111994341456,4.0487176505997056e-50,9.33416778120672e-13,True,False,0.00023890000011306256,1.7280000065511558e-05,0.00027763999992203026,ordinary,200,0.3,1104.0,,,
ordinary_n200_p0.3_seed1104,4V-FB,1842,128,True,False,105,0.03729014987965457,0.08616142997504937,-1,-0.0001383731982258496,4.0487176505997056e-50,9.334167781206691e-13,True,False,0.00023996999993869395,1.757999984874914e-05,0.0002793300000121235,ordinary,200,0.3,1104.0,,,
ordinary_n200_p0.3_seed1104,4V-FB,1970,256,True,False,105,0.03729014968871209,0.08616142997504937,-1,-0.00013837513753323094,4.0487176505997056e-50,9.334167781206677e-13,True,False,0.00023547999990114477,1.7150000076071592e-05,0.00027447999991636607,ordinary,200,0.3,1104.0,,,
ordinary_n200_p0.3_seed1104,4V-FB,2226,512,True,False,105,0.03729014959997285,0.08616142997504937,-1,-0.00013837603876964977,4.0487176505997056e-50,9.334167781206675e-13,True,False,0.00023847899979045906,1.757000018187682e-05,0.0002779890000965679,ordinary,200,0.3,1104.0,,,
ordinary_n200_p0.3_seed1104,4V-FB,2738,1024,True,False,105,0.03729014958811474,0.08616142997504937,-1,-0.00013837615912848378,4.0487176505997056e-50,9.334167781206673e-13,True,False,0.00024097000004985603,1.752000002852583e-05,0.000281139999970037,ordinary,200,0.3,1104.0,,,
ordinary_n200_p0.3_seed1104,4V-FB,2824,1110,False,True,105,0.03729014958802675,0.08616142997504937,-1,-0.00013837616001488584,4.0487176505997056e-50,9.334167781206673e-13,True,False,0.00023658999998588115,1.726999994389189e-05,0.00027485999999044,ordinary,200,0.3,1104.0,,,
ordinary_n200_p0.3_seed1105,4V-FB,1635,1,True,False,97,0.03686927797985456,0.08553197025749579,-1,-0.00011733195172070054,4.0675314694328644e-51,1.2539149483684934e-12,True,False,0.00025960999982999056,1.9979999933639192e-05,0.000308429999904547,ordinary,200,0.3,1105.0,,,
ordinary_n200_p0.3_seed1105,4V-FB,1636,2,True,False,97,0.036869274853793536,0.08553197025749579,-1,-0.00011733200391894627,4.0675314694328644e-51,1.2539149483684932e-12,True,False,0.00023906999990686018,1.82599999334343e-05,0.00028161999989606556,ordinary,200,0.3,1105.0,,,
ordinary_n200_p0.3_seed1105,4V-FB,1638,4,True,False,97,0.03686926867770569,0.08553197025749579,-1,-0.00011733210704178987,4.0675314694328644e-51,1.2539149483684928e-12,True,False,0.0002170700001897785,1.7419999949197518e-05,0.00025601000015740283,ordinary,200,0.3,1105.0,,,
ordinary_n200_p0.3_seed1105,4V-FB,1642,8,True,False,97,0.03686925662393905,0.08553197025749579,-1,-0.00011733230830301977,4.0675314694328644e-51,1.253914948368492e-12,True,False,0.00022194999996827391,1.7220000017914572e-05,0.00026092000007338356,ordinary,200,0.3,1105.0,,,
ordinary_n200_p0.3_seed1105,4V-FB,1650,16,True,False,97,0.03686923366561191,0.08553197025749579,-1,-0.0001173326916497075,4.0675314694328644e-51,1.2539149483684903e-12,True,False,0.00021639999999933934,1.7009999965011957e-05,0.0002544799999668612,ordinary,200,0.3,1105.0,,,
ordinary_n200_p0.3_seed1105,4V-FB,1666,32,True,False,97,0.036869192011210715,0.08553197025749579,-1,-0.00011733338715558261,4.0675314694328644e-51,1.2539149483684881e-12,True,False,0.0002089500001147826,1.655000005484908e-05,0.0002466799999183422,ordinary,200,0.3,1105.0,,,
ordinary_n200_p0.3_seed1105,4V-FB,1698,64,True,False,97,0.0368691233779869,0.08553197025749579,-1,-0.00011733453312245956,4.0675314694328644e-51,1.2539149483684849e-12,True,False,0.0002090699999826029,1.6819999927975005e-05,0.00024664000011398457,ordinary,200,0.3,1105.0,,,
ordinary_n200_p0.3_seed1105,4V-FB,1762,128,True,False,97,0.036869029817235346,0.08553197025749579,-1,-0.0001173360952932967,4.0675314694328644e-51,1.2539149483684816e-12,True,False,0.00020899999981338624,1.7090000028474606e-05,0.00024703999997655046,ordinary,200,0.3,1105.0,,,
ordinary_n200_p0.3_seed1105,4V-FB,1890,256,True,False,97,0.03686894141880075,0.08553197025749579,-1,-0.00011733757124510191,4.0675314694328644e-51,1.2539149483684806e-12,True,False,0.0002101200000197423,1.6910000113057322e-05,0.00024821000010888383,ordinary,200,0.3,1105.0,,,
ordinary_n200_p0.3_seed1105,4V-FB,2146,512,True,False,97,0.036868899388402536,0.08553197025749579,-1,-0.00011733827300730582,4.0675314694328644e-51,1.2539149483684802e-12,True,False,0.00021676000005754759,1.7299999854003545e-05,0.0002557499999511492,ordinary,200,0.3,1105.0,,,
ordinary_n200_p0.3_seed1105,4V-FB,2658,1024,True,False,97,0.036868893544929456,0.08553197025749579,-1,-0.00011733837057370522,4.0675314694328644e-51,1.2539149483684804e-12,True,False,0.00021386999992500932,1.6989999949146295e-05,0.00025247999997191073,ordinary,200,0.3,1105.0,,,
ordinary_n200_p0.3_seed1105,4V-FB,2764,1130,False,True,97,0.03686889349232862,0.08553197025749579,-1,-0.0001173383714512255,4.0675314694328644e-51,1.2539149483684802e-12,True,False,0.0002107100001467188,1.687999997557199e-05,0.00024853999980223307,ordinary,200,0.3,1105.0,,,
ordinary_n200_p0.5_seed1101,4V-FB,2358,1,True,False,108,0.0271364017879755,0.05051868049408418,-1,-3.456566779114212e-05,9.754172176018208e-34,1.0316289336821458e-12,True,False,0.0003056600000945764,1.7070000012608944e-05,0.00034993999997823266,ordinary,200,0.5,1101.0,,,
ordinary_n200_p0.5_seed1101,4V-FB,2359,2,True,False,108,0.02713640185281889,0.05051868049408418,-1,-3.45656369695746e-05,9.754172176018208e-34,1.0316289336821454e-12,True,False,0.00026314000001548266,1.57799997850816e-05,0.0003010099999301019,ordinary,200,0.5,1101.0,,,
ordinary_n200_p0.5_seed1101,4V-FB,2361,4,True,False,108,0.02713640198131559,0.05051868049408418,-1,-3.456557590553189e-05,9.754172176018208e-34,1.0316289336821452e-12,True,False,0.00025356000014653546,1.5529999927821336e-05,0.00029047999987596995,ordinary,200,0.5,1101.0,,,
ordinary_n200_p0.5_seed1101,4V-FB,2365,8,True,False,108,0.02713640223361855,0.05051868049408418,-1,-3.4565456024537866e-05,9.754172176018208e-34,1.0316289336821444e-12,True,False,0.00024921999988691823,1.51599999753671e-05,0.00028449000001273816,ordinary,200,0.5,1101.0,,,
ordinary_n200_p0.5_seed1101,4V-FB,2373,16,True,False,108,0.027136402719988673,0.05051868049408418,-1,-3.4565225007554545e-05,9.754172176018208e-34,1.0316289336821427e-12,True,False,0.00024445000008199713,1.5179999991232762e-05,0.0002801400000862486,ordinary,200,0.5,1101.0,,,
ordinary_n200_p0.5_seed1101,4V-FB,2389,32,True,False,108,0.02713640362381338,0.05051868049408418,-1,-3.456479600139062e-05,9.754172176018208e-34,1.03162893368214e-12,True,False,0.00025013899994519306,1.5149999853747431e-05,0.00028580900016095256,ordinary,200,0.5,1101.0,,,
ordinary_n200_p0.5_seed1101,4V-FB,2421,64,True,False,108,0.027136405185252482,0.05051868049408418,-1,-3.456405578816657e-05,9.754172176018208e-34,1.031628933682136e-12,True,False,0.00024522000012439094,1.5380000149889383e-05,0.000281330000007074,ordinary,200,0.5,1101.0,,,
ordinary_n200_p0.5_seed1101,4V-FB,2485,128,True,False,108,0.02713640752049193,0.05051868049408418,-1,-3.4562951281458254e-05,9.754172176018208e-34,1.0316289336821314e-12,True,False,0.00025053000013031124,1.5209999901344418e-05,0.0002861200000552344,ordinary,200,0.5,1101.0,,,
ordinary_n200_p0.5_seed1101,4V-FB,2613,256,True,False,108,0.027136410155442377,0.05051868049408418,-1,-3.456170963822558e-05,9.754172176018208e-34,1.0316289336821284e-12,True,False,0.00024522999979126325,1.5179999991232762e-05,0.0002807099999699858,ordinary,200,0.5,1101.0,,,
ordinary_n200_p0.5_seed1101,4V-FB,2869,512,True,False,108,0.027136411893071376,0.05051868049408418,-1,-3.45608949405829e-05,9.754172176018208e-34,1.0316289336821278e-12,True,False,0.00024744000006649003,1.5439999970112694e-05,0.00028382000004967267,ordinary,200,0.5,1101.0,,,
ordinary_n200_p0.5_seed1101,4V-FB,3381,1024,True,False,108,0.027136412322628065,0.05051868049408418,-1,-3.456069457463684e-05,9.754172176018208e-34,1.0316289336821278e-12,True,False,0.00025185999993482255,1.5070000017658458e-05,0.0002882300000237592,ordinary,200,0.5,1101.0,,,
ordinary_n200_p0.5_seed1101,4V-FB,3843,1486,False,True,108,0.027136412340324226,0.05051868049408418,-1,-3.456068634655196e-05,9.754172176018208e-34,1.0316289336821278e-12,True,False,0.00025041999992936326,1.5549999943687e-05,0.00028709000002891116,ordinary,200,0.5,1101.0,,,
ordinary_n200_p0.5_seed1102,4V-FB,2833,1,True,False,111,0.023242610897469092,0.04961480399893578,-1,-2.78123839532185e-05,4.436543685367352e-34,1.0393627733340634e-12,True,False,0.00032654999995429534,1.8469999986336916e-05,0.00037289000010787277,ordinary,200,0.5,1102.0,,,
ordinary_n200_p0.5_seed1102,4V-FB,2834,2,True,False,111,0.02324261009380388,0.04961480399893578,-1,-2.7812408035288172e-05,4.436543685367352e-34,1.0393627733340634e-12,True,False,0.000288940000018556,1.7500000012660166e-05,0.00033062000011341297,ordinary,200,0.5,1102.0,,,
ordinary_n200_p0.5_seed1102,4V-FB,2836,4,True,False,111,0.023242608498895395,0.04961480399893578,-1,-2.7812455833498007e-05,4.436543685367352e-34,1.0393627733340628e-12,True,False,0.00026802000002135173,1.6870000081325998e-05,0.0003064399998038425,ordinary,200,0.5,1102.0,,,
ordinary_n200_p0.5_seed1102,4V-FB,2840,8,True,False,111,0.02324260535817264,0.04961480399893578,-1,-2.7812549953765142e-05,4.436543685367352e-34,1.039362773334062e-12,True,False,0.0002685399999791116,1.6840000171214342e-05,0.000307099999872662,ordinary,200,0.5,1102.0,,,
ordinary_n200_p0.5_seed1102,4V-FB,2848,16,True,False,111,0.023242599268429195,0.04961480399893578,-1,-2.7812732454890465e-05,4.436543685367352e-34,1.0393627733340602e-12,True,False,0.0002658200000951183,1.665000013417739e-05,0.0003033299999515293,ordinary,200,0.5,1102.0,,,
ordinary_n200_p0.5_seed1102,4V-FB,2864,32,True,False,111,0.023242587819781658,0.04961480399893578,-1,-2.781307554400314e-05,4.436543685367352e-34,1.0393627733340578e-12,True,False,0.0002584899998510082,1.658000019233441e-05,0.0002958699999453529,ordinary,200,0.5,1102.0,,,
ordinary_n200_p0.5_seed1102,4V-FB,2896,64,True,False,111,0.02324256757932463,0.04961480399893578,-1,-2.7813682104138593e-05,4.436543685367352e-34,1.0393627733340533e-12,True,False,0.0002645900001425616,1.6610000102446065e-05,0.0003028300000096351,ordinary,200,0.5,1102.0,,,
ordinary_n200_p0.5_seed1102,4V-FB,2960,128,True,False,111,0.023242535893550544,0.04961480399893578,-1,-2.781463163614717e-05,4.436543685367352e-34,1.039362773334048e-12,True,False,0.0002677600000424718,1.6780000123617356e-05,0.0003060399999412766,ordinary,200,0.5,1102.0,,,
ordinary_n200_p0.5_seed1102,4V-FB,3088,256,True,False,111,0.02324249680289892,0.04961480399893578,-1,-2.781580304400677e-05,4.436543685367352e-34,1.039362773334044e-12,True,False,0.00026171000013164303,1.6559999949095072e-05,0.0002998600000410079,ordinary,200,0.5,1102.0,,,
ordinary_n200_p0.5_seed1102,4V-FB,3344,512,True,False,111,0.023242466254175632,0.04961480399893578,-1,-2.7816718455753175e-05,4.436543685367352e-34,1.0393627733340426e-12,True,False,0.00026423999997859937,1.6510000023117755e-05,0.0003029599999990751,ordinary,200,0.5,1102.0,,,
ordinary_n200_p0.5_seed1102,4V-FB,3856,1024,True,False,111,0.023242455973322026,0.04961480399893578,-1,-2.781702652043805e-05,4.436543685367352e-34,1.0393627733340426e-12,True,False,0.00026612000010572956,1.6970000160654308e-05,0.0003055399999993824,ordinary,200,0.5,1102.0,,,
ordinary_n200_p0.5_seed1102,4V-FB,4613,1781,False,True,111,0.023242455206966012,0.04961480399893578,-1,-2.7817049488731982e-05,4.436543685367352e-34,1.0393627733340424e-12,True,False,0.00027219999992667,1.6729999970266363e-05,0.00031166999997367384,ordinary,200,0.5,1102.0,,,
ordinary_n200_p0.5_seed1103,4V-FB,2227,1,True,False,101,0.03584539209840217,0.048228838690538844,-1,-4.090818722524148e-05,5.660292025586489e-34,8.959684105647181e-13,True,False,0.0002970999998979096,1.778000000740576e-05,0.00034341000014137535,ordinary,200,0.5,1103.0,,,
ordinary_n200_p0.5_seed1103,4V-FB,2228,2,True,False,101,0.035845391282958945,0.048228838690538844,-1,-4.090821497726438e-05,5.660292025586489e-34,8.959684105647181e-13,True,False,0.00024570999994466547,1.629999997021514e-05,0.0002845399999387155,ordinary,200,0.5,1103.0,,,
ordinary_n200_p0.5_seed1103,4V-FB,2230,4,True,False,101,0.0358453896708131,0.048228838690538844,-1,-4.090826984892715e-05,5.660292025586489e-34,8.959684105647178e-13,True,False,0.00023493999992751924,1.6210000012506498e-05,0.0002726100001382292,ordinary,200,0.5,1103.0,,,
ordinary_n200_p0.5_seed1103,4V-FB,2234,8,True,False,101,0.035845386520158354,0.048228838690538844,-1,-4.0908377098247684e-05,5.660292025586489e-34,8.95968410564717e-13,True,False,0.00022725999997419422,1.5640000128769316e-05,0.00026362000016888487,ordinary,200,0.5,1103.0,,,
ordinary_n200_p0.5_seed1103,4V-FB,2242,16,True,False,101,0.03584538050301915,0.048228838690538844,-1,-4.0908581963705615e-05,5.660292025586489e-34,8.959684105647155e-13,True,False,0.00022517999991578108,1.5829999938432593e-05,0.00026115000014215184,ordinary,200,0.5,1103.0,,,
ordinary_n200_p0.5_seed1103,4V-FB,2258,32,True,False,101,0.03584536952708392,0.048228838690538844,-1,-4.090895579977882e-05,5.660292025586489e-34,8.959684105647132e-13,True,False,0.0002245000000584696,1.5529999927821336e-05,0.00026026000000456406,ordinary,200,0.5,1103.0,,,
ordinary_n200_p0.5_seed1103,4V-FB,2290,64,True,False,101,0.03584535124915876,0.048228838690538844,-1,-4.090957879121504e-05,5.660292025586489e-34,8.959684105647101e-13,True,False,0.0002257799999370036,1.573999998072395e-05,0.0002621399999043206,ordinary,200,0.5,1103.0,,,
ordinary_n200_p0.5_seed1103,4V-FB,2354,128,True,False,101,0.03584532580942462,0.048228838690538844,-1,-4.09104471419397e-05,5.660292025586489e-34,8.959684105647067e-13,True,False,0.0002264400000058231,1.5640000128769316e-05,0.00026264999996783445,ordinary,200,0.5,1103.0,,,
ordinary_n200_p0.5_seed1103,4V-FB,2482,256,True,False,101,0.03584530079722588,0.048228838690538844,-1,-4.091130324290759e-05,5.660292025586489e-34,8.959684105647052e-13,True,False,0.00022529000011672906,1.553999982206733e-05,0.0002616199999465607,ordinary,200,0.5,1103.0,,,
ordinary_n200_p0.5_seed1103,4V-FB,2738,512,True,False,101,0.03584528800003151,0.048228838690538844,-1,-4.0911743452554106e-05,5.660292025586489e-34,8.95968410564705e-13,True,False,0.00023461000000679633,1.5249999933075742e-05,0.00027100000011159864,ordinary,200,0.5,1103.0,,,
ordinary_n200_p0.5_seed1103,4V-FB,3250,1024,True,False,101,0.035845285974755295,0.048228838690538844,-1,-4.091181372700703e-05,5.660292025586489e-34,8.95968410564705e-13,True,False,0.00023044999988997006,1.5540000049441005e-05,0.0002673100000265549,ordinary,200,0.5,1103.0,,,
ordinary_n200_p0.5_seed1103,4V-FB,3418,1192,False,True,101,0.035845285945780514,0.048228838690538844,-1,-4.091181474308314e-05,5.660292025586489e-34,8.959684105647052e-13,True,False,0.0002266000001327484,1.5289999964807066e-05,0.00026246000015817117,ordinary,200,0.5,1103.0,,,
ordinary_n200_p0.5_seed1104,4V-FB,2903,1,True,False,109,0.028619590859966976,0.04965190632881451,1,-3.402712777500483e-05,8.400677082122542e-34,9.07481634594512e-13,True,False,0.00032317000000148255,1.7900000102599734e-05,0.0003690199998800381,ordinary,200,0.5,1104.0,,,
ordinary_n200_p0.5_seed1104,4V-FB,2904,2,True,False,109,0.028619589641231537,0.04965190632881451,1,-3.402715692146785e-05,8.400677082122542e-34,9.07481634594512e-13,True,False,0.0002683600000636943,2.734000008786097e-05,0.00031859000000622473,ordinary,200,0.5,1104.0,,,
ordinary_n200_p0.5_seed1104,4V-FB,2906,4,True,False,109,0.02861958722694509,0.04965190632881451,1,-3.4027214661946914e-05,8.400677082122542e-34,9.074816345945115e-13,True,False,0.0002581300000201736,1.6389999927923782e-05,0.0002963699998872471,ordinary,200,0.5,1104.0,,,
ordinary_n200_p0.5_seed1104,4V-FB,2910,8,True,False,109,0.02861958248974651,0.04965190632881451,1,-3.402732794555163e-05,8.400677082122542e-34,9.074816345945108e-13,True,False,0.00025789000005715934,1.6130000176417525e-05,0.00029521999999815307,ordinary,200,0.5,1104.0,,,
ordinary_n200_p0.5_seed1104,4V-FB,2918,16,True,False,109,0.028619573370163662,0.04965190632881451,1,-3.4027546002235454e-05,8.400677082122542e-34,9.074816345945091e-13,True,False,0.0002557099999194179,1.6120000054797856e-05,0.0002923300000929885,ordinary,200,0.5,1104.0,,,
ordinary_n200_p0.5_seed1104,4V-FB,2934,32,True,False,109,0.02861955646881608,0.04965190632881451,1,-3.402795001683501e-05,8.400677082122542e-34,9.074816345945067e-13,True,False,0.0002488000000084867,1.6519999917363748e-05,0.00028640000004998,ordinary,200,0.5,1104.0,,,
ordinary_n200_p0.5_seed1104,4V-FB,2966,64,True,False,109,0.02861952742438956,0.04965190632881451,1,-3.402864394530525e-05,8.400677082122542e-34,9.074816345945028e-13,True,False,0.00025002999996104336,2.233999998679792e-05,0.0002933700000085082,ordinary,200,0.5,1104.0,,,
ordinary_n200_p0.5_seed1104,4V-FB,3030,128,True,False,109,0.02861948442827943,0.04965190632881451,1,-3.402967019283665e-05,8.400677082122542e-34,9.074816345944985e-13,True,False,0.000250049999976909,1.584000006005226e-05,0.0002866300001187483,ordinary,200,0.5,1104.0,,,
ordinary_n200_p0.5_seed1104,4V-FB,3158,256,True,False,109,0.028619436834453275,0.04965190632881451,1,-3.403080414088322e-05,8.400677082122542e-34,9.074816345944957e-13,True,False,0.0002508400000351685,1.646999999138643e-05,0.0002887400000872731,ordinary,200,0.5,1104.0,,,
ordinary_n200_p0.5_seed1104,4V-FB,3414,512,True,False,109,0.02861940650534317,0.04965190632881451,1,-3.4031524572597505e-05,8.400677082122542e-34,9.074816345944951e-13,True,False,0.00025501999994048674,1.609999981155852e-05,0.00029246000008242845,ordinary,200,0.5,1104.0,,,
ordinary_n200_p0.5_seed1104,4V-FB,3926,1024,True,False,109,0.02861939943165912,0.04965190632881451,1,-3.403169185745014e-05,8.400677082122542e-34,9.074816345944953e-13,True,False,0.0002559799997925438,1.6180000102394843e-05,0.00029345999996621686,ordinary,200,0.5,1104.0,,,
ordinary_n200_p0.5_seed1104,4V-FB,4342,1440,False,True,109,0.02861939917182317,0.04965190632881451,1,-3.403169797167038e-05,8.400677082122542e-34,9.074816345944951e-13,True,False,0.00025599000014153717,1.633000010770047e-05,0.0002944799998658709,ordinary,200,0.5,1104.0,,,
ordinary_n200_p0.5_seed1105,4V-FB,3672,1,True,False,114,0.015455765792072149,0.049241005879553254,1,-1.721673561583259e-05,2.1853080735373435e-34,1.1415023178224915e-12,True,False,0.0003271699999913835,1.782999993338308e-05,0.0003726499999174848,ordinary,200,0.5,1105.0,,,
ordinary_n200_p0.5_seed1105,4V-FB,3673,2,True,False,114,0.01545576423663666,0.049241005879553254,1,-1.721674997590128e-05,2.1853080735373435e-34,1.1415023178224915e-12,True,False,0.00029418999997687934,1.6889999869817984e-05,0.00033385000006092014,ordinary,200,0.5,1105.0,,,
ordinary_n200_p0.5_seed1105,4V-FB,3675,4,True,False,114,0.0154557611416204,0.049241005879553254,1,-1.7216778546824685e-05,2.1853080735373435e-34,1.141502317822491e-12,True,False,0.0002692000000479311,1.5939999912006897e-05,0.00030619999984082824,ordinary,200,0.5,1105.0,,,
ordinary_n200_p0.5_seed1105,4V-FB,3679,8,True,False,114,0.01545575501450316,0.049241005879553254,1,-1.7216835104250094e-05,2.1853080735373435e-34,1.1415023178224903e-12,True,False,0.00026369000011072785,1.592000012351491e-05,0.00030031999995117076,ordinary,200,0.5,1105.0,,,
ordinary_n200_p0.5_seed1105,4V-FB,3687,16,True,False,114,0.015455743007969116,0.049241005879553254,1,-1.7216945941811446e-05,2.1853080735373435e-34,1.1415023178224885e-12,True,False,0.0002613999999994121,1.591000000189524e-05,0.00029771000004075177,ordinary,200,0.5,1105.0,,,
ordinary_n200_p0.5_seed1105,4V-FB,3703,32,True,False,114,0.015455719954790254,0.049241005879553254,1,-1.7217158749360806e-05,2.1853080735373435e-34,1.1415023178224856e-12,True,False,0.00027000999989468255,1.619999989088683e-05,0.0003070599998409307,ordinary,200,0.5,1105.0,,,
ordinary_n200_p0.5_seed1105,4V-FB,3735,64,True,False,114,0.015455677452955306,0.049241005879553254,1,-1.721755108974321e-05,2.1853080735373435e-34,1.1415023178224806e-12,True,False,0.0002677099998891208,1.560000009703799e-05,0.0003035699999145436,ordinary,200,0.5,1105.0,,,
ordinary_n200_p0.5_seed1105,4V-FB,3799,128,True,False,114,0.015455605167066039,0.049241005879553254,1,-1.7218218355097292e-05,2.1853080735373435e-34,1.1415023178224733e-12,True,False,0.0002693799999633484,1.602999986971554e-05,0.0003062600001157989,ordinary,200,0.5,1105.0,,,
ordinary_n200_p0.5_seed1105,4V-FB,3927,256,True,False,114,0.015455500309303613,0.049241005879553254,1,-1.72191862706228e-05,2.1853080735373435e-34,1.1415023178224658e-12,True,False,0.0002626799998779461,1.573999998072395e-05,0.0002987400000620255,ordinary,200,0.5,1105.0,,,
ordinary_n200_p0.5_seed1105,4V-FB,4183,512,True,False,114,0.01545538868602057,0.049241005879553254,1,-1.7220216610880357e-05,2.1853080735373435e-34,1.1415023178224608e-12,True,False,0.00026518000004216447,1.621999990675249e-05,0.0003029399999832094,ordinary,200,0.5,1105.0,,,
ordinary_n200_p0.5_seed1105,4V-FB,4695,1024,True,False,114,0.015455322525845852,0.049241005879553254,1,-1.7220827286834606e-05,2.1853080735373435e-34,1.14150231782246e-12,True,False,0.0002693100000215054,1.591000000189524e-05,0.00030652999998892483,ordinary,200,0.5,1105.0,,,
ordinary_n200_p0.5_seed1105,4V-FB,5719,2048,True,False,114,0.015455308947041826,0.049241005879553254,1,-1.7220952621244123e-05,2.1853080735373435e-34,1.1415023178224602e-12,True,False,0.00027382000007492024,1.6309999864461133e-05,0.00031144000013227924,ordinary,200,0.5,1105.0,,,
ordinary_n200_p0.5_seed1105,4V-FB,6375,2704,False,True,114,0.015455308565224441,0.049241005879553254,1,-1.722095614198338e-05,2.1853080735373435e-34,1.1415023178224602e-12,True,False,0.00027939999995396647,1.6169999980775174e-05,0.00031715000000076543,ordinary,200,0.5,1105.0,,,
ordinary_n200_p0.8_seed1101,4V-FB,5054,1,True,False,119,0.0188835913029405,0.011160877062314284,-1,-1.175712066370238e-06,5.00719746833644e-27,9.962765005698926e-13,True,False,0.00036752999994860147,2.1619999870381434e-05,0.0004204500000923872,ordinary,200,0.8,1101.0,,,
ordinary_n200_p0.8_seed1101,4V-FB,5055,2,True,False,119,0.018883591344294154,0.011160877062314284,-1,-1.1757163438375073e-06,5.00719746833644e-27,9.962765005698924e-13,True,False,0.0003145000000586151,1.968000015040161e-05,0.00035763999994742335,ordinary,200,0.8,1101.0,,,
ordinary_n200_p0.8_seed1101,4V-FB,5057,4,True,False,119,0.01888359142648581,0.011160877062314284,-1,-1.175724852586768e-06,5.00719746833644e-27,9.962765005698918e-13,True,False,0.0003123900000900903,1.8960000033985125e-05,0.00035349999984646274,ordinary,200,0.8,1101.0,,,
ordinary_n200_p0.8_seed1101,4V-FB,5061,8,True,False,119,0.01888359158882181,0.011160877062314284,-1,-1.175741642711614e-06,5.00719746833644e-27,9.96276500569891e-13,True,False,0.00029749000009360316,1.8260000160807976e-05,0.0003374200000507699,ordinary,200,0.8,1101.0,,,
ordinary_n200_p0.8_seed1101,4V-FB,5069,16,True,False,119,0.0188835919054732,0.011160877062314284,-1,-1.1757743703100232e-06,5.00719746833644e-27,9.962765005698895e-13,True,False,0.0002939799999239767,2.5810000124693033e-05,0.0003415500000301108,ordinary,200,0.8,1101.0,,,
ordinary_n200_p0.8_seed1101,4V-FB,5085,32,True,False,119,0.018883592507899494,0.011160877062314284,-1,-1.1758365427994022e-06,5.00719746833644e-27,9.962765005698867e-13,True,False,0.00029391999987637973,1.8139999838240328e-05,0.00033374000008734583,ordinary,200,0.8,1101.0,,,
ordinary_n200_p0.8_seed1101,4V-FB,5117,64,True,False,119,0.018883593598395896,0.011160877062314284,-1,-1.1759487499318766e-06,5.00719746833644e-27,9.962765005698817e-13,True,False,0.00029578999988189025,1.8420000060359598e-05,0.0003359899999395566,ordinary,200,0.8,1101.0,,,
ordinary_n200_p0.8_seed1101,4V-FB,5181,128,True,False,119,0.018883595386751956,0.011160877062314284,1,-1.1761017777445204e-06,5.00719746833644e-27,9.962765005698754e-13,True,False,0.0002924899999925401,1.823999991756864e-05,0.0003325000000131695,ordinary,200,0.8,1101.0,,,
ordinary_n200_p0.8_seed1101,4V-FB,5309,256,True,False,119,0.01888359780099245,0.011160877062314284,1,-1.1758577667109193e-06,5.00719746833644e-27,9.962765005698698e-13,True,False,0.0002991700000620767,1.8909999880634132e-05,0.0003405800000564341,ordinary,200,0.8,1101.0,,,
ordinary_n200_p0.8_seed1101,4V-FB,5565,512,True,False,119,0.018883600035916423,0.011160877062314284,1,-1.1756360986936443e-06,5.00719746833644e-27,9.962765005698675e-13,True,False,0.00030108999999356456,1.8290000070919632e-05,0.0003417799998715054,ordinary,200,0.8,1101.0,,,
ordinary_n200_p0.8_seed1101,4V-FB,6077,1024,True,False,119,0.01888360105428029,0.011160877062314284,1,-1.1755380313616115e-06,5.00719746833644e-27,9.962765005698673e-13,True,False,0.00031332000003203575,1.8629999885888537e-05,0.00035585999989962147,ordinary,200,0.8,1101.0,,,
ordinary_n200_p0.8_seed1101,4V-FB,7101,2048,True,False,119,0.018883601184086392,0.011160877062314284,1,-1.1755260231893772e-06,5.00719746833644e-27,9.962765005698671e-13,True,False,0.0003031199998986267,1.8360000012762612e-05,0.0003446100001838204,ordinary,200,0.8,1101.0,,,
ordinary_n200_p0.8_seed1101,4V-FB,7172,2119,False,True,119,0.018883601184524663,0.011160877062314284,1,-1.1755259841095267e-06,5.00719746833644e-27,9.962765005698671e-13,True,False,0.00030215000015232363,1.7990000060308375e-05,0.00034241000003021327,ordinary,200,0.8,1101.0,,,
ordinary_n200_p0.8_seed1102,4V-FB,5751,1,True,False,125,0.011061321526133178,0.010911825850306988,1,-6.55712357300331e-07,3.0218996806348737e-27,1.1333435536323439e-12,True,False,0.00044121000019003986,2.1750000087195076e-05,0.0005029199999171396,ordinary,200,0.8,1102.0,,,
ordinary_n200_p0.8_seed1102,4V-FB,5752,2,True,False,125,0.011061321352793897,0.010911825850306988,1,-6.557150040720217e-07,3.0218996806348737e-27,1.1333435536323435e-12,True,False,0.00034269000002495886,1.944999985425966e-05,0.00038724999990336073,ordinary,200,0.8,1102.0,,,
ordinary_n200_p0.8_seed1102,4V-FB,5754,4,True,False,125,0.011061321007389234,0.010911825850306988,1,-6.557202745227642e-07,3.0218996806348737e-27,1.1333435536323433e-12,True,False,0.0003333899999233836,1.8909999880634132e-05,0.00037566999981208937,ordinary,200,0.8,1102.0,,,
ordinary_n200_p0.8_seed1102,4V-FB,5758,8,True,False,125,0.011061320321649217,0.010911825850306988,1,-6.557307479226893e-07,3.0218996806348737e-27,1.1333435536323425e-12,True,False,0.0003195499998582818,1.8149999959859997e-05,0.00035989000002700777,ordinary,200,0.8,1102.0,,,
ordinary_n200_p0.8_seed1102,4V-FB,5766,16,True,False,125,0.0110613189702095,0.010911825850306988,1,-6.557513820837357e-07,3.0218996806348737e-27,1.1333435536323408e-12,True,False,0.0003148499999952037,1.8289999843545957e-05,0.0003548300001057214,ordinary,200,0.8,1102.0,,,
ordinary_n200_p0.8_seed1102,4V-FB,5782,32,True,False,125,0.011061316345681482,0.010911825850306988,1,-6.557914602467463e-07,3.0218996806348737e-27,1.1333435536323376e-12,True,False,0.0003191000000697386,1.8330000102650956e-05,0.00035928000011153927,ordinary,200,0.8,1102.0,,,
ordinary_n200_p0.8_seed1102,4V-FB,5814,64,True,False,125,0.01106131139605819,0.010911825850306988,1,-6.558670406775491e-07,3.0218996806348737e-27,1.133343553632332e-12,True,False,0.00031696999985797447,1.8519999912314233e-05,0.00035695000019586587,ordinary,200,0.8,1102.0,,,
ordinary_n200_p0.8_seed1102,4V-FB,5878,128,True,False,125,0.01106130259057531,0.010911825850306988,1,-6.560015144430054e-07,3.0218996806348737e-27,1.133343553632323e-12,True,False,0.0003189900000961643,1.823999991756864e-05,0.00036481999995885417,ordinary,200,0.8,1102.0,,,
ordinary_n200_p0.8_seed1102,4V-FB,6006,256,True,False,125,0.01106128863463834,0.010911825850306988,1,-6.562146630528787e-07,3.0218996806348737e-27,1.133343553632312e-12,True,False,0.00031995000017559505,1.840999993873993e-05,0.00036017999991599936,ordinary,200,0.8,1102.0,,,
ordinary_n200_p0.8_seed1102,4V-FB,6262,512,True,False,125,0.011061270997899244,0.010911825850306988,1,-6.564840830947105e-07,3.0218996806348737e-27,1.1333435536323027e-12,True,False,0.00032594000003882684,1.8709999949351186e-05,0.00036787999988519005,ordinary,200,0.8,1102.0,,,
ordinary_n200_p0.8_seed1102,4V-FB,6774,1024,True,False,125,0.011061256570987388,0.010911825850306988,1,-6.567045254257664e-07,3.0218996806348737e-27,1.1333435536322994e-12,True,False,0.00032433999990644224,1.883000004454516e-05,0.00036593999993783655,ordinary,200,0.8,1102.0,,,
ordinary_n200_p0.8_seed1102,4V-FB,7798,2048,True,False,125,0.011061251296299087,0.010911825850306988,1,-6.567851400518521e-07,3.0218996806348737e-27,1.1333435536322992e-12,True,False,0.000352450000036697,1.8970000155604794e-05,0.0003960600001846615,ordinary,200,0.8,1102.0,,,
ordinary_n200_p0.8_seed1102,4V-FB,9504,3754,False,True,125,0.01106125083830074,0.010911825850306988,1,-6.56792142450513e-07,3.0218996806348737e-27,1.1333435536322992e-12,True,False,0.00036752999994860147,1.8849999833037145e-05,0.0004106199999114324,ordinary,200,0.8,1102.0,,,
ordinary_n200_p0.8_seed1103,4V-FB,5417,1,True,False,113,0.024160507257482176,0.01053214505560957,-1,-1.3390317405992391e-06,3.2299466807320767e-27,9.530152732749805e-13,True,False,0.0003391899999769521,2.1559999822784448e-05,0.00039192999997794686,ordinary,200,0.8,1103.0,,,
ordinary_n200_p0.8_seed1103,4V-FB,5418,2,True,False,113,0.024160507265307857,0.01053214505560957,-1,-1.3390370980914668e-06,3.2299466807320767e-27,9.530152732749803e-13,True,False,0.0002868000001399196,1.9019999854208436e-05,0.00033009000003403344,ordinary,200,0.8,1103.0,,,
ordinary_n200_p0.8_seed1103,4V-FB,5420,4,True,False,113,0.02416050728083881,0.01053214505560957,-1,-1.3390477295871506e-06,3.2299466807320767e-27,9.5301527327498e-13,True,False,0.0002818700002080732,1.9060000113313436e-05,0.0003236999998534884,ordinary,200,0.8,1103.0,,,
ordinary_n200_p0.8_seed1103,4V-FB,5424,8,True,False,113,0.02416050731142992,0.01053214505560957,-1,-1.3390686657288597e-06,3.2299466807320767e-27,9.53015273274979e-13,True,False,0.0002683699999579403,1.8530000033933902e-05,0.00030906000006325485,ordinary,200,0.8,1103.0,,,
ordinary_n200_p0.8_seed1103,4V-FB,5432,16,True,False,113,0.024160507370767356,0.01053214505560957,-1,-1.3391092714698516e-06,3.2299466807320767e-27,9.530152732749774e-13,True,False,0.00026408999997329374,1.86499999017542e-05,0.0003045000000838627,ordinary,200,0.8,1103.0,,,
ordinary_n200_p0.8_seed1103,4V-FB,5448,32,True,False,113,0.024160507482405884,0.01053214505560957,-1,-1.3391856334976637e-06,3.2299466807320767e-27,9.53015273274975e-13,True,False,0.00026574000003165565,1.8230000023322646e-05,0.000305810000099882,ordinary,200,0.8,1103.0,,,
ordinary_n200_p0.8_seed1103,4V-FB,5480,64,True,False,113,0.02416050768006904,0.01053214505560957,-1,-1.3393207343170843e-06,3.2299466807320767e-27,9.53015273274971e-13,True,False,0.00026413999989927106,1.844000007622526e-05,0.0003047699999569886,ordinary,200,0.8,1103.0,,,
ordinary_n200_p0.8_seed1103,4V-FB,5544,128,True,False,113,0.02416050799036421,0.01053214505560957,-1,-1.3395325364484734e-06,3.2299466807320767e-27,9.530152732749655e-13,True,False,0.00026696000008996634,1.8010000076174038e-05,0.0003073899999890273,ordinary,200,0.8,1103.0,,,
ordinary_n200_p0.8_seed1103,4V-FB,5672,256,True,False,113,0.0241605083750705,0.01053214505560957,-1,-1.3397945632931396e-06,3.2299466807320767e-27,9.530152732749615e-13,True,False,0.0002724090002175217,1.8810000028679497e-05,0.0003137290000267967,ordinary,200,0.8,1103.0,,,
ordinary_n200_p0.8_seed1103,4V-FB,5928,512,True,False,113,0.02416050867816846,0.01053214505560957,-1,-1.340000411076403e-06,3.2299466807320767e-27,9.530152732749603e-13,True,False,0.00027176999992661877,1.8290000070919632e-05,0.0003132300000743271,ordinary,200,0.8,1103.0,,,
ordinary_n200_p0.8_seed1103,4V-FB,6440,1024,True,False,113,0.0241605087814442,0.01053214505560957,1,-1.3399381852963188e-06,3.2299466807320767e-27,9.5301527327496e-13,True,False,0.00027740000018638966,1.8940000018119463e-05,0.0003191499999957159,ordinary,200,0.8,1103.0,,,
ordinary_n200_p0.8_seed1103,4V-FB,7208,1792,False,True,113,0.024160508789294932,0.01053214505560957,1,-1.3399328810947964e-06,3.2299466807320767e-27,9.5301527327496e-13,True,False,0.0002745100000538514,1.9009999959962443e-05,0.00031669999998484855,ordinary,200,0.8,1103.0,,,
ordinary_n200_p0.8_seed1104,4V-FB,9818,1,True,False,125,0.00626549595560434,0.0109220267371064,-1,-3.711040719167613e-07,4.3865328601392214e-27,9.742419225346538e-13,True,False,0.00044112000000495755,2.1469999865075806e-05,0.000496229999953357,ordinary,200,0.8,1104.0,,,
ordinary_n200_p0.8_seed1104,4V-FB,9819,2,True,False,125,0.006265495802937853,0.0109220267371064,-1,-3.711055729382906e-07,4.3865328601392214e-27,9.742419225346536e-13,True,False,0.00035344000002623943,1.8990000171470456e-05,0.00039668999988862197,ordinary,200,0.8,1104.0,,,
ordinary_n200_p0.8_seed1104,4V-FB,9821,4,True,False,125,0.0062654954982417806,0.0109220267371064,-1,-3.711085714286355e-07,4.3865328601392214e-27,9.74241922534653e-13,True,False,0.0003462000001945853,1.720000000204891e-05,0.0003861000000142667,ordinary,200,0.8,1104.0,,,
ordinary_n200_p0.8_seed1104,4V-FB,9825,8,True,False,125,0.006265494891385379,0.0109220267371064,-1,-3.711145399876159e-07,4.3865328601392214e-27,9.742419225346524e-13,True,False,0.0003317299999707757,1.7390000039085862e-05,0.00037085999997543695,ordinary,200,0.8,1104.0,,,
ordinary_n200_p0.8_seed1104,4V-FB,9833,16,True,False,125,0.006265493687750107,0.0109220267371064,-1,-3.711263882877347e-07,4.3865328601392214e-27,9.742419225346504e-13,True,False,0.0003272400001606002,1.7020000086631626e-05,0.0003657499999007996,ordinary,200,0.8,1104.0,,,
ordinary_n200_p0.8_seed1104,4V-FB,9849,32,True,False,125,0.006265491320276328,0.0109220267371064,-1,-3.711496834313266e-07,4.3865328601392214e-27,9.742419225346472e-13,True,False,0.00033041999995475635,1.6979999827526626e-05,0.00036920000002282904,ordinary,200,0.8,1104.0,,,
ordinary_n200_p0.8_seed1104,4V-FB,9881,64,True,False,125,0.006265486740444616,0.0109220267371064,-1,-3.71194751380699e-07,4.3865328601392214e-27,9.742419225346409e-13,True,False,0.00032908999992287136,1.7129999832832254e-05,0.0003678400000808324,ordinary,200,0.8,1104.0,,,
ordinary_n200_p0.8_seed1104,4V-FB,9945,128,True,False,125,0.0062654781700320385,0.0109220267371064,-1,-3.712790821452927e-07,4.3865328601392214e-27,9.742419225346302e-13,True,False,0.00033539999981258006,1.7800000023271423e-05,0.00037588000009236566,ordinary,200,0.8,1104.0,,,
ordinary_n200_p0.8_seed1104,4V-FB,10073,256,True,False,125,0.0062654631562525775,0.0109220267371064,-1,-3.714268110854846e-07,4.3865328601392214e-27,9.742419225346136e-13,True,False,0.000331700000060664,1.7699999943943112e-05,0.0003716100000019651,ordinary,200,0.8,1104.0,,,
ordinary_n200_p0.8_seed1104,4V-FB,10329,512,True,False,125,0.006265440073271117,0.0109220267371064,-1,-3.716539325182566e-07,4.3865328601392214e-27,9.742419225345936e-13,True,False,0.00034645000005184556,1.8319999981031287e-05,0.0003884200000356941,ordinary,200,0.8,1104.0,,,
ordinary_n200_p0.8_seed1104,4V-FB,10841,1024,True,False,125,0.00626541257748508,0.0109220267371064,-1,-3.719244592303994e-07,4.3865328601392214e-27,9.742419225345793e-13,True,False,0.0003440400000727095,1.8539999928179896e-05,0.00038690999986101815,ordinary,200,0.8,1104.0,,,
ordinary_n200_p0.8_seed1104,4V-FB,11865,2048,True,False,125,0.00626539246630302,0.0109220267371064,-1,-3.721223240660265e-07,4.3865328601392214e-27,9.742419225345749e-13,True,False,0.00034856000002037035,1.8550000049799564e-05,0.0003918699999303499,ordinary,200,0.8,1104.0,,,
ordinary_n200_p0.8_seed1104,4V-FB,13913,4096,True,False,125,0.006265386458925274,0.0109220267371064,-1,-3.721814252344302e-07,4.3865328601392214e-27,9.742419225345747e-13,True,False,0.0003898100001151761,1.934000010805903e-05,0.00043598999991445453,ordinary,200,0.8,1104.0,,,
ordinary_n200_p0.8_seed1104,4V-FB,16441,6624,False,True,125,0.006265386100315556,0.0109220267371064,-1,-3.721849513027564e-07,4.3865328601392214e-27,9.742419225345747e-13,True,False,0.000375930000018343,1.8970000155604794e-05,0.00042009999992842495,ordinary,200,0.8,1104.0,,,
ordinary_n200_p0.8_seed1105,4V-FB,5710,1,True,False,121,0.010701891882090982,0.010809160638417213,1,-6.229110081079625e-07,1.965501604592664e-27,1.1725444975171214e-12,True,False,0.00036625999996431347,2.111000003424124e-05,0.00041831999988062307,ordinary,200,0.8,1105.0,,,
ordinary_n200_p0.8_seed1105,4V-FB,5711,2,True,False,121,0.010701892225514167,0.010809160638417213,1,-6.229085087738895e-07,1.965501604592664e-27,1.1725444975171212e-12,True,False,0.00033776999998735846,1.8980000049850787e-05,0.00038070999994488375,ordinary,200,0.8,1105.0,,,
ordinary_n200_p0.8_seed1105,4V-FB,5713,4,True,False,121,0.010701892909946244,0.010809160638417213,1,-6.22903526092955e-07,1.965501604592664e-27,1.1725444975171208e-12,True,False,0.000307498999973177,1.949000011336466e-05,0.00034887900005742267,ordinary,200,0.8,1105.0,,,
ordinary_n200_p0.8_seed1105,4V-FB,5717,8,True,False,121,0.010701894269199465,0.010809160638417213,1,-6.22893626456289e-07,1.965501604592664e-27,1.1725444975171198e-12,True,False,0.00030093999998825893,1.8230000023322646e-05,0.0003410599999824626,ordinary,200,0.8,1105.0,,,
ordinary_n200_p0.8_seed1105,4V-FB,5725,16,True,False,121,0.010701896949685933,0.010809160638417213,1,-6.22874104294624e-07,1.965501604592664e-27,1.1725444975171184e-12,True,False,0.00029678999999305233,1.8360000012762612e-05,0.0003364000001511158,ordinary,200,0.8,1105.0,,,
ordinary_n200_p0.8_seed1105,4V-FB,5741,32,True,False,121,0.010701902161868051,0.010809160638417213,1,-6.228361417726092e-07,1.965501604592664e-27,1.1725444975171153e-12,True,False,0.000296870000056515,1.786000007086841e-05,0.00033645999997133913,ordinary,200,0.8,1105.0,,,
ordinary_n200_p0.8_seed1105,4V-FB,5773,64,True,False,121,0.010701912016489509,0.010809160638417213,1,-6.227643716272269e-07,1.965501604592664e-27,1.1725444975171097e-12,True,False,0.0002977800002099684,1.8499000134397647e-05,0.00033755899994503125,ordinary,200,0.8,1105.0,,,
ordinary_n200_p0.8_seed1105,4V-FB,5837,128,True,False,121,0.010701929636427996,0.010809160638417213,1,-6.226360422800781e-07,1.965501604592664e-27,1.1725444975171008e-12,True,False,0.00029822000010426564,1.8210000007456983e-05,0.00033831999985523,ordinary,200,0.8,1105.0,,,
ordinary_n200_p0.8_seed1105,4V-FB,5965,256,True,False,121,0.010701957840841629,0.010809160638417213,1,-6.224306208224561e-07,1.965501604592664e-27,1.1725444975170893e-12,True,False,0.0003095199999734177,1.8539999928179896e-05,0.0003503599998566642,ordinary,200,0.8,1105.0,,,
ordinary_n200_p0.8_seed1105,4V-FB,6221,512,True,False,121,0.010701994178279968,0.010809160638417213,1,-6.221659560878834e-07,1.965501604592664e-27,1.1725444975170796e-12,True,False,0.00031951999994817015,1.8609999870022875e-05,0.0003618700000060926,ordinary,200,0.8,1105.0,,,
ordinary_n200_p0.8_seed1105,4V-FB,6733,1024,True,False,121,0.01070202500812802,0.010809160638417213,1,-6.219414014907443e-07,1.965501604592664e-27,1.1725444975170756e-12,True,False,0.0003059999999095453,1.874999998108251e-05,0.00034722000009423937,ordinary,200,0.8,1105.0,,,
ordinary_n200_p0.8_seed1105,4V-FB,7757,2048,True,False,121,0.010702037050391537,0.010809160638417213,1,-6.218536867663715e-07,1.965501604592664e-27,1.1725444975170754e-12,True,False,0.000314950000074532,1.8720000070970855e-05,0.00035851999996339146,ordinary,200,0.8,1105.0,,,
ordinary_n200_p0.8_seed1105,4V-FB,9631,3922,False,True,121,0.010702038230073325,0.010809160638417213,1,-6.218450945283394e-07,1.965501604592664e-27,1.1725444975170754e-12,True,False,0.0003414400000565365,2.053999992313038e-05,0.00039027000002533896,ordinary,200,0.8,1105.0,,,
ordinary_n400_p0.3_seed1101,4V-FB,1591,1,True,False,190,0.040445691540801555,0.08566040567312329,-1,-0.00014554873755656672,5.892161485413849e-54,2.586992373733306e-12,True,False,0.0033120390000931366,4.4160000015835976e-05,0.0034052789999350352,ordinary,400,0.3,1101.0,,,
ordinary_n400_p0.3_seed1101,4V-FB,1592,2,True,False,190,0.040445691020665385,0.08566040567312329,-1,-0.0001455488100390312,5.892161485413849e-54,2.586992373733306e-12,True,False,0.0009182300000247778,3.940000010516087e-05,0.000996719999875495,ordinary,400,0.3,1101.0,,,
ordinary_n400_p0.3_seed1101,4V-FB,1594,4,True,False,190,0.04044568999416571,0.08566040567312329,-1,-0.00014554895306417848,5.892161485413849e-54,2.5869923737333056e-12,True,False,0.000885100000004968,3.870000000461005e-05,0.0009597799999028211,ordinary,400,0.3,1101.0,,,
ordinary_n400_p0.3_seed1101,4V-FB,1598,8,True,False,190,0.04044568799512827,0.08566040567312329,-1,-0.00014554923155074562,5.892161485413849e-54,2.586992373733305e-12,True,False,0.0008688199998232449,3.743000002032204e-05,0.0009405400001014641,ordinary,400,0.3,1101.0,,,
ordinary_n400_p0.3_seed1101,4V-FB,1606,16,True,False,190,0.04044568420417507,0.08566040567312329,-1,-0.00014554975948044557,5.892161485413849e-54,2.5869923737333036e-12,True,False,0.0008767290000832872,3.7080000083733466e-05,0.0009486690000812814,ordinary,400,0.3,1101.0,,,
ordinary_n400_p0.3_seed1101,4V-FB,1622,32,True,False,190,0.04044567738540709,0.08566040567312329,-1,-0.00014555070840316375,5.892161485413849e-54,2.586992373733301e-12,True,False,0.0008707499998763524,3.7539999993896345e-05,0.0009431900000436144,ordinary,400,0.3,1101.0,,,
ordinary_n400_p0.3_seed1101,4V-FB,1654,64,True,False,190,0.04044566634150496,0.08566040567312329,-1,-0.00014555224324652727,5.892161485413849e-54,2.5869923737332975e-12,True,False,0.0008805800000573072,3.8159999803610845e-05,0.0009536699999443954,ordinary,400,0.3,1101.0,,,
ordinary_n400_p0.3_seed1101,4V-FB,1718,128,True,False,190,0.04044565178527706,0.08566040567312329,-1,-0.0001455542612092131,5.892161485413849e-54,2.5869923737332955e-12,True,False,0.0008697900000242953,3.8290000020424486e-05,0.0009430699999484204,ordinary,400,0.3,1101.0,,,
ordinary_n400_p0.3_seed1101,4V-FB,1846,256,True,False,190,0.040445638895060886,0.08566040567312329,-1,-0.0001455560406782297,5.892161485413849e-54,2.586992373733294e-12,True,False,0.0008792500000254222,3.8089999861767865e-05,0.0009522299999389361,ordinary,400,0.3,1101.0,,,
ordinary_n400_p0.3_seed1101,4V-FB,2102,512,True,False,190,0.04044563345928618,0.08566040567312329,-1,-0.0001455567863501983,5.892161485413849e-54,2.586992373733294e-12,True,False,0.0008751699999720586,3.847999983008776e-05,0.0009489100000337203,ordinary,400,0.3,1101.0,,,
ordinary_n400_p0.3_seed1101,4V-FB,2614,1024,True,False,190,0.04044563284939195,0.08566040567312329,-1,-0.0001455568693593534,5.892161485413849e-54,2.586992373733294e-12,True,False,0.0008808999998564104,3.816000003098452e-05,0.0009549700000661687,ordinary,400,0.3,1101.0,,,
ordinary_n400_p0.3_seed1101,4V-FB,2620,1030,False,True,190,0.04044563284906034,0.08566040567312329,-1,-0.0001455568694090914,5.892161485413849e-54,2.586992373733294e-12,True,False,0.000862959999949453,3.756000000976201e-05,0.0009347699999580072,ordinary,400,0.3,1101.0,,,
ordinary_n400_p0.3_seed1102,4V-FB,1907,1,True,False,207,0.027048474141001685,0.08559920015166421,1,-9.821819464761461e-05,1.3302543964303992e-54,2.18023859070915e-12,True,False,0.0029213500001787907,5.243000009613752e-05,0.0030289700000594166,ordinary,400,0.3,1102.0,,,
ordinary_n400_p0.3_seed1102,4V-FB,1908,2,True,False,207,0.027048473948280694,0.08559920015166421,1,-9.821824052025363e-05,1.3302543964303992e-54,2.18023859070915e-12,True,False,0.0012859590001426113,4.91200000851677e-05,0.0013854290000381297,ordinary,400,0.3,1102.0,,,
ordinary_n400_p0.3_seed1102,4V-FB,1910,4,True,False,207,0.027048473566551233,0.08559920015166421,1,-9.82183314661711e-05,1.3302543964303992e-54,2.1802385907091498e-12,True,False,0.0013007999998535524,4.930000000058499e-05,0.001398139999992054,ordinary,400,0.3,1102.0,,,
ordinary_n400_p0.3_seed1102,4V-FB,1914,8,True,False,207,0.027048472817722775,0.08559920015166421,1,-9.821851014280014e-05,1.3302543964303992e-54,2.180238590709149e-12,True,False,0.0012669000000187225,4.893000004813075e-05,0.0013622699998450116,ordinary,400,0.3,1102.0,,,
ordinary_n400_p0.3_seed1102,4V-FB,1922,16,True,False,207,0.02704847137680913,0.08559920015166421,1,-9.821885496563709e-05,1.3302543964303992e-54,2.1802385907091478e-12,True,False,0.001290049000090221,4.908000005343638e-05,0.001385779000202092,ordinary,400,0.3,1102.0,,,
ordinary_n400_p0.3_seed1102,4V-FB,1938,32,True,False,207,0.02704846870851465,0.08559920015166421,1,-9.821949722521595e-05,1.3302543964303992e-54,2.180238590709145e-12,True,False,0.0012548400000014226,4.76899999739544e-05,0.0013485500001024775,ordinary,400,0.3,1102.0,,,
ordinary_n400_p0.3_seed1102,4V-FB,1970,64,True,False,207,0.027048464128650918,0.08559920015166421,1,-9.822061191755438e-05,1.3302543964303992e-54,2.1802385907091413e-12,True,False,0.0012836199998673692,4.801000000043132e-05,0.00137871000015366,ordinary,400,0.3,1102.0,,,
ordinary_n400_p0.3_seed1102,4V-FB,2034,128,True,False,207,0.027048457354867876,0.08559920015166421,1,-9.822229451117437e-05,1.3302543964303992e-54,2.1802385907091373e-12,True,False,0.00126896000006127,4.813000009562529e-05,0.0013635599998451653,ordinary,400,0.3,1102.0,,,
ordinary_n400_p0.3_seed1102,4V-FB,2162,256,True,False,207,0.027048449831462013,0.08559920015166421,1,-9.822422860139568e-05,1.3302543964303992e-54,2.1802385907091344e-12,True,False,0.0012995800000226154,4.876000002695946e-05,0.001395609999917724,ordinary,400,0.3,1102.0,,,
ordinary_n400_p0.3_seed1102,4V-FB,2418,512,True,False,207,0.027048444933384312,0.08559920015166421,1,-9.822555145433398e-05,1.3302543964303992e-54,2.1802385907091336e-12,True,False,0.0012717800000245916,4.9040000021705055e-05,0.0013680399999884685,ordinary,400,0.3,1102.0,,,
ordinary_n400_p0.3_seed1102,4V-FB,2930,1024,True,False,207,0.027048443704828333,0.08559920015166421,1,-9.822590173058643e-05,1.3302543964303992e-54,2.180238590709133e-12,True,False,0.0013108400000874099,4.9179999905391014e-05,0.0014084099998399324,ordinary,400,0.3,1102.0,,,
ordinary_n400_p0.3_seed1102,4V-FB,3440,1534,False,True,207,0.02704844364904302,0.08559920015166421,1,-9.822591827202132e-05,1.3302543964303992e-54,2.1802385907091336e-12,True,False,0.0012796600001365732,4.867999996349681e-05,0.0013772600000265811,ordinary,400,0.3,1102.0,,,
ordinary_n400_p0.3_seed1103,4V-FB,2778,1,True,False,203,0.03852485571788518,0.08543501278604865,1,-0.00013558189029083678,7.774806612943619e-55,2.1529991046734773e-12,True,False,0.001309529000081966,5.3519999937634566e-05,0.0014175289998092921,ordinary,400,0.3,1103.0,,,
ordinary_n400_p0.3_seed1103,4V-FB,2779,2,True,False,203,0.03852485598638272,0.08543501278604865,1,-0.00013558190875073706,7.774806612943619e-55,2.1529991046734765e-12,True,False,0.001235089999909178,5.048000002716435e-05,0.0013338400001430273,ordinary,400,0.3,1103.0,,,
ordinary_n400_p0.3_seed1103,4V-FB,2781,4,True,False,203,0.03852485651537836,0.08543501278604865,1,-0.00013558194518381583,7.774806612943619e-55,2.1529991046734765e-12,True,False,0.0012394499999572872,4.909000017505605e-05,0.0013356899999052985,ordinary,400,0.3,1103.0,,,
ordinary_n400_p0.3_seed1103,4V-FB,2785,8,True,False,203,0.03852485754210656,0.08543501278604865,1,-0.00013558201622032584,7.774806612943619e-55,2.1529991046734756e-12,True,False,0.0012022299999898678,4.853999985243718e-05,0.0012958300001173484,ordinary,400,0.3,1103.0,,,
ordinary_n400_p0.3_seed1103,4V-FB,2793,16,True,False,203,0.03852485947614484,0.08543501278604865,1,-0.00013558215119502393,7.774806612943619e-55,2.1529991046734744e-12,True,False,0.0012364590002107434,5.009000005884445e-05,0.0013327889998890896,ordinary,400,0.3,1103.0,,,
ordinary_n400_p0.3_seed1103,4V-FB,2809,32,True,False,203,0.03852486290849297,0.08543501278604865,1,-0.00013558239495381486,7.774806612943619e-55,2.152999104673472e-12,True,False,0.001205710000022009,4.8870000000533764e-05,0.0013072199999442091,ordinary,400,0.3,1103.0,,,
ordinary_n400_p0.3_seed1103,4V-FB,2841,64,True,False,203,0.038524868320475913,0.08543501278604865,1,-0.00013558279291103759,7.774806612943619e-55,2.152999104673469e-12,True,False,0.0012290799998027069,4.981000006409886e-05,0.001324930000009772,ordinary,400,0.3,1103.0,,,
ordinary_n400_p0.3_seed1103,4V-FB,2905,128,True,False,203,0.038524875081204474,0.08543501278604865,1,-0.0001355833258180894,7.774806612943619e-55,2.1529991046734668e-12,True,False,0.001210209999953804,4.920999981550267e-05,0.001306590000012875,ordinary,400,0.3,1103.0,,,
ordinary_n400_p0.3_seed1103,4V-FB,3033,256,True,False,203,0.03852488045659582,0.08543501278604865,1,-0.00013558381263933938,7.774806612943619e-55,2.1529991046734655e-12,True,False,0.0012335000001257868,4.889999991064542e-05,0.0013290800000049785,ordinary,400,0.3,1103.0,,,
ordinary_n400_p0.3_seed1103,4V-FB,3289,512,True,False,203,0.03852488226931006,0.08543501278604865,1,-0.0001355840304704259,7.774806612943619e-55,2.1529991046734655e-12,True,False,0.001214000000118176,4.996999996365048e-05,0.0013125199998285098,ordinary,400,0.3,1103.0,,,
ordinary_n400_p0.3_seed1103,4V-FB,3789,1012,False,True,203,0.03852488238572602,0.08543501278604865,1,-0.00013558405772329252,7.774806612943619e-55,2.152999104673465e-12,True,False,0.0012415099999998347,4.893000004813075e-05,0.0013383100001647108,ordinary,400,0.3,1103.0,,,
ordinary_n400_p0.3_seed1104,4V-FB,2683,1,True,False,197,0.023646417911303473,0.08467708639873095,1,-6.306866415428658e-05,3.7072083500529064e-54,2.014674870757849e-12,True,False,0.001074569999900632,4.212000021652784e-05,0.0011622999998053274,ordinary,400,0.3,1104.0,,,
ordinary_n400_p0.3_seed1104,4V-FB,2684,2,True,False,197,0.02364641404645694,0.08467708639873095,1,-6.306868393934906e-05,3.7072083500529064e-54,2.014674870757849e-12,True,False,0.0009495199999491888,3.918000015801226e-05,0.0010262999999213207,ordinary,400,0.3,1104.0,,,
ordinary_n400_p0.3_seed1104,4V-FB,2686,4,True,False,197,0.023646406376267144,0.08467708639873095,1,-6.306872320749335e-05,3.7072083500529064e-54,2.014674870757848e-12,True,False,0.0009435800000119343,3.8200000062715844e-05,0.0010177500000736472,ordinary,400,0.3,1104.0,,,
ordinary_n400_p0.3_seed1104,4V-FB,2690,8,True,False,197,0.02364639127106149,0.08467708639873095,1,-6.306880051809571e-05,3.7072083500529064e-54,2.0146748707578478e-12,True,False,0.0009379699999954028,3.758000002562767e-05,0.001010850000056962,ordinary,400,0.3,1104.0,,,
ordinary_n400_p0.3_seed1104,4V-FB,2698,16,True,False,197,0.023646361979049756,0.08467708639873095,1,-6.306895046037653e-05,3.7072083500529064e-54,2.014674870757846e-12,True,False,0.0009367999998630694,3.7790000078530284e-05,0.0010096000000885397,ordinary,400,0.3,1104.0,,,
ordinary_n400_p0.3_seed1104,4V-FB,2714,32,True,False,197,0.023646306896960782,0.08467708639873095,1,-6.30692324108395e-05,3.7072083500529064e-54,2.0146748707578437e-12,True,False,0.0009339499999896361,3.764999996747065e-05,0.0010065699998449418,ordinary,400,0.3,1104.0,,,
ordinary_n400_p0.3_seed1104,4V-FB,2746,64,True,False,197,0.023646209468232468,0.08467708639873095,1,-6.306973110170588e-05,3.7072083500529064e-54,2.0146748707578397e-12,True,False,0.0009344400000372843,3.781999998864194e-05,0.0010077699998873868,ordinary,400,0.3,1104.0,,,
ordinary_n400_p0.3_seed1104,4V-FB,2810,128,True,False,197,0.023646056800846207,0.08467708639873095,1,-6.307051250686868e-05,3.7072083500529064e-54,2.014674870757834e-12,True,False,0.0009362499999951979,3.7550000115516013e-05,0.0010087899997870409,ordinary,400,0.3,1104.0,,,
ordinary_n400_p0.3_seed1104,4V-FB,2938,256,True,False,197,0.023645868104988144,0.08467708639873095,1,-6.30714782445807e-05,3.7072083500529064e-54,2.01467487075783e-12,True,False,0.0009444400000120368,3.773999992517929e-05,0.001018669999893973,ordinary,400,0.3,1104.0,,,
ordinary_n400_p0.3_seed1104,4V-FB,3194,512,True,False,197,0.023645720122585888,0.08467708639873095,1,-6.307223556589747e-05,3.7072083500529064e-54,2.0146748707578288e-12,True,False,0.000945158999911655,3.867000009449839e-05,0.0010195989998464938,ordinary,400,0.3,1104.0,,,
ordinary_n400_p0.3_seed1104,4V-FB,3706,1024,True,False,197,0.023645670002996833,0.08467708639873095,1,-6.307249204695609e-05,3.7072083500529064e-54,2.0146748707578284e-12,True,False,0.0009525099999336817,3.831999993053614e-05,0.0010275699999056087,ordinary,400,0.3,1104.0,,,
ordinary_n400_p0.3_seed1104,4V-FB,4470,1788,False,True,197,0.023645666222896544,0.08467708639873095,1,-6.307251139503478e-05,3.7072083500529064e-54,2.0146748707578284e-12,True,False,0.0009458600000016304,3.859000003103574e-05,0.0010308199998689815,ordinary,400,0.3,1104.0,,,
ordinary_n400_p0.3_seed1105,4V-FB,2190,1,True,False,197,0.03026589106291583,0.08432727902538642,-1,-0.00010292348913054639,9.080572744767764e-54,1.927555173812438e-12,True,False,0.001039330000139671,4.4870000010632793e-05,0.001131099999838625,ordinary,400,0.3,1105.0,,,
ordinary_n400_p0.3_seed1105,4V-FB,2191,2,True,False,197,0.03026589016395271,0.08432727902538642,-1,-0.00010292353834628898,9.080572744767764e-54,1.927555173812437e-12,True,False,0.0009455299998535338,4.267000008439936e-05,0.001027660000090691,ordinary,400,0.3,1105.0,,,
ordinary_n400_p0.3_seed1105,4V-FB,2193,4,True,False,197,0.030265888383577938,0.08432727902538642,-1,-0.00010292363581854147,9.080572744767764e-54,1.9275551738124364e-12,True,False,0.0009442200000648882,4.151000007368566e-05,0.0010233900000002905,ordinary,400,0.3,1105.0,,,
ordinary_n400_p0.3_seed1105,4V-FB,2197,8,True,False,197,0.03026588489196668,0.08432727902538642,-1,-0.00010292382698651181,9.080572744767764e-54,1.9275551738124356e-12,True,False,0.0009268000001156906,4.1129999999611755e-05,0.0010047499999927823,ordinary,400,0.3,1105.0,,,
ordinary_n400_p0.3_seed1105,4V-FB,2205,16,True,False,197,0.030265878177010368,0.08432727902538642,-1,-0.00010292419466395586,9.080572744767764e-54,1.9275551738124344e-12,True,False,0.0009443900000860594,4.067000008944888e-05,0.001021399999899586,ordinary,400,0.3,1105.0,,,
ordinary_n400_p0.3_seed1105,4V-FB,2221,32,True,False,197,0.030265865756946966,0.08432727902538642,-1,-0.00010292487484520052,9.080572744767764e-54,1.9275551738124323e-12,True,False,0.0009243599999990693,4.130999991502904e-05,0.0010025999999925261,ordinary,400,0.3,1105.0,,,
ordinary_n400_p0.3_seed1105,4V-FB,2253,64,True,False,197,0.030265844497235392,0.08432727902538642,-1,-0.00010292603951711499,9.080572744767764e-54,1.9275551738124287e-12,True,False,0.0009388799999214825,4.059999992023222e-05,0.0010161099999095313,ordinary,400,0.3,1105.0,,,
ordinary_n400_p0.3_seed1105,4V-FB,2317,128,True,False,197,0.030265813265256958,0.08432727902538642,-1,-0.00010292775157694223,9.080572744767764e-54,1.9275551738124243e-12,True,False,0.0009224900002209324,4.129999979340937e-05,0.001001799999812647,ordinary,400,0.3,1105.0,,,
ordinary_n400_p0.3_seed1105,4V-FB,2445,256,True,False,197,0.030265779191875203,0.08432727902538642,-1,-0.00010292962133107153,9.080572744767764e-54,1.9275551738124222e-12,True,False,0.0009477989999595593,4.1439999904469005e-05,0.0010261789998367021,ordinary,400,0.3,1105.0,,,
ordinary_n400_p0.3_seed1105,4V-FB,2701,512,True,False,197,0.030265758042618794,0.08432727902538642,-1,-0.0001029307836155624,9.080572744767764e-54,1.9275551738124214e-12,True,False,0.0009361100001115119,4.18299998727889e-05,0.001015999999935957,ordinary,400,0.3,1105.0,,,
ordinary_n400_p0.3_seed1105,4V-FB,3213,1024,True,False,197,0.03026575332678518,0.08432727902538642,-1,-0.00010293104321235091,9.080572744767764e-54,1.9275551738124214e-12,True,False,0.0009501899999122543,4.2450000137250754e-05,0.0010308999999324442,ordinary,400,0.3,1105.0,,,
ordinary_n400_p0.3_seed1105,4V-FB,3601,1412,False,True,197,0.030265753167938683,0.08432727902538642,-1,-0.00010293105196979013,9.080572744767764e-54,1.9275551738124214e-12,True,False,0.000938460000043051,4.183999999440857e-05,0.0010195199999998295,ordinary,400,0.3,1105.0,,,
ordinary_n400_p0.5_seed1101,4V-FB,3093,1,True,False,197,0.019739046669415988,0.04932481366259557,1,-2.3437987376695446e-05,4.097511683269879e-36,2.3242436450693136e-12,True,False,0.001035730000012336,3.6369999861562974e-05,0.0011128400001325645,ordinary,400,0.5,1101.0,,,
ordinary_n400_p0.5_seed1101,4V-FB,3094,2,True,False,197,0.019739046101446448,0.04932481366259557,1,-2.3438007566767283e-05,4.097511683269879e-36,2.3242436450693128e-12,True,False,0.0009383199999319913,3.4050000067509245e-05,0.001008069999897998,ordinary,400,0.5,1101.0,,,
ordinary_n400_p0.5_seed1101,4V-FB,3096,4,True,False,197,0.01973904497290816,0.04932481366259557,1,-2.3438047666246575e-05,4.097511683269879e-36,2.324243645069313e-12,True,False,0.0009436100001494196,3.392000007806928e-05,0.0010116299999936018,ordinary,400,0.5,1101.0,,,
ordinary_n400_p0.5_seed1101,4V-FB,3100,8,True,False,197,0.019739042745134622,0.04932481366259557,1,-2.3438126824260053e-05,4.097511683269879e-36,2.324243645069312e-12,True,False,0.0009350899999844842,3.384000001460663e-05,0.001001729999870804,ordinary,400,0.5,1101.0,,,
ordinary_n400_p0.5_seed1101,4V-FB,3108,16,True,False,197,0.019739038404454297,0.04932481366259557,1,-2.343828105821899e-05,4.097511683269879e-36,2.3242436450693103e-12,True,False,0.0009326699998837285,3.39600001098006e-05,0.0009997300001032272,ordinary,400,0.5,1101.0,,,
ordinary_n400_p0.5_seed1101,4V-FB,3124,32,True,False,197,0.01973903016433005,0.04932481366259557,1,-2.3438573791167983e-05,4.097511683269879e-36,2.324243645069308e-12,True,False,0.0009347899999738729,3.390999995644961e-05,0.0010008799999923212,ordinary,400,0.5,1101.0,,,
ordinary_n400_p0.5_seed1101,4V-FB,3156,64,True,False,197,0.019739015312372807,0.04932481366259557,1,-2.3439101266120588e-05,4.097511683269879e-36,2.3242436450693027e-12,True,False,0.0009340400001747184,3.3160000157295144e-05,0.001000900000008187,ordinary,400,0.5,1101.0,,,
ordinary_n400_p0.5_seed1101,4V-FB,3220,128,True,False,197,0.019738991159597003,0.04932481366259557,1,-2.3439958575011133e-05,4.097511683269879e-36,2.324243645069297e-12,True,False,0.0009371099999953003,3.378999986125564e-05,0.001004579999971611,ordinary,400,0.5,1101.0,,,
ordinary_n400_p0.5_seed1101,4V-FB,3348,256,True,False,197,0.01973895907053399,0.04932481366259557,1,-2.344109647722803e-05,4.097511683269879e-36,2.3242436450692914e-12,True,False,0.0009439699999802542,3.3849999908852624e-05,0.001012199999877339,ordinary,400,0.5,1101.0,,,
ordinary_n400_p0.5_seed1101,4V-FB,3604,512,True,False,197,0.019738930214825007,0.04932481366259557,1,-2.344211817728592e-05,4.097511683269879e-36,2.3242436450692893e-12,True,False,0.0009421500001280947,3.392999997231527e-05,0.0010102700000516052,ordinary,400,0.5,1101.0,,,
ordinary_n400_p0.5_seed1101,4V-FB,4116,1024,True,False,197,0.01973891769370379,0.04932481366259557,1,-2.344256069264361e-05,4.097511683269879e-36,2.324243645069289e-12,True,False,0.0009515690001080657,3.386000003047229e-05,0.0010204289999364846,ordinary,400,0.5,1101.0,,,
ordinary_n400_p0.5_seed1101,4V-FB,5140,2048,True,False,197,0.019738916213916623,0.04932481366259557,1,-2.3442612892665693e-05,4.097511683269879e-36,2.3242436450692893e-12,True,False,0.0009787399999368063,3.4349999850746826e-05,0.0010492199999134755,ordinary,400,0.5,1101.0,,,
ordinary_n400_p0.5_seed1101,4V-FB,5200,2108,False,True,197,0.01973891620998667,0.04932481366259557,1,-2.344261303477424e-05,4.097511683269879e-36,2.3242436450692885e-12,True,False,0.0009443799999644398,3.420999996706087e-05,0.0010115800000676245,ordinary,400,0.5,1101.0,,,
ordinary_n400_p0.5_seed1102,4V-FB,3935,1,True,False,221,0.01773092162465065,0.04928487321761149,-1,-2.144393803149569e-05,1.7274855849242616e-36,1.910422205252478e-12,True,False,0.0015911600000890758,4.5129999989512726e-05,0.0016870499998731248,ordinary,400,0.5,1102.0,,,
ordinary_n400_p0.5_seed1102,4V-FB,3936,2,True,False,221,0.017730921527723983,0.04928487321761149,-1,-2.1443956143230025e-05,1.7274855849242616e-36,1.9104222052524776e-12,True,False,0.0015017800001260184,4.275000014786201e-05,0.0015914900000097987,ordinary,400,0.5,1102.0,,,
ordinary_n400_p0.5_seed1102,4V-FB,3938,4,True,False,221,0.017730921335007015,0.04928487321761149,-1,-2.1443992157088587e-05,1.7274855849242616e-36,1.9104222052524772e-12,True,False,0.0015199189999748342,4.214000000501983e-05,0.0016066590001173608,ordinary,400,0.5,1102.0,,,
ordinary_n400_p0.5_seed1102,4V-FB,3942,8,True,False,221,0.01773092095407292,0.04928487321761149,-1,-2.1444063332154428e-05,1.7274855849242616e-36,1.910422205252476e-12,True,False,0.0014753200000541256,4.2089999851668836e-05,0.0015607499999532592,ordinary,400,0.5,1102.0,,,
ordinary_n400_p0.5_seed1102,4V-FB,3950,16,True,False,221,0.017730920209885637,0.04928487321761149,-1,-2.144420239957867e-05,1.7274855849242616e-36,1.910422205252475e-12,True,False,0.001510759999973743,4.192000005787122e-05,0.0015958800001953932,ordinary,400,0.5,1102.0,,,
ordinary_n400_p0.5_seed1102,4V-FB,3966,32,True,False,221,0.017730918789724225,0.04928487321761149,-1,-2.1444467844133897e-05,1.7274855849242616e-36,1.910422205252472e-12,True,False,0.0014762800001335563,4.254999998920539e-05,0.0015692899999066867,ordinary,400,0.5,1102.0,,,
ordinary_n400_p0.5_seed1102,4V-FB,3998,64,True,False,221,0.017730916203298124,0.04928487321761149,-1,-2.1444951485705133e-05,1.7274855849242616e-36,1.9104222052524676e-12,True,False,0.0015085200000157784,4.252999997333973e-05,0.0015942299999096576,ordinary,400,0.5,1102.0,,,
ordinary_n400_p0.5_seed1102,4V-FB,4062,128,True,False,221,0.017730911910588645,0.04928487321761149,-1,-2.1445755098881136e-05,1.7274855849242616e-36,1.9104222052524607e-12,True,False,0.0014755199999854085,4.227999988870579e-05,0.0015614100000220787,ordinary,400,0.5,1102.0,,,
ordinary_n400_p0.5_seed1102,4V-FB,4190,256,True,False,221,0.017730905978958284,0.04928487321761149,-1,-2.1446868704089184e-05,1.7274855849242616e-36,1.9104222052524546e-12,True,False,0.001521679999996195,4.220999994686281e-05,0.001607400000011694,ordinary,400,0.5,1102.0,,,
ordinary_n400_p0.5_seed1102,4V-FB,4446,512,True,False,221,0.01773090023773635,0.04928487321761149,-1,-2.1447954470232844e-05,1.7274855849242616e-36,1.910422205252451e-12,True,False,0.001486529999965569,4.238999986228009e-05,0.001573069999949439,ordinary,400,0.5,1102.0,,,
ordinary_n400_p0.5_seed1102,4V-FB,4958,1024,True,False,221,0.017730897392670027,0.04928487321761149,-1,-2.1448501470899828e-05,1.7274855849242616e-36,1.9104222052524506e-12,True,False,0.0015246499999648222,4.08299999890005e-05,0.0016090599999643018,ordinary,400,0.5,1102.0,,,
ordinary_n400_p0.5_seed1102,4V-FB,5982,2048,True,False,221,0.01773089696738128,0.04928487321761149,-1,-2.1448585691530297e-05,1.7274855849242616e-36,1.9104222052524506e-12,True,False,0.0014927100000932114,4.293999995752529e-05,0.001579609999907916,ordinary,400,0.5,1102.0,,,
ordinary_n400_p0.5_seed1102,4V-FB,6285,2351,False,True,221,0.01773089696205768,0.04928487321761149,-1,-2.1448586789318824e-05,1.7274855849242616e-36,1.9104222052524506e-12,True,False,0.0015305300000818534,4.207999995742284e-05,0.0016169000000445521,ordinary,400,0.5,1102.0,,,
ordinary_n400_p0.5_seed1103,4V-FB,3709,1,True,False,218,0.016177768927067116,0.049177749468125885,-1,-1.8642365429144547e-05,1.2645532986040755e-36,1.930081857009651e-12,True,False,0.0015398799998820323,4.108000007363444e-05,0.0016296900000725145,ordinary,400,0.5,1103.0,,,
ordinary_n400_p0.5_seed1103,4V-FB,3710,2,True,False,218,0.016177767972436558,0.049177749468125885,-1,-1.864238129911655e-05,1.2645532986040755e-36,1.9300818570096505e-12,True,False,0.0014856999998755782,3.893999996762432e-05,0.0015692300000864634,ordinary,400,0.5,1103.0,,,
ordinary_n400_p0.5_seed1103,4V-FB,3712,4,True,False,218,0.016177766073360703,0.049177749468125885,-1,-1.8642412872083014e-05,1.2645532986040755e-36,1.9300818570096505e-12,True,False,0.0014352499999858992,3.878999996231869e-05,0.0015169499999956315,ordinary,400,0.5,1103.0,,,
ordinary_n400_p0.5_seed1103,4V-FB,3716,8,True,False,218,0.01617776231560946,0.049177749468125885,-1,-1.8642475343000342e-05,1.2645532986040755e-36,1.9300818570096497e-12,True,False,0.0014334099998905003,3.8930000073378324e-05,0.0015139700001327583,ordinary,400,0.5,1103.0,,,
ordinary_n400_p0.5_seed1103,4V-FB,3724,16,True,False,218,0.016177754959044895,0.049177749468125885,-1,-1.8642597645168735e-05,1.2645532986040755e-36,1.9300818570096477e-12,True,False,0.0014341290000174922,3.9089999972929945e-05,0.0015144989999953395,ordinary,400,0.5,1103.0,,,
ordinary_n400_p0.5_seed1103,4V-FB,3740,32,True,False,218,0.016177740860911824,0.049177749468125885,-1,-1.8642832039006407e-05,1.2645532986040755e-36,1.9300818570096445e-12,True,False,0.0014300699999694189,3.870000000461005e-05,0.0015104599999631318,ordinary,400,0.5,1103.0,,,
ordinary_n400_p0.5_seed1103,4V-FB,3772,64,True,False,218,0.016177714967179836,0.049177749468125885,-1,-1.864326257106086e-05,1.2645532986040755e-36,1.93008185700964e-12,True,False,0.0014258800001698546,3.897999999935564e-05,0.0015063600001212762,ordinary,400,0.5,1103.0,,,
ordinary_n400_p0.5_seed1103,4V-FB,3836,128,True,False,218,0.016177671256280005,0.049177749468125885,-1,-1.8643989470490396e-05,1.2645532986040755e-36,1.930081857009633e-12,True,False,0.0014313399999537069,3.857000001517008e-05,0.0015114299999368086,ordinary,400,0.5,1103.0,,,
ordinary_n400_p0.5_seed1103,4V-FB,3964,256,True,False,218,0.016177608770936706,0.049177749468125885,-1,-1.8645028863062407e-05,1.2645532986040755e-36,1.9300818570096255e-12,True,False,0.0014315600001282291,3.910999998879561e-05,0.0015118900000743452,ordinary,400,0.5,1103.0,,,
ordinary_n400_p0.5_seed1103,4V-FB,4220,512,True,False,218,0.01617754409366713,0.049177749468125885,-1,-1.8646105111486122e-05,1.2645532986040755e-36,1.930081857009621e-12,True,False,0.0014318500000172207,3.8679999988744385e-05,0.0015129400001114846,ordinary,400,0.5,1103.0,,,
ordinary_n400_p0.5_seed1103,4V-FB,4732,1024,True,False,218,0.0161775076931602,0.049177749468125885,-1,-1.8646711065883892e-05,1.2645532986040755e-36,1.9300818570096206e-12,True,False,0.0014365900001394039,3.8860000131535344e-05,0.0015195500000118045,ordinary,400,0.5,1103.0,,,
ordinary_n400_p0.5_seed1103,4V-FB,5756,2048,True,False,218,0.01617750087447737,0.049177749468125885,-1,-1.8646824599954925e-05,1.2645532986040755e-36,1.9300818570096206e-12,True,False,0.0014456189999236813,3.909999986717594e-05,0.0015275990001555328,ordinary,400,0.5,1103.0,,,
ordinary_n400_p0.5_seed1103,4V-FB,6294,2586,False,True,218,0.016177500719054355,0.049177749468125885,-1,-1.864682718277777e-05,1.2645532986040755e-36,1.930081857009621e-12,True,False,0.001449280000088038,3.953999998884683e-05,0.0015321000000767526,ordinary,400,0.5,1103.0,,,
ordinary_n400_p0.5_seed1104,4V-FB,4010,1,True,False,211,0.021619205629965055,0.04868359826062408,-1,-2.480898318779623e-05,3.054184595053197e-36,1.8317843294841487e-12,True,False,0.0012613499998224142,3.933000016331789e-05,0.0013446600000861508,ordinary,400,0.5,1104.0,,,
ordinary_n400_p0.5_seed1104,4V-FB,4011,2,True,False,211,0.02161920546721928,0.04868359826062408,-1,-2.4808989675051407e-05,3.054184595053197e-36,1.8317843294841483e-12,True,False,0.00112235899996449,3.758999991987366e-05,0.001198739000074056,ordinary,400,0.5,1104.0,,,
ordinary_n400_p0.5_seed1104,4V-FB,4013,4,True,False,211,0.02161920514383025,0.04868359826062408,-1,-2.4809002553638493e-05,3.054184595053197e-36,1.8317843294841475e-12,True,False,0.0011214099999961036,3.676000005725655e-05,0.001194609999856766,ordinary,400,0.5,1104.0,,,
ordinary_n400_p0.5_seed1104,4V-FB,4017,8,True,False,211,0.021619204505383828,0.04868359826062408,-1,-2.4809027944883155e-05,3.054184595053197e-36,1.8317843294841467e-12,True,False,0.0011049299998830975,3.6670000099547906e-05,0.0011774099998547172,ordinary,400,0.5,1104.0,,,
ordinary_n400_p0.5_seed1104,4V-FB,4025,16,True,False,211,0.021619203261167924,0.04868359826062408,-1,-2.480907732760329e-05,3.054184595053197e-36,1.8317843294841455e-12,True,False,0.0011170400000537484,3.676999995150254e-05,0.0011890000000676082,ordinary,400,0.5,1104.0,,,
ordinary_n400_p0.5_seed1104,4V-FB,4041,32,True,False,211,0.021619200898407208,0.04868359826062408,-1,-2.4809170685813342e-05,3.054184595053197e-36,1.8317843294841426e-12,True,False,0.0011057899998832,3.616999993028003e-05,0.0011774399999922025,ordinary,400,0.5,1104.0,,,
ordinary_n400_p0.5_seed1104,4V-FB,4073,64,True,False,211,0.021619196637651945,0.04868359826062408,-1,-2.4809337624276395e-05,3.054184595053197e-36,1.8317843294841386e-12,True,False,0.0011140389999582112,3.656999979284592e-05,0.001186059000019668,ordinary,400,0.5,1104.0,,,
ordinary_n400_p0.5_seed1104,4V-FB,4137,128,True,False,211,0.021619189706388847,0.04868359826062408,-1,-2.480960490203188e-05,3.054184595053197e-36,1.8317843294841333e-12,True,False,0.0011058899999625282,3.654000011010794e-05,0.0011772899999868969,ordinary,400,0.5,1104.0,,,
ordinary_n400_p0.5_seed1104,4V-FB,4265,256,True,False,211,0.021619180512599097,0.04868359826062408,-1,-2.480994937670289e-05,3.054184595053197e-36,1.8317843294841297e-12,True,False,0.0011212100000648206,3.7199999951553764e-05,0.0011945500000365428,ordinary,400,0.5,1104.0,,,
ordinary_n400_p0.5_seed1104,4V-FB,4521,512,True,False,211,0.021619172327083026,0.04868359826062408,-1,-2.4810241921358056e-05,3.054184595053197e-36,1.831784329484128e-12,True,False,0.001107730000057927,3.6779999845748534e-05,0.0011876799999299692,ordinary,400,0.5,1104.0,,,
ordinary_n400_p0.5_seed1104,4V-FB,5033,1024,True,False,211,0.021619168897165038,0.04868359826062408,-1,-2.481035643953078e-05,3.054184595053197e-36,1.831784329484128e-12,True,False,0.001130190000139919,3.7189999829934095e-05,0.0012042900000324153,ordinary,400,0.5,1104.0,,,
ordinary_n400_p0.5_seed1104,4V-FB,5812,1803,False,True,211,0.021619168535252725,0.04868359826062408,-1,-2.4810367559524593e-05,3.054184595053197e-36,1.8317843294841277e-12,True,False,0.0011218300001019088,3.715999991982244e-05,0.0011958000000049651,ordinary,400,0.5,1104.0,,,
ordinary_n400_p0.5_seed1105,4V-FB,3312,1,True,False,201,0.017856464507852467,0.04845573011448469,-1,-2.081251032848286e-05,5.07952138561444e-36,1.788900289843651e-12,True,False,0.0012747800001307041,4.052999997838924e-05,0.001362169999993057,ordinary,400,0.5,1105.0,,,
ordinary_n400_p0.5_seed1105,4V-FB,3313,2,True,False,201,0.017856464360291993,0.04845573011448469,-1,-2.0812528415348197e-05,5.07952138561444e-36,1.7889002898436506e-12,True,False,0.001200509999989663,3.904000004695263e-05,0.0012822799999412382,ordinary,400,0.5,1105.0,,,
ordinary_n400_p0.5_seed1105,4V-FB,3315,4,True,False,201,0.017856464066869016,0.04845573011448469,-1,-2.081256437236334e-05,5.07952138561444e-36,1.7889002898436502e-12,True,False,0.0012121089998800016,3.8669999867124716e-05,0.0012918590000481345,ordinary,400,0.5,1105.0,,,
ordinary_n400_p0.5_seed1105,4V-FB,3319,8,True,False,201,0.017856463486754688,0.04845573011448469,-1,-2.0812635455058626e-05,5.07952138561444e-36,1.7889002898436496e-12,True,False,0.0012055400000008376,3.874000003634137e-05,0.0012851900000896421,ordinary,400,0.5,1105.0,,,
ordinary_n400_p0.5_seed1105,4V-FB,3327,16,True,False,201,0.01785646235296956,0.04845573011448469,-1,-2.0812774391032463e-05,5.07952138561444e-36,1.7889002898436482e-12,True,False,0.0011990799998784496,4.5279999994818354e-05,0.0012848500000472995,ordinary,400,0.5,1105.0,,,
ordinary_n400_p0.5_seed1105,4V-FB,3343,32,True,False,201,0.01785646018745804,0.04845573011448469,-1,-2.081303978940241e-05,5.07952138561444e-36,1.7889002898436452e-12,True,False,0.0012017099998047343,3.814000001511886e-05,0.0012794599999779166,ordinary,400,0.5,1105.0,,,
ordinary_n400_p0.5_seed1105,4V-FB,3375,64,True,False,201,0.017856456236549675,0.04845573011448469,-1,-2.0813524084672963e-05,5.07952138561444e-36,1.7889002898436403e-12,True,False,0.0012113100001442945,3.826000011031283e-05,0.0012900199999421602,ordinary,400,0.5,1105.0,,,
ordinary_n400_p0.5_seed1105,4V-FB,3439,128,True,False,201,0.017856449654457957,0.04845573011448469,-1,-2.081433114042852e-05,5.07952138561444e-36,1.7889002898436339e-12,True,False,0.0012095600000066042,3.807999996752187e-05,0.001288500000100612,ordinary,400,0.5,1105.0,,,
ordinary_n400_p0.5_seed1105,4V-FB,3567,256,True,False,201,0.017856440484860805,0.04845573011448469,-1,-2.0815456032607926e-05,5.07952138561444e-36,1.7889002898436274e-12,True,False,0.0012084889999641746,3.935000017918355e-05,0.0012893189998521848,ordinary,400,0.5,1105.0,,,
ordinary_n400_p0.5_seed1105,4V-FB,3823,512,True,False,201,0.017856431450881685,0.04845573011448469,-1,-2.0816565044157187e-05,5.07952138561444e-36,1.788900289843624e-12,True,False,0.0012106899998798326,3.8499999845953425e-05,0.0012898500001483626,ordinary,400,0.5,1105.0,,,
ordinary_n400_p0.5_seed1105,4V-FB,4335,1024,True,False,201,0.017856426808812862,0.04845573011448469,-1,-2.0817135283124344e-05,5.07952138561444e-36,1.7889002898436236e-12,True,False,0.001223470000013549,3.8089999861767865e-05,0.0013030200000230252,ordinary,400,0.5,1105.0,,,
ordinary_n400_p0.5_seed1105,4V-FB,5359,2048,True,False,201,0.01785642606818651,0.04845573011448469,-1,-2.0817226296543367e-05,5.07952138561444e-36,1.7889002898436236e-12,True,False,0.001210720000017318,3.878999996231869e-05,0.0012980500000594475,ordinary,400,0.5,1105.0,,,
ordinary_n400_p0.5_seed1105,4V-FB,5710,2399,False,True,201,0.017856426057226198,0.04845573011448469,-1,-2.081722764302185e-05,5.07952138561444e-36,1.7889002898436236e-12,True,False,0.0012252400001671049,3.8359999962267466e-05,0.0013052799999968556,ordinary,400,0.5,1105.0,,,
ordinary_n400_p0.8_seed1101,4V-FB,6562,1,True,False,244,0.0075673071930297785,0.010832161905833032,1,-4.4186994330175366e-07,1.5334185972095917e-28,2.0678066243109205e-12,True,False,0.0019504290000895708,5.140000007486378e-05,0.002057659000001877,ordinary,400,0.8,1101.0,,,
ordinary_n400_p0.8_seed1101,4V-FB,6563,2,True,False,244,0.007567307499796203,0.010832161905833032,1,-4.41868181155769e-07,1.5334185972095917e-28,2.06780662431092e-12,True,False,0.0018865499998810265,4.914999999527936e-05,0.0019847500000196305,ordinary,400,0.8,1101.0,,,
ordinary_n400_p0.8_seed1101,4V-FB,6565,4,True,False,244,0.007567308111843652,0.010832161905833032,1,-4.4186464975837225e-07,1.5334185972095917e-28,2.06780662431092e-12,True,False,0.0018600200000946643,4.8870000000533764e-05,0.001964980000138894,ordinary,400,0.8,1101.0,,,
ordinary_n400_p0.8_seed1101,4V-FB,6569,8,True,False,244,0.007567309330018854,0.010832161905833032,1,-4.418576331488566e-07,1.5334185972095917e-28,2.067806624310919e-12,True,False,0.0018493590000616678,4.7660000063842745e-05,0.0019437489997926605,ordinary,400,0.8,1101.0,,,
ordinary_n400_p0.8_seed1101,4V-FB,6577,16,True,False,244,0.007567311742866118,0.010832161905833032,1,-4.418437455910862e-07,1.5334185972095917e-28,2.0678066243109173e-12,True,False,0.0018505099999401864,4.760999991049175e-05,0.0019452100000307837,ordinary,400,0.8,1101.0,,,
ordinary_n400_p0.8_seed1101,4V-FB,6593,32,True,False,244,0.007567316475926799,0.010832161905833032,1,-4.4181650693531083e-07,1.5334185972095917e-28,2.067806624310914e-12,True,False,0.001847379000082583,4.758999989462609e-05,0.0019417889998294413,ordinary,400,0.8,1101.0,,,
ordinary_n400_p0.8_seed1101,4V-FB,6625,64,True,False,244,0.007567325582285622,0.010832161905833032,1,-4.417641719101084e-07,1.5334185972095917e-28,2.067806624310908e-12,True,False,0.0018592490000628459,4.7389999963343143e-05,0.001953979000063555,ordinary,400,0.8,1101.0,,,
ordinary_n400_p0.8_seed1101,4V-FB,6689,128,True,False,244,0.007567342438312441,0.010832161905833032,1,-4.416674919127672e-07,1.5334185972095917e-28,2.0678066243108983e-12,True,False,0.001839119000123901,4.9029999900085386e-05,0.0019353290001618006,ordinary,400,0.8,1101.0,,,
ordinary_n400_p0.8_seed1101,4V-FB,6817,256,True,False,244,0.007567371325041598,0.010832161905833032,1,-4.41502489678669e-07,1.5334185972095917e-28,2.067806624310883e-12,True,False,0.0018577299999833485,4.835999993701989e-05,0.001953849999836166,ordinary,400,0.8,1101.0,,,
ordinary_n400_p0.8_seed1101,4V-FB,7073,512,True,False,244,0.007567413811192128,0.010832161905833032,1,-4.412614238447077e-07,1.5334185972095917e-28,2.0678066243108676e-12,True,False,0.0018417900000713416,4.823999984182592e-05,0.0019461599999885948,ordinary,400,0.8,1101.0,,,
ordinary_n400_p0.8_seed1101,4V-FB,7585,1024,True,False,244,0.007567460110638807,0.010832161905833032,1,-4.410012763855775e-07,1.5334185972095917e-28,2.067806624310858e-12,True,False,0.0018640200000845653,5.6230000154755544e-05,0.001969550000012532,ordinary,400,0.8,1101.0,,,
ordinary_n400_p0.8_seed1101,4V-FB,8609,2048,True,False,244,0.007567488567232349,0.010832161905833032,1,-4.408430989144563e-07,1.5334185972095917e-28,2.0678066243108555e-12,True,False,0.0018539400000463502,4.9519999947733595e-05,0.001951599999983955,ordinary,400,0.8,1101.0,,,
ordinary_n400_p0.8_seed1101,4V-FB,10657,4096,True,False,244,0.007567494727445258,0.010832161905833032,1,-4.4080913141897327e-07,1.5334185972095917e-28,2.0678066243108555e-12,True,False,0.0018696300001010968,4.936999994242797e-05,0.001967339999964679,ordinary,400,0.8,1101.0,,,
ordinary_n400_p0.8_seed1101,4V-FB,12091,5530,False,True,244,0.007567494919153064,0.010832161905833032,1,-4.4080807981572434e-07,1.5334185972095917e-28,2.0678066243108555e-12,True,False,0.0018590900001527189,4.969999986315088e-05,0.001956479999989824,ordinary,400,0.8,1101.0,,,
ordinary_n400_p0.8_seed1102,4V-FB,5141,1,True,False,234,0.01680829698829997,0.010821198925575128,1,-9.828065294925636e-07,9.260650064305484e-29,1.9455180203513056e-12,True,False,0.0017711999998937245,4.7819999963394366e-05,0.0018721799999639188,ordinary,400,0.8,1102.0,,,
ordinary_n400_p0.8_seed1102,4V-FB,5142,2,True,False,234,0.016808296949743173,0.010821198925575128,1,-9.828103912923325e-07,9.260650064305484e-29,1.945518020351305e-12,True,False,0.0017365690000588074,4.634000015357742e-05,0.0018309689999114198,ordinary,400,0.8,1102.0,,,
ordinary_n400_p0.8_seed1102,4V-FB,5144,4,True,False,234,0.016808296873098275,0.010821198925575128,1,-9.828180758120197e-07,9.260650064305484e-29,1.9455180203513048e-12,True,False,0.0017083200000342913,4.543000000012398e-05,0.0018010600001616694,ordinary,400,0.8,1102.0,,,
ordinary_n400_p0.8_seed1102,4V-FB,5148,8,True,False,234,0.01680829672167161,0.010821198925575128,1,-9.828332743211377e-07,9.260650064305484e-29,1.9455180203513044e-12,True,False,0.0017044900000655616,4.43199999153876e-05,0.0017944599999282218,ordinary,400,0.8,1102.0,,,
ordinary_n400_p0.8_seed1102,4V-FB,5156,16,True,False,234,0.016808296426128008,0.010821198925575128,1,-9.828630105346292e-07,9.260650064305484e-29,1.9455180203513024e-12,True,False,0.00170442900002854,4.542000010587799e-05,0.0017957089999072195,ordinary,400,0.8,1102.0,,,
ordinary_n400_p0.8_seed1102,4V-FB,5172,32,True,False,234,0.01680829586317109,0.010821198925575128,1,-9.829199072441952e-07,9.260650064305484e-29,1.9455180203512995e-12,True,False,0.0016866399998889392,4.5349999936661334e-05,0.0017842400000063208,ordinary,400,0.8,1102.0,,,
ordinary_n400_p0.8_seed1102,4V-FB,5204,64,True,False,234,0.016808294841453818,0.010821198925575128,1,-9.830240976782534e-07,9.260650064305484e-29,1.9455180203512943e-12,True,False,0.001691279999931794,4.476000003705849e-05,0.0017817800001012074,ordinary,400,0.8,1102.0,,,
ordinary_n400_p0.8_seed1102,4V-FB,5268,128,True,False,234,0.016808293156020455,0.010821198925575128,1,-9.831989125075324e-07,9.260650064305484e-29,1.945518020351288e-12,True,False,0.0016924399999425077,4.537999984677299e-05,0.0017838999999639782,ordinary,400,0.8,1102.0,,,
ordinary_n400_p0.8_seed1102,4V-FB,5396,256,True,False,234,0.016808290848478374,0.010821198925575128,1,-9.834458865043416e-07,9.260650064305484e-29,1.945518020351281e-12,True,False,0.0017025800000283198,4.5450000015989644e-05,0.0017940800000815216,ordinary,400,0.8,1102.0,,,
ordinary_n400_p0.8_seed1102,4V-FB,5652,512,True,False,234,0.016808288634783904,0.010821198925575128,1,-9.836957275410896e-07,9.260650064305484e-29,1.9455180203512777e-12,True,False,0.0017053589999704855,4.5940000063637854e-05,0.0017978089999814983,ordinary,400,0.8,1102.0,,,
ordinary_n400_p0.8_seed1102,4V-FB,6164,1024,True,False,234,0.016808287530187004,0.010821198925575128,1,-9.838304677600718e-07,9.260650064305484e-29,1.945518020351277e-12,True,False,0.0017070789999706903,4.578000016408623e-05,0.001807228999950894,ordinary,400,0.8,1102.0,,,
ordinary_n400_p0.8_seed1102,4V-FB,7188,2048,True,False,234,0.016808287355049606,0.010821198925575128,1,-9.838538659323603e-07,9.260650064305484e-29,1.945518020351277e-12,True,False,0.0016893699998945522,5.4879999879631214e-05,0.0017914899999595946,ordinary,400,0.8,1102.0,,,
ordinary_n400_p0.8_seed1102,4V-FB,7628,2488,False,True,234,0.016808287352011946,0.010821198925575128,1,-9.838543029161428e-07,9.260650064305484e-29,1.9455180203512765e-12,True,False,0.0017213300000094023,4.721000004792586e-05,0.0018159600001581566,ordinary,400,0.8,1102.0,,,
ordinary_n400_p0.8_seed1103,4V-FB,4753,1,True,False,238,0.012873831202329124,0.0107918062284689,1,-7.485851973854096e-07,7.683510895550296e-29,2.0226588608238727e-12,True,False,0.0019021690000045055,5.3279999974620296e-05,0.0020121889999700215,ordinary,400,0.8,1103.0,,,
ordinary_n400_p0.8_seed1103,4V-FB,4754,2,True,False,238,0.012873831198371662,0.0107918062284689,1,-7.485881603486177e-07,7.683510895550296e-29,2.0226588608238723e-12,True,False,0.0018273399998633977,5.009000005884445e-05,0.001930020000145305,ordinary,400,0.8,1103.0,,,
ordinary_n400_p0.8_seed1103,4V-FB,4756,4,True,False,238,0.012873831190492836,0.0107918062284689,1,-7.485940614060382e-07,7.683510895550296e-29,2.0226588608238723e-12,True,False,0.001787510000212933,4.955999997946492e-05,0.0018863700001929828,ordinary,400,0.8,1103.0,,,
ordinary_n400_p0.8_seed1103,4V-FB,4760,8,True,False,238,0.012873831174876515,0.0107918062284689,1,-7.486057818084646e-07,7.683510895550296e-29,2.0226588608238707e-12,True,False,0.001767698999856293,4.964999993717356e-05,0.001865598999984286,ordinary,400,0.8,1103.0,,,
ordinary_n400_p0.8_seed1103,4V-FB,4768,16,True,False,238,0.012873831144200557,0.0107918062284689,1,-7.486287998403895e-07,7.683510895550296e-29,2.0226588608238695e-12,True,False,0.0017781799999738723,4.994999994778482e-05,0.0018759299998691858,ordinary,400,0.8,1103.0,,,
ordinary_n400_p0.8_seed1103,4V-FB,4784,32,True,False,238,0.012873831085012121,0.0107918062284689,1,-7.486733295536396e-07,7.683510895550296e-29,2.0226588608238667e-12,True,False,0.0017662300001575204,4.884000009042211e-05,0.001870069999995394,ordinary,400,0.8,1103.0,,,
ordinary_n400_p0.8_seed1103,4V-FB,4816,64,True,False,238,0.012873830974820852,0.0107918062284689,1,-7.487565838459886e-07,7.683510895550296e-29,2.0226588608238614e-12,True,False,0.0017793100000744744,4.949999993186793e-05,0.0018777000000227417,ordinary,400,0.8,1103.0,,,
ordinary_n400_p0.8_seed1103,4V-FB,4880,128,True,False,238,0.012873830783735121,0.0107918062284689,1,-7.48902195368828e-07,7.683510895550296e-29,2.0226588608238525e-12,True,False,0.0017766389998996601,5.0280000095881405e-05,0.001874539000027653,ordinary,400,0.8,1103.0,,,
ordinary_n400_p0.8_seed1103,4V-FB,5008,256,True,False,238,0.01287383049565902,0.0107918062284689,1,-7.491252915770019e-07,7.683510895550296e-29,2.0226588608238432e-12,True,False,0.0017779600000267237,4.977999992661353e-05,0.0018761199999062228,ordinary,400,0.8,1103.0,,,
ordinary_n400_p0.8_seed1103,4V-FB,5264,512,True,False,238,0.012873830164876872,0.0107918062284689,1,-7.493893257048967e-07,7.683510895550296e-29,2.0226588608238364e-12,True,False,0.0017800599998736288,4.9790000048233196e-05,0.0018787700000757468,ordinary,400,0.8,1103.0,,,
ordinary_n400_p0.8_seed1103,4V-FB,5776,1024,True,False,238,0.012873829938040447,0.0107918062284689,1,-7.495801028767346e-07,7.683510895550296e-29,2.0226588608238343e-12,True,False,0.001787428999932672,5.029999988437339e-05,0.00188703899993925,ordinary,400,0.8,1103.0,,,
ordinary_n400_p0.8_seed1103,4V-FB,6800,2048,True,False,238,0.012873829876874056,0.0107918062284689,1,-7.496358414016413e-07,7.683510895550296e-29,2.0226588608238343e-12,True,False,0.0017839699999058212,5.080999994788726e-05,0.0018834700001661986,ordinary,400,0.8,1103.0,,,
ordinary_n400_p0.8_seed1103,4V-FB,8016,3264,False,True,238,0.012873829873723309,0.0107918062284689,1,-7.496390352912385e-07,7.683510895550296e-29,2.0226588608238343e-12,True,False,0.001786418999927264,5.177999992156401e-05,0.0018868889999339444,ordinary,400,0.8,1103.0,,,
ordinary_n400_p0.8_seed1104,4V-FB,6877,1,True,False,234,0.012896535314144962,0.010656428209942684,-1,-7.291168877543441e-07,1.2475171527591113e-28,1.9548292860557253e-12,True,False,0.0017743789999258297,4.8660000175004825e-05,0.0018762189999961265,ordinary,400,0.8,1104.0,,,
ordinary_n400_p0.8_seed1104,4V-FB,6878,2,True,False,234,0.012896535062532079,0.010656428209942684,-1,-7.29119477682616e-07,1.2475171527591113e-28,1.954829286055725e-12,True,False,0.001732579999952577,4.555999998956395e-05,0.0018256700000165438,ordinary,400,0.8,1104.0,,,
ordinary_n400_p0.8_seed1104,4V-FB,6880,4,True,False,234,0.012896534561588372,0.010656428209942684,-1,-7.291246291174502e-07,1.2475171527591113e-28,1.954829286055725e-12,True,False,0.0017003000000386237,4.540000009001233e-05,0.0017910599999595433,ordinary,400,0.8,1104.0,,,
ordinary_n400_p0.8_seed1104,4V-FB,6884,8,True,False,234,0.012896533568761982,0.010656428209942684,-1,-7.291348502747041e-07,1.2475171527591113e-28,1.954829286055724e-12,True,False,0.0016869900000529015,4.493999995247577e-05,0.001776939999899696,ordinary,400,0.8,1104.0,,,
ordinary_n400_p0.8_seed1104,4V-FB,6892,16,True,False,234,0.012896531618833524,0.010656428209942684,-1,-7.291549586341262e-07,1.2475171527591113e-28,1.954829286055722e-12,True,False,0.0016934800000854011,4.5480000153474975e-05,0.00178366999989521,ordinary,400,0.8,1104.0,,,
ordinary_n400_p0.8_seed1104,4V-FB,6908,32,True,False,234,0.012896527857809188,0.010656428209942684,-1,-7.291938430853406e-07,1.2475171527591113e-28,1.9548292860557193e-12,True,False,0.0016955890000645013,4.4270000216783956e-05,0.0017845989998477307,ordinary,400,0.8,1104.0,,,
ordinary_n400_p0.8_seed1104,4V-FB,6940,64,True,False,234,0.012896520860062785,0.010656428209942684,-1,-7.292666062141961e-07,1.2475171527591113e-28,1.954829286055714e-12,True,False,0.0017024690000653209,4.503999980443041e-05,0.0017918290000125126,ordinary,400,0.8,1104.0,,,
ordinary_n400_p0.8_seed1104,4V-FB,7004,128,True,False,234,0.012896508735864698,0.010656428209942684,-1,-7.293940669228505e-07,1.2475171527591113e-28,1.9548292860557064e-12,True,False,0.0016934400000536698,4.46999999894615e-05,0.0017828899999585701,ordinary,400,0.8,1104.0,,,
ordinary_n400_p0.8_seed1104,4V-FB,7132,256,True,False,234,0.012896490469818162,0.010656428209942684,-1,-7.295899706605269e-07,1.2475171527591113e-28,1.9548292860556975e-12,True,False,0.0017025800000283198,4.517999991549004e-05,0.001792888999943898,ordinary,400,0.8,1104.0,,,
ordinary_n400_p0.8_seed1104,4V-FB,7388,512,True,False,234,0.012896469445287719,0.010656428209942684,-1,-7.298232027608265e-07,1.2475171527591113e-28,1.9548292860556914e-12,True,False,0.0017033799999808252,4.517000002124405e-05,0.0017941999999493419,ordinary,400,0.8,1104.0,,,
ordinary_n400_p0.8_seed1104,4V-FB,7900,1024,True,False,234,0.012896454808269646,0.010656428209942684,-1,-7.299936193305712e-07,1.2475171527591113e-28,1.9548292860556894e-12,True,False,0.0017037400000390335,4.551000006358663e-05,0.0017952599998807273,ordinary,400,0.8,1104.0,,,
ordinary_n400_p0.8_seed1104,4V-FB,8924,2048,True,False,234,0.012896450665778035,0.010656428209942684,-1,-7.300444373470327e-07,1.2475171527591113e-28,1.9548292860556894e-12,True,False,0.0016971700001704448,4.609000006894348e-05,0.00178847000006499,ordinary,400,0.8,1104.0,,,
ordinary_n400_p0.8_seed1104,4V-FB,10141,3265,False,True,234,0.01289645042895571,0.010656428209942684,-1,-7.30047442942805e-07,1.2475171527591113e-28,1.9548292860556898e-12,True,False,0.0017037800000707648,4.631000001609209e-05,0.0017960799998490984,ordinary,400,0.8,1104.0,,,
ordinary_n400_p0.8_seed1105,4V-FB,12159,1,True,False,243,0.0029431874171016543,0.010594116716727445,-1,-1.607267030578896e-07,1.657828849667211e-28,1.7807166111703936e-12,True,False,0.001984900000024936,4.869000008511648e-05,0.002089540000042689,ordinary,400,0.8,1105.0,,,
ordinary_n400_p0.8_seed1105,4V-FB,12160,2,True,False,243,0.002943187057580738,0.010594116716727445,-1,-1.607273425463518e-07,1.657828849667211e-28,1.7807166111703936e-12,True,False,0.0018640099999629456,4.600999977810716e-05,0.0019593800000166084,ordinary,400,0.8,1105.0,,,
ordinary_n400_p0.8_seed1105,4V-FB,12162,4,True,False,243,0.0029431863392178808,0.010594116716727445,-1,-1.607286321814172e-07,1.657828849667211e-28,1.780716611170393e-12,True,False,0.00188668000009784,4.5689999979003915e-05,0.001979520000077173,ordinary,400,0.8,1105.0,,,
ordinary_n400_p0.8_seed1105,4V-FB,12166,8,True,False,243,0.0029431849052059447,0.010594116716727445,-1,-1.6073120434612065e-07,1.657828849667211e-28,1.7807166111703918e-12,True,False,0.0018913399999291869,4.5890000137660536e-05,0.001983139999993,ordinary,400,0.8,1105.0,,,
ordinary_n400_p0.8_seed1105,4V-FB,12174,16,True,False,243,0.002943182048008132,0.010594116716727445,-1,-1.6073631314839076e-07,1.657828849667211e-28,1.7807166111703907e-12,True,False,0.001885978999780491,4.476999993130448e-05,0.0019763390000662184,ordinary,400,0.8,1105.0,,,
ordinary_n400_p0.8_seed1105,4V-FB,12190,32,True,False,243,0.0029431763766583205,0.010594116716727445,-1,-1.607464632513711e-07,1.657828849667211e-28,1.7807166111703871e-12,True,False,0.0018835500000022876,4.5300000010684016e-05,0.0019741099999919243,ordinary,400,0.8,1105.0,,,
ordinary_n400_p0.8_seed1105,4V-FB,12222,64,True,False,243,0.002943165204134894,0.010594116716727445,-1,-1.6076646502938274e-07,1.657828849667211e-28,1.7807166111703804e-12,True,False,0.0018774400000438618,4.5339999815041665e-05,0.0019673500000862987,ordinary,400,0.8,1105.0,,,
ordinary_n400_p0.8_seed1105,4V-FB,12286,128,True,False,243,0.0029431435240019595,0.010594116716727445,-1,-1.6080526421546892e-07,1.657828849667211e-28,1.7807166111703687e-12,True,False,0.0018893600001774757,4.5519999957832624e-05,0.001981290000003355,ordinary,400,0.8,1105.0,,,
ordinary_n400_p0.8_seed1105,4V-FB,12414,256,True,False,243,0.0029431027017176696,0.010594116716727445,-1,-1.6087832577227346e-07,1.657828849667211e-28,1.7807166111703471e-12,True,False,0.0018758999999590742,4.513999988375872e-05,0.001968470000065281,ordinary,400,0.8,1105.0,,,
ordinary_n400_p0.8_seed1105,4V-FB,12670,512,True,False,243,0.002943030305799047,0.010594116716727445,-1,-1.6100788613471195e-07,1.657828849667211e-28,1.7807166111703136e-12,True,False,0.001903779000031136,4.568000008475792e-05,0.001996359000031589,ordinary,400,0.8,1105.0,,,
ordinary_n400_p0.8_seed1105,4V-FB,13182,1024,True,False,243,0.002942916275278749,0.010594116716727445,-1,-1.6121193624485386e-07,1.657828849667211e-28,1.7807166111702718e-12,True,False,0.0018948599999930593,4.598000009536918e-05,0.001988279999977749,ordinary,400,0.8,1105.0,,,
ordinary_n400_p0.8_seed1105,4V-FB,14206,2048,True,False,243,0.002942773909485998,0.010594116716727445,-1,-1.6146666581562386e-07,1.657828849667211e-28,1.780716611170238e-12,True,False,0.0018730700001015066,4.678999994212063e-05,0.0019660499999645253,ordinary,400,0.8,1105.0,,,
ordinary_n400_p0.8_seed1105,4V-FB,16254,4096,True,False,243,0.0029426601178200885,0.010594116716727445,-1,-1.6167024341484648e-07,1.657828849667211e-28,1.7807166111702264e-12,True,False,0.001875729999937903,4.684000009547162e-05,0.0019690100000389066,ordinary,400,0.8,1105.0,,,
ordinary_n400_p0.8_seed1105,4V-FB,20350,8192,True,False,243,0.0029426202315210575,0.010594116716727445,-1,-1.6174158545823047e-07,1.657828849667211e-28,1.780716611170226e-12,True,False,0.0019280890001027728,4.7270000095522846e-05,0.0020265890000246145,ordinary,400,0.8,1105.0,,,
ordinary_n400_p0.8_seed1105,4V-FB,26767,14609,False,True,243,0.0029426170272306837,0.010594116716727445,-1,-1.6174732664353542e-07,1.657828849667211e-28,1.7807166111702256e-12,True,False,0.001944249999951353,4.7309999899880495e-05,0.0020427699998890603,ordinary,400,0.8,1105.0,,,
schedule_ablation_powers_of_two,4V-FB,1542,1,True,False,51,0.04450507276618727,0.04944142818870401,1,-5.4281130242195275e-05,9.533972675049429e-32,5.277084562092827e-13,True,False,0.00015796000002410437,1.3100000160193304e-05,0.00019684000017150538,schedule_ablation,100,0.5,1101.0,powers_of_two,,
schedule_ablation_powers_of_two,4V-FB,1543,2,True,False,51,0.04450507267292027,0.04944142818870401,1,-5.428117337569205e-05,9.533972675049429e-32,5.277084562092823e-13,True,False,0.00010393000002295594,1.1059999906137818e-05,0.00013380999985201925,schedule_ablation,100,0.5,1101.0,powers_of_two,,
schedule_ablation_powers_of_two,4V-FB,1545,4,True,False,51,0.04450507248905851,0.04944142818870401,1,-5.428125837170228e-05,9.533972675049429e-32,5.277084562092819e-13,True,False,9.020000015880214e-05,1.1599999879763345e-05,0.00011870000003000314,schedule_ablation,100,0.5,1101.0,powers_of_two,,
schedule_ablation_powers_of_two,4V-FB,1549,8,True,False,51,0.04450507213179272,0.04944142818870401,1,-5.428142341568076e-05,9.533972675049429e-32,5.277084562092811e-13,True,False,9.285999999519845e-05,1.1070000027757487e-05,0.00012132999995628779,schedule_ablation,100,0.5,1101.0,powers_of_two,,
schedule_ablation_powers_of_two,4V-FB,1557,16,True,False,51,0.04450507145726823,0.04944142818870401,1,-5.428173459698371e-05,9.533972675049429e-32,5.277084562092797e-13,True,False,8.361000004697416e-05,1.0629999906086596e-05,0.00011085999994975282,schedule_ablation,100,0.5,1101.0,powers_of_two,,
schedule_ablation_powers_of_two,4V-FB,1573,32,True,False,51,0.044505070254681964,0.04944142818870401,1,-5.428228791259926e-05,9.533972675049429e-32,5.277084562092776e-13,True,False,8.408000007875671e-05,1.0869999869100866e-05,0.0001119799999287352,schedule_ablation,100,0.5,1101.0,powers_of_two,,
schedule_ablation_powers_of_two,4V-FB,1605,64,True,False,51,0.04450506834096381,0.04944142818870401,1,-5.428316397892985e-05,9.533972675049429e-32,5.277084562092749e-13,True,False,8.511999999427644e-05,1.0559999964243616e-05,0.00011245999985476374,schedule_ablation,100,0.5,1101.0,powers_of_two,,
schedule_ablation_powers_of_two,4V-FB,1669,128,True,False,51,0.04450506590530602,0.04944142818870401,1,-5.428426886400217e-05,9.533972675049429e-32,5.277084562092729e-13,True,False,8.483999999953085e-05,1.0559999964243616e-05,0.00011218000008739182,schedule_ablation,100,0.5,1101.0,powers_of_two,,
schedule_ablation_powers_of_two,4V-FB,1797,256,True,False,51,0.04450506389098752,0.04944142818870401,1,-5.428516909233849e-05,9.533972675049429e-32,5.277084562092722e-13,True,False,8.524000008947041e-05,1.049999991664663e-05,0.000112749999971129,schedule_ablation,100,0.5,1101.0,powers_of_two,,
schedule_ablation_powers_of_two,4V-FB,2053,512,True,False,51,0.04450506314463899,0.04944142818870401,1,-5.4285495788342075e-05,9.533972675049429e-32,5.277084562092721e-13,True,False,8.843999989949225e-05,1.6329999880326795e-05,0.00012230999982421054,schedule_ablation,100,0.5,1101.0,powers_of_two,,
schedule_ablation_powers_of_two,4V-FB,2466,925,False,True,51,0.04450506307932585,0.04944142818870401,1,-5.428552371977702e-05,9.533972675049429e-32,5.277084562092721e-13,True,False,9.359999990010692e-05,1.077000001714623e-05,0.00012240000000929285,schedule_ablation,100,0.5,1101.0,powers_of_two,,
schedule_ablation_every_eligible,4V-FB,1542,1,True,False,51,0.04450507276618727,0.04944142818870401,1,-5.4281130242195275e-05,9.533972675049429e-32,5.277084562092827e-13,True,False,0.0001247000000148546,1.2129999959142879e-05,0.00015998000003492052,schedule_ablation,100,0.5,1101.0,every_eligible,,
schedule_ablation_every_eligible,4V-FB,1543,2,True,False,51,0.04450507267292027,0.04944142818870401,1,-5.428117337569205e-05,9.533972675049429e-32,5.277084562092823e-13,True,False,9.736999982123962e-05,1.083999995898921e-05,0.0001264100001208135,schedule_ablation,100,0.5,1101.0,every_eligible,,
schedule_ablation_every_eligible,4V-FB,1544,3,True,False,51,0.04450507258054669,0.04944142818870401,1,-5.428121608375136e-05,9.533972675049429e-32,5.277084562092821e-13,True,False,8.657999978822772e-05,1.0390000170446001e-05,0.00011364000010871678,schedule_ablation,100,0.5,1101.0,every_eligible,,
schedule_ablation_every_eligible,4V-FB,1545,4,True,False,51,0.04450507248905851,0.04944142818870401,1,-5.428125837170228e-05,9.533972675049429e-32,5.277084562092819e-13,True,False,8.1659999978001e-05,1.0270000075252028e-05,0.0001079900000604539,schedule_ablation,100,0.5,1101.0,every_eligible,,
schedule_ablation_every_eligible,4V-FB,1546,5,True,False,51,0.04450507239844738,0.04944142818870401,1,-5.428130024665023e-05,9.533972675049429e-32,5.277084562092816e-13,True,False,8.002000004125875e-05,1.0129999964192393e-05,0.00010608000002321205,schedule_ablation,100,0.5,1101.0,every_eligible,,
schedule_ablation_every_eligible,4V-FB,1547,6,True,False,51,0.044505072308705276,0.04944142818870401,1,-5.428134170770704e-05,9.533972675049429e-32,5.277084562092813e-13,True,False,8.05599997875106e-05,1.0409999958937988e-05,0.0001073899998118577,schedule_ablation,100,0.5,1101.0,every_eligible,,
schedule_ablation_every_eligible,4V-FB,1548,7,True,False,51,0.04450507221982267,0.04944142818870401,1,-5.4281382761978136e-05,9.533972675049429e-32,5.277084562092812e-13,True,False,7.912000000942498e-05,1.0119999842572724e-05,0.00010502999998607265,schedule_ablation,100,0.5,1101.0,every_eligible,,
schedule_ablation_every_eligible,4V-FB,1549,8,True,False,51,0.04450507213179272,0.04944142818870401,1,-5.428142341568076e-05,9.533972675049429e-32,5.277084562092811e-13,True,False,7.845999994060548e-05,1.0440000096423319e-05,0.00010444000008646981,schedule_ablation,100,0.5,1101.0,every_eligible,,
schedule_ablation_every_eligible,4V-FB,1550,9,True,False,51,0.044505072044606145,0.04944142818870401,1,-5.42814636697031e-05,9.533972675049429e-32,5.277084562092809e-13,True,False,7.862999996177678e-05,1.001999999061809e-05,0.00010463999979037908,schedule_ablation,100,0.5,1101.0,every_eligible,,
schedule_ablation_every_eligible,4V-FB,1551,10,True,False,51,0.044505071958256176,0.04944142818870401,1,-5.428150352937422e-05,9.533972675049429e-32,5.277084562092808e-13,True,False,7.824999988770287e-05,1.0239999937766697e-05,0.00010410999993837322,schedule_ablation,100,0.5,1101.0,every_eligible,,
schedule_ablation_every_eligible,4V-FB,1552,11,True,False,51,0.044505071872733906,0.04944142818870401,1,-5.4281542997358656e-05,9.533972675049429e-32,5.277084562092804e-13,True,False,7.97100001364015e-05,1.0210000027655042e-05,0.00010573000008662348,schedule_ablation,100,0.5,1101.0,every_eligible,,
schedule_ablation_every_eligible,4V-FB,1553,12,True,False,51,0.04450507178803184,0.04944142818870401,1,-5.428158207454459e-05,9.533972675049429e-32,5.277084562092804e-13,True,False,7.86699999935081e-05,1.0279999969498022e-05,0.00010457999997015577,schedule_ablation,100,0.5,1101.0,every_eligible,,
schedule_ablation_every_eligible,4V-FB,1554,13,True,False,51,0.04450507170414224,0.04944142818870401,1,-5.4281620772478334e-05,9.533972675049429e-32,5.277084562092802e-13,True,False,7.832999995116552e-05,1.0049999900729745e-05,0.00010397999994893325,schedule_ablation,100,0.5,1101.0,every_eligible,,
schedule_ablation_every_eligible,4V-FB,1555,14,True,False,51,0.04450507162105638,0.04944142818870401,1,-5.428165908760718e-05,9.533972675049429e-32,5.277084562092801e-13,True,False,7.7739999824189e-05,1.0040000006483751e-05,0.00010307999991709949,schedule_ablation,100,0.5,1101.0,every_eligible,,
schedule_ablation_every_eligible,4V-FB,1556,15,True,False,51,0.0445050715387678,0.04944142818870401,1,-5.4281697027924736e-05,9.533972675049429e-32,5.277084562092799e-13,True,False,7.831000016267353e-05,1.0040000006483751e-05,0.0001038999998854706,schedule_ablation,100,0.5,1101.0,every_eligible,,
schedule_ablation_every_eligible,4V-FB,1557,16,True,False,51,0.04450507145726823,0.04944142818870401,1,-5.428173459698371e-05,9.533972675049429e-32,5.277084562092797e-13,True,False,8.555999988857366e-05,1.0289999863744015e-05,0.0001116999999339896,schedule_ablation,100,0.5,1101.0,every_eligible,,
schedule_ablation_every_eligible,4V-FB,1558,17,True,False,51,0.04450507137655052,0.04944142818870401,1,-5.428177179656046e-05,9.533972675049429e-32,5.277084562092796e-13,True,False,7.795999999871128e-05,1.0529999826758285e-05,0.00010404999989077623,schedule_ablation,100,0.5,1101.0,every_eligible,,
schedule_ablation_every_eligible,4V-FB,1559,18,True,False,51,0.044505071296607274,0.04944142818870401,1,-5.4281808630207706e-05,9.533972675049429e-32,5.277084562092794e-13,True,False,7.862999996177678e-05,1.0169999995923718e-05,0.00010466999992786441,schedule_ablation,100,0.5,1101.0,every_eligible,,
schedule_ablation_every_eligible,4V-FB,1560,19,True,False,51,0.04450507121743082,0.04944142818870401,1,-5.4281845101478154e-05,9.533972675049429e-32,5.277084562092793e-13,True,False,7.819000006747956e-05,1.0230000043520704e-05,0.00010444000008646981,schedule_ablation,100,0.5,1101.0,every_eligible,,
schedule_ablation_every_eligible,4V-FB,1561,20,True,False,51,0.04450507113901374,0.04944142818870401,1,-5.428188121836541e-05,9.533972675049429e-32,5.277084562092791e-13,True,False,7.864999997764244e-05,1.0180000117543386e-05,0.00010540000016590056,schedule_ablation,100,0.5,1101.0,every_eligible,,
schedule_ablation_every_eligible,4V-FB,1562,21,True,False,51,0.04450507106134817,0.04944142818870401,1,-5.428191697731677e-05,9.533972675049429e-32,5.27708456209279e-13,True,False,8.461000015813624e-05,1.0449999990669312e-05,0.00011165999990225828,schedule_ablation,100,0.5,1101.0,every_eligible,,
schedule_ablation_every_eligible,4V-FB,1563,22,True,False,51,0.04450507098442909,0.04944142818870401,1,-5.428195238632583e-05,9.533972675049429e-32,5.277084562092789e-13,True,False,7.776000006742834e-05,1.005000012810342e-05,0.00010330000009162177,schedule_ablation,100,0.5,1101.0,every_eligible,,
schedule_ablation_every_eligible,4V-FB,1564,23,True,False,51,0.04450507090824772,0.04944142818870401,1,-5.4281987447168945e-05,9.533972675049429e-32,5.277084562092788e-13,True,False,7.744000004095142e-05,9.960000170394778e-06,0.00010302999999112217,schedule_ablation,100,0.5,1101.0,every_eligible,,
schedule_ablation_every_eligible,4V-FB,1565,24,True,False,51,0.0445050708327968,0.04944142818870401,1,-5.4282022164287014e-05,9.533972675049429e-32,5.277084562092787e-13,True,False,7.768000000396569e-05,9.900000122797792e-06,0.00010309000003871915,schedule_ablation,100,0.5,1101.0,every_eligible,,
schedule_ablation_every_eligible,4V-FB,1566,25,True,False,51,0.04450507075807009,0.04944142818870401,1,-5.428205654034457e-05,9.533972675049429e-32,5.277084562092785e-13,True,False,7.732999984000344e-05,9.979999958886765e-06,0.00010263000012855628,schedule_ablation,100,0.5,1101.0,every_eligible,,
schedule_ablation_every_eligible,4V-FB,1567,26,True,False,51,0.0445050706840604,0.04944142818870401,1,-5.428209058155886e-05,9.533972675049429e-32,5.277084562092782e-13,True,False,7.720999997218314e-05,1.6510000023117755e-05,0.00010888000019804167,schedule_ablation,100,0.5,1101.0,every_eligible,,
schedule_ablation_every_eligible,4V-FB,1568,27,True,False,51,0.04450507061076048,0.04944142818870401,1,-5.4282124285265354e-05,9.533972675049429e-32,5.277084562092782e-13,True,False,7.787999993524863e-05,9.959999943021103e-06,0.00010305000000698783,schedule_ablation,100,0.5,1101.0,every_eligible,,
schedule_ablation_every_eligible,4V-FB,1569,28,True,False,51,0.044505070538164354,0.04944142818870401,1,-5.4282157657681296e-05,9.533972675049429e-32,5.277084562092782e-13,True,False,7.651000009900599e-05,9.979999958886765e-06,0.00010152999993806588,schedule_ablation,100,0.5,1101.0,every_eligible,,
schedule_ablation_every_eligible,4V-FB,1570,29,True,False,51,0.04450507046626535,0.04944142818870401,1,-5.4282190705912114e-05,9.533972675049429e-32,5.27708456209278e-13,True,False,7.600999992973811e-05,9.859999863692792e-06,0.0001012300001548283,schedule_ablation,100,0.5,1101.0,every_eligible,,
schedule_ablation_every_eligible,4V-FB,1571,30,True,False,51,0.044505070395056634,0.04944142818870401,1,-5.428222342818145e-05,9.533972675049429e-32,5.277084562092778e-13,True,False,7.699999991928053e-05,9.970000064640772e-06,0.00010211000017079641,schedule_ablation,100,0.5,1101.0,every_eligible,,
schedule_ablation_every_eligible,4V-FB,1572,31,True,False,51,0.044505070324530605,0.04944142818870401,1,-5.4282255828930204e-05,9.533972675049429e-32,5.277084562092777e-13,True,False,7.649999997738632e-05,9.910000017043785e-06,0.00010141999996449158,schedule_ablation,100,0.5,1101.0,every_eligible,,
schedule_ablation_every_eligible,4V-FB,1573,32,True,False,51,0.044505070254681964,0.04944142818870401,1,-5.428228791259926e-05,9.533972675049429e-32,5.277084562092776e-13,True,False,7.744999993519741e-05,9.899999895424116e-06,0.00010232999989057134,schedule_ablation,100,0.5,1101.0,every_eligible,,
schedule_ablation_every_eligible,4V-FB,1574,33,True,False,51,0.04450507018550377,0.04944142818870401,1,-5.4282319680076796e-05,9.533972675049429e-32,5.277084562092775e-13,True,False,7.646999983990099e-05,9.750000117492164e-06,0.00010167000004912552,schedule_ablation,100,0.5,1101.0,every_eligible,,
schedule_ablation_every_eligible,4V-FB,1575,34,True,False,51,0.04450507011698911,0.04944142818870401,1,-5.428235113491553e-05,9.533972675049429e-32,5.277084562092775e-13,True,False,7.615000004079775e-05,1.0129999964192393e-05,0.00010139999994862592,schedule_ablation,100,0.5,1101.0,every_eligible,,
schedule_ablation_every_eligible,4V-FB,1576,35,True,False,51,0.04450507004913336,0.04944142818870401,1,-5.428238228422089e-05,9.533972675049429e-32,5.277084562092773e-13,True,False,7.698000013078854e-05,9.959999943021103e-06,0.00010222000014437072,schedule_ablation,100,0.5,1101.0,every_eligible,,
schedule_ablation_every_eligible,4V-FB,1577,36,True,False,51,0.04450506998192817,0.04944142818870401,1,-5.428241312532833e-05,9.533972675049429e-32,5.277084562092772e-13,True,False,7.641000001967768e-05,1.0180000117543386e-05,0.00010188999999627413,schedule_ablation,100,0.5,1101.0,every_eligible,,
schedule_ablation_every_eligible,4V-FB,1578,37,True,False,51,0.04450506991536818,0.04944142818870401,1,-5.4282443665343294e-05,9.533972675049429e-32,5.277084562092771e-13,True,False,8.421999996244267e-05,1.042999997480365e-05,0.00010993999990205339,schedule_ablation,100,0.5,1101.0,every_eligible,,
schedule_ablation_every_eligible,4V-FB,1579,38,True,False,51,0.04450506984944738,0.04944142818870401,1,-5.428247390337759e-05,9.533972675049429e-32,5.27708456209277e-13,True,False,7.733000006737711e-05,9.979999958886765e-06,0.00010253000004922797,schedule_ablation,100,0.5,1101.0,every_eligible,,
schedule_ablation_every_eligible,4V-FB,1580,39,True,False,51,0.0445050697841604,0.04944142818870401,1,-5.42825038447603e-05,9.533972675049429e-32,5.277084562092769e-13,True,False,7.709000010436284e-05,1.0059999794975738e-05,0.00010227999996459403,schedule_ablation,100,0.5,1101.0,every_eligible,,
schedule_ablation_every_eligible,4V-FB,1581,40,True,False,51,0.04450506971949948,0.04944142818870401,1,-5.4282533493932306e-05,9.533972675049429e-32,5.277084562092767e-13,True,False,7.740999990346609e-05,1.0169999995923718e-05,0.0001029099998959282,schedule_ablation,100,0.5,1101.0,every_eligible,,
schedule_ablation_every_eligible,4V-FB,1582,41,True,False,51,0.04450506965545929,0.04944142818870401,1,-5.428256285266997e-05,9.533972675049429e-32,5.277084562092767e-13,True,False,7.664000008844596e-05,9.819999831961468e-06,0.00010130999999091728,schedule_ablation,100,0.5,1101.0,every_eligible,,
schedule_ablation_every_eligible,4V-FB,1583,42,True,False,51,0.044505069592034804,0.04944142818870401,1,-5.428259192186147e-05,9.533972675049429e-32,5.277084562092766e-13,True,False,8.305999995172897e-05,1.0200000133409048e-05,0.00010866999991776538,schedule_ablation,100,0.5,1101.0,every_eligible,,
schedule_ablation_every_eligible,4V-FB,1584,43,True,False,51,0.04450506952921911,0.04944142818870401,1,-5.4282620705059514e-05,9.533972675049429e-32,5.277084562092765e-13,True,False,7.715000015195983e-05,9.979999958886765e-06,0.0001022399999328627,schedule_ablation,100,0.5,1101.0,every_eligible,,
schedule_ablation_every_eligible,4V-FB,1585,44,True,False,51,0.04450506946700701,0.04944142818870401,1,-5.4282649206705e-05,9.533972675049429e-32,5.277084562092764e-13,True,False,7.683999979235523e-05,1.005000012810342e-05,0.00010193000002800545,schedule_ablation,100,0.5,1101.0,every_eligible,,
schedule_ablation_every_eligible,4V-FB,1586,45,True,False,51,0.04450506940539173,0.04944142818870401,1,-5.428267742679793e-05,9.533972675049429e-32,5.277084562092762e-13,True,False,7.668000012017728e-05,9.879999879558454e-06,0.00010178000002269982,schedule_ablation,100,0.5,1101.0,every_eligible,,
schedule_ablation_every_eligible,4V-FB,1587,46,True,False,51,0.04450506934436928,0.04944142818870401,1,-5.428270537155555e-05,9.533972675049429e-32,5.277084562092762e-13,True,False,7.654000000911765e-05,9.999999974752427e-06,0.00010171000008085684,schedule_ablation,100,0.5,1101.0,every_eligible,,
schedule_ablation_every_eligible,4V-FB,1588,47,True,False,51,0.044505069283932414,0.04944142818870401,1,-5.4282733042754217e-05,9.533972675049429e-32,5.277084562092762e-13,True,False,7.66100001783343e-05,1.0029999884864083e-05,0.00010165000003325986,schedule_ablation,100,0.5,1101.0,every_eligible,,
schedule_ablation_every_eligible,4V-FB,1589,48,True,False,51,0.04450506922407593,0.04944142818870401,1,-5.428276044128211e-05,9.533972675049429e-32,5.27708456209276e-13,True,False,7.80099999246886e-05,9.95000004877511e-06,0.00010324999993827078,schedule_ablation,100,0.5,1101.0,every_eligible,,
schedule_ablation_every_eligible,4V-FB,1590,49,True,False,51,0.04450506916479503,0.04944142818870401,1,-5.428278756980376e-05,9.533972675049429e-32,5.27708456209276e-13,True,False,7.714999992458615e-05,9.770000133357826e-06,0.00010183999984292313,schedule_ablation,100,0.5,1101.0,every_eligible,,
schedule_ablation_every_eligible,4V-FB,1591,50,True,False,51,0.04450506910608333,0.04944142818870401,1,-5.42828144354246e-05,9.533972675049429e-32,5.277084562092759e-13,True,False,7.660999995096063e-05,9.999999974752427e-06,0.00010154000005968555,schedule_ablation,100,0.5,1101.0,every_eligible,,
schedule_ablation_every_eligible,4V-FB,1592,51,True,False,51,0.04450506904793575,0.04944142818870401,1,-5.4282841032815554e-05,9.533972675049429e-32,5.277084562092759e-13,True,False,7.72800001413998e-05,9.999999974752427e-06,0.00010261000011269061,schedule_ablation,100,0.5,1101.0,every_eligible,,
schedule_ablation_every_eligible,4V-FB,1593,52,True,False,51,0.0445050689903467,0.04944142818870401,1,-5.428286737263477e-05,9.533972675049429e-32,5.277084562092757e-13,True,False,7.650000020476e-05,9.930000032909447e-06,0.00010167000004912552,schedule_ablation,100,0.5,1101.0,every_eligible,,
schedule_ablation_every_eligible,4V-FB,1594,53,True,False,51,0.04450506893331113,0.04944142818870401,1,-5.4282893452217706e-05,9.533972675049429e-32,5.277084562092757e-13,True,False,8.603000014772988e-05,1.025999995363236e-05,0.00011195000001862354,schedule_ablation,100,0.5,1101.0,every_eligible,,
schedule_ablation_every_eligible,4V-FB,1595,54,True,False,51,0.044505068876823775,0.04944142818870401,1,-5.428291927600526e-05,9.533972675049429e-32,5.277084562092757e-13,True,False,7.67300000461546e-05,9.989999853132758e-06,0.00010195999993811711,schedule_ablation,100,0.5,1101.0,every_eligible,,
schedule_ablation_every_eligible,4V-FB,1596,55,True,False,51,0.04450506882087921,0.04944142818870401,1,-5.428294484666196e-05,9.533972675049429e-32,5.277084562092756e-13,True,False,7.6459999945655e-05,9.729999874252826e-06,0.00010122999992745463,schedule_ablation,100,0.5,1101.0,every_eligible,,
schedule_ablation_every_eligible,4V-FB,1597,56,True,False,51,0.04450506876547243,0.04944142818870401,1,-5.428297016685235e-05,9.533972675049429e-32,5.277084562092755e-13,True,False,7.639000000381202e-05,9.890000001178123e-06,0.00010153999983231188,schedule_ablation,100,0.5,1101.0,every_eligible,,
schedule_ablation_every_eligible,4V-FB,1598,57,True,False,51,0.04450506871059792,0.04944142818870401,1,-5.428299523835278e-05,9.533972675049429e-32,5.277084562092753e-13,True,False,7.63499999720807e-05,9.830000180954812e-06,0.00010137999993276026,schedule_ablation,100,0.5,1101.0,every_eligible,,
schedule_ablation_every_eligible,4V-FB,1599,58,True,False,51,0.044505068656250785,0.04944142818870401,1,-5.428302006293961e-05,9.533972675049429e-32,5.277084562092753e-13,True,False,8.247999994637212e-05,1.0080000038215076e-05,0.00010814999996000552,schedule_ablation,100,0.5,1101.0,every_eligible,,
schedule_ablation_every_eligible,4V-FB,1600,59,True,False,51,0.04450506860242623,0.04944142818870401,1,-5.428304464327738e-05,9.533972675049429e-32,5.277084562092753e-13,True,False,7.68499999139749e-05,9.76999990598415e-06,0.00010165000003325986,schedule_ablation,100,0.5,1101.0,every_eligible,,
schedule_ablation_every_eligible,4V-FB,1601,60,True,False,51,0.04450506854911834,0.04944142818870401,1,-5.428306898291879e-05,9.533972675049429e-32,5.277084562092753e-13,True,False,7.682000000386324e-05,9.849999969446799e-06,0.00010176000000683416,schedule_ablation,100,0.5,1101.0,every_eligible,,
schedule_ablation_every_eligible,4V-FB,1602,61,True,False,51,0.044505068496323366,0.04944142818870401,1,-5.428309308275203e-05,9.533972675049429e-32,5.277084562092753e-13,True,False,7.632999995621503e-05,9.910000017043785e-06,0.00010118000000147731,schedule_ablation,100,0.5,1101.0,every_eligible,,
schedule_ablation_every_eligible,4V-FB,1603,62,True,False,51,0.044505068444035664,0.04944142818870401,1,-5.428311694899435e-05,9.533972675049429e-32,5.277084562092751e-13,True,False,7.638000010956603e-05,9.729999874252826e-06,0.0001009600000543287,schedule_ablation,100,0.5,1101.0,every_eligible,,
schedule_ablation_every_eligible,4V-FB,1604,63,True,False,51,0.04450506839225073,0.04944142818870401,1,-5.4283140578981204e-05,9.533972675049429e-32,5.27708456209275e-13,True,False,7.591000007778348e-05,9.76999990598415e-06,0.00010066000004371745,schedule_ablation,100,0.5,1101.0,every_eligible,,
schedule_ablation_every_eligible,4V-FB,1605,64,True,False,51,0.04450506834096381,0.04944142818870401,1,-5.428316397892985e-05,9.533972675049429e-32,5.277084562092749e-13,True,False,7.758000015201105e-05,9.929999805535772e-06,0.0001027900000281079,schedule_ablation,100,0.5,1101.0,every_eligible,,
schedule_ablation_every_eligible,4V-FB,1606,65,True,False,51,0.04450506829017037,0.04944142818870401,1,-5.4283187147952106e-05,9.533972675049429e-32,5.277084562092748e-13,True,False,7.613999991917808e-05,9.920000138663454e-06,0.00010102000010192569,schedule_ablation,100,0.5,1101.0,every_eligible,,
schedule_ablation_every_eligible,4V-FB,1607,66,True,False,51,0.04450506823986483,0.04944142818870401,1,-5.428321008782433e-05,9.533972675049429e-32,5.277084562092748e-13,True,False,7.666000010431162e-05,9.949999821401434e-06,0.00010149999980058055,schedule_ablation,100,0.5,1101.0,every_eligible,,
schedule_ablation_every_eligible,4V-FB,1608,67,True,False,51,0.04450506819004317,0.04944142818870401,1,-5.4283232802099235e-05,9.533972675049429e-32,5.277084562092748e-13,True,False,7.604999996146944e-05,9.890000001178123e-06,0.0001009600000543287,schedule_ablation,100,0.5,1101.0,every_eligible,,
schedule_ablation_every_eligible,4V-FB,1609,68,True,False,51,0.044505068140700044,0.04944142818870401,1,-5.428325529699407e-05,9.533972675049429e-32,5.277084562092747e-13,True,False,7.617000005666341e-05,9.960000170394778e-06,0.0001008500000807544,schedule_ablation,100,0.5,1101.0,every_eligible,,
schedule_ablation_every_eligible,4V-FB,1610,69,True,False,51,0.04450506809183201,0.04944142818870401,1,-5.428327757073248e-05,9.533972675049429e-32,5.277084562092746e-13,True,False,7.774999994580867e-05,9.959999943021103e-06,0.00010928000006060756,schedule_ablation,100,0.5,1101.0,every_eligible,,
schedule_ablation_every_eligible,4V-FB,1611,70,True,False,51,0.04450506804343318,0.04944142818870401,1,-5.428329962331446e-05,9.533972675049429e-32,5.277084562092745e-13,True,False,7.68900001730799e-05,1.0099999826707062e-05,0.00010195999993811711,schedule_ablation,100,0.5,1101.0,every_eligible,,
schedule_ablation_every_eligible,4V-FB,1612,71,True,False,51,0.044505067995499886,0.04944142818870401,1,-5.428332145918091e-05,9.533972675049429e-32,5.277084562092746e-13,True,False,7.669000001442328e-05,9.930000032909447e-06,0.0001015799998640432,schedule_ablation,100,0.5,1101.0,every_eligible,,
schedule_ablation_every_eligible,4V-FB,1613,72,True,False,51,0.044505067948028165,0.04944142818870401,1,-5.428334308277272e-05,9.533972675049429e-32,5.277084562092745e-13,True,False,7.67300000461546e-05,9.990000080506434e-06,0.00010182000005443115,schedule_ablation,100,0.5,1101.0,every_eligible,,
schedule_ablation_every_eligible,4V-FB,1614,73,True,False,51,0.044505067901013134,0.04944142818870401,1,-5.4283364492313524e-05,9.533972675049429e-32,5.277084562092745e-13,True,False,7.664999998269195e-05,9.88000010693213e-06,0.00010158000009141688,schedule_ablation,100,0.5,1101.0,every_eligible,,
schedule_ablation_every_eligible,4V-FB,1615,74,True,False,51,0.04450506785444913,0.04944142818870401,1,-5.428338569490876e-05,9.533972675049429e-32,5.277084562092744e-13,True,False,8.363000006283983e-05,1.0159999874304049e-05,0.00010911999993368227,schedule_ablation,100,0.5,1101.0,every_eligible,,
schedule_ablation_every_eligible,4V-FB,1616,75,True,False,51,0.04450506780833395,0.04944142818870401,1,-5.428340668434117e-05,9.533972675049429e-32,5.277084562092745e-13,True,False,7.709999999860884e-05,9.930000032909447e-06,0.00010204000000157976,schedule_ablation,100,0.5,1101.0,every_eligible,,
schedule_ablation_every_eligible,4V-FB,1617,76,True,False,51,0.04450506776266247,0.04944142818870401,1,-5.4283427472157086e-05,9.533972675049429e-32,5.277084562092744e-13,True,False,7.63400000778347e-05,9.910000017043785e-06,0.00010111999995388032,schedule_ablation,100,0.5,1101.0,every_eligible,,
schedule_ablation_every_eligible,4V-FB,1618,77,True,False,51,0.04450506771743026,0.04944142818870401,1,-5.4283448054803785e-05,9.533972675049429e-32,5.277084562092743e-13,True,False,7.63400000778347e-05,9.850000196820474e-06,0.00010104000011779135,schedule_ablation,100,0.5,1101.0,every_eligible,,
schedule_ablation_every_eligible,4V-FB,1619,78,True,False,51,0.04450506767263264,0.04944142818870401,1,-5.42834684349458e-05,9.533972675049429e-32,5.277084562092743e-13,True,False,7.666000010431162e-05,9.990000080506434e-06,0.00010167999994337151,schedule_ablation,100,0.5,1101.0,every_eligible,,
schedule_ablation_every_eligible,4V-FB,1620,79,True,False,51,0.0445050676282662,0.04944142818870401,1,-5.42834886143595e-05,9.533972675049429e-32,5.277084562092743e-13,True,False,7.683000012548291e-05,9.890000001178123e-06,0.0001014599999962229,schedule_ablation,100,0.5,1101.0,every_eligible,,
schedule_ablation_every_eligible,4V-FB,1621,80,True,False,51,0.04450506758432653,0.04944142818870401,1,-5.4283508596597585e-05,9.533972675049429e-32,5.277084562092742e-13,True,False,7.758000015201105e-05,1.001999999061809e-05,0.00010283000005983922,schedule_ablation,100,0.5,1101.0,every_eligible,,
schedule_ablation_every_eligible,4V-FB,1622,81,True,False,51,0.044505067540810295,0.04944142818870401,1,-5.428352838254824e-05,9.533972675049429e-32,5.277084562092742e-13,True,False,7.66200000725803e-05,9.869999985312461e-06,0.00010144999987460324,schedule_ablation,100,0.5,1101.0,every_eligible,,
schedule_ablation_every_eligible,4V-FB,1623,82,True,False,51,0.04450506749771166,0.04944142818870401,1,-5.428354797398782e-05,9.533972675049429e-32,5.27708456209274e-13,True,False,7.644000015716301e-05,9.829999953581137e-06,0.00010134000012840261,schedule_ablation,100,0.5,1101.0,every_eligible,,
schedule_ablation_every_eligible,4V-FB,1624,83,True,False,51,0.04450506745502851,0.04944142818870401,1,-5.428356737180451e-05,9.533972675049429e-32,5.27708456209274e-13,True,False,7.662999996682629e-05,9.910000017043785e-06,0.00010161000000152853,schedule_ablation,100,0.5,1101.0,every_eligible,,
schedule_ablation_every_eligible,4V-FB,1625,84,True,False,51,0.04450506741275553,0.04944142818870401,1,-5.428358658043919e-05,9.533972675049429e-32,5.277084562092741e-13,True,False,7.641000001967768e-05,9.869999985312461e-06,0.00010133999990102893,schedule_ablation,100,0.5,1101.0,every_eligible,,
schedule_ablation_every_eligible,4V-FB,1626,85,True,False,51,0.04450506737089037,0.04944142818870401,1,-5.428360560166823e-05,9.533972675049429e-32,5.277084562092741e-13,True,False,7.716999994045182e-05,9.749999890118488e-06,0.00010199000007560244,schedule_ablation,100,0.5,1101.0,every_eligible,,
schedule_ablation_every_eligible,4V-FB,1627,86,True,False,51,0.044505067329426676,0.04944142818870401,1,-5.428362443460344e-05,9.533972675049429e-32,5.277084562092739e-13,True,False,7.630000004610338e-05,9.820000059335143e-06,0.0001007999999274034,schedule_ablation,100,0.5,1101.0,every_eligible,,
schedule_ablation_every_eligible,4V-FB,1628,87,True,False,51,0.04450506728836272,0.04944142818870401,1,-5.4283643084573896e-05,9.533972675049429e-32,5.277084562092739e-13,True,False,7.602000005135778e-05,9.869999985312461e-06,0.00010100999998030602,schedule_ablation,100,0.5,1101.0,every_eligible,,
schedule_ablation_every_eligible,4V-FB,1629,88,True,False,51,0.04450506724769414,0.04944142818870401,1,-5.428366155069142e-05,9.533972675049429e-32,5.277084562092738e-13,True,False,7.63499999720807e-05,9.919999911289779e-06,0.00010145000010197691,schedule_ablation,100,0.5,1101.0,every_eligible,,
schedule_ablation_every_eligible,4V-FB,1630,89,True,False,51,0.0445050672074163,0.04944142818870401,1,-5.428367983384419e-05,9.533972675049429e-32,5.277084562092739e-13,True,False,7.660000005671463e-05,1.0010000096372096e-05,0.00010141000007024559,schedule_ablation,100,0.5,1101.0,every_eligible,,
schedule_ablation_every_eligible,4V-FB,1631,90,True,False,51,0.04450506716752714,0.04944142818870401,1,-5.428369794113763e-05,9.533972675049429e-32,5.277084562092737e-13,True,False,8.35900000311085e-05,1.0169999995923718e-05,0.00010906000011345895,schedule_ablation,100,0.5,1101.0,every_eligible,,
schedule_ablation_every_eligible,4V-FB,1632,91,True,False,51,0.04450506712802124,0.04944142818870401,1,-5.42837158663545e-05,9.533972675049429e-32,5.277084562092738e-13,True,False,7.671999992453493e-05,9.76999990598415e-06,0.00010141999996449158,schedule_ablation,100,0.5,1101.0,every_eligible,,
schedule_ablation_every_eligible,4V-FB,1633,92,True,False,51,0.0445050670888955,0.04944142818870401,1,-5.4283733616600216e-05,9.533972675049429e-32,5.277084562092738e-13,True,False,7.639999989805801e-05,1.0090000159834744e-05,0.00010141000007024559,schedule_ablation,100,0.5,1101.0,every_eligible,,
schedule_ablation_every_eligible,4V-FB,1634,93,True,False,51,0.04450506705014712,0.04944142818870401,1,-5.428375119365114e-05,9.533972675049429e-32,5.277084562092738e-13,True,False,7.692999997743755e-05,9.959999943021103e-06,0.00010200999986409442,schedule_ablation,100,0.5,1101.0,every_eligible,,
schedule_ablation_every_eligible,4V-FB,1635,94,True,False,51,0.04450506701177133,0.04944142818870401,1,-5.4283768598395454e-05,9.533972675049429e-32,5.277084562092738e-13,True,False,7.694999999330321e-05,9.829999953581137e-06,0.00010165000003325986,schedule_ablation,100,0.5,1101.0,every_eligible,,
schedule_ablation_every_eligible,4V-FB,1636,95,True,False,51,0.04450506697376487,0.04944142818870401,1,-5.428378583349769e-05,9.533972675049429e-32,5.277084562092737e-13,True,False,7.644999982403533e-05,9.820000059335143e-06,0.00010111000005963433,schedule_ablation,100,0.5,1101.0,every_eligible,,
schedule_ablation_every_eligible,4V-FB,1637,96,True,False,51,0.04450506693612458,0.04944142818870401,1,-5.4283802898957845e-05,9.533972675049429e-32,5.277084562092736e-13,True,False,7.751999987704039e-05,9.95000004877511e-06,0.00010264000002280227,schedule_ablation,100,0.5,1101.0,every_eligible,,
schedule_ablation_every_eligible,4V-FB,1638,97,True,False,51,0.04450506689884609,0.04944142818870401,1,-5.428381979477592e-05,9.533972675049429e-32,5.277084562092736e-13,True,False,7.664999998269195e-05,9.910000017043785e-06,0.0001015799998640432,schedule_ablation,100,0.5,1101.0,every_eligible,,
schedule_ablation_every_eligible,4V-FB,1639,98,True,False,51,0.04450506686192682,0.04944142818870401,1,-5.4283836525392815e-05,9.533972675049429e-32,5.277084562092736e-13,True,False,7.580000010420918e-05,9.840000075200805e-06,0.00010042999997494917,schedule_ablation,100,0.5,1101.0,every_eligible,,
schedule_ablation_every_eligible,4V-FB,1640,99,True,False,51,0.04450506682536322,0.04944142818870401,1,-5.42838530916967e-05,9.533972675049429e-32,5.277084562092736e-13,True,False,7.600000003549212e-05,9.890000001178123e-06,0.00010094000003846304,schedule_ablation,100,0.5,1101.0,every_eligible,,
schedule_ablation_every_eligible,4V-FB,1641,100,True,False,51,0.0445050667891517,0.04944142818870401,1,-5.428386949724029e-05,9.533972675049429e-32,5.277084562092734e-13,True,False,7.591999997202947e-05,9.95000004877511e-06,0.00010081000004902307,schedule_ablation,100,0.5,1101.0,every_eligible,,
schedule_ablation_every_eligible,4V-FB,1642,101,True,False,51,0.0445050667532893,0.04944142818870401,1,-5.428388573935905e-05,9.533972675049429e-32,5.277084562092736e-13,True,False,7.699000002503453e-05,9.849999969446799e-06,0.00010202999987996009,schedule_ablation,100,0.5,1101.0,every_eligible,,
schedule_ablation_every_eligible,4V-FB,1643,102,True,False,51,0.04450506671777116,0.04944142818870401,1,-5.428390182338205e-05,9.533972675049429e-32,5.277084562092734e-13,True,False,7.697999990341486e-05,9.959999943021103e-06,0.00010218000011263939,schedule_ablation,100,0.5,1101.0,every_eligible,,
schedule_ablation_every_eligible,4V-FB,1644,103,True,False,51,0.044505066682595795,0.04944142818870401,1,-5.4283917750197475e-05,9.533972675049429e-32,5.277084562092734e-13,True,False,7.671999992453493e-05,9.849999969446799e-06,0.00010169999995923718,schedule_ablation,100,0.5,1101.0,every_eligible,,
schedule_ablation_every_eligible,4V-FB,1645,104,True,False,51,0.04450506664775883,0.04944142818870401,1,-5.428393351891714e-05,9.533972675049429e-32,5.277084562092734e-13,True,False,7.611000000906643e-05,9.829999953581137e-06,0.00010072000009131443,schedule_ablation,100,0.5,1101.0,every_eligible,,
schedule_ablation_every_eligible,4V-FB,1646,105,True,False,51,0.04450506661325812,0.04944142818870401,1,-5.4283949133093756e-05,9.533972675049429e-32,5.277084562092734e-13,True,False,7.590000018353749e-05,9.959999943021103e-06,0.00010082000017064274,schedule_ablation,100,0.5,1101.0,every_eligible,,
schedule_ablation_every_eligible,4V-FB,1647,106,True,False,51,0.04450506657908862,0.04944142818870401,1,-5.428396459716822e-05,9.533972675049429e-32,5.277084562092733e-13,True,False,8.297999988826632e-05,1.0299999985363684e-05,0.00010844999997061677,schedule_ablation,100,0.5,1101.0,every_eligible,,
schedule_ablation_every_eligible,4V-FB,1648,107,True,False,51,0.04450506654524958,0.04944142818870401,1,-5.4283979904923285e-05,9.533972675049429e-32,5.277084562092733e-13,True,False,7.66200000725803e-05,9.93999992715544e-06,0.0001013599999168946,schedule_ablation,100,0.5,1101.0,every_eligible,,
schedule_ablation_every_eligible,4V-FB,1649,108,True,False,51,0.04450506651173523,0.04944142818870401,1,-5.428399506612891e-05,9.533972675049429e-32,5.277084562092732e-13,True,False,7.696000011492288e-05,9.969999837267096e-06,0.00010210000004917674,schedule_ablation,100,0.5,1101.0,every_eligible,,
schedule_ablation_every_eligible,4V-FB,1650,109,True,False,51,0.04450506647854452,0.04944142818870401,1,-5.4284010075456024e-05,9.533972675049429e-32,5.277084562092733e-13,True,False,7.759000004625705e-05,9.959999943021103e-06,0.0001025100000333623,schedule_ablation,100,0.5,1101.0,every_eligible,,
schedule_ablation_every_eligible,4V-FB,1651,110,True,False,51,0.04450506644567301,0.04944142818870401,1,-5.42840249382337e-05,9.533972675049429e-32,5.277084562092732e-13,True,False,7.677999997213192e-05,1.0109999948326731e-05,0.00010205000012319942,schedule_ablation,100,0.5,1101.0,every_eligible,,
schedule_ablation_every_eligible,4V-FB,1652,111,True,False,51,0.04450506641311841,0.04944142818870401,1,-5.428403965623829e-05,9.533972675049429e-32,5.277084562092732e-13,True,False,7.648000018889434e-05,1.0080000038215076e-05,0.00010168000017074519,schedule_ablation,100,0.5,1101.0,every_eligible,,
schedule_ablation_every_eligible,4V-FB,1653,112,True,False,51,0.044505066380877534,0.04944142818870401,1,-5.428405423124616e-05,9.533972675049429e-32,5.277084562092731e-13,True,False,7.784000013089099e-05,1.0080000038215076e-05,0.0001032899999700021,schedule_ablation,100,0.5,1101.0,every_eligible,,
schedule_ablation_every_eligible,4V-FB,1654,113,True,False,51,0.044505066348947186,0.04944142818870401,1,-5.428406865792823e-05,9.533972675049429e-32,5.277084562092732e-13,True,False,7.720999997218314e-05,9.840000075200805e-06,0.00010216999999101972,schedule_ablation,100,0.5,1101.0,every_eligible,,
schedule_ablation_every_eligible,4V-FB,1655,114,True,False,51,0.04450506631732429,0.04944142818870401,1,-5.428408294605447e-05,9.533972675049429e-32,5.277084562092732e-13,True,False,7.630000004610338e-05,9.800000043469481e-06,0.00010098000007019436,schedule_ablation,100,0.5,1101.0,every_eligible,,
schedule_ablation_every_eligible,4V-FB,1656,115,True,False,51,0.04450506628600648,0.04944142818870401,1,-5.4284097094736694e-05,9.533972675049429e-32,5.277084562092731e-13,True,False,7.59099998504098e-05,9.739999995872495e-06,0.00010064999992209778,schedule_ablation,100,0.5,1101.0,every_eligible,,
schedule_ablation_every_eligible,4V-FB,1657,116,True,False,51,0.04450506625499015,0.04944142818870401,1,-5.428411110397491e-05,9.533972675049429e-32,5.277084562092731e-13,True,False,7.671999992453493e-05,9.860000091066468e-06,0.00010171999997510284,schedule_ablation,100,0.5,1101.0,every_eligible,,
schedule_ablation_every_eligible,4V-FB,1658,117,True,False,51,0.044505066224272805,0.04944142818870401,1,-5.428412497554547e-05,9.533972675049429e-32,5.277084562092731e-13,True,False,7.747000017843675e-05,1.001999999061809e-05,0.00010264000002280227,schedule_ablation,100,0.5,1101.0,every_eligible,,
schedule_ablation_every_eligible,4V-FB,1659,118,True,False,51,0.044505066193851375,0.04944142818870401,1,-5.4284138712112906e-05,9.533972675049429e-32,5.27708456209273e-13,True,False,7.697999990341486e-05,1.0040000006483751e-05,0.00010204000000157976,schedule_ablation,100,0.5,1101.0,every_eligible,,
schedule_ablation_every_eligible,4V-FB,1660,119,True,False,51,0.04450506616372314,0.04944142818870401,1,-5.428415231190087e-05,9.533972675049429e-32,5.277084562092731e-13,True,False,7.656000002498331e-05,1.0139999858438387e-05,0.00010182999994867714,schedule_ablation,100,0.5,1101.0,every_eligible,,
schedule_ablation_every_eligible,4V-FB,1661,120,True,False,51,0.04450506613388529,0.04944142818870401,1,-5.428416577757389e-05,9.533972675049429e-32,5.277084562092731e-13,True,False,7.667999989280361e-05,9.869999985312461e-06,0.00010153999983231188,schedule_ablation,100,0.5,1101.0,every_eligible,,
schedule_ablation_every_eligible,4V-FB,1662,121,True,False,51,0.04450506610433477,0.04944142818870401,1,-5.428417911268468e-05,9.533972675049429e-32,5.277084562092731e-13,True,False,7.682000000386324e-05,9.900000122797792e-06,0.00010167000004912552,schedule_ablation,100,0.5,1101.0,every_eligible,,
schedule_ablation_every_eligible,4V-FB,1663,122,True,False,51,0.04450506607506957,0.04944142818870401,1,-5.428419231723325e-05,9.533972675049429e-32,5.27708456209273e-13,True,False,8.33600001897139e-05,1.0099999826707062e-05,0.00010896000003413064,schedule_ablation,100,0.5,1101.0,every_eligible,,
schedule_ablation_every_eligible,4V-FB,1664,123,True,False,51,0.044505066046086075,0.04944142818870401,1,-5.4284205391219587e-05,9.533972675049429e-32,5.27708456209273e-13,True,False,7.664999998269195e-05,9.840000075200805e-06,0.00010156999996979721,schedule_ablation,100,0.5,1101.0,every_eligible,,
schedule_ablation_every_eligible,4V-FB,1665,124,True,False,51,0.04450506601738209,0.04944142818870401,1,-5.428421833819641e-05,9.533972675049429e-32,5.27708456209273e-13,True,False,7.644999982403533e-05,1.0139999858438387e-05,0.0001018499999645428,schedule_ablation,100,0.5,1101.0,every_eligible,,
schedule_ablation_every_eligible,4V-FB,1666,125,True,False,51,0.04450506598895439,0.04944142818870401,1,-5.428423115727554e-05,9.533972675049429e-32,5.277084562092729e-13,True,False,7.627000013599172e-05,9.990000080506434e-06,0.00010116999987985764,schedule_ablation,100,0.5,1101.0,every_eligible,,
schedule_ablation_every_eligible,4V-FB,1667,126,True,False,51,0.04450506596080134,0.04944142818870401,1,-5.428424385023334e-05,9.533972675049429e-32,5.277084562092729e-13,True,False,7.647000006727467e-05,9.930000032909447e-06,0.00010141000007024559,schedule_ablation,100,0.5,1101.0,every_eligible,,
schedule_ablation_every_eligible,4V-FB,1668,127,True,False,51,0.04450506593291938,0.04944142818870401,1,-5.4284256418846155e-05,9.533972675049429e-32,5.277084562092729e-13,True,False,7.692999997743755e-05,1.001999999061809e-05,0.0001020100000914681,schedule_ablation,100,0.5,1101.0,every_eligible,,
schedule_ablation_every_eligible,4V-FB,1669,128,True,False,51,0.04450506590530602,0.04944142818870401,1,-5.428426886400217e-05,9.533972675049429e-32,5.277084562092729e-13,True,False,7.694000009905722e-05,1.0089999932461069e-05,0.00010208999992755707,schedule_ablation,100,0.5,1101.0,every_eligible,,
schedule_ablation_every_eligible,4V-FB,1670,129,True,False,51,0.04450506587795912,0.04944142818870401,1,-5.428428118658957e-05,9.533972675049429e-32,5.277084562092729e-13,True,False,7.62300001042604e-05,9.849999969446799e-06,0.00010119000012309698,schedule_ablation,100,0.5,1101.0,every_eligible,,
schedule_ablation_every_eligible,4V-FB,1671,130,True,False,51,0.044505065850875894,0.04944142818870401,1,-5.42842933883847e-05,9.533972675049429e-32,5.277084562092729e-13,True,False,7.653000011487165e-05,9.979999958886765e-06,0.0001014599999962229,schedule_ablation,100,0.5,1101.0,every_eligible,,
schedule_ablation_every_eligible,4V-FB,1672,131,True,False,51,0.04450506582405357,0.04944142818870401,1,-5.428430547116392e-05,9.533972675049429e-32,5.277084562092729e-13,True,False,7.66200000725803e-05,9.879999879558454e-06,0.00010133999990102893,schedule_ablation,100,0.5,1101.0,every_eligible,,
schedule_ablation_every_eligible,4V-FB,1673,132,True,False,51,0.04450506579749,0.04944142818870401,1,-5.428431743581541e-05,9.533972675049429e-32,5.277084562092727e-13,True,False,7.59600000037608e-05,9.869999985312461e-06,0.00010077000001729175,schedule_ablation,100,0.5,1101.0,every_eligible,,
schedule_ablation_every_eligible,4V-FB,1674,133,True,False,51,0.044505065771182475,0.04944142818870401,1,-5.4284329281450994e-05,9.533972675049429e-32,5.277084562092728e-13,True,False,7.72389998928702e-05,9.890000001178123e-06,0.00010242899998047506,schedule_ablation,100,0.5,1101.0,every_eligible,,
schedule_ablation_every_eligible,4V-FB,1675,134,True,False,51,0.04450506574512887,0.04944142818870401,1,-5.428434100895885e-05,9.533972675049429e-32,5.277084562092729e-13,True,False,7.630999994034937e-05,9.800000043469481e-06,0.00010105000001203734,schedule_ablation,100,0.5,1101.0,every_eligible,,
schedule_ablation_every_eligible,4V-FB,1676,135,True,False,51,0.044505065719326706,0.04944142818870401,1,-5.42843526254444e-05,9.533972675049429e-32,5.277084562092727e-13,True,False,7.647999996152066e-05,9.719999980006833e-06,0.000101070000027903,schedule_ablation,100,0.5,1101.0,every_eligible,,
schedule_ablation_every_eligible,4V-FB,1677,136,True,False,51,0.04450506569377248,0.04944142818870401,1,-5.428436412557858e-05,9.533972675049429e-32,5.277084562092728e-13,True,False,7.602999994560378e-05,9.930000032909447e-06,0.00010087000009662006,schedule_ablation,100,0.5,1101.0,every_eligible,,
schedule_ablation_every_eligible,4V-FB,1678,137,True,False,51,0.04450506566846521,0.04944142818870401,1,-5.4284375513802274e-05,9.533972675049429e-32,5.277084562092727e-13,True,False,7.611000000906643e-05,9.800000043469481e-06,0.00010075000000142609,schedule_ablation,100,0.5,1101.0,every_eligible,,
schedule_ablation_every_eligible,4V-FB,1679,138,True,False,51,0.04450506564340215,0.04944142818870401,1,-5.428438679011549e-05,9.533972675049429e-32,5.277084562092727e-13,True,False,8.273000003100606e-05,9.930000032909447e-06,0.00010788000008687959,schedule_ablation,100,0.5,1101.0,every_eligible,,
schedule_ablation_every_eligible,4V-FB,1680,139,True,False,51,0.04450506561858063,0.04944142818870401,1,-5.4284397954518226e-05,9.533972675049429e-32,5.277084562092727e-13,True,False,7.677999997213192e-05,9.979999958886765e-06,0.00010175000011258817,schedule_ablation,100,0.5,1101.0,every_eligible,,
schedule_ablation_every_eligible,4V-FB,1681,140,True,False,51,0.04450506559399868,0.04944142818870401,1,-5.428440901233955e-05,9.533972675049429e-32,5.277084562092727e-13,True,False,7.665999987693795e-05,9.840000075200805e-06,0.00010149000013370824,schedule_ablation,100,0.5,1101.0,every_eligible,,
schedule_ablation_every_eligible,4V-FB,1682,141,True,False,51,0.04450506556965304,0.04944142818870401,1,-5.4284419958250396e-05,9.533972675049429e-32,5.277084562092727e-13,True,False,7.626999990861805e-05,9.860000091066468e-06,0.000101070000027903,schedule_ablation,100,0.5,1101.0,every_eligible,,
schedule_ablation_every_eligible,4V-FB,1683,142,True,False,51,0.04450506554554336,0.04944142818870401,1,-5.428443079846801e-05,9.533972675049429e-32,5.277084562092727e-13,True,False,7.632000006196904e-05,9.899999895424116e-06,0.00010100999998030602,schedule_ablation,100,0.5,1101.0,every_eligible,,
schedule_ablation_every_eligible,4V-FB,1684,143,True,False,51,0.044505065521665804,0.04944142818870401,1,-5.428444153299239e-05,9.533972675049429e-32,5.277084562092726e-13,True,False,7.669000001442328e-05,1.0049999900729745e-05,0.00010203000010733376,schedule_ablation,100,0.5,1101.0,every_eligible,,
schedule_ablation_every_eligible,4V-FB,1685,144,True,False,51,0.044505065498018456,0.04944142818870401,1,-5.4284452159159e-05,9.533972675049429e-32,5.277084562092727e-13,True,False,7.746000005681708e-05,1.0100000054080738e-05,0.00010282999983246555,schedule_ablation,100,0.5,1101.0,every_eligible,,
schedule_ablation_every_eligible,4V-FB,1686,145,True,False,51,0.04450506547459969,0.04944142818870401,1,-5.42844626831851e-05,9.533972675049429e-32,5.277084562092727e-13,True,False,7.694000009905722e-05,1.0060000022349413e-05,0.00010206000001744542,schedule_ablation,100,0.5,1101.0,every_eligible,,
schedule_ablation_every_eligible,4V-FB,1687,146,True,False,51,0.04450506545140605,0.04944142818870401,1,-5.428447310240614e-05,9.533972675049429e-32,5.277084562092727e-13,True,False,7.611000000906643e-05,9.999999974752427e-06,0.00010116999987985764,schedule_ablation,100,0.5,1101.0,every_eligible,,
schedule_ablation_every_eligible,4V-FB,1688,147,True,False,51,0.044505065428436616,0.04944142818870401,1,-5.42844834221512e-05,9.533972675049429e-32,5.277084562092727e-13,True,False,7.63499999720807e-05,9.730000101626501e-06,0.00010090000000673172,schedule_ablation,100,0.5,1101.0,every_eligible,,
schedule_ablation_every_eligible,4V-FB,1689,148,True,False,51,0.04450506540568924,0.04944142818870401,1,-5.428449363886756e-05,9.533972675049429e-32,5.277084562092727e-13,True,False,7.666999999855761e-05,9.859999863692792e-06,0.0001013500000226486,schedule_ablation,100,0.5,1101.0,every_eligible,,
schedule_ablation_every_eligible,4V-FB,1690,149,True,False,51,0.04450506538316043,0.04944142818870401,1,-5.428450375610794e-05,9.533972675049429e-32,5.277084562092725e-13,True,False,7.707999998274317e-05,9.869999985312461e-06,0.00010215999986940005,schedule_ablation,100,0.5,1101.0,every_eligible,,
schedule_ablation_every_eligible,4V-FB,1691,150,True,False,51,0.04450506536084918,0.04944142818870401,1,-5.428451377209598e-05,9.533972675049429e-32,5.277084562092726e-13,True,False,7.678999986637791e-05,9.949999821401434e-06,0.00010180000003856549,schedule_ablation,100,0.5,1101.0,every_eligible,,
schedule_ablation_every_eligible,4V-FB,1692,151,True,False,51,0.04450506533875348,0.04944142818870401,1,-5.428452369038439e-05,9.533972675049429e-32,5.277084562092726e-13,True,False,7.690999996157188e-05,9.779999800230144e-06,0.0001016200001231482,schedule_ablation,100,0.5,1101.0,every_eligible,,
schedule_ablation_every_eligible,4V-FB,1693,152,True,False,51,0.04450506531687122,0.04944142818870401,1,-5.428453351363771e-05,9.533972675049429e-32,5.277084562092725e-13,True,False,7.6450000051409e-05,1.001999999061809e-05,0.00010111000005963433,schedule_ablation,100,0.5,1101.0,every_eligible,,
schedule_ablation_every_eligible,4V-FB,1694,153,True,False,51,0.04450506529519982,0.04944142818870401,1,-5.428454323830323e-05,9.533972675049429e-32,5.277084562092726e-13,True,False,7.615999993504374e-05,9.869999985312461e-06,0.00010083000006488874,schedule_ablation,100,0.5,1101.0,every_eligible,,
schedule_ablation_every_eligible,4V-FB,1695,154,True,False,51,0.04450506527373778,0.04944142818870401,1,-5.4284552868821834e-05,9.533972675049429e-32,5.277084562092726e-13,True,False,8.290999994642334e-05,1.0199999906035373e-05,0.00010861999999178806,schedule_ablation,100,0.5,1101.0,every_eligible,,
schedule_ablation_every_eligible,4V-FB,1696,155,True,False,51,0.04450506525248224,0.04944142818870401,1,-5.428456240252899e-05,9.533972675049429e-32,5.277084562092725e-13,True,False,7.679000009375159e-05,9.979999958886765e-06,0.00010188999999627413,schedule_ablation,100,0.5,1101.0,every_eligible,,
schedule_ablation_every_eligible,4V-FB,1697,156,True,False,51,0.04450506523143262,0.04944142818870401,1,-5.428457184386559e-05,9.533972675049429e-32,5.277084562092725e-13,True,False,7.60699999773351e-05,9.869999985312461e-06,0.00010108000014952268,schedule_ablation,100,0.5,1101.0,every_eligible,,
schedule_ablation_every_eligible,4V-FB,1698,157,True,False,51,0.04450506521058585,0.04944142818870401,1,-5.428458119283164e-05,9.533972675049429e-32,5.277084562092725e-13,True,False,7.570000002488086e-05,9.869999985312461e-06,0.00010055999996438914,schedule_ablation,100,0.5,1101.0,every_eligible,,
schedule_ablation_every_eligible,4V-FB,1699,158,True,False,51,0.04450506518994006,0.04944142818870401,1,-5.4284590451203485e-05,9.533972675049429e-32,5.277084562092725e-13,True,False,7.569000013063487e-05,9.990000080506434e-06,0.00010079000003315741,schedule_ablation,100,0.5,1101.0,every_eligible,,
schedule_ablation_every_eligible,4V-FB,1700,159,True,False,51,0.04450506516949361,0.04944142818870401,1,-5.4284599617204776e-05,9.533972675049429e-32,5.277084562092725e-13,True,False,7.587000004605216e-05,9.809999937715475e-06,0.00010066999993796344,schedule_ablation,100,0.5,1101.0,every_eligible,,
schedule_ablation_every_eligible,4V-FB,1701,160,True,False,51,0.044505065149244655,0.04944142818870401,1,-5.428460869261187e-05,9.533972675049429e-32,5.277084562092725e-13,True,False,7.740999990346609e-05,1.0089999932461069e-05,0.00010262000000693661,schedule_ablation,100,0.5,1101.0,every_eligible,,
schedule_ablation_every_eligible,4V-FB,1702,161,True,False,51,0.04450506512919129,0.04944142818870401,1,-5.4284617680977476e-05,9.533972675049429e-32,5.277084562092723e-13,True,False,7.698000013078854e-05,9.789999921849812e-06,0.00010184000007029681,schedule_ablation,100,0.5,1101.0,every_eligible,,
schedule_ablation_every_eligible,4V-FB,1703,162,True,False,51,0.04450506510933128,0.04944142818870401,1,-5.4284626578748885e-05,9.533972675049429e-32,5.277084562092724e-13,True,False,7.67300000461546e-05,9.820000059335143e-06,0.00010141000007024559,schedule_ablation,100,0.5,1101.0,every_eligible,,
schedule_ablation_every_eligible,4V-FB,1704,163,True,False,51,0.044505065089662704,0.04944142818870401,1,-5.4284635390366986e-05,9.533972675049429e-32,5.277084562092724e-13,True,False,7.648000018889434e-05,9.860000091066468e-06,0.00010111000005963433,schedule_ablation,100,0.5,1101.0,every_eligible,,
schedule_ablation_every_eligible,4V-FB,1705,164,True,False,51,0.04450506507018463,0.04944142818870401,1,-5.428464411583178e-05,9.533972675049429e-32,5.277084562092724e-13,True,False,7.61200001306861e-05,9.910000017043785e-06,0.00010094000003846304,schedule_ablation,100,0.5,1101.0,every_eligible,,
schedule_ablation_every_eligible,4V-FB,1706,165,True,False,51,0.04450506505089438,0.04944142818870401,1,-5.428465275425509e-05,9.533972675049429e-32,5.277084562092725e-13,True,False,7.708900011493824e-05,9.840000075200805e-06,0.00010206899992226681,schedule_ablation,100,0.5,1101.0,every_eligible,,
schedule_ablation_every_eligible,4V-FB,1707,166,True,False,51,0.04450506503178968,0.04944142818870401,1,-5.428466130830145e-05,9.533972675049429e-32,5.277084562092725e-13,True,False,7.607000020470878e-05,9.88000010693213e-06,0.000101079999922149,schedule_ablation,100,0.5,1101.0,every_eligible,,
schedule_ablation_every_eligible,4V-FB,1708,167,True,False,51,0.04450506501287066,0.04944142818870401,1,-5.42846697806354e-05,9.533972675049429e-32,5.277084562092724e-13,True,False,7.593999998789513e-05,9.940000154529116e-06,0.00010100000008606003,schedule_ablation,100,0.5,1101.0,every_eligible,,
schedule_ablation_every_eligible,4V-FB,1709,168,True,False,51,0.04450506499413376,0.04944142818870401,1,-5.4284678167704215e-05,9.533972675049429e-32,5.277084562092723e-13,True,False,7.608999999320076e-05,9.919999911289779e-06,0.00010118000000147731,schedule_ablation,100,0.5,1101.0,every_eligible,,
schedule_ablation_every_eligible,4V-FB,1710,169,True,False,51,0.04450506497557748,0.04944142818870401,1,-5.428468647217244e-05,9.533972675049429e-32,5.277084562092724e-13,True,False,7.619000007252907e-05,9.739999995872495e-06,0.00010086999986924639,schedule_ablation,100,0.5,1101.0,every_eligible,,
schedule_ablation_every_eligible,4V-FB,1711,170,True,False,51,0.044505064957200496,0.04944142818870401,1,-5.428469469848096e-05,9.533972675049429e-32,5.277084562092723e-13,True,False,8.232999994106649e-05,1.0080000038215076e-05,0.00010777000011330529,schedule_ablation,100,0.5,1101.0,every_eligible,,
schedule_ablation_every_eligible,4V-FB,1712,171,True,False,51,0.04450506493900115,0.04944142818870401,1,-5.428470283863618e-05,9.533972675049429e-32,5.277084562092724e-13,True,False,7.686999992984056e-05,9.970000064640772e-06,0.00010186999998040847,schedule_ablation,100,0.5,1101.0,every_eligible,,
schedule_ablation_every_eligible,4V-FB,1713,172,True,False,51,0.04450506492097732,0.04944142818870401,1,-5.428471090151987e-05,9.533972675049429e-32,5.277084562092724e-13,True,False,7.647999996152066e-05,9.930000032909447e-06,0.00010144999987460324,schedule_ablation,100,0.5,1101.0,every_eligible,,
schedule_ablation_every_eligible,4V-FB,1714,173,True,False,51,0.04450506490312743,0.04944142818870401,1,-5.428471888535569e-05,9.533972675049429e-32,5.277084562092723e-13,True,False,7.604999996146944e-05,9.88000010693213e-06,0.00010101999987455201,schedule_ablation,100,0.5,1101.0,every_eligible,,
schedule_ablation_every_eligible,4V-FB,1715,174,True,False,51,0.044505064885450474,0.04944142818870401,1,-5.428472679191998e-05,9.533972675049429e-32,5.277084562092723e-13,True,False,7.62300001042604e-05,9.929999805535772e-06,0.000101070000027903,schedule_ablation,100,0.5,1101.0,every_eligible,,
schedule_ablation_every_eligible,4V-FB,1716,175,True,False,51,0.044505064867943825,0.04944142818870401,1,-5.428473461943639e-05,9.533972675049429e-32,5.277084562092723e-13,True,False,7.611000000906643e-05,9.960000170394778e-06,0.00010115000009136565,schedule_ablation,100,0.5,1101.0,every_eligible,,
schedule_ablation_every_eligible,4V-FB,1717,176,True,False,51,0.044505064850605985,0.04944142818870401,1,-5.428474237056946e-05,9.533972675049429e-32,5.277084562092723e-13,True,False,7.671000003028894e-05,9.910000017043785e-06,0.00010180999993281148,schedule_ablation,100,0.5,1101.0,every_eligible,,
schedule_ablation_every_eligible,4V-FB,1718,177,True,False,51,0.04450506483343626,0.04944142818870401,1,-5.428475004443101e-05,9.533972675049429e-32,5.277084562092723e-13,True,False,7.655000013073732e-05,9.760000011738157e-06,0.00010158000009141688,schedule_ablation,100,0.5,1101.0,every_eligible,,
schedule_ablation_every_eligible,4V-FB,1719,178,True,False,51,0.04450506481643164,0.04944142818870401,1,-5.428475764546192e-05,9.533972675049429e-32,5.277084562092723e-13,True,False,7.604000006722345e-05,9.93999992715544e-06,0.00010075000000142609,schedule_ablation,100,0.5,1101.0,every_eligible,,
schedule_ablation_every_eligible,4V-FB,1720,179,True,False,51,0.044505064799591876,0.04944142818870401,1,-5.4284765170109495e-05,9.533972675049429e-32,5.277084562092723e-13,True,False,7.585000003018649e-05,9.910000017043785e-06,0.00010072000009131443,schedule_ablation,100,0.5,1101.0,every_eligible,,
schedule_ablation_every_eligible,4V-FB,1721,180,True,False,51,0.04450506478291481,0.04944142818870401,1,-5.428477262103826e-05,9.533972675049429e-32,5.277084562092724e-13,True,False,7.602000005135778e-05,9.869999985312461e-06,0.00010092000002259738,schedule_ablation,100,0.5,1101.0,every_eligible,,
schedule_ablation_every_eligible,4V-FB,1722,181,True,False,51,0.044505064766398886,0.04944142818870401,1,-5.428477999913639e-05,9.533972675049429e-32,5.277084562092723e-13,True,False,7.691999985581788e-05,9.829999953581137e-06,0.00010183999984292313,schedule_ablation,100,0.5,1101.0,every_eligible,,
schedule_ablation_every_eligible,4V-FB,1723,182,True,False,51,0.044505064750042,0.04944142818870401,1,-5.4284787303515714e-05,9.533972675049429e-32,5.277084562092723e-13,True,False,7.636999998794636e-05,1.0169999995923718e-05,0.0001014599999962229,schedule_ablation,100,0.5,1101.0,every_eligible,,
schedule_ablation_every_eligible,4V-FB,1724,183,True,False,51,0.044505064733843275,0.04944142818870401,1,-5.42847945395053e-05,9.533972675049429e-32,5.277084562092723e-13,True,False,7.63499999720807e-05,9.899999895424116e-06,0.0001013500000226486,schedule_ablation,100,0.5,1101.0,every_eligible,,
schedule_ablation_every_eligible,4V-FB,1725,184,True,False,51,0.04450506471780116,0.04944142818870401,1,-5.4284801701776075e-05,9.533972675049429e-32,5.277084562092723e-13,True,False,7.642000014129735e-05,9.95000004877511e-06,0.00010147000011784257,schedule_ablation,100,0.5,1101.0,every_eligible,,
schedule_ablation_every_eligible,4V-FB,1726,185,True,False,51,0.04450506470191394,0.04944142818870401,1,-5.428480879299258e-05,9.533972675049429e-32,5.277084562092723e-13,True,False,7.591999997202947e-05,9.930000032909447e-06,0.00010098000007019436,schedule_ablation,100,0.5,1101.0,every_eligible,,
schedule_ablation_every_eligible,4V-FB,1727,186,True,False,51,0.04450506468618025,0.04944142818870401,1,-5.428481581581934e-05,9.533972675049429e-32,5.277084562092723e-13,True,False,8.286999991469202e-05,9.999999974752427e-06,0.00010831000008693081,schedule_ablation,100,0.5,1101.0,every_eligible,,
schedule_ablation_every_eligible,4V-FB,1728,187,True,False,51,0.04450506467059899,0.04944142818870401,1,-5.428482277025637e-05,9.533972675049429e-32,5.277084562092723e-13,True,False,7.692000008319155e-05,9.739999995872495e-06,0.00010164000013901386,schedule_ablation,100,0.5,1101.0,every_eligible,,
schedule_ablation_every_eligible,4V-FB,1729,188,True,False,51,0.0445050646551676,0.04944142818870401,1,-5.4284829657191835e-05,9.533972675049429e-32,5.277084562092723e-13,True,False,7.62999998187297e-05,9.969999837267096e-06,0.00010108000014952268,schedule_ablation,100,0.5,1101.0,every_eligible,,
schedule_ablation_every_eligible,4V-FB,1730,189,True,False,51,0.0445050646398851,0.04944142818870401,1,-5.4284836473961207e-05,9.533972675049429e-32,5.277084562092723e-13,True,False,7.623999999850639e-05,9.809999937715475e-06,0.00010098000007019436,schedule_ablation,100,0.5,1101.0,every_eligible,,
schedule_ablation_every_eligible,4V-FB,1731,190,True,False,51,0.044505064624751026,0.04944142818870401,1,-5.4284843225005375e-05,9.533972675049429e-32,5.277084562092723e-13,True,False,7.651000009900599e-05,9.840000075200805e-06,0.00010161000000152853,schedule_ablation,100,0.5,1101.0,every_eligible,,
schedule_ablation_every_eligible,4V-FB,1732,191,True,False,51,0.04450506460976274,0.04944142818870401,1,-5.428484991032434e-05,9.533972675049429e-32,5.277084562092723e-13,True,False,7.626999990861805e-05,9.76999990598415e-06,0.00010095999982695503,schedule_ablation,100,0.5,1101.0,every_eligible,,
schedule_ablation_every_eligible,4V-FB,1733,192,True,False,51,0.04450506459491976,0.04944142818870401,1,-5.4284856528141745e-05,9.533972675049429e-32,5.277084562092723e-13,True,False,7.744999993519741e-05,9.989999853132758e-06,0.00010305000000698783,schedule_ablation,100,0.5,1101.0,every_eligible,,
schedule_ablation_every_eligible,4V-FB,1734,193,True,False,51,0.04450506458021998,0.04944142818870401,1,-5.428486308378666e-05,9.533972675049429e-32,5.277084562092723e-13,True,False,7.675999995626626e-05,9.670000054029515e-06,0.00010136000014426827,schedule_ablation,100,0.5,1101.0,every_eligible,,
schedule_ablation_every_eligible,4V-FB,1735,194,True,False,51,0.0445050645656621,0.04944142818870401,1,-5.4284869573706374e-05,9.533972675049429e-32,5.277084562092723e-13,True,False,7.654000000911765e-05,9.999999974752427e-06,0.00010177000012845383,schedule_ablation,100,0.5,1101.0,every_eligible,,
schedule_ablation_every_eligible,4V-FB,1736,195,True,False,51,0.0445050645512451,0.04944142818870401,1,-5.428487600056542e-05,9.533972675049429e-32,5.277084562092722e-13,True,False,7.640000012543169e-05,9.820000059335143e-06,0.00010100999998030602,schedule_ablation,100,0.5,1101.0,every_eligible,,
schedule_ablation_every_eligible,4V-FB,1737,196,True,False,51,0.044505064536967454,0.04944142818870401,1,-5.428488236347562e-05,9.533972675049429e-32,5.277084562092723e-13,True,False,7.651000009900599e-05,9.979999958886765e-06,0.00010156999996979721,schedule_ablation,100,0.5,1101.0,every_eligible,,
schedule_ablation_every_eligible,4V-FB,1738,197,True,False,51,0.04450506452282764,0.04944142818870401,1,-5.4284888664213327e-05,9.533972675049429e-32,5.277084562092722e-13,True,False,7.708000021011685e-05,9.920000138663454e-06,0.0001020100000914681,schedule_ablation,100,0.5,1101.0,every_eligible,,
schedule_ablation_every_eligible,4V-FB,1739,198,True,False,51,0.044505064508824466,0.04944142818870401,1,-5.4284894902778547e-05,9.533972675049429e-32,5.277084562092723e-13,True,False,7.636000009370036e-05,9.88000010693213e-06,0.00010141999996449158,schedule_ablation,100,0.5,1101.0,every_eligible,,
schedule_ablation_every_eligible,4V-FB,1740,199,True,False,51,0.044505064494956545,0.04944142818870401,1,-5.4284901080947634e-05,9.533972675049429e-32,5.277084562092722e-13,True,False,7.619000007252907e-05,9.849999969446799e-06,0.00010110999983226066,schedule_ablation,100,0.5,1101.0,every_eligible,,
schedule_ablation_every_eligible,4V-FB,1741,200,True,False,51,0.04450506448122289,0.04944142818870401,1,-5.428490719872059e-05,9.533972675049429e-32,5.277084562092722e-13,True,False,7.653000011487165e-05,9.900000122797792e-06,0.00010133000000678294,schedule_ablation,100,0.5,1101.0,every_eligible,,
schedule_ablation_every_eligible,4V-FB,1742,201,True,False,51,0.044505064467621966,0.04944142818870401,1,-5.428491325609741e-05,9.533972675049429e-32,5.277084562092722e-13,True,False,7.59500001095148e-05,9.929999805535772e-06,0.00010100999998030602,schedule_ablation,100,0.5,1101.0,every_eligible,,
schedule_ablation_every_eligible,4V-FB,1743,202,True,False,51,0.04450506445415271,0.04944142818870401,1,-5.42849192530781e-05,9.533972675049429e-32,5.277084562092722e-13,True,False,8.25499998882151e-05,1.0800000154631562e-05,0.0001098799998544564,schedule_ablation,100,0.5,1101.0,every_eligible,,
schedule_ablation_every_eligible,4V-FB,1744,203,True,False,51,0.04450506444081338,0.04944142818870401,1,-5.428492519055084e-05,9.533972675049429e-32,5.277084562092723e-13,True,False,7.768999989821168e-05,1.0069999916595407e-05,0.00010282000016559323,schedule_ablation,100,0.5,1101.0,every_eligible,,
schedule_ablation_every_eligible,4V-FB,1745,204,True,False,51,0.0445050644276031,0.04944142818870401,1,-5.4284931070291975e-05,9.533972675049429e-32,5.277084562092723e-13,True,False,7.641000001967768e-05,9.970000064640772e-06,0.00010137000003851426,schedule_ablation,100,0.5,1101.0,every_eligible,,
schedule_ablation_every_eligible,4V-FB,1746,205,True,False,51,0.04450506441452054,0.04944142818870401,1,-5.4284936893189695e-05,9.533972675049429e-32,5.277084562092723e-13,True,False,7.651999999325199e-05,9.929999805535772e-06,0.00010148000001208857,schedule_ablation,100,0.5,1101.0,every_eligible,,
schedule_ablation_every_eligible,4V-FB,1747,206,True,False,51,0.044505064401564265,0.04944142818870401,1,-5.428494265746764e-05,9.533972675049429e-32,5.277084562092723e-13,True,False,7.697999990341486e-05,1.0080000038215076e-05,0.00010225000005448237,schedule_ablation,100,0.5,1101.0,every_eligible,,
schedule_ablation_every_eligible,4V-FB,1748,207,True,False,51,0.04450506438873361,0.04944142818870401,1,-5.42849483675667e-05,9.533972675049429e-32,5.277084562092722e-13,True,False,7.731999994575744e-05,9.969999837267096e-06,0.00010214999997515406,schedule_ablation,100,0.5,1101.0,every_eligible,,
schedule_ablation_every_eligible,4V-FB,1749,208,True,False,51,0.044505064376026804,0.04944142818870401,1,-5.4284954018157805e-05,9.533972675049429e-32,5.277084562092723e-13,True,False,7.80000000304426e-05,9.959999943021103e-06,0.00010332000010748743,schedule_ablation,100,0.5,1101.0,every_eligible,,
schedule_ablation_every_eligible,4V-FB,1750,209,True,False,51,0.04450506436344244,0.04944142818870401,1,-5.428495961812274e-05,9.533972675049429e-32,5.277084562092723e-13,True,False,7.737999999335443e-05,9.88000010693213e-06,0.00010227000007034803,schedule_ablation,100,0.5,1101.0,every_eligible,,
schedule_ablation_every_eligible,4V-FB,1751,210,True,False,51,0.0445050643509808,0.04944142818870401,1,-5.42849651594679e-05,9.533972675049429e-32,5.277084562092722e-13,True,False,7.699999991928053e-05,9.879999879558454e-06,0.00010195999993811711,schedule_ablation,100,0.5,1101.0,every_eligible,,
schedule_ablation_every_eligible,4V-FB,1752,211,True,False,51,0.044505064338638864,0.04944142818870401,1,-5.4284970648410535e-05,9.533972675049429e-32,5.277084562092722e-13,True,False,7.632000006196904e-05,9.869999985312461e-06,0.00010124999994332029,schedule_ablation,100,0.5,1101.0,every_eligible,,
schedule_ablation_every_eligible,4V-FB,1753,212,True,False,51,0.04450506432641675,0.04944142818870401,1,-5.428497608139793e-05,9.533972675049429e-32,5.277084562092723e-13,True,False,7.648999985576665e-05,1.001999999061809e-05,0.00010148000001208857,schedule_ablation,100,0.5,1101.0,every_eligible,,
schedule_ablation_every_eligible,4V-FB,1754,213,True,False,51,0.04450506431431231,0.04944142818870401,1,-5.428498146109462e-05,9.533972675049429e-32,5.277084562092723e-13,True,False,7.692999997743755e-05,9.930000032909447e-06,0.0001021200000650424,schedule_ablation,100,0.5,1101.0,every_eligible,,
schedule_ablation_every_eligible,4V-FB,1755,214,True,False,51,0.04450506430232529,0.04944142818870401,1,-5.4284986790165135e-05,9.533972675049429e-32,5.277084562092722e-13,True,False,7.631999983459536e-05,9.960000170394778e-06,0.00010128000008080562,schedule_ablation,100,0.5,1101.0,every_eligible,,
schedule_ablation_every_eligible,4V-FB,1756,215,True,False,51,0.0445050642904538,0.04944142818870401,1,-5.428499206594495e-05,9.533972675049429e-32,5.277084562092722e-13,True,False,7.635999986632669e-05,9.819999831961468e-06,0.00010116999987985764,schedule_ablation,100,0.5,1101.0,every_eligible,,
schedule_ablation_every_eligible,4V-FB,1757,216,True,False,51,0.0445050642786973,0.04944142818870401,1,-5.428499729109859e-05,9.533972675049429e-32,5.277084562092722e-13,True,False,7.589999995616381e-05,9.869999985312461e-06,0.0001008099998216494,schedule_ablation,100,0.5,1101.0,every_eligible,,
schedule_ablation_every_eligible,4V-FB,1758,217,True,False,51,0.04450506426705492,0.04944142818870401,1,-5.428500246296153e-05,9.533972675049429e-32,5.277084562092722e-13,True,False,7.599000014124613e-05,9.690000069895177e-06,0.00010037999982159818,schedule_ablation,100,0.5,1101.0,every_eligible,,
schedule_ablation_every_eligible,4V-FB,1759,218,True,False,51,0.04450506425552475,0.04944142818870401,1,-5.42850075841983e-05,9.533972675049429e-32,5.277084562092722e-13,True,False,8.223999998335785e-05,1.015000020743173e-05,0.00010767999992822297,schedule_ablation,100,0.5,1101.0,every_eligible,,
schedule_ablation_every_eligible,4V-FB,1760,219,True,False,51,0.044505064244106274,0.04944142818870401,1,-5.4285012655697074e-05,9.533972675049429e-32,5.277084562092722e-13,True,False,7.619000007252907e-05,9.890000001178123e-06,0.00010126000006493996,schedule_ablation,100,0.5,1101.0,every_eligible,,
schedule_ablation_every_eligible,4V-FB,1761,220,True,False,51,0.044505064232797875,0.04944142818870401,1,-5.428501767745786e-05,9.533972675049429e-32,5.277084562092722e-13,True,False,7.638000010956603e-05,1.0040000006483751e-05,0.0001014599999962229,schedule_ablation,100,0.5,1101.0,every_eligible,,
schedule_ablation_every_eligible,4V-FB,1762,221,True,False,51,0.0445050642215994,0.04944142818870401,1,-5.428502264948065e-05,9.533972675049429e-32,5.277084562092722e-13,True,False,7.643000003554334e-05,9.809999937715475e-06,0.00010137000003851426,schedule_ablation,100,0.5,1101.0,every_eligible,,
schedule_ablation_every_eligible,4V-FB,1763,222,True,False,51,0.04450506421050858,0.04944142818870401,1,-5.428502757354181e-05,9.533972675049429e-32,5.277084562092722e-13,True,False,7.651000009900599e-05,9.760000011738157e-06,0.00010140999984287191,schedule_ablation,100,0.5,1101.0,every_eligible,,
schedule_ablation_every_eligible,4V-FB,1764,223,True,False,51,0.044505064199525046,0.04944142818870401,1,-5.4285032448753157e-05,9.533972675049429e-32,5.277084562092722e-13,True,False,7.583999990856682e-05,9.859999863692792e-06,0.00010641999983818096,schedule_ablation,100,0.5,1101.0,every_eligible,,
schedule_ablation_every_eligible,4V-FB,1765,224,True,False,51,0.044505064188648455,0.04944142818870401,1,-5.428503727511469e-05,9.533972675049429e-32,5.277084562092723e-13,True,False,7.71100001202285e-05,9.919999911289779e-06,0.00010213999985353439,schedule_ablation,100,0.5,1101.0,every_eligible,,
schedule_ablation_every_eligible,4V-FB,1766,225,True,False,51,0.04450506417787707,0.04944142818870401,1,-5.428504205617912e-05,9.533972675049429e-32,5.277084562092722e-13,True,False,7.642000014129735e-05,9.869999985312461e-06,0.00010126999995918595,schedule_ablation,100,0.5,1101.0,every_eligible,,
schedule_ablation_every_eligible,4V-FB,1767,226,True,False,51,0.044505064167209535,0.04944142818870401,1,-5.428504678839374e-05,9.533972675049429e-32,5.277084562092722e-13,True,False,7.643000003554334e-05,9.919999911289779e-06,0.0001013500000226486,schedule_ablation,100,0.5,1101.0,every_eligible,,
schedule_ablation_every_eligible,4V-FB,1768,227,True,False,51,0.04450506415664543,0.04944142818870401,1,-5.428505147619944e-05,9.533972675049429e-32,5.277084562092722e-13,True,False,7.616000016241742e-05,9.820000059335143e-06,0.00010111999995388032,schedule_ablation,100,0.5,1101.0,every_eligible,,
schedule_ablation_every_eligible,4V-FB,1769,228,True,False,51,0.04450506414618344,0.04944142818870401,1,-5.4285056116043506e-05,9.533972675049429e-32,5.277084562092722e-13,True,False,7.626000001437205e-05,9.999999974752427e-06,0.00010130000009667128,schedule_ablation,100,0.5,1101.0,every_eligible,,
schedule_ablation_every_eligible,4V-FB,1770,229,True,False,51,0.04450506413582242,0.04944142818870401,1,-5.428506071147865e-05,9.533972675049429e-32,5.277084562092722e-13,True,False,7.70000001466542e-05,9.970000064640772e-06,0.00010204000000157976,schedule_ablation,100,0.5,1101.0,every_eligible,,
schedule_ablation_every_eligible,4V-FB,1771,230,True,False,51,0.044505064125562016,0.04944142818870401,1,-5.4285065261616694e-05,9.533972675049429e-32,5.277084562092722e-13,True,False,7.620999986102106e-05,1.0030000112237758e-05,0.00010141999996449158,schedule_ablation,100,0.5,1101.0,every_eligible,,
schedule_ablation_every_eligible,4V-FB,1772,231,True,False,51,0.044505064115400714,0.04944142818870401,1,-5.428506976734582e-05,9.533972675049429e-32,5.277084562092722e-13,True,False,7.601000015711179e-05,9.840000075200805e-06,0.00010087999999086605,schedule_ablation,100,0.5,1101.0,every_eligible,,
schedule_ablation_every_eligible,4V-FB,1773,232,True,False,51,0.04450506410533761,0.04944142818870401,1,-5.428507422688966e-05,9.533972675049429e-32,5.277084562092722e-13,True,False,7.649999997738632e-05,9.900000122797792e-06,0.00010121000013896264,schedule_ablation,100,0.5,1101.0,every_eligible,,
schedule_ablation_every_eligible,4V-FB,1774,233,True,False,51,0.04450506409537215,0.04944142818870401,1,-5.42850786455773e-05,9.533972675049429e-32,5.277084562092722e-13,True,False,7.648999985576665e-05,9.959999943021103e-06,0.00010137000003851426,schedule_ablation,100,0.5,1101.0,every_eligible,,
schedule_ablation_every_eligible,4V-FB,1775,234,True,False,51,0.04450506408550245,0.04944142818870401,1,-5.428508301896784e-05,9.533972675049429e-32,5.277084562092722e-13,True,False,8.294999997815466e-05,1.0129999964192393e-05,0.00010829000007106515,schedule_ablation,100,0.5,1101.0,every_eligible,,
schedule_ablation_every_eligible,4V-FB,1776,235,True,False,51,0.04450506407572878,0.04944142818870401,1,-5.4285087349725814e-05,9.533972675049429e-32,5.277084562092722e-13,True,False,7.685000014134857e-05,1.0010000096372096e-05,0.00010175000011258817,schedule_ablation,100,0.5,1101.0,every_eligible,,
schedule_ablation_every_eligible,4V-FB,1777,236,True,False,51,0.0445050640660499,0.04944142818870401,1,-5.42850916387394e-05,9.533972675049429e-32,5.277084562092722e-13,True,False,7.632999995621503e-05,9.990000080506434e-06,0.00010152000004381989,schedule_ablation,100,0.5,1101.0,every_eligible,,
schedule_ablation_every_eligible,4V-FB,1778,237,True,False,51,0.044505064056464455,0.04944142818870401,1,-5.428509588512043e-05,9.533972675049429e-32,5.277084562092722e-13,True,False,7.622999987688672e-05,9.920000138663454e-06,0.00010155999984817754,schedule_ablation,100,0.5,1101.0,every_eligible,,
schedule_ablation_every_eligible,4V-FB,1779,238,True,False,51,0.04450506404697199,0.04944142818870401,1,-5.4285100089757066e-05,9.533972675049429e-32,5.277084562092722e-13,True,False,7.669900014661835e-05,9.900000122797792e-06,0.00010158899999623827,schedule_ablation,100,0.5,1101.0,every_eligible,,
schedule_ablation_every_eligible,4V-FB,1780,239,True,False,51,0.04450506403757115,0.04944142818870401,1,-5.42851042535375e-05,9.533972675049429e-32,5.277084562092722e-13,True,False,7.629000015185738e-05,1.5790000134074944e-05,0.00010699999984353781,schedule_ablation,100,0.5,1101.0,every_eligible,,
schedule_ablation_every_eligible,4V-FB,1781,240,True,False,51,0.04450506402826121,0.04944142818870401,1,-5.4285108374685365e-05,9.533972675049429e-32,5.277084562092722e-13,True,False,7.692999997743755e-05,1.0109999948326731e-05,0.00010217999988526572,schedule_ablation,100,0.5,1101.0,every_eligible,,
schedule_ablation_every_eligible,4V-FB,1782,241,True,False,51,0.044505064019041474,0.04944142818870401,1,-5.428511245675338e-05,9.533972675049429e-32,5.277084562092722e-13,True,False,7.680000021537126e-05,9.860000091066468e-06,0.00010152000004381989,schedule_ablation,100,0.5,1101.0,every_eligible,,
schedule_ablation_every_eligible,4V-FB,1783,242,True,False,51,0.0445050640099109,0.04944142818870401,1,-5.428511649974155e-05,9.533972675049429e-32,5.277084562092722e-13,True,False,7.653000011487165e-05,9.959999943021103e-06,0.00010140999984287191,schedule_ablation,100,0.5,1101.0,every_eligible,,
schedule_ablation_every_eligible,4V-FB,1784,243,True,False,51,0.04450506400086897,0.04944142818870401,1,-5.428512050187351e-05,9.533972675049429e-32,5.277084562092722e-13,True,False,7.666999999855761e-05,9.76999990598415e-06,0.00010137999993276026,schedule_ablation,100,0.5,1101.0,every_eligible,,
schedule_ablation_every_eligible,4V-FB,1785,244,True,False,51,0.04450506399191452,0.04944142818870401,1,-5.428512446226108e-05,9.533972675049429e-32,5.277084562092723e-13,True,False,7.6459999945655e-05,9.890000001178123e-06,0.00010128000008080562,schedule_ablation,100,0.5,1101.0,every_eligible,,
schedule_ablation_every_eligible,4V-FB,1786,245,True,False,51,0.044505063983047,0.04944142818870401,1,-5.4285128388009696e-05,9.533972675049429e-32,5.277084562092722e-13,True,False,7.712999990872049e-05,9.910000017043785e-06,0.00010229999998045969,schedule_ablation,100,0.5,1101.0,every_eligible,,
schedule_ablation_every_eligible,4V-FB,1787,246,True,False,51,0.044505063974264805,0.04944142818870401,1,-5.428513227556664e-05,9.533972675049429e-32,5.27708456209272e-13,True,False,7.659999982934096e-05,9.93999992715544e-06,0.0001015799998640432,schedule_ablation,100,0.5,1101.0,every_eligible,,
schedule_ablation_every_eligible,4V-FB,1788,247,True,False,51,0.04450506396556814,0.04944142818870401,1,-5.4285136122267375e-05,9.533972675049429e-32,5.277084562092722e-13,True,False,7.664000008844596e-05,9.919999911289779e-06,0.00010166000015487953,schedule_ablation,100,0.5,1101.0,every_eligible,,
schedule_ablation_every_eligible,4V-FB,1789,248,True,False,51,0.04450506395695504,0.04944142818870401,1,-5.4285139931664617e-05,9.533972675049429e-32,5.277084562092722e-13,True,False,7.690999996157188e-05,9.959999943021103e-06,0.00010167000004912552,schedule_ablation,100,0.5,1101.0,every_eligible,,
schedule_ablation_every_eligible,4V-FB,1790,249,True,False,51,0.04450506394842563,0.04944142818870401,1,-5.4285143703758365e-05,9.533972675049429e-32,5.277084562092721e-13,True,False,7.626000001437205e-05,9.999999974752427e-06,0.00010111999995388032,schedule_ablation,100,0.5,1101.0,every_eligible,,
schedule_ablation_every_eligible,4V-FB,1791,250,True,False,51,0.044505063939978176,0.04944142818870401,1,-5.42851474394368e-05,9.533972675049429e-32,5.277084562092722e-13,True,False,8.247999994637212e-05,1.0040000006483751e-05,0.00010752000002867135,schedule_ablation,100,0.5,1101.0,every_eligible,,
schedule_ablation_every_eligible,4V-FB,1792,251,True,False,51,0.0445050639316137,0.04944142818870401,1,-5.428515113692356e-05,9.533972675049429e-32,5.277084562092722e-13,True,False,7.681000010961725e-05,9.959999943021103e-06,0.00010165000003325986,schedule_ablation,100,0.5,1101.0,every_eligible,,
schedule_ablation_every_eligible,4V-FB,1793,252,True,False,51,0.044505063923329424,0.04944142818870401,1,-5.4285154798883184e-05,9.533972675049429e-32,5.277084562092723e-13,True,False,7.643000003554334e-05,1.0060000022349413e-05,0.00010142999985873757,schedule_ablation,100,0.5,1101.0,every_eligible,,
schedule_ablation_every_eligible,4V-FB,1794,253,True,False,51,0.044505063915125306,0.04944142818870401,1,-5.428515842798021e-05,9.533972675049429e-32,5.27708456209272e-13,True,False,7.563999997728388e-05,9.899999895424116e-06,0.00010060999989036645,schedule_ablation,100,0.5,1101.0,every_eligible,,
schedule_ablation_every_eligible,4V-FB,1795,254,True,False,51,0.044505063907000986,0.04944142818870401,1,-5.4285162015332844e-05,9.533972675049429e-32,5.277084562092722e-13,True,False,7.608999999320076e-05,9.900000122797792e-06,0.00010103999989041768,schedule_ablation,100,0.5,1101.0,every_eligible,,
schedule_ablation_every_eligible,4V-FB,1796,255,True,False,51,0.044505063898955255,0.04944142818870401,1,-5.4285165571599237e-05,9.533972675049429e-32,5.277084562092722e-13,True,False,7.647000006727467e-05,1.563999990139564e-05,0.00010713000006035145,schedule_ablation,100,0.5,1101.0,every_eligible,,
schedule_ablation_every_eligible,4V-FB,1797,256,True,False,51,0.04450506389098752,0.04944142818870401,1,-5.428516909233849e-05,9.533972675049429e-32,5.277084562092722e-13,True,False,7.720000007793715e-05,1.0040000006483751e-05,0.00010234000001219101,schedule_ablation,100,0.5,1101.0,every_eligible,,
schedule_ablation_every_eligible,4V-FB,1798,257,True,False,51,0.04450506388309694,0.04944142818870401,1,-5.4285172580215146e-05,9.533972675049429e-32,5.277084562092721e-13,True,False,7.669000001442328e-05,9.900000122797792e-06,0.0001017300000967225,schedule_ablation,100,0.5,1101.0,every_eligible,,
schedule_ablation_every_eligible,4V-FB,1799,258,True,False,51,0.04450506387528265,0.04944142818870401,1,-5.428517603078831e-05,9.533972675049429e-32,5.277084562092722e-13,True,False,7.658999993509497e-05,9.910000017043785e-06,0.00010141000007024559,schedule_ablation,100,0.5,1101.0,every_eligible,,
schedule_ablation_every_eligible,4V-FB,1800,259,True,False,51,0.04450506386754387,0.04944142818870401,1,-5.428517944672251e-05,9.533972675049429e-32,5.277084562092722e-13,True,False,7.641000001967768e-05,9.770000133357826e-06,0.00010114999986399198,schedule_ablation,100,0.5,1101.0,every_eligible,,
schedule_ablation_every_eligible,4V-FB,1801,260,True,False,51,0.04450506385987989,0.04944142818870401,1,-5.4285182832458645e-05,9.533972675049429e-32,5.277084562092722e-13,True,False,7.583000001432083e-05,9.739999995872495e-06,0.00010038000004897185,schedule_ablation,100,0.5,1101.0,every_eligible,,
schedule_ablation_every_eligible,4V-FB,1802,261,True,False,51,0.04450506385229103,0.04944142818870401,1,-5.4285186184444e-05,9.533972675049429e-32,5.277084562092722e-13,True,False,7.733000006737711e-05,9.95000004877511e-06,0.0001027800001338619,schedule_ablation,100,0.5,1101.0,every_eligible,,
schedule_ablation_every_eligible,4V-FB,1803,262,True,False,51,0.044505063844775136,0.04944142818870401,1,-5.4285189504454934e-05,9.533972675049429e-32,5.27708456209272e-13,True,False,7.639000000381202e-05,1.0060000022349413e-05,0.0001015799998640432,schedule_ablation,100,0.5,1101.0,every_eligible,,
schedule_ablation_every_eligible,4V-FB,1804,263,True,False,51,0.044505063837331924,0.04944142818870401,1,-5.428519278805055e-05,9.533972675049429e-32,5.277084562092721e-13,True,False,7.572999993499252e-05,9.849999969446799e-06,0.00010064000002785178,schedule_ablation,100,0.5,1101.0,every_eligible,,
schedule_ablation_every_eligible,4V-FB,1805,264,True,False,51,0.044505063829960875,0.04944142818870401,1,-5.42851960414481e-05,9.533972675049429e-32,5.277084562092722e-13,True,False,7.597000012538047e-05,9.990000080506434e-06,0.00010105999990628334,schedule_ablation,100,0.5,1101.0,every_eligible,,
schedule_ablation_every_eligible,4V-FB,1806,265,True,False,51,0.04450506382266119,0.04944142818870401,1,-5.428519926287123e-05,9.533972675049429e-32,5.277084562092722e-13,True,False,7.604999996146944e-05,9.849999969446799e-06,0.0001008099998216494,schedule_ablation,100,0.5,1101.0,every_eligible,,
schedule_ablation_every_eligible,4V-FB,1807,266,True,False,51,0.044505063815431845,0.04944142818870401,1,-5.4285202452319936e-05,9.533972675049429e-32,5.277084562092722e-13,True,False,8.230999992520083e-05,1.0289999863744015e-05,0.00010777000011330529,schedule_ablation,100,0.5,1101.0,every_eligible,,
schedule_ablation_every_eligible,4V-FB,1808,267,True,False,51,0.04450506380827364,0.04944142818870401,1,-5.4285205610682397e-05,9.533972675049429e-32,5.277084562092722e-13,True,False,7.666999999855761e-05,9.930000032909447e-06,0.00010141999996449158,schedule_ablation,100,0.5,1101.0,every_eligible,,
schedule_ablation_every_eligible,4V-FB,1809,268,True,False,51,0.04450506380118412,0.04944142818870401,1,-5.428520873884679e-05,9.533972675049429e-32,5.277084562092721e-13,True,False,7.620999986102106e-05,9.760000011738157e-06,0.00010075999989567208,schedule_ablation,100,0.5,1101.0,every_eligible,,
schedule_ablation_every_eligible,4V-FB,1810,269,True,False,51,0.044505063794162705,0.04944142818870401,1,-5.428521183503676e-05,9.533972675049429e-32,5.277084562092722e-13,True,False,7.664999998269195e-05,1.025999995363236e-05,0.0001021299999592884,schedule_ablation,100,0.5,1101.0,every_eligible,,
schedule_ablation_every_eligible,4V-FB,1811,270,True,False,51,0.04450506378720985,0.04944142818870401,1,-5.4285214901916845e-05,9.533972675049429e-32,5.277084562092722e-13,True,False,7.656000002498331e-05,1.0060000022349413e-05,0.00010204000000157976,schedule_ablation,100,0.5,1101.0,every_eligible,,
schedule_ablation_every_eligible,4V-FB,1812,271,True,False,51,0.04450506378032437,0.04944142818870401,1,-5.428521793859886e-05,9.533972675049429e-32,5.277084562092721e-13,True,False,7.633000018358871e-05,1.6350000123566133e-05,0.00010795000002872257,schedule_ablation,100,0.5,1101.0,every_eligible,,
schedule_ablation_every_eligible,4V-FB,1813,272,True,False,51,0.04450506377350574,0.04944142818870401,1,-5.4285220943306456e-05,9.533972675049429e-32,5.277084562092722e-13,True,False,7.742999991933175e-05,9.98000018626044e-06,0.00010242000007565366,schedule_ablation,100,0.5,1101.0,every_eligible,,
schedule_ablation_every_eligible,4V-FB,1814,273,True,False,51,0.04450506376675241,0.04944142818870401,1,-5.42852239213687e-05,9.533972675049429e-32,5.277084562092722e-13,True,False,7.616000016241742e-05,1.022000014927471e-05,0.00010137999993276026,schedule_ablation,100,0.5,1101.0,every_eligible,,
schedule_ablation_every_eligible,4V-FB,1815,274,True,False,51,0.04450506376006551,0.04944142818870401,1,-5.428522687100923e-05,9.533972675049429e-32,5.277084562092721e-13,True,False,7.635999986632669e-05,9.999999974752427e-06,0.00010153000016543956,schedule_ablation,100,0.5,1101.0,every_eligible,,
schedule_ablation_every_eligible,4V-FB,1816,275,True,False,51,0.04450506375344296,0.04944142818870401,1,-5.4285229789563516e-05,9.533972675049429e-32,5.277084562092721e-13,True,False,7.646999983990099e-05,9.849999969446799e-06,0.00010128000008080562,schedule_ablation,100,0.5,1101.0,every_eligible,,
schedule_ablation_every_eligible,4V-FB,1817,276,True,False,51,0.04450506374688468,0.04944142818870401,1,-5.4285232678807915e-05,9.533972675049429e-32,5.277084562092722e-13,True,False,7.626899991919345e-05,9.869999985312461e-06,0.00010144900011255231,schedule_ablation,100,0.5,1101.0,every_eligible,,
schedule_ablation_every_eligible,4V-FB,1818,277,True,False,51,0.04450506374038987,0.04944142818870401,1,-5.4285235540518784e-05,9.533972675049429e-32,5.27708456209272e-13,True,False,7.768000000396569e-05,1.001999999061809e-05,0.00010318999989067379,schedule_ablation,100,0.5,1101.0,every_eligible,,
schedule_ablation_every_eligible,4V-FB,1819,278,True,False,51,0.04450506373395756,0.04944142818870401,1,-5.42852383755843e-05,9.533972675049429e-32,5.27708456209272e-13,True,False,7.688000005146023e-05,1.0010000096372096e-05,0.00010197999995398277,schedule_ablation,100,0.5,1101.0,every_eligible,,
schedule_ablation_every_eligible,4V-FB,1820,279,True,False,51,0.04450506372758804,0.04944142818870401,1,-5.428524117867539e-05,9.533972675049429e-32,5.277084562092722e-13,True,False,7.657000014660298e-05,1.0070000143969082e-05,0.00010180000003856549,schedule_ablation,100,0.5,1101.0,every_eligible,,
schedule_ablation_every_eligible,4V-FB,1821,280,True,False,51,0.044505063721280505,0.04944142818870401,1,-5.4285243958673846e-05,9.533972675049429e-32,5.277084562092722e-13,True,False,7.70699998611235e-05,1.0080000038215076e-05,0.00010236000002805667,schedule_ablation,100,0.5,1101.0,every_eligible,,
schedule_ablation_every_eligible,4V-FB,1822,281,True,False,51,0.044505063715033905,0.04944142818870401,1,-5.428524671025059e-05,9.533972675049429e-32,5.277084562092722e-13,True,False,7.65699999192293e-05,9.860000091066468e-06,0.0001013599999168946,schedule_ablation,100,0.5,1101.0,every_eligible,,
schedule_ablation_every_eligible,4V-FB,1823,282,True,False,51,0.04450506370884737,0.04944142818870401,1,-5.4285249433405625e-05,9.533972675049429e-32,5.277084562092722e-13,True,False,8.272999980363238e-05,9.979999958886765e-06,0.00010803000009218522,schedule_ablation,100,0.5,1101.0,every_eligible,,
schedule_ablation_every_eligible,4V-FB,1824,283,True,False,51,0.04450506370272157,0.04944142818870401,1,-5.4285252131691664e-05,9.533972675049429e-32,5.27708456209272e-13,True,False,7.650999987163232e-05,9.999999974752427e-06,0.00010156000007555122,schedule_ablation,100,0.5,1101.0,every_eligible,,
schedule_ablation_every_eligible,4V-FB,1825,284,True,False,51,0.04450506369665473,0.04944142818870401,1,-5.428525480244417e-05,9.533972675049429e-32,5.277084562092721e-13,True,False,7.626000001437205e-05,1.001999999061809e-05,0.00010137999993276026,schedule_ablation,100,0.5,1101.0,every_eligible,,
schedule_ablation_every_eligible,4V-FB,1826,285,True,False,51,0.044505063690646315,0.04944142818870401,1,-5.428525744655133e-05,9.533972675049429e-32,5.277084562092722e-13,True,False,7.626999990861805e-05,9.919999911289779e-06,0.00010127999985343195,schedule_ablation,100,0.5,1101.0,every_eligible,,
schedule_ablation_every_eligible,4V-FB,1827,286,True,False,51,0.04450506368469623,0.04944142818870401,1,-5.4285260067565844e-05,9.533972675049429e-32,5.27708456209272e-13,True,False,7.619999996677507e-05,1.0010000096372096e-05,0.00010092000002259738,schedule_ablation,100,0.5,1101.0,every_eligible,,
schedule_ablation_every_eligible,4V-FB,1828,287,True,False,51,0.04450506367880408,0.04944142818870401,1,-5.428526265927047e-05,9.533972675049429e-32,5.277084562092721e-13,True,False,7.625000012012606e-05,1.0069999916595407e-05,0.00010960999998133047,schedule_ablation,100,0.5,1101.0,every_eligible,,
schedule_ablation_every_eligible,4V-FB,1829,288,True,False,51,0.044505063672969,0.04944142818870401,1,-5.428526522521793e-05,9.533972675049429e-32,5.277084562092722e-13,True,False,7.74599998294434e-05,1.0039999779110076e-05,0.00010269000017615326,schedule_ablation,100,0.5,1101.0,every_eligible,,
schedule_ablation_every_eligible,4V-FB,1830,289,True,False,51,0.04450506366719019,0.04944142818870401,1,-5.428526776896092e-05,9.533972675049429e-32,5.27708456209272e-13,True,False,7.6450000051409e-05,9.930000032909447e-06,0.00010131999988516327,schedule_ablation,100,0.5,1101.0,every_eligible,,
schedule_ablation_every_eligible,4V-FB,1831,290,True,False,51,0.04450506366146817,0.04944142818870401,1,-5.4285270284282205e-05,9.533972675049429e-32,5.277084562092722e-13,True,False,7.658999993509497e-05,1.0060000022349413e-05,0.00010169999995923718,schedule_ablation,100,0.5,1101.0,every_eligible,,
schedule_ablation_every_eligible,4V-FB,1832,291,True,False,51,0.044505063655801105,0.04944142818870401,1,-5.4285272779175386e-05,9.533972675049429e-32,5.277084562092721e-13,True,False,7.66200000725803e-05,9.809999937715475e-06,0.0001016300000173942,schedule_ablation,100,0.5,1101.0,every_eligible,,
schedule_ablation_every_eligible,4V-FB,1833,292,True,False,51,0.04450506365018911,0.04944142818870401,1,-5.4285275246535036e-05,9.533972675049429e-32,5.277084562092721e-13,True,False,7.664999998269195e-05,9.890000001178123e-06,0.00010134000012840261,schedule_ablation,100,0.5,1101.0,every_eligible,,
schedule_ablation_every_eligible,4V-FB,1834,293,True,False,51,0.04450506364463108,0.04944142818870401,1,-5.428527768991387e-05,9.533972675049429e-32,5.277084562092722e-13,True,False,7.694000009905722e-05,9.990000080506434e-06,0.00010213999985353439,schedule_ablation,100,0.5,1101.0,every_eligible,,
schedule_ablation_every_eligible,4V-FB,1835,294,True,False,51,0.04450506363912718,0.04944142818870401,1,-5.4285280109311884e-05,9.533972675049429e-32,5.277084562092722e-13,True,False,7.621999998264073e-05,9.849999969446799e-06,0.00010115999998561165,schedule_ablation,100,0.5,1101.0,every_eligible,,
schedule_ablation_every_eligible,4V-FB,1836,295,True,False,51,0.04450506363367705,0.04944142818870401,1,-5.428528250650544e-05,9.533972675049429e-32,5.277084562092721e-13,True,False,7.654999990336364e-05,9.859999863692792e-06,0.00010143999998035724,schedule_ablation,100,0.5,1101.0,every_eligible,,
schedule_ablation_every_eligible,4V-FB,1837,296,True,False,51,0.04450506362827908,0.04944142818870401,1,-5.428528487883e-05,9.533972675049429e-32,5.277084562092722e-13,True,False,7.677999997213192e-05,9.879999879558454e-06,0.00010160000010728254,schedule_ablation,100,0.5,1101.0,every_eligible,,
schedule_ablation_every_eligible,4V-FB,1838,297,True,False,51,0.044505063622933785,0.04944142818870401,1,-5.428528722806192e-05,9.533972675049429e-32,5.277084562092721e-13,True,False,7.668000012017728e-05,9.930000032909447e-06,0.00010176000000683416,schedule_ablation,100,0.5,1101.0,every_eligible,,
schedule_ablation_every_eligible,4V-FB,1839,298,True,False,51,0.04450506361764081,0.04944142818870401,1,-5.4285289556865735e-05,9.533972675049429e-32,5.27708456209272e-13,True,False,8.335999996234023e-05,1.0219999921901035e-05,0.00010891000010815333,schedule_ablation,100,0.5,1101.0,every_eligible,,
schedule_ablation_every_eligible,4V-FB,1840,299,True,False,51,0.04450506361239842,0.04944142818870401,1,-5.42852918590242e-05,9.533972675049429e-32,5.277084562092721e-13,True,False,7.676000018363993e-05,9.829999953581137e-06,0.00010165999992750585,schedule_ablation,100,0.5,1101.0,every_eligible,,
schedule_ablation_every_eligible,4V-FB,1841,300,True,False,51,0.04450506360720702,0.04944142818870401,1,-5.42852941389782e-05,9.533972675049429e-32,5.277084562092722e-13,True,False,7.670000013604295e-05,9.840000075200805e-06,0.0001016300000173942,schedule_ablation,100,0.5,1101.0,every_eligible,,
schedule_ablation_every_eligible,4V-FB,1842,301,True,False,51,0.04450506360206616,0.04944142818870401,1,-5.428529639761592e-05,9.533972675049429e-32,5.277084562092721e-13,True,False,7.58400001359405e-05,1.001999999061809e-05,0.00010068000005958311,schedule_ablation,100,0.5,1101.0,every_eligible,,
schedule_ablation_every_eligible,4V-FB,1843,302,True,False,51,0.04450506359697541,0.04944142818870401,1,-5.4285298634049184e-05,9.533972675049429e-32,5.277084562092721e-13,True,False,7.622999987688672e-05,9.959999943021103e-06,0.00010102999999617168,schedule_ablation,100,0.5,1101.0,every_eligible,,
schedule_ablation_every_eligible,4V-FB,1844,303,True,False,51,0.04450506359193311,0.04944142818870401,1,-5.4285300848277984e-05,9.533972675049429e-32,5.277084562092722e-13,True,False,7.621999998264073e-05,1.0410000186311663e-05,0.00010805000010805088,schedule_ablation,100,0.5,1101.0,every_eligible,,
schedule_ablation_every_eligible,4V-FB,1845,304,True,False,51,0.044505063586939994,0.04944142818870401,1,-5.42853030411905e-05,9.533972675049429e-32,5.277084562092721e-13,True,False,7.716000004620582e-05,9.88000010693213e-06,0.00010204000000157976,schedule_ablation,100,0.5,1101.0,every_eligible,,
schedule_ablation_every_eligible,4V-FB,1846,305,True,False,51,0.04450506358199571,0.04944142818870401,1,-5.428530521101038e-05,9.533972675049429e-32,5.277084562092722e-13,True,False,7.621000008839474e-05,9.83999984782713e-06,0.00010085999997500039,schedule_ablation,100,0.5,1101.0,every_eligible,,
schedule_ablation_every_eligible,4V-FB,1847,306,True,False,51,0.04450506357709899,0.04944142818870401,1,-5.4285307362178514e-05,9.533972675049429e-32,5.277084562092722e-13,True,False,7.610000011482043e-05,9.820000059335143e-06,0.00010081000004902307,schedule_ablation,100,0.5,1101.0,every_eligible,,
schedule_ablation_every_eligible,4V-FB,1848,307,True,False,51,0.04450506357225044,0.04944142818870401,1,-5.4285309492030365e-05,9.533972675049429e-32,5.27708456209272e-13,True,False,7.636999998794636e-05,9.850000196820474e-06,0.00010113999996974599,schedule_ablation,100,0.5,1101.0,every_eligible,,
schedule_ablation_every_eligible,4V-FB,1849,308,True,False,51,0.044505063567447975,0.04944142818870401,1,-5.428531159701322e-05,9.533972675049429e-32,5.277084562092722e-13,True,False,7.600000003549212e-05,9.95000004877511e-06,0.00010087999999086605,schedule_ablation,100,0.5,1101.0,every_eligible,,
schedule_ablation_every_eligible,4V-FB,1850,309,True,False,51,0.044505063562692126,0.04944142818870401,1,-5.4285313684232506e-05,9.533972675049429e-32,5.277084562092722e-13,True,False,7.72299999880488e-05,9.979999958886765e-06,0.00010261000011269061,schedule_ablation,100,0.5,1101.0,every_eligible,,
schedule_ablation_every_eligible,4V-FB,1851,310,True,False,51,0.0445050635579832,0.04944142818870401,1,-5.4285315752800045e-05,9.533972675049429e-32,5.277084562092721e-13,True,False,7.640000012543169e-05,9.990000080506434e-06,0.0001018499999645428,schedule_ablation,100,0.5,1101.0,every_eligible,,
schedule_ablation_every_eligible,4V-FB,1852,311,True,False,51,0.0445050635533194,0.04944142818870401,1,-5.4285317798274946e-05,9.533972675049429e-32,5.277084562092722e-13,True,False,7.654000000911765e-05,9.869999985312461e-06,0.00010171000008085684,schedule_ablation,100,0.5,1101.0,every_eligible,,
schedule_ablation_every_eligible,4V-FB,1853,312,True,False,51,0.044505063548700985,0.04944142818870401,1,-5.428531982420992e-05,9.533972675049429e-32,5.277084562092722e-13,True,False,7.616999982928974e-05,9.940000154529116e-06,0.00010126000006493996,schedule_ablation,100,0.5,1101.0,every_eligible,,
schedule_ablation_every_eligible,4V-FB,1854,313,True,False,51,0.044505063544127144,0.04944142818870401,1,-5.428532183149315e-05,9.533972675049429e-32,5.277084562092721e-13,True,False,7.609999988744676e-05,1.001999999061809e-05,0.00010111999995388032,schedule_ablation,100,0.5,1101.0,every_eligible,,
schedule_ablation_every_eligible,4V-FB,1855,314,True,False,51,0.04450506353959828,0.04944142818870401,1,-5.4285323818348274e-05,9.533972675049429e-32,5.277084562092721e-13,True,False,8.290999994642334e-05,9.98000018626044e-06,0.00010808000001816254,schedule_ablation,100,0.5,1101.0,every_eligible,,
schedule_ablation_every_eligible,4V-FB,1856,315,True,False,51,0.04450506353511298,0.04944142818870401,1,-5.428532578655165e-05,9.533972675049429e-32,5.27708456209272e-13,True,False,7.669999990866927e-05,9.920000138663454e-06,0.00010189999989052012,schedule_ablation,100,0.5,1101.0,every_eligible,,
schedule_ablation_every_eligible,4V-FB,1857,316,True,False,51,0.044505063530671185,0.04944142818870401,1,-5.428532773343875e-05,9.533972675049429e-32,5.277084562092722e-13,True,False,7.613000002493209e-05,9.899999895424116e-06,0.00010091000012835138,schedule_ablation,100,0.5,1101.0,every_eligible,,
schedule_ablation_every_eligible,4V-FB,1858,317,True,False,51,0.0445050635262719,0.04944142818870401,1,-5.42853296616741e-05,9.533972675049429e-32,5.277084562092721e-13,True,False,7.575000017823186e-05,9.910000017043785e-06,0.00010064000002785178,schedule_ablation,100,0.5,1101.0,every_eligible,,
schedule_ablation_every_eligible,4V-FB,1859,318,True,False,51,0.044505063521916355,0.04944142818870401,1,-5.42853315712577e-05,9.533972675049429e-32,5.277084562092721e-13,True,False,7.573999982923851e-05,9.920000138663454e-06,0.00010050999981103814,schedule_ablation,100,0.5,1101.0,every_eligible,,
schedule_ablation_every_eligible,4V-FB,1860,319,True,False,51,0.044505063517602514,0.04944142818870401,1,-5.428533346396591e-05,9.533972675049429e-32,5.27708456209272e-13,True,False,8.18100002106803e-05,1.0070000143969082e-05,0.00010726000004979142,schedule_ablation,100,0.5,1101.0,every_eligible,,
schedule_ablation_every_eligible,4V-FB,1861,320,True,False,51,0.04450506351333039,0.04944142818870401,1,-5.428533533535784e-05,9.533972675049429e-32,5.277084562092721e-13,True,False,7.679000009375159e-05,1.0069999916595407e-05,0.0001018599998587888,schedule_ablation,100,0.5,1101.0,every_eligible,,
schedule_ablation_every_eligible,4V-FB,1862,321,True,False,51,0.0445050635090993,0.04944142818870401,1,-5.4285337188986205e-05,9.533972675049429e-32,5.277084562092721e-13,True,False,7.640000012543169e-05,1.0060000022349413e-05,0.00010137999993276026,schedule_ablation,100,0.5,1101.0,every_eligible,,
schedule_ablation_every_eligible,4V-FB,1863,322,True,False,51,0.04450506350491039,0.04944142818870401,1,-5.428533902396282e-05,9.533972675049429e-32,5.277084562092721e-13,True,False,7.626999990861805e-05,9.970000064640772e-06,0.00010138000016013393,schedule_ablation,100,0.5,1101.0,every_eligible,,
schedule_ablation_every_eligible,4V-FB,1864,323,True,False,51,0.04450506350076168,0.04944142818870401,1,-5.4285340842064045e-05,9.533972675049429e-32,5.277084562092721e-13,True,False,7.675000006202026e-05,9.990000080506434e-06,0.00010171000008085684,schedule_ablation,100,0.5,1101.0,every_eligible,,
schedule_ablation_every_eligible,4V-FB,1865,324,True,False,51,0.04450506349665248,0.04944142818870401,1,-5.428534264328988e-05,9.533972675049429e-32,5.277084562092721e-13,True,False,7.642000014129735e-05,1.001999999061809e-05,0.00010147000011784257,schedule_ablation,100,0.5,1101.0,every_eligible,,
schedule_ablation_every_eligible,4V-FB,1866,325,True,False,51,0.044505063492584,0.04944142818870401,1,-5.428534442497579e-05,9.533972675049429e-32,5.277084562092721e-13,True,False,7.764999986648036e-05,9.800000043469481e-06,0.00010271999985889124,schedule_ablation,100,0.5,1101.0,every_eligible,,
schedule_ablation_every_eligible,4V-FB,1867,326,True,False,51,0.04450506348855489,0.04944142818870401,1,-5.428534618978631e-05,9.533972675049429e-32,5.277084562092721e-13,True,False,7.720000007793715e-05,1.024999983201269e-05,0.00010292000001754786,schedule_ablation,100,0.5,1101.0,every_eligible,,
schedule_ablation_every_eligible,4V-FB,1868,327,True,False,51,0.04450506348456465,0.04944142818870401,1,-5.428534793772144e-05,9.533972675049429e-32,5.277084562092721e-13,True,False,7.686000003559457e-05,9.999999974752427e-06,0.0001022399999328627,schedule_ablation,100,0.5,1101.0,every_eligible,,
schedule_ablation_every_eligible,4V-FB,1869,328,True,False,51,0.044505063480613005,0.04944142818870401,1,-5.4285349667893e-05,9.533972675049429e-32,5.277084562092721e-13,True,False,7.665999987693795e-05,1.0119999842572724e-05,0.00010178000002269982,schedule_ablation,100,0.5,1101.0,every_eligible,,
schedule_ablation_every_eligible,4V-FB,1870,329,True,False,51,0.044505063476700024,0.04944142818870401,1,-5.428535138207735e-05,9.533972675049429e-32,5.27708456209272e-13,True,False,7.627000013599172e-05,1.0109999948326731e-05,0.00010164000013901386,schedule_ablation,100,0.5,1101.0,every_eligible,,
schedule_ablation_every_eligible,4V-FB,1871,330,True,False,51,0.044505063472824694,0.04944142818870401,1,-5.428535307849813e-05,9.533972675049429e-32,5.27708456209272e-13,True,False,8.290000005217735e-05,1.0149999980058055e-05,0.00010825000003933383,schedule_ablation,100,0.5,1101.0,every_eligible,,
schedule_ablation_every_eligible,4V-FB,1872,331,True,False,51,0.044505063468986916,0.04944142818870401,1,-5.4285354758043525e-05,9.533972675049429e-32,5.277084562092721e-13,True,False,7.702000016251986e-05,9.910000017043785e-06,0.00010195000004387111,schedule_ablation,100,0.5,1101.0,every_eligible,,
schedule_ablation_every_eligible,4V-FB,1873,332,True,False,51,0.044505063465186706,0.04944142818870401,1,-5.428535642248988e-05,9.533972675049429e-32,5.277084562092721e-13,True,False,7.682000000386324e-05,9.930000032909447e-06,0.00010176000000683416,schedule_ablation,100,0.5,1101.0,every_eligible,,
schedule_ablation_every_eligible,4V-FB,1874,333,True,False,51,0.04450506346142359,0.04944142818870401,1,-5.4285358068284495e-05,9.533972675049429e-32,5.27708456209272e-13,True,False,7.649999997738632e-05,1.000999986899842e-05,0.00010163999991164019,schedule_ablation,100,0.5,1101.0,every_eligible,,
schedule_ablation_every_eligible,4V-FB,1875,334,True,False,51,0.04450506345769657,0.04944142818870401,1,-5.4285359698980074e-05,9.533972675049429e-32,5.277084562092722e-13,True,False,7.714000003034016e-05,9.969999837267096e-06,0.00010222999981124303,schedule_ablation,100,0.5,1101.0,every_eligible,,
schedule_ablation_every_eligible,4V-FB,1876,335,True,False,51,0.0445050634540059,0.04944142818870401,1,-5.4285361316352976e-05,9.533972675049429e-32,5.27708456209272e-13,True,False,8.273999992525205e-05,1.0030000112237758e-05,0.00010812000004989386,schedule_ablation,100,0.5,1101.0,every_eligible,,
schedule_ablation_every_eligible,4V-FB,1877,336,True,False,51,0.04450506345035099,0.04944142818870401,1,-5.4285362912409596e-05,9.533972675049429e-32,5.277084562092721e-13,True,False,7.720999997218314e-05,9.930000032909447e-06,0.00010221999991699704,schedule_ablation,100,0.5,1101.0,every_eligible,,
schedule_ablation_every_eligible,4V-FB,1878,337,True,False,51,0.04450506344673122,0.04944142818870401,1,-5.42853644969199e-05,9.533972675049429e-32,5.277084562092721e-13,True,False,7.697999990341486e-05,9.859999863692792e-06,0.0001018499999645428,schedule_ablation,100,0.5,1101.0,every_eligible,,
schedule_ablation_every_eligible,4V-FB,1879,338,True,False,51,0.04450506344314728,0.04944142818870401,1,-5.428536606455481e-05,9.533972675049429e-32,5.277084562092721e-13,True,False,7.658000004084897e-05,1.0140000085812062e-05,0.00010159999987990886,schedule_ablation,100,0.5,1101.0,every_eligible,,
schedule_ablation_every_eligible,4V-FB,1880,339,True,False,51,0.04450506343959783,0.04944142818870401,1,-5.428536761620251e-05,9.533972675049429e-32,5.277084562092721e-13,True,False,7.672000015190861e-05,9.999999974752427e-06,0.00010167000004912552,schedule_ablation,100,0.5,1101.0,every_eligible,,
schedule_ablation_every_eligible,4V-FB,1881,340,True,False,51,0.04450506343608236,0.04944142818870401,1,-5.428536915452753e-05,9.533972675049429e-32,5.27708456209272e-13,True,False,7.681000010961725e-05,1.0080000038215076e-05,0.00010195999993811711,schedule_ablation,100,0.5,1101.0,every_eligible,,
schedule_ablation_every_eligible,4V-FB,1882,341,True,False,51,0.04450506343260141,0.04944142818870401,1,-5.4285370675088984e-05,9.533972675049429e-32,5.277084562092722e-13,True,False,7.737999999335443e-05,9.869999985312461e-06,0.00010236999992230267,schedule_ablation,100,0.5,1101.0,every_eligible,,
schedule_ablation_every_eligible,4V-FB,1883,342,True,False,51,0.04450506342915392,0.04944142818870401,1,-5.428537218410412e-05,9.533972675049429e-32,5.277084562092721e-13,True,False,7.714000003034016e-05,1.0139999858438387e-05,0.00010247000000163098,schedule_ablation,100,0.5,1101.0,every_eligible,,
schedule_ablation_every_eligible,4V-FB,1884,343,True,False,51,0.04450506342574051,0.04944142818870401,1,-5.4285373675355686e-05,9.533972675049429e-32,5.277084562092722e-13,True,False,7.662999996682629e-05,9.869999985312461e-06,0.00010141000007024559,schedule_ablation,100,0.5,1101.0,every_eligible,,
schedule_ablation_every_eligible,4V-FB,1885,344,True,False,51,0.044505063422359964,0.04944142818870401,1,-5.428537515506093e-05,9.533972675049429e-32,5.27708456209272e-13,True,False,7.636999998794636e-05,9.970000064640772e-06,0.00010122999992745463,schedule_ablation,100,0.5,1101.0,every_eligible,,
schedule_ablation_every_eligible,4V-FB,1886,345,True,False,51,0.044505063419012406,0.04944142818870401,1,-5.428537661700261e-05,9.533972675049429e-32,5.27708456209272e-13,True,False,7.617000005666341e-05,9.840000075200805e-06,0.00010103999989041768,schedule_ablation,100,0.5,1101.0,every_eligible,,
schedule_ablation_every_eligible,4V-FB,1887,346,True,False,51,0.04450506341569692,0.04944142818870401,1,-5.4285378065621614e-05,9.533972675049429e-32,5.277084562092721e-13,True,False,7.727999991402612e-05,9.970000064640772e-06,0.00010869000016100472,schedule_ablation,100,0.5,1101.0,every_eligible,,
schedule_ablation_every_eligible,4V-FB,1888,347,True,False,51,0.0445050634124136,0.04944142818870401,1,-5.4285379499141584e-05,9.533972675049429e-32,5.277084562092721e-13,True,False,7.665899988751335e-05,9.970000064640772e-06,0.00010164900004383526,schedule_ablation,100,0.5,1101.0,every_eligible,,
schedule_ablation_every_eligible,4V-FB,1889,348,True,False,51,0.04450506340916266,0.04944142818870401,1,-5.4285380920227055e-05,9.533972675049429e-32,5.277084562092721e-13,True,False,7.652999988749798e-05,9.910000017043785e-06,0.00010158999998566287,schedule_ablation,100,0.5,1101.0,every_eligible,,
schedule_ablation_every_eligible,4V-FB,1890,349,True,False,51,0.04450506340594276,0.04944142818870401,1,-5.428538232798985e-05,9.533972675049429e-32,5.277084562092721e-13,True,False,7.654000000911765e-05,9.90999978967011e-06,0.00010158999998566287,schedule_ablation,100,0.5,1101.0,every_eligible,,
schedule_ablation_every_eligible,4V-FB,1891,350,True,False,51,0.04450506340275433,0.04944142818870401,1,-5.428538372065361e-05,9.533972675049429e-32,5.27708456209272e-13,True,False,7.647000006727467e-05,9.88000010693213e-06,0.00010122999992745463,schedule_ablation,100,0.5,1101.0,every_eligible,,
schedule_ablation_every_eligible,4V-FB,1892,351,True,False,51,0.04450506339959688,0.04944142818870401,1,-5.428538509910652e-05,9.533972675049429e-32,5.27708456209272e-13,True,False,8.27100000151404e-05,1.0180000117543386e-05,0.0001080900001397822,schedule_ablation,100,0.5,1101.0,every_eligible,,
schedule_ablation_every_eligible,4V-FB,1893,352,True,False,51,0.04450506339646984,0.04944142818870401,1,-5.428538646423675e-05,9.533972675049429e-32,5.277084562092721e-13,True,False,7.709000010436284e-05,9.999999974752427e-06,0.00010210999994342274,schedule_ablation,100,0.5,1101.0,every_eligible,,
schedule_ablation_every_eligible,4V-FB,1894,353,True,False,51,0.044505063393373345,0.04944142818870401,1,-5.4285387816044306e-05,9.533972675049429e-32,5.277084562092722e-13,True,False,7.709999999860884e-05,1.0040000006483751e-05,0.00010221000002275105,schedule_ablation,100,0.5,1101.0,every_eligible,,
schedule_ablation_every_eligible,4V-FB,1895,354,True,False,51,0.04450506339030713,0.04944142818870401,1,-5.428538915541736e-05,9.533972675049429e-32,5.277084562092721e-13,True,False,7.642999980816967e-05,9.920000138663454e-06,0.00010128000008080562,schedule_ablation,100,0.5,1101.0,every_eligible,,
schedule_ablation_every_eligible,4V-FB,1896,355,True,False,51,0.044505063387270616,0.04944142818870401,1,-5.4285390481467743e-05,9.533972675049429e-32,5.277084562092721e-13,True,False,7.621999998264073e-05,9.799999816095806e-06,0.00010081000004902307,schedule_ablation,100,0.5,1101.0,every_eligible,,
schedule_ablation_every_eligible,4V-FB,1897,356,True,False,51,0.04450506338426374,0.04944142818870401,1,-5.428539179330727e-05,9.533972675049429e-32,5.277084562092721e-13,True,False,7.609999988744676e-05,9.860000091066468e-06,0.00010102999999617168,schedule_ablation,100,0.5,1101.0,every_eligible,,
schedule_ablation_every_eligible,4V-FB,1898,357,True,False,51,0.04450506338128539,0.04944142818870401,1,-5.428539309537683e-05,9.533972675049429e-32,5.27708456209272e-13,True,False,7.686000003559457e-05,9.930000032909447e-06,0.00010208999992755707,schedule_ablation,100,0.5,1101.0,every_eligible,,
schedule_ablation_every_eligible,4V-FB,1899,358,True,False,51,0.04450506337833639,0.04944142818870401,1,-5.4285394381459184e-05,9.533972675049429e-32,5.277084562092721e-13,True,False,7.654000000911765e-05,9.979999958886765e-06,0.0001017399999909685,schedule_ablation,100,0.5,1101.0,every_eligible,,
schedule_ablation_every_eligible,4V-FB,1900,359,True,False,51,0.04450506337541578,0.04944142818870401,1,-5.428539565421886e-05,9.533972675049429e-32,5.277084562092722e-13,True,False,7.647000006727467e-05,1.019000001178938e-05,0.00010204000000157976,schedule_ablation,100,0.5,1101.0,every_eligible,,
schedule_ablation_every_eligible,4V-FB,1901,360,True,False,51,0.04450506337252383,0.04944142818870401,1,-5.428539691720857e-05,9.533972675049429e-32,5.277084562092722e-13,True,False,7.671000003028894e-05,9.93999992715544e-06,0.00010169000006499118,schedule_ablation,100,0.5,1101.0,every_eligible,,
schedule_ablation_every_eligible,4V-FB,1902,361,True,False,51,0.0445050633696604,0.04944142818870401,1,-5.428539816598743e-05,9.533972675049429e-32,5.277084562092722e-13,True,False,7.636000009370036e-05,9.869999985312461e-06,0.00010100999998030602,schedule_ablation,100,0.5,1101.0,every_eligible,,
schedule_ablation_every_eligible,4V-FB,1903,362,True,False,51,0.044505063366824124,0.04944142818870401,1,-5.428539940321997e-05,9.533972675049429e-32,5.277084562092721e-13,True,False,7.729999992989178e-05,9.959999943021103e-06,0.0001081000000340282,schedule_ablation,100,0.5,1101.0,every_eligible,,
schedule_ablation_every_eligible,4V-FB,1904,363,True,False,51,0.04450506336401544,0.04944142818870401,1,-5.428540062979437e-05,9.533972675049429e-32,5.277084562092721e-13,True,False,7.683000012548291e-05,9.780000027603819e-06,0.00010161000000152853,schedule_ablation,100,0.5,1101.0,every_eligible,,
schedule_ablation_every_eligible,4V-FB,1905,364,True,False,51,0.04450506336123426,0.04944142818870401,1,-5.428540184304609e-05,9.533972675049429e-32,5.277084562092721e-13,True,False,7.630000004610338e-05,9.930000032909447e-06,0.0001013500000226486,schedule_ablation,100,0.5,1101.0,every_eligible,,
schedule_ablation_every_eligible,4V-FB,1906,365,True,False,51,0.044505063358479535,0.04944142818870401,1,-5.428540304386331e-05,9.533972675049429e-32,5.27708456209272e-13,True,False,7.631000016772305e-05,9.910000017043785e-06,0.000101079999922149,schedule_ablation,100,0.5,1101.0,every_eligible,,
schedule_ablation_every_eligible,4V-FB,1907,366,True,False,51,0.044505063355752536,0.04944142818870401,1,-5.4285404234022394e-05,9.533972675049429e-32,5.277084562092721e-13,True,False,7.63499999720807e-05,9.780000027603819e-06,0.00010099000019181403,schedule_ablation,100,0.5,1101.0,every_eligible,,
schedule_ablation_every_eligible,4V-FB,1908,367,True,False,51,0.04450506335305164,0.04944142818870401,1,-5.42854054108588e-05,9.533972675049429e-32,5.277084562092722e-13,True,False,8.253000009972311e-05,1.0049999900729745e-05,0.00010777000011330529,schedule_ablation,100,0.5,1101.0,every_eligible,,
schedule_ablation_every_eligible,4V-FB,1909,368,True,False,51,0.04450506335037675,0.04944142818870401,1,-5.4285406577037065e-05,9.533972675049429e-32,5.277084562092721e-13,True,False,7.67800001995056e-05,9.859999863692792e-06,0.00010150999992220022,schedule_ablation,100,0.5,1101.0,every_eligible,,
schedule_ablation_every_eligible,4V-FB,1910,369,True,False,51,0.04450506334772744,0.04944142818870401,1,-5.428540773078083e-05,9.533972675049429e-32,5.277084562092722e-13,True,False,7.605000018884311e-05,9.95000004877511e-06,0.000101079999922149,schedule_ablation,100,0.5,1101.0,every_eligible,,
schedule_ablation_every_eligible,4V-FB,1911,370,True,False,51,0.04450506334510421,0.04944142818870401,1,-5.428540887475464e-05,9.533972675049429e-32,5.277084562092721e-13,True,False,7.644999982403533e-05,1.0080000038215076e-05,0.00010158999998566287,schedule_ablation,100,0.5,1101.0,every_eligible,,
schedule_ablation_every_eligible,4V-FB,1912,371,True,False,51,0.044505063342506146,0.04944142818870401,1,-5.428541000718212e-05,9.533972675049429e-32,5.277084562092722e-13,True,False,7.610000011482043e-05,9.860000091066468e-06,0.00010103999989041768,schedule_ablation,100,0.5,1101.0,every_eligible,,
schedule_ablation_every_eligible,4V-FB,1913,372,True,False,51,0.04450506333993408,0.04944142818870401,1,-5.428541112806329e-05,9.533972675049429e-32,5.277084562092721e-13,True,False,7.600999992973811e-05,9.899999895424116e-06,0.00010098000007019436,schedule_ablation,100,0.5,1101.0,every_eligible,,
schedule_ablation_every_eligible,4V-FB,1914,373,True,False,51,0.04450506333738674,0.04944142818870401,1,-5.428541223917449e-05,9.533972675049429e-32,5.277084562092721e-13,True,False,7.690999996157188e-05,1.01200000699464e-05,0.00010247000000163098,schedule_ablation,100,0.5,1101.0,every_eligible,,
schedule_ablation_every_eligible,4V-FB,1915,374,True,False,51,0.04450506333486408,0.04944142818870401,1,-5.428541333696302e-05,9.533972675049429e-32,5.277084562092721e-13,True,False,7.617000005666341e-05,1.0069999916595407e-05,0.00010148000001208857,schedule_ablation,100,0.5,1101.0,every_eligible,,
schedule_ablation_every_eligible,4V-FB,1916,375,True,False,51,0.044505063332365924,0.04944142818870401,1,-5.428541442498158e-05,9.533972675049429e-32,5.277084562092722e-13,True,False,7.643000003554334e-05,9.799999816095806e-06,0.0001013500000226486,schedule_ablation,100,0.5,1101.0,every_eligible,,
schedule_ablation_every_eligible,4V-FB,1917,376,True,False,51,0.044505063329891695,0.04944142818870401,1,-5.428541550411836e-05,9.533972675049429e-32,5.277084562092721e-13,True,False,7.654000000911765e-05,9.81000016508915e-06,0.00010165000003325986,schedule_ablation,100,0.5,1101.0,every_eligible,,
schedule_ablation_every_eligible,4V-FB,1918,377,True,False,51,0.04450506332744214,0.04944142818870401,1,-5.428541656904429e-05,9.533972675049429e-32,5.277084562092722e-13,True,False,7.632000006196904e-05,1.0040000006483751e-05,0.00010132000011253695,schedule_ablation,100,0.5,1101.0,every_eligible,,
schedule_ablation_every_eligible,4V-FB,1919,378,True,False,51,0.044505063325016136,0.04944142818870401,1,-5.4285417626864785e-05,9.533972675049429e-32,5.277084562092721e-13,True,False,7.766999988234602e-05,1.0060000022349413e-05,0.00010944000018753286,schedule_ablation,100,0.5,1101.0,every_eligible,,
schedule_ablation_every_eligible,4V-FB,1920,379,True,False,51,0.04450506332261392,0.04944142818870401,1,-5.428541867313896e-05,9.533972675049429e-32,5.277084562092721e-13,True,False,7.669999990866927e-05,1.0179999890169711e-05,0.00010199999996984843,schedule_ablation,100,0.5,1101.0,every_eligible,,
schedule_ablation_every_eligible,4V-FB,1921,380,True,False,51,0.044505063320234045,0.04944142818870401,1,-5.428541970964318e-05,9.533972675049429e-32,5.277084562092721e-13,True,False,7.649999997738632e-05,9.93999992715544e-06,0.00010188999999627413,schedule_ablation,100,0.5,1101.0,every_eligible,,
schedule_ablation_every_eligible,4V-FB,1922,381,True,False,51,0.04450506331787833,0.04944142818870401,1,-5.428542073637743e-05,9.533972675049429e-32,5.27708456209272e-13,True,False,7.66200000725803e-05,9.959999943021103e-06,0.00010163999991164019,schedule_ablation,100,0.5,1101.0,every_eligible,,
schedule_ablation_every_eligible,4V-FB,1923,382,True,False,51,0.04450506331554499,0.04944142818870401,1,-5.428542175067719e-05,9.533972675049429e-32,5.277084562092722e-13,True,False,7.63499999720807e-05,1.019000001178938e-05,0.00010161999989577453,schedule_ablation,100,0.5,1101.0,every_eligible,,
schedule_ablation_every_eligible,4V-FB,1924,383,True,False,51,0.04450506331323434,0.04944142818870401,1,-5.428542275698334e-05,9.533972675049429e-32,5.277084562092721e-13,True,False,8.238999998866348e-05,1.0139999858438387e-05,0.00010819999988598283,schedule_ablation,100,0.5,1101.0,every_eligible,,
schedule_ablation_every_eligible,4V-FB,1925,384,True,False,51,0.044505063310946585,0.04944142818870401,1,-5.4285423752631345e-05,9.533972675049429e-32,5.277084562092721e-13,True,False,7.707999998274317e-05,1.0149999980058055e-05,0.0001026800000545336,schedule_ablation,100,0.5,1101.0,every_eligible,,
schedule_ablation_every_eligible,4V-FB,1926,385,True,False,51,0.04450506330868059,0.04944142818870401,1,-5.428542473850939e-05,9.533972675049429e-32,5.277084562092721e-13,True,False,7.637999988219235e-05,9.920000138663454e-06,0.00010147000011784257,schedule_ablation,100,0.5,1101.0,every_eligible,,
schedule_ablation_every_eligible,4V-FB,1927,386,True,False,51,0.04450506330643675,0.04944142818870401,1,-5.428542571639383e-05,9.533972675049429e-32,5.27708456209272e-13,True,False,7.672000015190861e-05,9.949999821401434e-06,0.00010182999994867714,schedule_ablation,100,0.5,1101.0,every_eligible,,
schedule_ablation_every_eligible,4V-FB,1928,387,True,False,51,0.044505063304214845,0.04944142818870401,1,-5.428542668006742e-05,9.533972675049429e-32,5.277084562092722e-13,True,False,7.643999992978934e-05,1.0010000096372096e-05,0.00010154000005968555,schedule_ablation,100,0.5,1101.0,every_eligible,,
schedule_ablation_every_eligible,4V-FB,1929,388,True,False,51,0.04450506330201422,0.04944142818870401,1,-5.428542764107647e-05,9.533972675049429e-32,5.27708456209272e-13,True,False,7.623999999850639e-05,1.0109999948326731e-05,0.00010141000007024559,schedule_ablation,100,0.5,1101.0,every_eligible,,
schedule_ablation_every_eligible,4V-FB,1930,389,True,False,51,0.04450506329983506,0.04944142818870401,1,-5.4285428586098305e-05,9.533972675049429e-32,5.277084562092722e-13,True,False,7.722000009380281e-05,1.0029999884864083e-05,0.0001025100000333623,schedule_ablation,100,0.5,1101.0,every_eligible,,
schedule_ablation_every_eligible,4V-FB,1931,390,True,False,51,0.044505063297677575,0.04944142818870401,1,-5.428542952756743e-05,9.533972675049429e-32,5.27708456209272e-13,True,False,7.680999988224357e-05,9.999999974752427e-06,0.00010183999984292313,schedule_ablation,100,0.5,1101.0,every_eligible,,
schedule_ablation_every_eligible,4V-FB,1932,391,True,False,51,0.04450506329554059,0.04944142818870401,1,-5.42854304548257e-05,9.533972675049429e-32,5.277084562092722e-13,True,False,7.647000006727467e-05,9.989999853132758e-06,0.00010147000011784257,schedule_ablation,100,0.5,1101.0,every_eligible,,
schedule_ablation_every_eligible,4V-FB,1933,392,True,False,51,0.044505063293424366,0.04944142818870401,1,-5.428543137497854e-05,9.533972675049429e-32,5.27708456209272e-13,True,False,7.699000002503453e-05,9.88000010693213e-06,0.0001016300000173942,schedule_ablation,100,0.5,1101.0,every_eligible,,
schedule_ablation_every_eligible,4V-FB,1934,393,True,False,51,0.04450506329132867,0.04944142818870401,1,-5.428543228802596e-05,9.533972675049429e-32,5.27708456209272e-13,True,False,7.669999990866927e-05,9.869999985312461e-06,0.00010166999982175184,schedule_ablation,100,0.5,1101.0,every_eligible,,
schedule_ablation_every_eligible,4V-FB,1935,394,True,False,51,0.044505063289253466,0.04944142818870401,1,-5.4285433189527055e-05,9.533972675049429e-32,5.277084562092721e-13,True,False,7.74599998294434e-05,9.829999953581137e-06,0.00010252000015498197,schedule_ablation,100,0.5,1101.0,every_eligible,,
schedule_ablation_every_eligible,4V-FB,1936,395,True,False,51,0.04450506328719854,0.04944142818870401,1,-5.4285434083034545e-05,9.533972675049429e-32,5.277084562092721e-13,True,False,7.660000005671463e-05,1.0040000006483751e-05,0.00010158999998566287,schedule_ablation,100,0.5,1101.0,every_eligible,,
schedule_ablation_every_eligible,4V-FB,1937,396,True,False,51,0.04450506328516393,0.04944142818870401,1,-5.428543496854843e-05,9.533972675049429e-32,5.27708456209272e-13,True,False,7.72399998822948e-05,1.0040000006483751e-05,0.00010241999984827999,schedule_ablation,100,0.5,1101.0,every_eligible,,
schedule_ablation_every_eligible,4V-FB,1938,397,True,False,51,0.04450506328314814,0.04944142818870401,1,-5.428543584340417e-05,9.533972675049429e-32,5.277084562092721e-13,True,False,7.735000008324278e-05,9.979999958886765e-06,0.00010253000004922797,schedule_ablation,100,0.5,1101.0,every_eligible,,
schedule_ablation_every_eligible,4V-FB,1939,398,True,False,51,0.0445050632811526,0.04944142818870401,1,-5.4285436712930846e-05,9.533972675049429e-32,5.27708456209272e-13,True,False,7.710999989285483e-05,9.910000017043785e-06,0.00010217999988526572,schedule_ablation,100,0.5,1101.0,every_eligible,,
schedule_ablation_every_eligible,4V-FB,1940,399,True,False,51,0.044505063279176194,0.04944142818870401,1,-5.42854375709112e-05,9.533972675049429e-32,5.277084562092719e-13,True,False,8.323999986714625e-05,1.0149999980058055e-05,0.00010868000003938505,schedule_ablation,100,0.5,1101.0,every_eligible,,
schedule_ablation_every_eligible,4V-FB,1941,400,True,False,51,0.04450506327721951,0.04944142818870401,1,-5.428543842000977e-05,9.533972675049429e-32,5.27708456209272e-13,True,False,7.795999999871128e-05,1.015000020743173e-05,0.00010320999990653945,schedule_ablation,100,0.5,1101.0,every_eligible,,
schedule_ablation_every_eligible,4V-FB,1942,401,True,False,51,0.044505063275280934,0.04944142818870401,1,-5.428543926111473e-05,9.533972675049429e-32,5.277084562092722e-13,True,False,7.718000006207149e-05,9.920000138663454e-06,0.00010220000012850505,schedule_ablation,100,0.5,1101.0,every_eligible,,
schedule_ablation_every_eligible,4V-FB,1943,402,True,False,51,0.044505063273362275,0.04944142818870401,1,-5.4285440096890625e-05,9.533972675049429e-32,5.27708456209272e-13,True,False,7.691000018894556e-05,9.910000017043785e-06,0.00010180000003856549,schedule_ablation,100,0.5,1101.0,every_eligible,,
schedule_ablation_every_eligible,4V-FB,1944,403,True,False,51,0.04450506327146117,0.04944142818870401,1,-5.428544092200838e-05,9.533972675049429e-32,5.277084562092721e-13,True,False,7.698000013078854e-05,9.999999974752427e-06,0.00010199999996984843,schedule_ablation,100,0.5,1101.0,every_eligible,,
schedule_ablation_every_eligible,4V-FB,1945,404,True,False,51,0.04450506326957908,0.04944142818870401,1,-5.428544173913252e-05,9.533972675049429e-32,5.277084562092722e-13,True,False,7.705999996687751e-05,9.919999911289779e-06,0.00010197000005973678,schedule_ablation,100,0.5,1101.0,every_eligible,,
schedule_ablation_every_eligible,4V-FB,1946,405,True,False,51,0.04450506326771557,0.04944142818870401,1,-5.428544255003942e-05,9.533972675049429e-32,5.27708456209272e-13,True,False,7.687999982408655e-05,1.0140000085812062e-05,0.00010210000004917674,schedule_ablation,100,0.5,1101.0,every_eligible,,
schedule_ablation_every_eligible,4V-FB,1947,406,True,False,51,0.04450506326586953,0.04944142818870401,1,-5.428544335206453e-05,9.533972675049429e-32,5.27708456209272e-13,True,False,7.67399999404006e-05,9.959999943021103e-06,0.00010168000017074519,schedule_ablation,100,0.5,1101.0,every_eligible,,
schedule_ablation_every_eligible,4V-FB,1948,407,True,False,51,0.04450506326404166,0.04944142818870401,1,-5.428544414520786e-05,9.533972675049429e-32,5.277084562092721e-13,True,False,7.654000000911765e-05,1.0040000006483751e-05,0.00010171999997510284,schedule_ablation,100,0.5,1101.0,every_eligible,,
schedule_ablation_every_eligible,4V-FB,1949,408,True,False,51,0.04450506326223215,0.04944142818870401,1,-5.4285444930357585e-05,9.533972675049429e-32,5.27708456209272e-13,True,False,7.685000014134857e-05,9.930000032909447e-06,0.00010163999991164019,schedule_ablation,100,0.5,1101.0,every_eligible,,
schedule_ablation_every_eligible,4V-FB,1950,409,True,False,51,0.044505063260439376,0.04944142818870401,1,-5.428544570840188e-05,9.533972675049429e-32,5.27708456209272e-13,True,False,7.662999996682629e-05,9.890000001178123e-06,0.00010130999999091728,schedule_ablation,100,0.5,1101.0,every_eligible,,
schedule_ablation_every_eligible,4V-FB,1951,410,True,False,51,0.04450506325866492,0.04944142818870401,1,-5.428544647756439e-05,9.533972675049429e-32,5.277084562092722e-13,True,False,7.808999998815125e-05,1.01200000699464e-05,0.00010331999988011376,schedule_ablation,100,0.5,1101.0,every_eligible,,
schedule_ablation_every_eligible,4V-FB,1952,411,True,False,51,0.04450506325690712,0.04944142818870401,1,-5.428544724139783e-05,9.533972675049429e-32,5.277084562092722e-13,True,False,7.717999983469781e-05,9.919999911289779e-06,0.00010216999999101972,schedule_ablation,100,0.5,1101.0,every_eligible,,
schedule_ablation_every_eligible,4V-FB,1953,412,True,False,51,0.04450506325516611,0.04944142818870401,1,-5.428544799634949e-05,9.533972675049429e-32,5.277084562092722e-13,True,False,7.694999999330321e-05,9.919999911289779e-06,0.00010216999999101972,schedule_ablation,100,0.5,1101.0,every_eligible,,
schedule_ablation_every_eligible,4V-FB,1954,413,True,False,51,0.04450506325344225,0.04944142818870401,1,-5.4285448746860254e-05,9.533972675049429e-32,5.277084562092721e-13,True,False,7.707999998274317e-05,9.800000043469481e-06,0.00010189999989052012,schedule_ablation,100,0.5,1101.0,every_eligible,,
schedule_ablation_every_eligible,4V-FB,1955,414,True,False,51,0.044505063251735394,0.04944142818870401,1,-5.4285449488489235e-05,9.533972675049429e-32,5.27708456209272e-13,True,False,7.669000001442328e-05,9.95000004877511e-06,0.00010179000014431949,schedule_ablation,100,0.5,1101.0,every_eligible,,
schedule_ablation_every_eligible,4V-FB,1956,415,True,False,51,0.04450506325004491,0.04944142818870401,1,-5.4285450219460074e-05,9.533972675049429e-32,5.277084562092721e-13,True,False,8.356000012099685e-05,1.0210000027655042e-05,0.00010899000017161597,schedule_ablation,100,0.5,1101.0,every_eligible,,
schedule_ablation_every_eligible,4V-FB,1957,416,True,False,51,0.04450506324837153,0.04944142818870401,1,-5.428545094599002e-05,9.533972675049429e-32,5.277084562092721e-13,True,False,7.746000005681708e-05,1.0119999842572724e-05,0.00010262000000693661,schedule_ablation,100,0.5,1101.0,every_eligible,,
schedule_ablation_every_eligible,4V-FB,1958,417,True,False,51,0.04450506324671334,0.04944142818870401,1,-5.428545166541454e-05,9.533972675049429e-32,5.277084562092721e-13,True,False,7.643999992978934e-05,9.860000091066468e-06,0.00010109999993801466,schedule_ablation,100,0.5,1101.0,every_eligible,,
schedule_ablation_every_eligible,4V-FB,1959,418,True,False,51,0.0445050632450717,0.04944142818870401,1,-5.4285452377733634e-05,9.533972675049429e-32,5.277084562092721e-13,True,False,7.602999994560378e-05,9.910000017043785e-06,0.00010053999994852347,schedule_ablation,100,0.5,1101.0,every_eligible,,
schedule_ablation_every_eligible,4V-FB,1960,419,True,False,51,0.044505063243446455,0.04944142818870401,1,-5.4285453084723656e-05,9.533972675049429e-32,5.27708456209272e-13,True,False,7.593000009364914e-05,9.999999974752427e-06,0.00010072999998556043,schedule_ablation,100,0.5,1101.0,every_eligible,,
schedule_ablation_every_eligible,4V-FB,1961,420,True,False,51,0.04450506324183717,0.04944142818870401,1,-5.4285453781943716e-05,9.533972675049429e-32,5.27708456209272e-13,True,False,7.6459999945655e-05,9.960000170394778e-06,0.00010132000011253695,schedule_ablation,100,0.5,1101.0,every_eligible,,
schedule_ablation_every_eligible,4V-FB,1962,421,True,False,51,0.044505063240242976,0.04944142818870401,1,-5.428545447117017e-05,9.533972675049429e-32,5.277084562092722e-13,True,False,7.727000001978013e-05,9.849999969446799e-06,0.00010222999981124303,schedule_ablation,100,0.5,1101.0,every_eligible,,
schedule_ablation_every_eligible,4V-FB,1963,422,True,False,51,0.04450506323866414,0.04944142818870401,1,-5.428545515684391e-05,9.533972675049429e-32,5.277084562092721e-13,True,False,7.63499999720807e-05,9.869999985312461e-06,0.00010106999980052933,schedule_ablation,100,0.5,1101.0,every_eligible,,
schedule_ablation_every_eligible,4V-FB,1964,423,True,False,51,0.044505063237101045,0.04944142818870401,1,-5.428545583541222e-05,9.533972675049429e-32,5.27708456209272e-13,True,False,7.649000008314033e-05,1.00799998108414e-05,0.00010161000000152853,schedule_ablation,100,0.5,1101.0,every_eligible,,
schedule_ablation_every_eligible,4V-FB,1965,424,True,False,51,0.044505063235553324,0.04944142818870401,1,-5.428545650421057e-05,9.533972675049429e-32,5.277084562092722e-13,True,False,7.657000014660298e-05,9.830000180954812e-06,0.00010133000000678294,schedule_ablation,100,0.5,1101.0,every_eligible,,
schedule_ablation_every_eligible,4V-FB,1966,425,True,False,51,0.044505063234019746,0.04944142818870401,1,-5.428545716945621e-05,9.533972675049429e-32,5.277084562092722e-13,True,False,7.654000000911765e-05,9.989999853132758e-06,0.00010161999989577453,schedule_ablation,100,0.5,1101.0,every_eligible,,
schedule_ablation_every_eligible,4V-FB,1967,426,True,False,51,0.04450506323250132,0.04944142818870401,1,-5.4285457828484596e-05,9.533972675049429e-32,5.277084562092721e-13,True,False,7.740999990346609e-05,1.0029999884864083e-05,0.00010257999997520528,schedule_ablation,100,0.5,1101.0,every_eligible,,
schedule_ablation_every_eligible,4V-FB,1968,427,True,False,51,0.0445050632309983,0.04944142818870401,1,-5.428545847951938e-05,9.533972675049429e-32,5.277084562092722e-13,True,False,7.630000004610338e-05,9.869999985312461e-06,0.000101079999922149,schedule_ablation,100,0.5,1101.0,every_eligible,,
schedule_ablation_every_eligible,4V-FB,1969,428,True,False,51,0.04450506322950941,0.04944142818870401,1,-5.428545912522509e-05,9.533972675049429e-32,5.277084562092721e-13,True,False,7.683000012548291e-05,9.999999974752427e-06,0.00010157000019717088,schedule_ablation,100,0.5,1101.0,every_eligible,,
schedule_ablation_every_eligible,4V-FB,1970,429,True,False,51,0.04450506322803564,0.04944142818870401,1,-5.4285459762049015e-05,9.533972675049429e-32,5.277084562092722e-13,True,False,7.62999998187297e-05,9.830000180954812e-06,0.00010085999997500039,schedule_ablation,100,0.5,1101.0,every_eligible,,
schedule_ablation_every_eligible,4V-FB,1971,430,True,False,51,0.04450506322657574,0.04944142818870401,1,-5.428546039532023e-05,9.533972675049429e-32,5.277084562092722e-13,True,False,7.682999989810924e-05,9.920000138663454e-06,0.00010176000000683416,schedule_ablation,100,0.5,1101.0,every_eligible,,
schedule_ablation_every_eligible,4V-FB,1972,431,True,False,51,0.04450506322512984,0.04944142818870401,1,-5.428546102415055e-05,9.533972675049429e-32,5.27708456209272e-13,True,False,8.345000014742254e-05,1.0179999890169711e-05,0.00010903999987021962,schedule_ablation,100,0.5,1101.0,every_eligible,,
schedule_ablation_every_eligible,4V-FB,1973,432,True,False,51,0.04450506322369786,0.04944142818870401,1,-5.428546164409909e-05,9.533972675049429e-32,5.277084562092722e-13,True,False,7.742999991933175e-05,1.0010000096372096e-05,0.00010258999986945128,schedule_ablation,100,0.5,1101.0,every_eligible,,
schedule_ablation_every_eligible,4V-FB,1974,433,True,False,51,0.04450506322228101,0.04944142818870401,1,-5.4285462256942196e-05,9.533972675049429e-32,5.27708456209272e-13,True,False,7.632999995621503e-05,9.990000080506434e-06,0.0001009699999485747,schedule_ablation,100,0.5,1101.0,every_eligible,,
schedule_ablation_every_eligible,4V-FB,1975,434,True,False,51,0.04450506322087651,0.04944142818870401,1,-5.4285462865344414e-05,9.533972675049429e-32,5.277084562092722e-13,True,False,7.642000014129735e-05,1.0040000006483751e-05,0.00010137999993276026,schedule_ablation,100,0.5,1101.0,every_eligible,,
schedule_ablation_every_eligible,4V-FB,1976,435,True,False,51,0.0445050632194859,0.04944142818870401,1,-5.428546346752938e-05,9.533972675049429e-32,5.277084562092721e-13,True,False,7.636000009370036e-05,9.919999911289779e-06,0.00010124999994332029,schedule_ablation,100,0.5,1101.0,every_eligible,,
schedule_ablation_every_eligible,4V-FB,1977,436,True,False,51,0.044505063218109736,0.04944142818870401,1,-5.42854640634971e-05,9.533972675049429e-32,5.277084562092722e-13,True,False,7.621999998264073e-05,9.990000080506434e-06,0.0001009699999485747,schedule_ablation,100,0.5,1101.0,every_eligible,,
schedule_ablation_every_eligible,4V-FB,1978,437,True,False,51,0.04450506321674587,0.04944142818870401,1,-5.428546465502393e-05,9.533972675049429e-32,5.27708456209272e-13,True,False,7.68900001730799e-05,1.0010000096372096e-05,0.00010206000001744542,schedule_ablation,100,0.5,1101.0,every_eligible,,
schedule_ablation_every_eligible,4V-FB,1979,438,True,False,51,0.04450506321539581,0.04944142818870401,1,-5.428546523855715e-05,9.533972675049429e-32,5.277084562092721e-13,True,False,7.655000013073732e-05,9.959999943021103e-06,0.00010158000009141688,schedule_ablation,100,0.5,1101.0,every_eligible,,
schedule_ablation_every_eligible,4V-FB,1980,439,True,False,51,0.0445050632140592,0.04944142818870401,1,-5.428546581764948e-05,9.533972675049429e-32,5.277084562092721e-13,True,False,7.731999994575744e-05,1.0250000059386366e-05,0.00010298000006514485,schedule_ablation,100,0.5,1101.0,every_eligible,,
schedule_ablation_every_eligible,4V-FB,1981,440,True,False,51,0.04450506321273487,0.04944142818870401,1,-5.428546639141274e-05,9.533972675049429e-32,5.277084562092721e-13,True,False,7.677999997213192e-05,1.0109999948326731e-05,0.00010221999991699704,schedule_ablation,100,0.5,1101.0,every_eligible,,
schedule_ablation_every_eligible,4V-FB,1982,441,True,False,51,0.04450506321142361,0.04944142818870401,1,-5.428546695807057e-05,9.533972675049429e-32,5.277084562092721e-13,True,False,7.67399999404006e-05,1.0030000112237758e-05,0.00010197000005973678,schedule_ablation,100,0.5,1101.0,every_eligible,,
schedule_ablation_every_eligible,4V-FB,1983,442,True,False,51,0.044505063210125845,0.04944142818870401,1,-5.428546752206387e-05,9.533972675049429e-32,5.27708456209272e-13,True,False,7.747000017843675e-05,9.95000004877511e-06,0.00010282000016559323,schedule_ablation,100,0.5,1101.0,every_eligible,,
schedule_ablation_every_eligible,4V-FB,1984,443,True,False,51,0.04450506320883972,0.04944142818870401,1,-5.428546807717538e-05,9.533972675049429e-32,5.277084562092721e-13,True,False,7.630000004610338e-05,1.000999986899842e-05,0.00010166000015487953,schedule_ablation,100,0.5,1101.0,every_eligible,,
schedule_ablation_every_eligible,4V-FB,1985,444,True,False,51,0.044505063207566725,0.04944142818870401,1,-5.4285468626069644e-05,9.533972675049429e-32,5.277084562092722e-13,True,False,7.636999998794636e-05,9.919999911289779e-06,0.00010137999993276026,schedule_ablation,100,0.5,1101.0,every_eligible,,
schedule_ablation_every_eligible,4V-FB,1986,445,True,False,51,0.04450506320630605,0.04944142818870401,1,-5.428546917318755e-05,9.533972675049429e-32,5.277084562092721e-13,True,False,7.660999995096063e-05,9.820000059335143e-06,0.00010137999993276026,schedule_ablation,100,0.5,1101.0,every_eligible,,
schedule_ablation_every_eligible,4V-FB,1987,446,True,False,51,0.044505063205057135,0.04944142818870401,1,-5.428546971320003e-05,9.533972675049429e-32,5.277084562092721e-13,True,False,7.707999998274317e-05,9.95000004877511e-06,0.00010199999996984843,schedule_ablation,100,0.5,1101.0,every_eligible,,
schedule_ablation_every_eligible,4V-FB,1988,447,True,False,51,0.044505063203820944,0.04944142818870401,1,-5.428547024877162e-05,9.533972675049429e-32,5.277084562092721e-13,True,False,8.275000004687172e-05,1.0200000133409048e-05,0.00010823999991771416,schedule_ablation,100,0.5,1101.0,every_eligible,,
schedule_ablation_every_eligible,4V-FB,1989,448,True,False,51,0.044505063202596645,0.04944142818870401,1,-5.428547077990231e-05,9.533972675049429e-32,5.27708456209272e-13,True,False,7.727000001978013e-05,9.960000170394778e-06,0.0001022900000862137,schedule_ablation,100,0.5,1101.0,every_eligible,,
schedule_ablation_every_eligible,4V-FB,1990,449,True,False,51,0.04450506320138392,0.04944142818870401,1,-5.42854713030394e-05,9.533972675049429e-32,5.277084562092721e-13,True,False,7.649000008314033e-05,9.840000075200805e-06,0.00010141000007024559,schedule_ablation,100,0.5,1101.0,every_eligible,,
schedule_ablation_every_eligible,4V-FB,1991,450,True,False,51,0.044505063200183326,0.04944142818870401,1,-5.4285471822623776e-05,9.533972675049429e-32,5.27708456209272e-13,True,False,7.632999995621503e-05,9.849999969446799e-06,0.00010128000008080562,schedule_ablation,100,0.5,1101.0,every_eligible,,
schedule_ablation_every_eligible,4V-FB,1992,451,True,False,51,0.044505063198994346,0.04944142818870401,1,-5.428547233776726e-05,9.533972675049429e-32,5.27708456209272e-13,True,False,7.6459999945655e-05,9.970000064640772e-06,0.00010150000002795423,schedule_ablation,100,0.5,1101.0,every_eligible,,
schedule_ablation_every_eligible,4V-FB,1993,452,True,False,51,0.04450506319781683,0.04944142818870401,1,-5.4285472845805316e-05,9.533972675049429e-32,5.27708456209272e-13,True,False,7.692999997743755e-05,9.879999879558454e-06,0.00010197000005973678,schedule_ablation,100,0.5,1101.0,every_eligible,,
schedule_ablation_every_eligible,4V-FB,1994,453,True,False,51,0.044505063196651526,0.04944142818870401,1,-5.428547334940248e-05,9.533972675049429e-32,5.277084562092721e-13,True,False,7.722000009380281e-05,9.899999895424116e-06,0.00010245999988001131,schedule_ablation,100,0.5,1101.0,every_eligible,,
schedule_ablation_every_eligible,4V-FB,1995,454,True,False,51,0.04450506319549655,0.04944142818870401,1,-5.428547384855875e-05,9.533972675049429e-32,5.277084562092721e-13,True,False,7.692000008319155e-05,9.970000064640772e-06,0.00010213999985353439,schedule_ablation,100,0.5,1101.0,every_eligible,,
schedule_ablation_every_eligible,4V-FB,1996,455,True,False,51,0.04450506319435289,0.04944142818870401,1,-5.428547434327413e-05,9.533972675049429e-32,5.277084562092721e-13,True,False,7.640000012543169e-05,9.890000001178123e-06,0.00010139000005437993,schedule_ablation,100,0.5,1101.0,every_eligible,,
schedule_ablation_every_eligible,4V-FB,1997,456,True,False,51,0.0445050631932208,0.04944142818870401,1,-5.428547483177226e-05,9.533972675049429e-32,5.277084562092722e-13,True,False,7.649999997738632e-05,9.890000001178123e-06,0.00010123999982170062,schedule_ablation,100,0.5,1101.0,every_eligible,,
schedule_ablation_every_eligible,4V-FB,1998,457,True,False,51,0.04450506319209985,0.04944142818870401,1,-5.4285475318494036e-05,9.533972675049429e-32,5.27708456209272e-13,True,False,7.625000012012606e-05,9.960000170394778e-06,0.00010131999988516327,schedule_ablation,100,0.5,1101.0,every_eligible,,
schedule_ablation_every_eligible,4V-FB,1999,458,True,False,51,0.044505063190989194,0.04944142818870401,1,-5.4285475797222205e-05,9.533972675049429e-32,5.277084562092721e-13,True,False,7.758900005683245e-05,9.95000004877511e-06,0.00010280900005454896,schedule_ablation,100,0.5,1101.0,every_eligible,,
schedule_ablation_every_eligible,4V-FB,2000,459,True,False,51,0.044505063189889824,0.04944142818870401,1,-5.428547627150948e-05,9.533972675049429e-32,5.277084562092721e-13,True,False,7.694999999330321e-05,9.990000080506434e-06,0.00010214000008090807,schedule_ablation,100,0.5,1101.0,every_eligible,,
schedule_ablation_every_eligible,4V-FB,2001,460,True,False,51,0.04450506318880129,0.04944142818870401,1,-5.428547674313222e-05,9.533972675049429e-32,5.277084562092721e-13,True,False,7.688000005146023e-05,9.959999943021103e-06,0.00010214999997515406,schedule_ablation,100,0.5,1101.0,every_eligible,,
schedule_ablation_every_eligible,4V-FB,2002,461,True,False,51,0.04450506318772271,0.04944142818870401,1,-5.428547720942589e-05,9.533972675049429e-32,5.277084562092721e-13,True,False,7.707999998274317e-05,9.919999911289779e-06,0.00010182999994867714,schedule_ablation,100,0.5,1101.0,every_eligible,,
schedule_ablation_every_eligible,4V-FB,2003,462,True,False,51,0.04450506318665501,0.04944142818870401,1,-5.428547766950231e-05,9.533972675049429e-32,5.277084562092721e-13,True,False,7.727999991402612e-05,9.949999821401434e-06,0.00010236000002805667,schedule_ablation,100,0.5,1101.0,every_eligible,,
schedule_ablation_every_eligible,4V-FB,2004,463,True,False,51,0.044505063185597604,0.04944142818870401,1,-5.428547812780238e-05,9.533972675049429e-32,5.27708456209272e-13,True,False,8.51499999043881e-05,1.0160000101677724e-05,0.00011072000006606686,schedule_ablation,100,0.5,1101.0,every_eligible,,
schedule_ablation_every_eligible,4V-FB,2005,464,True,False,51,0.0445050631845503,0.04944142818870401,1,-5.4285478579885194e-05,9.533972675049429e-32,5.27708456209272e-13,True,False,7.751999987704039e-05,1.0089999932461069e-05,0.00010262000000693661,schedule_ablation,100,0.5,1101.0,every_eligible,,
schedule_ablation_every_eligible,4V-FB,2006,465,True,False,51,0.04450506318351419,0.04944142818870401,1,-5.428547902752712e-05,9.533972675049429e-32,5.27708456209272e-13,True,False,7.68499999139749e-05,1.0010000096372096e-05,0.00010186999998040847,schedule_ablation,100,0.5,1101.0,every_eligible,,
schedule_ablation_every_eligible,4V-FB,2007,466,True,False,51,0.044505063182486856,0.04944142818870401,1,-5.428547947161633e-05,9.533972675049429e-32,5.27708456209272e-13,True,False,7.68400000197289e-05,9.959999943021103e-06,0.00010154000005968555,schedule_ablation,100,0.5,1101.0,every_eligible,,
schedule_ablation_every_eligible,4V-FB,2008,467,True,False,51,0.04450506318147003,0.04944142818870401,1,-5.428547990948829e-05,9.533972675049429e-32,5.277084562092721e-13,True,False,7.683000012548291e-05,9.849999969446799e-06,0.00010154000005968555,schedule_ablation,100,0.5,1101.0,every_eligible,,
schedule_ablation_every_eligible,4V-FB,2009,468,True,False,51,0.044505063180463364,0.04944142818870401,1,-5.428548034558389e-05,9.533972675049429e-32,5.27708456209272e-13,True,False,7.603999983984977e-05,1.6599999980826396e-05,0.00010752999992291734,schedule_ablation,100,0.5,1101.0,every_eligible,,
schedule_ablation_every_eligible,4V-FB,2010,469,True,False,51,0.044505063179466314,0.04944142818870401,1,-5.428548077457407e-05,9.533972675049429e-32,5.277084562092721e-13,True,False,7.703999995101185e-05,9.829999953581137e-06,0.00010204000000157976,schedule_ablation,100,0.5,1101.0,every_eligible,,
schedule_ablation_every_eligible,4V-FB,2011,470,True,False,51,0.0445050631784792,0.04944142818870401,1,-5.428548120001153e-05,9.533972675049429e-32,5.277084562092722e-13,True,False,7.644000015716301e-05,9.95000004877511e-06,0.0001013500000226486,schedule_ablation,100,0.5,1101.0,every_eligible,,
schedule_ablation_every_eligible,4V-FB,2012,471,True,False,51,0.04450506317750112,0.04944142818870401,1,-5.4285481624560816e-05,9.533972675049429e-32,5.27708456209272e-13,True,False,7.628000003023772e-05,9.879999879558454e-06,0.00010102000010192569,schedule_ablation,100,0.5,1101.0,every_eligible,,
schedule_ablation_every_eligible,4V-FB,2013,472,True,False,51,0.0445050631765329,0.04944142818870401,1,-5.4285482042004674e-05,9.533972675049429e-32,5.277084562092721e-13,True,False,7.66200000725803e-05,9.979999958886765e-06,0.00010148999990633456,schedule_ablation,100,0.5,1101.0,every_eligible,,
schedule_ablation_every_eligible,4V-FB,2014,473,True,False,51,0.044505063175574,0.04944142818870401,1,-5.428548245589582e-05,9.533972675049429e-32,5.27708456209272e-13,True,False,7.623999999850639e-05,9.879999879558454e-06,0.00010105000001203734,schedule_ablation,100,0.5,1101.0,every_eligible,,
schedule_ablation_every_eligible,4V-FB,2015,474,True,False,51,0.044505063174624604,0.04944142818870401,1,-5.428548286534607e-05,9.533972675049429e-32,5.277084562092721e-13,True,False,7.664999998269195e-05,9.920000138663454e-06,0.00010176000000683416,schedule_ablation,100,0.5,1101.0,every_eligible,,
schedule_ablation_every_eligible,4V-FB,2016,475,True,False,51,0.044505063173684425,0.04944142818870401,1,-5.4285483272131785e-05,9.533972675049429e-32,5.277084562092721e-13,True,False,7.632000006196904e-05,9.910000017043785e-06,0.00010113999996974599,schedule_ablation,100,0.5,1101.0,every_eligible,,
schedule_ablation_every_eligible,4V-FB,2017,476,True,False,51,0.044505063172753434,0.04944142818870401,1,-5.428548367358843e-05,9.533972675049429e-32,5.27708456209272e-13,True,False,7.599999980811845e-05,1.001999999061809e-05,0.00010103999989041768,schedule_ablation,100,0.5,1101.0,every_eligible,,
schedule_ablation_every_eligible,4V-FB,2018,477,True,False,51,0.04450506317183121,0.04944142818870401,1,-5.428548407238054e-05,9.533972675049429e-32,5.27708456209272e-13,True,False,7.623999999850639e-05,9.790000149223488e-06,0.00010100999998030602,schedule_ablation,100,0.5,1101.0,every_eligible,,
schedule_ablation_every_eligible,4V-FB,2019,478,True,False,51,0.044505063170918,0.04944142818870401,1,-5.42854844649554e-05,9.533972675049429e-32,5.27708456209272e-13,True,False,7.616000016241742e-05,1.0060000022349413e-05,0.00010113999996974599,schedule_ablation,100,0.5,1101.0,every_eligible,,
schedule_ablation_every_eligible,4V-FB,2020,479,True,False,51,0.044505063170014125,0.04944142818870401,1,-5.428548485397755e-05,9.533972675049429e-32,5.277084562092722e-13,True,False,8.289000015793135e-05,1.0080000038215076e-05,0.00010822000012922217,schedule_ablation,100,0.5,1101.0,every_eligible,,
schedule_ablation_every_eligible,4V-FB,2021,480,True,False,51,0.04450506316911883,0.04944142818870401,1,-5.428548524211152e-05,9.533972675049429e-32,5.277084562092721e-13,True,False,7.688999994570622e-05,1.0040000006483751e-05,0.00010221000002275105,schedule_ablation,100,0.5,1101.0,every_eligible,,
schedule_ablation_every_eligible,4V-FB,2022,481,True,False,51,0.044505063168232106,0.04944142818870401,1,-5.428548562491642e-05,9.533972675049429e-32,5.27708456209272e-13,True,False,7.621999998264073e-05,9.959999943021103e-06,0.00010128000008080562,schedule_ablation,100,0.5,1101.0,every_eligible,,
schedule_ablation_every_eligible,4V-FB,2023,482,True,False,51,0.04450506316735413,0.04944142818870401,1,-5.428548600150407e-05,9.533972675049429e-32,5.277084562092722e-13,True,False,7.626999990861805e-05,9.910000017043785e-06,0.00010126999995918595,schedule_ablation,100,0.5,1101.0,every_eligible,,
schedule_ablation_every_eligible,4V-FB,2024,483,True,False,51,0.044505063166484574,0.04944142818870401,1,-5.428548637720354e-05,9.533972675049429e-32,5.277084562092722e-13,True,False,7.675000006202026e-05,9.910000017043785e-06,0.00010167000004912552,schedule_ablation,100,0.5,1101.0,every_eligible,,
schedule_ablation_every_eligible,4V-FB,2025,484,True,False,51,0.044505063165623415,0.04944142818870401,1,-5.42854867493503e-05,9.533972675049429e-32,5.277084562092721e-13,True,False,7.628000003023772e-05,1.5899999880275573e-05,0.00010707999990700046,schedule_ablation,100,0.5,1101.0,every_eligible,,
schedule_ablation_every_eligible,4V-FB,2026,485,True,False,51,0.04450506316477083,0.04944142818870401,1,-5.428548711527981e-05,9.533972675049429e-32,5.277084562092722e-13,True,False,7.729999992989178e-05,9.840000075200805e-06,0.00010206000001744542,schedule_ablation,100,0.5,1101.0,every_eligible,,
schedule_ablation_every_eligible,4V-FB,2027,486,True,False,51,0.044505063163926564,0.04944142818870401,1,-5.428548748032114e-05,9.533972675049429e-32,5.277084562092721e-13,True,False,7.665999987693795e-05,9.930000032909447e-06,0.00010152999993806588,schedule_ablation,100,0.5,1101.0,every_eligible,,
schedule_ablation_every_eligible,4V-FB,2028,487,True,False,51,0.0445050631630904,0.04944142818870401,1,-5.4285487840921576e-05,9.533972675049429e-32,5.277084562092721e-13,True,False,7.644000015716301e-05,9.990000080506434e-06,0.0001012400000490743,schedule_ablation,100,0.5,1101.0,every_eligible,,
schedule_ablation_every_eligible,4V-FB,2029,488,True,False,51,0.044505063162262465,0.04944142818870401,1,-5.42854881979693e-05,9.533972675049429e-32,5.277084562092721e-13,True,False,7.628000003023772e-05,9.820000059335143e-06,0.00010087999999086605,schedule_ablation,100,0.5,1101.0,every_eligible,,
schedule_ablation_every_eligible,4V-FB,2030,489,True,False,51,0.04450506316144244,0.04944142818870401,1,-5.428548855324067e-05,9.533972675049429e-32,5.277084562092719e-13,True,False,7.636999998794636e-05,9.930000032909447e-06,0.00010127999985343195,schedule_ablation,100,0.5,1101.0,every_eligible,,
schedule_ablation_every_eligible,4V-FB,2031,490,True,False,51,0.04450506316063055,0.04944142818870401,1,-5.428548890229479e-05,9.533972675049429e-32,5.27708456209272e-13,True,False,7.820999985597155e-05,1.0040000006483751e-05,0.00010331999988011376,schedule_ablation,100,0.5,1101.0,every_eligible,,
schedule_ablation_every_eligible,4V-FB,2032,491,True,False,51,0.04450506315982661,0.04944142818870401,1,-5.428548924868437e-05,9.533972675049429e-32,5.277084562092722e-13,True,False,7.647000006727467e-05,9.789999921849812e-06,0.00010115999998561165,schedule_ablation,100,0.5,1101.0,every_eligible,,
schedule_ablation_every_eligible,4V-FB,2033,492,True,False,51,0.044505063159030175,0.04944142818870401,1,-5.428548959152124e-05,9.533972675049429e-32,5.27708456209272e-13,True,False,7.610000011482043e-05,9.959999943021103e-06,0.00010098000007019436,schedule_ablation,100,0.5,1101.0,every_eligible,,
schedule_ablation_every_eligible,4V-FB,2034,493,True,False,51,0.04450506315824192,0.04944142818870401,1,-5.42854899308054e-05,9.533972675049429e-32,5.277084562092721e-13,True,False,7.618900008310447e-05,9.869999985312461e-06,0.0001009689999591501,schedule_ablation,100,0.5,1101.0,every_eligible,,
schedule_ablation_every_eligible,4V-FB,2035,494,True,False,51,0.0445050631574614,0.04944142818870401,1,-5.42854902683132e-05,9.533972675049429e-32,5.27708456209272e-13,True,False,7.646999983990099e-05,1.001999999061809e-05,0.00010141999996449158,schedule_ablation,100,0.5,1101.0,every_eligible,,
schedule_ablation_every_eligible,4V-FB,2036,495,True,False,51,0.04450506315668831,0.04944142818870401,1,-5.4285490601380104e-05,9.533972675049429e-32,5.27708456209272e-13,True,False,8.284000000458036e-05,1.0210000027655042e-05,0.00010863000011340773,schedule_ablation,100,0.5,1101.0,every_eligible,,
schedule_ablation_every_eligible,4V-FB,2037,496,True,False,51,0.044505063155922245,0.04944142818870401,1,-5.428549093000612e-05,9.533972675049429e-32,5.277084562092721e-13,True,False,7.716000004620582e-05,1.022000014927471e-05,0.00010313999996469647,schedule_ablation,100,0.5,1101.0,every_eligible,,
schedule_ablation_every_eligible,4V-FB,2038,497,True,False,51,0.04450506315516385,0.04944142818870401,1,-5.42854912559676e-05,9.533972675049429e-32,5.277084562092722e-13,True,False,7.720999997218314e-05,1.0069999916595407e-05,0.00010252999982185429,schedule_ablation,100,0.5,1101.0,every_eligible,,
schedule_ablation_every_eligible,4V-FB,2039,498,True,False,51,0.04450506315441327,0.04944142818870401,1,-5.42854915810409e-05,9.533972675049429e-32,5.277084562092721e-13,True,False,7.662999996682629e-05,9.890000001178123e-06,0.00010184000007029681,schedule_ablation,100,0.5,1101.0,every_eligible,,
schedule_ablation_every_eligible,4V-FB,2040,499,True,False,51,0.04450506315366981,0.04944142818870401,1,-5.428549190078513e-05,9.533972675049429e-32,5.277084562092721e-13,True,False,7.583999990856682e-05,1.0040000006483751e-05,0.00010086999986924639,schedule_ablation,100,0.5,1101.0,every_eligible,,
schedule_ablation_every_eligible,4V-FB,2041,500,True,False,51,0.04450506315293372,0.04944142818870401,1,-5.428549221697665e-05,9.533972675049429e-32,5.277084562092722e-13,True,False,7.598000001962646e-05,1.720000000204891e-05,0.00010796999981721456,schedule_ablation,100,0.5,1101.0,every_eligible,,
schedule_ablation_every_eligible,4V-FB,2042,501,True,False,51,0.04450506315220486,0.04944142818870401,1,-5.428549253227999e-05,9.533972675049429e-32,5.277084562092721e-13,True,False,7.703999995101185e-05,9.999999974752427e-06,0.00010213000018666207,schedule_ablation,100,0.5,1101.0,every_eligible,,
schedule_ablation_every_eligible,4V-FB,2043,502,True,False,51,0.0445050631514826,0.04944142818870401,1,-5.4285492843142436e-05,9.533972675049429e-32,5.277084562092721e-13,True,False,7.619000007252907e-05,9.800000043469481e-06,0.00010077999991153774,schedule_ablation,100,0.5,1101.0,every_eligible,,
schedule_ablation_every_eligible,4V-FB,2044,503,True,False,51,0.04450506315076773,0.04944142818870401,1,-5.428549315134035e-05,9.533972675049429e-32,5.27708456209272e-13,True,False,7.616000016241742e-05,9.93999992715544e-06,0.00010098000007019436,schedule_ablation,100,0.5,1101.0,every_eligible,,
schedule_ablation_every_eligible,4V-FB,2045,504,True,False,51,0.04450506315005996,0.04944142818870401,1,-5.4285493456873724e-05,9.533972675049429e-32,5.27708456209272e-13,True,False,7.576000007247785e-05,9.890000001178123e-06,0.00010042999997494917,schedule_ablation,100,0.5,1101.0,every_eligible,,
schedule_ablation_every_eligible,4V-FB,2046,505,True,False,51,0.044505063149358634,0.04944142818870401,1,-5.428549375707803e-05,9.533972675049429e-32,5.277084562092722e-13,True,False,7.625000012012606e-05,1.0049999900729745e-05,0.00010133000000678294,schedule_ablation,100,0.5,1101.0,every_eligible,,
schedule_ablation_every_eligible,4V-FB,2047,506,True,False,51,0.044505063148664356,0.04944142818870401,1,-5.428549405639416e-05,9.533972675049429e-32,5.277084562092721e-13,True,False,7.742000002508576e-05,1.001999999061809e-05,0.00010257000008095929,schedule_ablation,100,0.5,1101.0,every_eligible,,
schedule_ablation_every_eligible,4V-FB,2048,507,True,False,51,0.044505063147977045,0.04944142818870401,1,-5.428549435304575e-05,9.533972675049429e-32,5.277084562092721e-13,True,False,7.638000010956603e-05,9.789999921849812e-06,0.0001014599999962229,schedule_ablation,100,0.5,1101.0,every_eligible,,
schedule_ablation_every_eligible,4V-FB,2049,508,True,False,51,0.04450506314729612,0.04944142818870401,1,-5.428549464436827e-05,9.533972675049429e-32,5.277084562092722e-13,True,False,7.639000000381202e-05,9.869999985312461e-06,0.00010102000010192569,schedule_ablation,100,0.5,1101.0,every_eligible,,
schedule_ablation_every_eligible,4V-FB,2050,509,True,False,51,0.04450506314662195,0.04944142818870401,1,-5.428549493657897e-05,9.533972675049429e-32,5.27708456209272e-13,True,False,7.621999998264073e-05,9.790000149223488e-06,0.00010094000003846304,schedule_ablation,100,0.5,1101.0,every_eligible,,
schedule_ablation_every_eligible,4V-FB,2051,510,True,False,51,0.044505063145954496,0.04944142818870401,1,-5.42854952234606e-05,9.533972675049429e-32,5.27708456209272e-13,True,False,7.615999993504374e-05,9.93999992715544e-06,0.00010087999999086605,schedule_ablation,100,0.5,1101.0,every_eligible,,
schedule_ablation_every_eligible,4V-FB,2052,511,True,False,51,0.04450506314529304,0.04944142818870401,1,-5.4285495507677695e-05,9.533972675049429e-32,5.277084562092721e-13,True,False,8.467999987260555e-05,1.0179999890169711e-05,0.00011023000001841865,schedule_ablation,100,0.5,1101.0,every_eligible,,
schedule_ablation_every_eligible,4V-FB,2053,512,True,False,51,0.04450506314463899,0.04944142818870401,1,-5.4285495788342075e-05,9.533972675049429e-32,5.277084562092721e-13,True,False,7.722000009380281e-05,1.001999999061809e-05,0.00010231000010207936,schedule_ablation,100,0.5,1101.0,every_eligible,,
schedule_ablation_every_eligible,4V-FB,2054,513,True,False,51,0.044505063143990664,0.04944142818870401,1,-5.4285496069006456e-05,9.533972675049429e-32,5.27708456209272e-13,True,False,7.636000009370036e-05,9.940000154529116e-06,0.0001012400000490743,schedule_ablation,100,0.5,1101.0,every_eligible,,
schedule_ablation_every_eligible,4V-FB,2055,514,True,False,51,0.04450506314334833,0.04944142818870401,1,-5.4285496344341766e-05,9.533972675049429e-32,5.27708456209272e-13,True,False,7.675000006202026e-05,9.88000010693213e-06,0.00010150999992220022,schedule_ablation,100,0.5,1101.0,every_eligible,,
schedule_ablation_every_eligible,4V-FB,2056,515,True,False,51,0.04450506314271274,0.04944142818870401,1,-5.428549661701254e-05,9.533972675049429e-32,5.277084562092722e-13,True,False,7.59600000037608e-05,9.800000043469481e-06,0.00010084999985338072,schedule_ablation,100,0.5,1101.0,every_eligible,,
schedule_ablation_every_eligible,4V-FB,2057,516,True,False,51,0.04450506314208352,0.04944142818870401,1,-5.428549688790696e-05,9.533972675049429e-32,5.277084562092721e-13,True,False,7.632000006196904e-05,1.0149999980058055e-05,0.00010907999990195094,schedule_ablation,100,0.5,1101.0,every_eligible,,
schedule_ablation_every_eligible,4V-FB,2058,517,True,False,51,0.044505063141460036,0.04944142818870401,1,-5.428549715702502e-05,9.533972675049429e-32,5.27708456209272e-13,True,False,7.74599998294434e-05,1.001999999061809e-05,0.00010246000010738499,schedule_ablation,100,0.5,1101.0,every_eligible,,
schedule_ablation_every_eligible,4V-FB,2059,518,True,False,51,0.044505063140842224,0.04944142818870401,1,-5.4285497423478546e-05,9.533972675049429e-32,5.27708456209272e-13,True,False,7.704000017838553e-05,9.910000017043785e-06,0.00010180000003856549,schedule_ablation,100,0.5,1101.0,every_eligible,,
schedule_ablation_every_eligible,4V-FB,2060,519,True,False,51,0.04450506314023138,0.04944142818870401,1,-5.428549768549118e-05,9.533972675049429e-32,5.277084562092721e-13,True,False,7.679999998799758e-05,9.890000001178123e-06,0.00010152000004381989,schedule_ablation,100,0.5,1101.0,every_eligible,,
schedule_ablation_every_eligible,4V-FB,2061,520,True,False,51,0.044505063139626044,0.04944142818870401,1,-5.428549794572746e-05,9.533972675049429e-32,5.277084562092721e-13,True,False,7.679999998799758e-05,9.899999895424116e-06,0.00010143999998035724,schedule_ablation,100,0.5,1101.0,every_eligible,,
schedule_ablation_every_eligible,4V-FB,2062,521,True,False,51,0.04450506313902629,0.04944142818870401,1,-5.42854982032992e-05,9.533972675049429e-32,5.27708456209272e-13,True,False,7.642000014129735e-05,9.919999911289779e-06,0.00010121999980583496,schedule_ablation,100,0.5,1101.0,every_eligible,,
schedule_ablation_every_eligible,4V-FB,2063,522,True,False,51,0.04450506313843278,0.04944142818870401,1,-5.4285498457318226e-05,9.533972675049429e-32,5.277084562092722e-13,True,False,7.772000003569701e-05,9.930000032909447e-06,0.00010283999995408521,schedule_ablation,100,0.5,1101.0,every_eligible,,
schedule_ablation_every_eligible,4V-FB,2064,523,True,False,51,0.04450506313784475,0.04944142818870401,1,-5.42854987095609e-05,9.533972675049429e-32,5.277084562092722e-13,True,False,7.709000010436284e-05,1.0029999884864083e-05,0.00010223000003861671,schedule_ablation,100,0.5,1101.0,every_eligible,,
schedule_ablation_every_eligible,4V-FB,2065,524,True,False,51,0.04450506313726252,0.04944142818870401,1,-5.428549896269175e-05,9.533972675049429e-32,5.277084562092721e-13,True,False,7.69699997817952e-05,9.999999974752427e-06,0.00010208999992755707,schedule_ablation,100,0.5,1101.0,every_eligible,,
schedule_ablation_every_eligible,4V-FB,2066,525,True,False,51,0.04450506313668684,0.04944142818870401,1,-5.428549920871717e-05,9.533972675049429e-32,5.277084562092721e-13,True,False,7.679999998799758e-05,9.930000032909447e-06,0.00010167999994337151,schedule_ablation,100,0.5,1101.0,every_eligible,,
schedule_ablation_every_eligible,4V-FB,2067,526,True,False,51,0.04450506313611585,0.04944142818870401,1,-5.428549945385441e-05,9.533972675049429e-32,5.277084562092722e-13,True,False,7.632999995621503e-05,9.760000011738157e-06,0.00010092000002259738,schedule_ablation,100,0.5,1101.0,every_eligible,,
schedule_ablation_every_eligible,4V-FB,2068,527,True,False,51,0.04450506313555043,0.04944142818870401,1,-5.42854996972153e-05,9.533972675049429e-32,5.277084562092721e-13,True,False,8.458000002065091e-05,9.930000032909447e-06,0.00010950000000775617,schedule_ablation,100,0.5,1101.0,every_eligible,,
schedule_ablation_every_eligible,4V-FB,2069,528,True,False,51,0.04450506313499043,0.04944142818870401,1,-5.4285499937023474e-05,9.533972675049429e-32,5.277084562092721e-13,True,False,7.67399999404006e-05,9.820000059335143e-06,0.00010156999996979721,schedule_ablation,100,0.5,1101.0,every_eligible,,
schedule_ablation_every_eligible,4V-FB,2070,529,True,False,51,0.044505063134436085,0.04944142818870401,1,-5.428550017683165e-05,9.533972675049429e-32,5.27708456209272e-13,True,False,7.625999978699838e-05,9.93999992715544e-06,0.00010118000000147731,schedule_ablation,100,0.5,1101.0,every_eligible,,
schedule_ablation_every_eligible,4V-FB,2071,530,True,False,51,0.04450506313388726,0.04944142818870401,1,-5.428550041131075e-05,9.533972675049429e-32,5.277084562092722e-13,True,False,7.6450000051409e-05,9.910000017043785e-06,0.00010112999984812632,schedule_ablation,100,0.5,1101.0,every_eligible,,
schedule_ablation_every_eligible,4V-FB,2072,531,True,False,51,0.04450506313334393,0.04944142818870401,1,-5.428550064667803e-05,9.533972675049429e-32,5.27708456209272e-13,True,False,7.655000013073732e-05,1.0060000022349413e-05,0.00010189999989052012,schedule_ablation,100,0.5,1101.0,every_eligible,,
schedule_ablation_every_eligible,4V-FB,2073,532,True,False,51,0.04450506313280543,0.04944142818870401,1,-5.428550087760442e-05,9.533972675049429e-32,5.27708456209272e-13,True,False,8.34299999041832e-05,1.0060000022349413e-05,0.00010883000004469068,schedule_ablation,100,0.5,1101.0,every_eligible,,
schedule_ablation_every_eligible,4V-FB,2074,533,True,False,51,0.04450506313227287,0.04944142818870401,1,-5.428550110408992e-05,9.533972675049429e-32,5.277084562092722e-13,True,False,7.70100000409002e-05,9.919999911289779e-06,0.00010204000000157976,schedule_ablation,100,0.5,1101.0,every_eligible,,
schedule_ablation_every_eligible,4V-FB,2075,534,True,False,51,0.04450506313174474,0.04944142818870401,1,-5.428550133323995e-05,9.533972675049429e-32,5.27708456209272e-13,True,False,7.589999995616381e-05,9.879999879558454e-06,0.0001007999999274034,schedule_ablation,100,0.5,1101.0,every_eligible,,
schedule_ablation_every_eligible,4V-FB,2076,535,True,False,51,0.04450506313122224,0.04944142818870401,1,-5.4285501555284554e-05,9.533972675049429e-32,5.277084562092722e-13,True,False,7.548000007773226e-05,9.730000101626501e-06,0.00010006000002249493,schedule_ablation,100,0.5,1101.0,every_eligible,,
schedule_ablation_every_eligible,4V-FB,2077,536,True,False,51,0.04450506313070468,0.04944142818870401,1,-5.428550177821734e-05,9.533972675049429e-32,5.277084562092721e-13,True,False,7.570999991912686e-05,9.890000001178123e-06,0.00010050000014416582,schedule_ablation,100,0.5,1101.0,every_eligible,,
schedule_ablation_every_eligible,4V-FB,2078,537,True,False,51,0.04450506313019224,0.04944142818870401,1,-5.4285501999373764e-05,9.533972675049429e-32,5.277084562092722e-13,True,False,7.633999985046103e-05,1.0080000038215076e-05,0.00010138000016013393,schedule_ablation,100,0.5,1101.0,every_eligible,,
schedule_ablation_every_eligible,4V-FB,2079,538,True,False,51,0.04450506312968458,0.04944142818870401,1,-5.4285502218753834e-05,9.533972675049429e-32,5.27708456209272e-13,True,False,7.70100000409002e-05,9.919999911289779e-06,0.00010191000001213979,schedule_ablation,100,0.5,1101.0,every_eligible,,
schedule_ablation_every_eligible,4V-FB,2080,539,True,False,51,0.04450506312918208,0.04944142818870401,1,-5.428550243369301e-05,9.533972675049429e-32,5.277084562092721e-13,True,False,7.649000008314033e-05,1.0149999980058055e-05,0.0001014599999962229,schedule_ablation,100,0.5,1101.0,every_eligible,,
schedule_ablation_every_eligible,4V-FB,2081,540,True,False,51,0.04450506312868405,0.04944142818870401,1,-5.428550264774401e-05,9.533972675049429e-32,5.27708456209272e-13,True,False,7.660000005671463e-05,9.899999895424116e-06,0.00010137999993276026,schedule_ablation,100,0.5,1101.0,every_eligible,,
schedule_ablation_every_eligible,4V-FB,2082,541,True,False,51,0.04450506312819162,0.04944142818870401,1,-5.4285502858242296e-05,9.533972675049429e-32,5.277084562092721e-13,True,False,7.692999997743755e-05,9.890000001178123e-06,0.00010195999993811711,schedule_ablation,100,0.5,1101.0,every_eligible,,
schedule_ablation_every_eligible,4V-FB,2083,542,True,False,51,0.044505063127703276,0.04944142818870401,1,-5.428550306874058e-05,9.533972675049429e-32,5.27708456209272e-13,True,False,7.688999994570622e-05,1.0089999932461069e-05,0.00010197000005973678,schedule_ablation,100,0.5,1101.0,every_eligible,,
schedule_ablation_every_eligible,4V-FB,2084,543,True,False,51,0.04450506312722037,0.04944142818870401,1,-5.4285503274797975e-05,9.533972675049429e-32,5.277084562092722e-13,True,False,8.488000003126217e-05,1.0239999937766697e-05,0.00011016000007657567,schedule_ablation,100,0.5,1101.0,every_eligible,,
schedule_ablation_every_eligible,4V-FB,2085,544,True,False,51,0.04450506312674196,0.04944142818870401,1,-5.428550348174355e-05,9.533972675049429e-32,5.27708456209272e-13,True,False,7.688999994570622e-05,9.970000064640772e-06,0.00010176000000683416,schedule_ablation,100,0.5,1101.0,every_eligible,,
schedule_ablation_every_eligible,4V-FB,2086,545,True,False,51,0.04450506312626751,0.04944142818870401,1,-5.4285503684248226e-05,9.533972675049429e-32,5.277084562092721e-13,True,False,7.729000003564579e-05,1.0139999858438387e-05,0.00010257999997520528,schedule_ablation,100,0.5,1101.0,every_eligible,,
schedule_ablation_every_eligible,4V-FB,2087,546,True,False,51,0.04450506312579827,0.04944142818870401,1,-5.4285503887641084e-05,9.533972675049429e-32,5.27708456209272e-13,True,False,7.693999987168354e-05,9.88000010693213e-06,0.00010184000007029681,schedule_ablation,100,0.5,1101.0,every_eligible,,
schedule_ablation_every_eligible,4V-FB,2088,547,True,False,51,0.04450506312533367,0.04944142818870401,1,-5.428550408570487e-05,9.533972675049429e-32,5.277084562092721e-13,True,False,7.628000003023772e-05,9.970000064640772e-06,0.00010137999993276026,schedule_ablation,100,0.5,1101.0,every_eligible,,
schedule_ablation_every_eligible,4V-FB,2089,548,True,False,51,0.04450506312487307,0.04944142818870401,1,-5.428550428288048e-05,9.533972675049429e-32,5.277084562092721e-13,True,False,8.401000013691373e-05,1.0100000054080738e-05,0.0001093799999125622,schedule_ablation,100,0.5,1101.0,every_eligible,,
schedule_ablation_every_eligible,4V-FB,2090,549,True,False,51,0.04450506312441797,0.04944142818870401,1,-5.4285504478279734e-05,9.533972675049429e-32,5.277084562092721e-13,True,False,7.731000005151145e-05,9.800000043469481e-06,0.00010210000004917674,schedule_ablation,100,0.5,1101.0,every_eligible,,
schedule_ablation_every_eligible,4V-FB,2091,550,True,False,51,0.04450506312396632,0.04944142818870401,1,-5.4285504674567164e-05,9.533972675049429e-32,5.27708456209272e-13,True,False,7.653000011487165e-05,1.0060000022349413e-05,0.00010143999998035724,schedule_ablation,100,0.5,1101.0,every_eligible,,
schedule_ablation_every_eligible,4V-FB,2092,551,True,False,51,0.04450506312351933,0.04944142818870401,1,-5.428550486374917e-05,9.533972675049429e-32,5.277084562092721e-13,True,False,7.715000015195983e-05,9.949999821401434e-06,0.00010208999992755707,schedule_ablation,100,0.5,1101.0,every_eligible,,
schedule_ablation_every_eligible,4V-FB,2093,552,True,False,51,0.044505063123077226,0.04944142818870401,1,-5.428550505381935e-05,9.533972675049429e-32,5.277084562092721e-13,True,False,7.7729999929943e-05,1.0109999948326731e-05,0.00010348000000703905,schedule_ablation,100,0.5,1101.0,every_eligible,,
schedule_ablation_every_eligible,4V-FB,2094,553,True,False,51,0.04450506312263887,0.04944142818870401,1,-5.428550524300135e-05,9.533972675049429e-32,5.27708456209272e-13,True,False,7.718999995631748e-05,1.0080000038215076e-05,0.00010269999984302558,schedule_ablation,100,0.5,1101.0,every_eligible,,
schedule_ablation_every_eligible,4V-FB,2095,554,True,False,51,0.044505063122205105,0.04944142818870401,1,-5.4285505427742464e-05,9.533972675049429e-32,5.27708456209272e-13,True,False,7.82800000251882e-05,1.0060000022349413e-05,0.00010379000013926998,schedule_ablation,100,0.5,1101.0,every_eligible,,
schedule_ablation_every_eligible,4V-FB,2096,555,True,False,51,0.044505063121775296,0.04944142818870401,1,-5.42855056115954e-05,9.533972675049429e-32,5.277084562092721e-13,True,False,7.699999991928053e-05,9.999999974752427e-06,0.0001021200000650424,schedule_ablation,100,0.5,1101.0,every_eligible,,
schedule_ablation_every_eligible,4V-FB,2097,556,True,False,51,0.0445050631213498,0.04944142818870401,1,-5.428550579367197e-05,9.533972675049429e-32,5.277084562092722e-13,True,False,7.677000007788592e-05,1.0109999948326731e-05,0.00010203000010733376,schedule_ablation,100,0.5,1101.0,every_eligible,,
schedule_ablation_every_eligible,4V-FB,2098,557,True,False,51,0.044505063120928265,0.04944142818870401,1,-5.428550597397219e-05,9.533972675049429e-32,5.277084562092721e-13,True,False,7.714999992458615e-05,9.930000032909447e-06,0.00010229999998045969,schedule_ablation,100,0.5,1101.0,every_eligible,,
schedule_ablation_every_eligible,4V-FB,2099,558,True,False,51,0.044505063120511265,0.04944142818870401,1,-5.428550615516059e-05,9.533972675049429e-32,5.277084562092721e-13,True,False,7.641000001967768e-05,1.0089999932461069e-05,0.00010167999994337151,schedule_ablation,100,0.5,1101.0,every_eligible,,
schedule_ablation_every_eligible,4V-FB,2100,559,True,False,51,0.044505063120097804,0.04944142818870401,1,-5.428550633101992e-05,9.533972675049429e-32,5.277084562092721e-13,True,False,7.727000001978013e-05,9.949999821401434e-06,0.00010231999999632535,schedule_ablation,100,0.5,1101.0,every_eligible,,
schedule_ablation_every_eligible,4V-FB,2101,560,True,False,51,0.04450506311968862,0.04944142818870401,1,-5.428550650776742e-05,9.533972675049429e-32,5.27708456209272e-13,True,False,7.65699999192293e-05,9.999999974752427e-06,0.0001016200001231482,schedule_ablation,100,0.5,1101.0,every_eligible,,
schedule_ablation_every_eligible,4V-FB,2102,561,True,False,51,0.044505063119283525,0.04944142818870401,1,-5.4285506680074036e-05,9.533972675049429e-32,5.277084562092721e-13,True,False,7.669000001442328e-05,9.959999943021103e-06,0.00010180999993281148,schedule_ablation,100,0.5,1101.0,every_eligible,,
schedule_ablation_every_eligible,4V-FB,2103,562,True,False,51,0.044505063118882235,0.04944142818870401,1,-5.428550685238065e-05,9.533972675049429e-32,5.27708456209272e-13,True,False,7.675000006202026e-05,9.910000017043785e-06,0.00010154999995393155,schedule_ablation,100,0.5,1101.0,every_eligible,,
schedule_ablation_every_eligible,4V-FB,2104,563,True,False,51,0.04450506311848512,0.04944142818870401,1,-5.428550702468726e-05,9.533972675049429e-32,5.27708456209272e-13,True,False,7.663999986107228e-05,1.0159999874304049e-05,0.00010176999990108015,schedule_ablation,100,0.5,1101.0,every_eligible,,
schedule_ablation_every_eligible,4V-FB,2105,564,True,False,51,0.044505063118091534,0.04944142818870401,1,-5.428550719344116e-05,9.533972675049429e-32,5.27708456209272e-13,True,False,8.490999994137383e-05,1.0140000085812062e-05,0.00011070999994444719,schedule_ablation,100,0.5,1101.0,every_eligible,,
schedule_ablation_every_eligible,4V-FB,2106,565,True,False,51,0.044505063117701665,0.04944142818870401,1,-5.428550735953053e-05,9.533972675049429e-32,5.27708456209272e-13,True,False,7.76299998506147e-05,9.970000064640772e-06,0.00010268999994877959,schedule_ablation,100,0.5,1101.0,every_eligible,,
schedule_ablation_every_eligible,4V-FB,2107,566,True,False,51,0.04450506311731579,0.04944142818870401,1,-5.4285507522955356e-05,9.533972675049429e-32,5.277084562092722e-13,True,False,7.728900004622119e-05,9.98000018626044e-06,0.00010254900007566903,schedule_ablation,100,0.5,1101.0,every_eligible,,
schedule_ablation_every_eligible,4V-FB,2108,567,True,False,51,0.04450506311693425,0.04944142818870401,1,-5.428550768904472e-05,9.533972675049429e-32,5.27708456209272e-13,True,False,7.687000015721424e-05,9.879999879558454e-06,0.0001019000001178938,schedule_ablation,100,0.5,1101.0,every_eligible,,
schedule_ablation_every_eligible,4V-FB,2109,568,True,False,51,0.044505063116556165,0.04944142818870401,1,-5.4285507849805015e-05,9.533972675049429e-32,5.277084562092721e-13,True,False,7.591999997202947e-05,1.0040000006483751e-05,0.00010094999993270903,schedule_ablation,100,0.5,1101.0,every_eligible,,
schedule_ablation_every_eligible,4V-FB,2110,569,True,False,51,0.04450506311618156,0.04944142818870401,1,-5.428550800967713e-05,9.533972675049429e-32,5.277084562092722e-13,True,False,7.672000015190861e-05,1.7459999980928842e-05,0.00010943999996015918,schedule_ablation,100,0.5,1101.0,every_eligible,,
schedule_ablation_every_eligible,4V-FB,2111,570,True,False,51,0.04450506311581039,0.04944142818870401,1,-5.4285508169549246e-05,9.533972675049429e-32,5.277084562092721e-13,True,False,7.76199999563687e-05,9.970000064640772e-06,0.00010277000001224224,schedule_ablation,100,0.5,1101.0,every_eligible,,
schedule_ablation_every_eligible,4V-FB,2112,571,True,False,51,0.04450506311544322,0.04944142818870401,1,-5.428550832586865e-05,9.533972675049429e-32,5.277084562092721e-13,True,False,7.639000000381202e-05,9.900000122797792e-06,0.00010111000005963433,schedule_ablation,100,0.5,1101.0,every_eligible,,
schedule_ablation_every_eligible,4V-FB,2113,572,True,False,51,0.04450506311507893,0.04944142818870401,1,-5.428550848129987e-05,9.533972675049429e-32,5.277084562092722e-13,True,False,7.650999987163232e-05,1.001999999061809e-05,0.00010145000010197691,schedule_ablation,100,0.5,1101.0,every_eligible,,
schedule_ablation_every_eligible,4V-FB,2114,573,True,False,51,0.044505063114718676,0.04944142818870401,1,-5.4285508636731095e-05,9.533972675049429e-32,5.277084562092721e-13,True,False,7.639000000381202e-05,9.910000017043785e-06,0.0001014699998904689,schedule_ablation,100,0.5,1101.0,every_eligible,,
schedule_ablation_every_eligible,4V-FB,2115,574,True,False,51,0.04450506311436221,0.04944142818870401,1,-5.428550878949778e-05,9.533972675049429e-32,5.277084562092722e-13,True,False,7.628999992448371e-05,9.900000122797792e-06,0.00010102999999617168,schedule_ablation,100,0.5,1101.0,every_eligible,,
schedule_ablation_every_eligible,4V-FB,2116,575,True,False,51,0.04450506311400877,0.04944142818870401,1,-5.428550894226447e-05,9.533972675049429e-32,5.277084562092721e-13,True,False,7.785999991938297e-05,9.959999943021103e-06,0.00010313000007045048,schedule_ablation,100,0.5,1101.0,every_eligible,,
schedule_ablation_every_eligible,4V-FB,2117,576,True,False,51,0.044505063113658705,0.04944142818870401,1,-5.4285509091478445e-05,9.533972675049429e-32,5.277084562092721e-13,True,False,7.753999989290605e-05,1.0119999842572724e-05,0.00010265999981129426,schedule_ablation,100,0.5,1101.0,every_eligible,,
schedule_ablation_every_eligible,4V-FB,2118,577,True,False,51,0.044505063113313106,0.04944142818870401,1,-5.428550923891606e-05,9.533972675049429e-32,5.277084562092721e-13,True,False,7.696000011492288e-05,9.940000154529116e-06,0.0001021299999592884,schedule_ablation,100,0.5,1101.0,every_eligible,,
schedule_ablation_every_eligible,4V-FB,2119,578,True,False,51,0.04450506311296973,0.04944142818870401,1,-5.428550938635368e-05,9.533972675049429e-32,5.277084562092721e-13,True,False,7.671999992453493e-05,9.979999958886765e-06,0.00010186999998040847,schedule_ablation,100,0.5,1101.0,every_eligible,,
schedule_ablation_every_eligible,4V-FB,2120,579,True,False,51,0.0445050631126301,0.04944142818870401,1,-5.428550953201494e-05,9.533972675049429e-32,5.277084562092721e-13,True,False,7.679999998799758e-05,1.0010000096372096e-05,0.00010189999989052012,schedule_ablation,100,0.5,1101.0,every_eligible,,
schedule_ablation_every_eligible,4V-FB,2121,580,True,False,51,0.044505063112293686,0.04944142818870401,1,-5.428550967501167e-05,9.533972675049429e-32,5.277084562092722e-13,True,False,8.717000014257792e-05,1.0210000027655042e-05,0.000112749999971129,schedule_ablation,100,0.5,1101.0,every_eligible,,
schedule_ablation_every_eligible,4V-FB,2122,581,True,False,51,0.044505063111960425,0.04944142818870401,1,-5.428550981978475e-05,9.533972675049429e-32,5.27708456209272e-13,True,False,7.78999999511143e-05,9.959999943021103e-06,0.00010277000001224224,schedule_ablation,100,0.5,1101.0,every_eligible,,
schedule_ablation_every_eligible,4V-FB,2123,582,True,False,51,0.04450506311163105,0.04944142818870401,1,-5.428550996100512e-05,9.533972675049429e-32,5.27708456209272e-13,True,False,7.716999994045182e-05,9.859999863692792e-06,0.00010210000004917674,schedule_ablation,100,0.5,1101.0,every_eligible,,
schedule_ablation_every_eligible,4V-FB,2124,583,True,False,51,0.0445050631113037,0.04944142818870401,1,-5.428551010044913e-05,9.533972675049429e-32,5.27708456209272e-13,True,False,7.667999989280361e-05,1.0080000038215076e-05,0.0001017399999909685,schedule_ablation,100,0.5,1101.0,every_eligible,,
schedule_ablation_every_eligible,4V-FB,2125,584,True,False,51,0.04450506311098078,0.04944142818870401,1,-5.4285510238116785e-05,9.533972675049429e-32,5.277084562092721e-13,True,False,7.707999998274317e-05,1.001999999061809e-05,0.00010203000010733376,schedule_ablation,100,0.5,1101.0,every_eligible,,
schedule_ablation_every_eligible,4V-FB,2126,585,True,False,51,0.044505063110660256,0.04944142818870401,1,-5.428551037489626e-05,9.533972675049429e-32,5.277084562092721e-13,True,False,8.342000000993721e-05,1.0180000117543386e-05,0.00010928999995485356,schedule_ablation,100,0.5,1101.0,every_eligible,,
schedule_ablation_every_eligible,4V-FB,2127,586,True,False,51,0.04450506311034311,0.04944142818870401,1,-5.428551050989938e-05,9.533972675049429e-32,5.277084562092722e-13,True,False,7.795999999871128e-05,1.0169999995923718e-05,0.00010347000011279306,schedule_ablation,100,0.5,1101.0,every_eligible,,
schedule_ablation_every_eligible,4V-FB,2128,587,True,False,51,0.044505063110028956,0.04944142818870401,1,-5.428551064579068e-05,9.533972675049429e-32,5.277084562092721e-13,True,False,7.758000015201105e-05,9.95000004877511e-06,0.0001027800001338619,schedule_ablation,100,0.5,1101.0,every_eligible,,
schedule_ablation_every_eligible,4V-FB,2129,588,True,False,51,0.044505063109718024,0.04944142818870401,1,-5.428551077901744e-05,9.533972675049429e-32,5.277084562092721e-13,True,False,7.714000003034016e-05,1.0140000085812062e-05,0.0001025100000333623,schedule_ablation,100,0.5,1101.0,every_eligible,,
schedule_ablation_every_eligible,4V-FB,2130,589,True,False,51,0.044505063109410395,0.04944142818870401,1,-5.428551090869149e-05,9.533972675049429e-32,5.277084562092721e-13,True,False,7.68499999139749e-05,9.890000001178123e-06,0.00010167000004912552,schedule_ablation,100,0.5,1101.0,every_eligible,,
schedule_ablation_every_eligible,4V-FB,2131,590,True,False,51,0.04450506310910521,0.04944142818870401,1,-5.428551103925372e-05,9.533972675049429e-32,5.277084562092722e-13,True,False,7.632000006196904e-05,9.949999821401434e-06,0.00010110999983226066,schedule_ablation,100,0.5,1101.0,every_eligible,,
schedule_ablation_every_eligible,4V-FB,2132,591,True,False,51,0.04450506310880337,0.04944142818870401,1,-5.428551116892777e-05,9.533972675049429e-32,5.277084562092722e-13,True,False,7.770999991407734e-05,1.001999999061809e-05,0.00010341999995944207,schedule_ablation,100,0.5,1101.0,every_eligible,,
schedule_ablation_every_eligible,4V-FB,2133,592,True,False,51,0.0445050631085044,0.04944142818870401,1,-5.428551129860182e-05,9.533972675049429e-32,5.27708456209272e-13,True,False,7.722000009380281e-05,1.001999999061809e-05,0.00010236000002805667,schedule_ablation,100,0.5,1101.0,every_eligible,,
schedule_ablation_every_eligible,4V-FB,2134,593,True,False,51,0.044505063108207885,0.04944142818870401,1,-5.4285511424723154e-05,9.533972675049429e-32,5.27708456209272e-13,True,False,7.707999998274317e-05,9.869999985312461e-06,0.00010199999996984843,schedule_ablation,100,0.5,1101.0,every_eligible,,
schedule_ablation_every_eligible,4V-FB,2135,594,True,False,51,0.04450506310791502,0.04944142818870401,1,-5.428551154995631e-05,9.533972675049429e-32,5.277084562092721e-13,True,False,7.919999984551396e-05,9.990000080506434e-06,0.00010444000008646981,schedule_ablation,100,0.5,1101.0,every_eligible,,
schedule_ablation_every_eligible,4V-FB,2136,595,True,False,51,0.04450506310762421,0.04944142818870401,1,-5.428551167341311e-05,9.533972675049429e-32,5.277084562092722e-13,True,False,7.716000004620582e-05,1.0069999916595407e-05,0.00010245999988001131,schedule_ablation,100,0.5,1101.0,every_eligible,,
schedule_ablation_every_eligible,4V-FB,2137,596,True,False,51,0.04450506310733647,0.04944142818870401,1,-5.428551179686991e-05,9.533972675049429e-32,5.277084562092721e-13,True,False,7.832000005691953e-05,9.999999974752427e-06,0.00010388999999122461,schedule_ablation,100,0.5,1101.0,every_eligible,,
schedule_ablation_every_eligible,4V-FB,2138,597,True,False,51,0.04450506310705228,0.04944142818870401,1,-5.428551192032671e-05,9.533972675049429e-32,5.27708456209272e-13,True,False,7.694000009905722e-05,9.849999969446799e-06,0.00010164999980588618,schedule_ablation,100,0.5,1101.0,every_eligible,,
schedule_ablation_every_eligible,4V-FB,2139,598,True,False,51,0.04450506310677023,0.04944142818870401,1,-5.428551203845444e-05,9.533972675049429e-32,5.277084562092721e-13,True,False,7.666000010431162e-05,1.0010000096372096e-05,0.0001017399999909685,schedule_ablation,100,0.5,1101.0,every_eligible,,
schedule_ablation_every_eligible,4V-FB,2140,599,True,False,51,0.044505063106490994,0.04944142818870401,1,-5.428551215835853e-05,9.533972675049429e-32,5.277084562092722e-13,True,False,7.694999999330321e-05,9.83999984782713e-06,0.00010161000000152853,schedule_ablation,100,0.5,1101.0,every_eligible,,
schedule_ablation_every_eligible,4V-FB,2141,600,True,False,51,0.04450506310621505,0.04944142818870401,1,-5.428551227648626e-05,9.533972675049429e-32,5.277084562092721e-13,True,False,7.626999990861805e-05,9.989999853132758e-06,0.00010141900020244066,schedule_ablation,100,0.5,1101.0,every_eligible,,
schedule_ablation_every_eligible,4V-FB,2142,601,True,False,51,0.04450506310594084,0.04944142818870401,1,-5.428551239372581e-05,9.533972675049429e-32,5.277084562092721e-13,True,False,8.391999995183141e-05,1.0210000027655042e-05,0.00010945999997602485,schedule_ablation,100,0.5,1101.0,every_eligible,,
schedule_ablation_every_eligible,4V-FB,2143,602,True,False,51,0.04450506310566946,0.04944142818870401,1,-5.428551251007718e-05,9.533972675049429e-32,5.27708456209272e-13,True,False,7.697000000916887e-05,1.001999999061809e-05,0.00010214000008090807,schedule_ablation,100,0.5,1101.0,every_eligible,,
schedule_ablation_every_eligible,4V-FB,2144,603,True,False,51,0.04450506310540135,0.04944142818870401,1,-5.428551262376402e-05,9.533972675049429e-32,5.277084562092722e-13,True,False,7.657000014660298e-05,9.760000011738157e-06,0.00010122999992745463,schedule_ablation,100,0.5,1101.0,every_eligible,,
schedule_ablation_every_eligible,4V-FB,2145,604,True,False,51,0.044505063105135356,0.04944142818870401,1,-5.4285512739227215e-05,9.533972675049429e-32,5.27708456209272e-13,True,False,7.61899998451554e-05,9.979999958886765e-06,0.000101070000027903,schedule_ablation,100,0.5,1101.0,every_eligible,,
schedule_ablation_every_eligible,4V-FB,2146,605,True,False,51,0.044505063104871706,0.04944142818870401,1,-5.4285512851137696e-05,9.533972675049429e-32,5.27708456209272e-13,True,False,7.648999985576665e-05,9.869999985312461e-06,0.00010133000000678294,schedule_ablation,100,0.5,1101.0,every_eligible,,
schedule_ablation_every_eligible,4V-FB,2147,606,True,False,51,0.04450506310461169,0.04944142818870401,1,-5.428551296304818e-05,9.533972675049429e-32,5.27708456209272e-13,True,False,7.641999991392368e-05,9.990000080506434e-06,0.0001014599999962229,schedule_ablation,100,0.5,1101.0,every_eligible,,
schedule_ablation_every_eligible,4V-FB,2148,607,True,False,51,0.04450506310435348,0.04944142818870401,1,-5.4285513071405944e-05,9.533972675049429e-32,5.277084562092722e-13,True,False,7.705999996687751e-05,1.0100000054080738e-05,0.00010227999996459403,schedule_ablation,100,0.5,1101.0,every_eligible,,
schedule_ablation_every_eligible,4V-FB,2149,608,True,False,51,0.04450506310409792,0.04944142818870401,1,-5.428551318242825e-05,9.533972675049429e-32,5.277084562092721e-13,True,False,7.81600001573679e-05,9.979999958886765e-06,0.00010339000004933041,schedule_ablation,100,0.5,1101.0,every_eligible,,
schedule_ablation_every_eligible,4V-FB,2150,609,True,False,51,0.04450506310384475,0.04944142818870401,1,-5.428551328812148e-05,9.533972675049429e-32,5.277084562092722e-13,True,False,7.771000014145102e-05,1.0199999906035373e-05,0.00010341000006519607,schedule_ablation,100,0.5,1101.0,every_eligible,,
schedule_ablation_every_eligible,4V-FB,2151,610,True,False,51,0.04450506310359388,0.04944142818870401,1,-5.4285513397367424e-05,9.533972675049429e-32,5.277084562092721e-13,True,False,7.716999994045182e-05,9.930000032909447e-06,0.00010241000018140767,schedule_ablation,100,0.5,1101.0,every_eligible,,
schedule_ablation_every_eligible,4V-FB,2152,611,True,False,51,0.04450506310334505,0.04944142818870401,1,-5.428551350483701e-05,9.533972675049429e-32,5.27708456209272e-13,True,False,7.690999996157188e-05,9.979999958886765e-06,0.00010202999987996009,schedule_ablation,100,0.5,1101.0,every_eligible,,
schedule_ablation_every_eligible,4V-FB,2153,612,True,False,51,0.04450506310309968,0.04944142818870401,1,-5.428551360608935e-05,9.533972675049429e-32,5.277084562092722e-13,True,False,7.76700001097197e-05,9.790000149223488e-06,0.00010287999998581654,schedule_ablation,100,0.5,1101.0,every_eligible,,
schedule_ablation_every_eligible,4V-FB,2154,613,True,False,51,0.0445050631028559,0.04944142818870401,1,-5.428551371355894e-05,9.533972675049429e-32,5.277084562092721e-13,True,False,7.747000017843675e-05,9.990000080506434e-06,0.00010248000012325065,schedule_ablation,100,0.5,1101.0,every_eligible,,
schedule_ablation_every_eligible,4V-FB,2155,614,True,False,51,0.044505063102615386,0.04944142818870401,1,-5.428551381658764e-05,9.533972675049429e-32,5.27708456209272e-13,True,False,7.72800001413998e-05,1.0100000054080738e-05,0.00010253999994347396,schedule_ablation,100,0.5,1101.0,every_eligible,,
schedule_ablation_every_eligible,4V-FB,2156,615,True,False,51,0.04450506310237651,0.04944142818870401,1,-5.428551391783998e-05,9.533972675049429e-32,5.277084562092721e-13,True,False,7.71200000144745e-05,9.890000001178123e-06,0.00010217999988526572,schedule_ablation,100,0.5,1101.0,every_eligible,,
schedule_ablation_every_eligible,4V-FB,2157,616,True,False,51,0.04450506310214014,0.04944142818870401,1,-5.428551401820414e-05,9.533972675049429e-32,5.277084562092721e-13,True,False,7.784000013089099e-05,9.970000064640772e-06,0.00010274999999637657,schedule_ablation,100,0.5,1101.0,every_eligible,,
schedule_ablation_every_eligible,4V-FB,2158,617,True,False,51,0.044505063101905926,0.04944142818870401,1,-5.42855141185683e-05,9.533972675049429e-32,5.277084562092721e-13,True,False,8.577999983572226e-05,1.025999995363236e-05,0.00011143999995510967,schedule_ablation,100,0.5,1101.0,every_eligible,,
schedule_ablation_every_eligible,4V-FB,2159,618,True,False,51,0.04450506310167475,0.04944142818870401,1,-5.4285514218044284e-05,9.533972675049429e-32,5.27708456209272e-13,True,False,7.709999999860884e-05,1.0119999842572724e-05,0.00010243999986414565,schedule_ablation,100,0.5,1101.0,every_eligible,,
schedule_ablation_every_eligible,4V-FB,2160,619,True,False,51,0.044505063101445044,0.04944142818870401,1,-5.428551431485573e-05,9.533972675049429e-32,5.277084562092722e-13,True,False,7.666000010431162e-05,9.999999974752427e-06,0.00010196000016549078,schedule_ablation,100,0.5,1101.0,every_eligible,,
schedule_ablation_every_eligible,4V-FB,2161,620,True,False,51,0.044505063101217504,0.04944142818870401,1,-5.428551441166718e-05,9.533972675049429e-32,5.277084562092721e-13,True,False,7.635000019945437e-05,1.0049999900729745e-05,0.00010155999984817754,schedule_ablation,100,0.5,1101.0,every_eligible,,
schedule_ablation_every_eligible,4V-FB,2162,621,True,False,51,0.04450506310099267,0.04944142818870401,1,-5.4285514509366806e-05,9.533972675049429e-32,5.277084562092721e-13,True,False,7.677999997213192e-05,9.959999943021103e-06,0.00010186000008616247,schedule_ablation,100,0.5,1101.0,every_eligible,,
schedule_ablation_every_eligible,4V-FB,2163,622,True,False,51,0.04450506310076936,0.04944142818870401,1,-5.4285514604401897e-05,9.533972675049429e-32,5.27708456209272e-13,True,False,8.485000012115052e-05,1.0309999879609677e-05,0.00011064000000260421,schedule_ablation,100,0.5,1101.0,every_eligible,,
schedule_ablation_every_eligible,4V-FB,2164,623,True,False,51,0.044505063100548775,0.04944142818870401,1,-5.428551469766063e-05,9.533972675049429e-32,5.277084562092721e-13,True,False,7.753999989290605e-05,1.0069999916595407e-05,0.00010264999991704826,schedule_ablation,100,0.5,1101.0,every_eligible,,
schedule_ablation_every_eligible,4V-FB,2165,624,True,False,51,0.044505063100330366,0.04944142818870401,1,-5.4285514790919365e-05,9.533972675049429e-32,5.277084562092721e-13,True,False,7.668000012017728e-05,9.860000091066468e-06,0.00010154999995393155,schedule_ablation,100,0.5,1101.0,every_eligible,,
schedule_ablation_every_eligible,4V-FB,2166,625,True,False,51,0.04450506310011404,0.04944142818870401,1,-5.428551488506628e-05,9.533972675049429e-32,5.27708456209272e-13,True,False,7.636999998794636e-05,1.001999999061809e-05,0.00010143999998035724,schedule_ablation,100,0.5,1101.0,every_eligible,,
schedule_ablation_every_eligible,4V-FB,2167,626,True,False,51,0.04450506309989963,0.04944142818870401,1,-5.42855149747723e-05,9.533972675049429e-32,5.277084562092722e-13,True,False,7.703000005676586e-05,9.910000017043785e-06,0.00010188999999627413,schedule_ablation,100,0.5,1101.0,every_eligible,,
schedule_ablation_every_eligible,4V-FB,2168,627,True,False,51,0.0445050630996876,0.04944142818870401,1,-5.428551506447832e-05,9.533972675049429e-32,5.277084562092722e-13,True,False,7.677999997213192e-05,9.910000017043785e-06,0.00010178000002269982,schedule_ablation,100,0.5,1101.0,every_eligible,,
schedule_ablation_every_eligible,4V-FB,2169,628,True,False,51,0.044505063099477715,0.04944142818870401,1,-5.428551515507252e-05,9.533972675049429e-32,5.277084562092721e-13,True,False,7.770999991407734e-05,9.989999853132758e-06,0.00010286999986419687,schedule_ablation,100,0.5,1101.0,every_eligible,,
schedule_ablation_every_eligible,4V-FB,2170,629,True,False,51,0.044505063099269326,0.04944142818870401,1,-5.4285515245666716e-05,9.533972675049429e-32,5.27708456209272e-13,True,False,7.67399999404006e-05,9.979999958886765e-06,0.00010172999986934883,schedule_ablation,100,0.5,1101.0,every_eligible,,
schedule_ablation_every_eligible,4V-FB,2171,630,True,False,51,0.044505063099063505,0.04944142818870401,1,-5.42855153327082e-05,9.533972675049429e-32,5.27708456209272e-13,True,False,7.674999983464659e-05,9.910000017043785e-06,0.00010164000013901386,schedule_ablation,100,0.5,1101.0,every_eligible,,
schedule_ablation_every_eligible,4V-FB,2172,631,True,False,51,0.044505063098859196,0.04944142818870401,1,-5.4285515419749686e-05,9.533972675049429e-32,5.27708456209272e-13,True,False,7.664999998269195e-05,9.860000091066468e-06,0.00010137999993276026,schedule_ablation,100,0.5,1101.0,every_eligible,,
schedule_ablation_every_eligible,4V-FB,2173,632,True,False,51,0.04450506309865779,0.04944142818870401,1,-5.428551550679117e-05,9.533972675049429e-32,5.27708456209272e-13,True,False,7.651000009900599e-05,9.889999773804448e-06,0.00010125999983756628,schedule_ablation,100,0.5,1101.0,every_eligible,,
schedule_ablation_every_eligible,4V-FB,2174,633,True,False,51,0.0445050630984572,0.04944142818870401,1,-5.42855155920563e-05,9.533972675049429e-32,5.27708456209272e-13,True,False,8.497000021634449e-05,1.001999999061809e-05,0.00011038000002372428,schedule_ablation,100,0.5,1101.0,every_eligible,,
schedule_ablation_every_eligible,4V-FB,2175,634,True,False,51,0.04450506309825904,0.04944142818870401,1,-5.428551567465689e-05,9.533972675049429e-32,5.277084562092722e-13,True,False,7.71100001202285e-05,9.93999992715544e-06,0.00010223000003861671,schedule_ablation,100,0.5,1101.0,every_eligible,,
schedule_ablation_every_eligible,4V-FB,2176,635,True,False,51,0.044505063098063,0.04944142818870401,1,-5.4285515758145664e-05,9.533972675049429e-32,5.277084562092722e-13,True,False,7.682999989810924e-05,9.990000080506434e-06,0.00010178999991694582,schedule_ablation,100,0.5,1101.0,every_eligible,,
schedule_ablation_every_eligible,4V-FB,2177,636,True,False,51,0.04450506309786871,0.04944142818870401,1,-5.4285515841634435e-05,9.533972675049429e-32,5.277084562092721e-13,True,False,7.709000010436284e-05,9.979999958886765e-06,0.0001021200000650424,schedule_ablation,100,0.5,1101.0,every_eligible,,
schedule_ablation_every_eligible,4V-FB,2178,637,True,False,51,0.04450506309767642,0.04944142818870401,1,-5.428551592423503e-05,9.533972675049429e-32,5.277084562092721e-13,True,False,7.704999984525784e-05,9.969999837267096e-06,0.00010202999987996009,schedule_ablation,100,0.5,1101.0,every_eligible,,
schedule_ablation_every_eligible,4V-FB,2179,638,True,False,51,0.04450506309748571,0.04944142818870401,1,-5.4285516005059264e-05,9.533972675049429e-32,5.277084562092721e-13,True,False,8.555999988857366e-05,1.0219999921901035e-05,0.00011126999993393838,schedule_ablation,100,0.5,1101.0,every_eligible,,
schedule_ablation_every_eligible,4V-FB,2180,639,True,False,51,0.04450506309729724,0.04944142818870401,1,-5.42855160858835e-05,9.533972675049429e-32,5.27708456209272e-13,True,False,7.747000017843675e-05,1.0060000022349413e-05,0.00010268999994877959,schedule_ablation,100,0.5,1101.0,every_eligible,,
schedule_ablation_every_eligible,4V-FB,2181,640,True,False,51,0.04450506309711051,0.04944142818870401,1,-5.428551616581956e-05,9.533972675049429e-32,5.27708456209272e-13,True,False,7.68400000197289e-05,9.999999974752427e-06,0.00010188999999627413,schedule_ablation,100,0.5,1101.0,every_eligible,,
schedule_ablation_every_eligible,4V-FB,2182,641,True,False,51,0.044505063096925285,0.04944142818870401,1,-5.428551624397926e-05,9.533972675049429e-32,5.277084562092722e-13,True,False,7.67300000461546e-05,9.899999895424116e-06,0.00010161999989577453,schedule_ablation,100,0.5,1101.0,every_eligible,,
schedule_ablation_every_eligible,4V-FB,2183,642,True,False,51,0.04450506309674197,0.04944142818870401,1,-5.428551632302714e-05,9.533972675049429e-32,5.27708456209272e-13,True,False,7.690999996157188e-05,1.0060000022349413e-05,0.00010227000007034803,schedule_ablation,100,0.5,1101.0,every_eligible,,
schedule_ablation_every_eligible,4V-FB,2184,643,True,False,51,0.044505063096560535,0.04944142818870401,1,-5.428551639941048e-05,9.533972675049429e-32,5.277084562092721e-13,True,False,7.675999995626626e-05,9.920000138663454e-06,0.00010186999998040847,schedule_ablation,100,0.5,1101.0,every_eligible,,
schedule_ablation_every_eligible,4V-FB,2185,644,True,False,51,0.044505063096381456,0.04944142818870401,1,-5.4285516476682005e-05,9.533972675049429e-32,5.277084562092721e-13,True,False,7.741000013083976e-05,1.0029999884864083e-05,0.00010265000014442194,schedule_ablation,100,0.5,1101.0,every_eligible,,
schedule_ablation_every_eligible,4V-FB,2186,645,True,False,51,0.04450506309620328,0.04944142818870401,1,-5.428551655128899e-05,9.533972675049429e-32,5.277084562092722e-13,True,False,7.696000011492288e-05,9.930000032909447e-06,0.00010192000013375946,schedule_ablation,100,0.5,1101.0,every_eligible,,
schedule_ablation_every_eligible,4V-FB,2187,646,True,False,51,0.044505063096027475,0.04944142818870401,1,-5.428551662678416e-05,9.533972675049429e-32,5.277084562092721e-13,True,False,7.719999985056347e-05,1.0169999995923718e-05,0.00010237999981654866,schedule_ablation,100,0.5,1101.0,every_eligible,,
schedule_ablation_every_eligible,4V-FB,2188,647,True,False,51,0.04450506309585309,0.04944142818870401,1,-5.428551670050297e-05,9.533972675049429e-32,5.277084562092722e-13,True,False,7.686999992984056e-05,9.869999985312461e-06,0.00010191000001213979,schedule_ablation,100,0.5,1101.0,every_eligible,,
schedule_ablation_every_eligible,4V-FB,2189,648,True,False,51,0.044505063095679906,0.04944142818870401,1,-5.428551677688631e-05,9.533972675049429e-32,5.27708456209272e-13,True,False,7.630000004610338e-05,9.849999969446799e-06,0.00010100000008606003,schedule_ablation,100,0.5,1101.0,every_eligible,,
schedule_ablation_every_eligible,4V-FB,2190,649,True,False,51,0.044505063095509084,0.04944142818870401,1,-5.428551684971694e-05,9.533972675049429e-32,5.27708456209272e-13,True,False,7.707000008849718e-05,9.849999969446799e-06,0.00010210999994342274,schedule_ablation,100,0.5,1101.0,every_eligible,,
schedule_ablation_every_eligible,4V-FB,2191,650,True,False,51,0.044505063095339706,0.04944142818870401,1,-5.428551691988304e-05,9.533972675049429e-32,5.277084562092721e-13,True,False,7.692999997743755e-05,1.0109999948326731e-05,0.00010226000017610204,schedule_ablation,100,0.5,1101.0,every_eligible,,
schedule_ablation_every_eligible,4V-FB,2192,651,True,False,51,0.04450506309517216,0.04944142818870401,1,-5.428551699271367e-05,9.533972675049429e-32,5.27708456209272e-13,True,False,7.871999991948542e-05,1.0060000022349413e-05,0.00010386000008111296,schedule_ablation,100,0.5,1101.0,every_eligible,,
schedule_ablation_every_eligible,4V-FB,2193,652,True,False,51,0.04450506309500603,0.04944142818870401,1,-5.428551706287976e-05,9.533972675049429e-32,5.277084562092722e-13,True,False,7.707000008849718e-05,1.005000012810342e-05,0.00010216000009677373,schedule_ablation,100,0.5,1101.0,every_eligible,,
schedule_ablation_every_eligible,4V-FB,2194,653,True,False,51,0.04450506309484166,0.04944142818870401,1,-5.428551713304586e-05,9.533972675049429e-32,5.277084562092721e-13,True,False,7.660999995096063e-05,9.930000032909447e-06,0.00010152999993806588,schedule_ablation,100,0.5,1101.0,every_eligible,,
schedule_ablation_every_eligible,4V-FB,2195,654,True,False,51,0.04450506309467893,0.04944142818870401,1,-5.4285517202323774e-05,9.533972675049429e-32,5.277084562092721e-13,True,False,8.372000002054847e-05,1.025999995363236e-05,0.00011044000007132126,schedule_ablation,100,0.5,1101.0,every_eligible,,
schedule_ablation_every_eligible,4V-FB,2196,655,True,False,51,0.04450506309451745,0.04944142818870401,1,-5.428551727071351e-05,9.533972675049429e-32,5.277084562092722e-13,True,False,7.737000009910844e-05,9.970000064640772e-06,0.00010240999995403399,schedule_ablation,100,0.5,1101.0,every_eligible,,
schedule_ablation_every_eligible,4V-FB,2197,656,True,False,51,0.04450506309435784,0.04944142818870401,1,-5.428551733999143e-05,9.533972675049429e-32,5.27708456209272e-13,True,False,7.658000004084897e-05,1.0030000112237758e-05,0.0001016300000173942,schedule_ablation,100,0.5,1101.0,every_eligible,,
schedule_ablation_every_eligible,4V-FB,2198,657,True,False,51,0.044505063094199826,0.04944142818870401,1,-5.428551740749299e-05,9.533972675049429e-32,5.27708456209272e-13,True,False,7.636000009370036e-05,1.0010000096372096e-05,0.00010147000011784257,schedule_ablation,100,0.5,1101.0,every_eligible,,
schedule_ablation_every_eligible,4V-FB,2199,658,True,False,51,0.044505063094043354,0.04944142818870401,1,-5.4285517472330014e-05,9.533972675049429e-32,5.277084562092721e-13,True,False,7.639000000381202e-05,9.95000004877511e-06,0.00010133000000678294,schedule_ablation,100,0.5,1101.0,every_eligible,,
schedule_ablation_every_eligible,4V-FB,2200,659,True,False,51,0.04450506309388802,0.04944142818870401,1,-5.4285517539831574e-05,9.533972675049429e-32,5.27708456209272e-13,True,False,7.66200000725803e-05,1.7159999970317585e-05,0.00010881999992307101,schedule_ablation,100,0.5,1101.0,every_eligible,,
schedule_ablation_every_eligible,4V-FB,2201,660,True,False,51,0.04450506309373446,0.04944142818870401,1,-5.428551760289224e-05,9.533972675049429e-32,5.277084562092722e-13,True,False,7.775000017318234e-05,9.910000017043785e-06,0.00010274000010213058,schedule_ablation,100,0.5,1101.0,every_eligible,,
schedule_ablation_every_eligible,4V-FB,2202,661,True,False,51,0.04450506309358261,0.04944142818870401,1,-5.428551766950562e-05,9.533972675049429e-32,5.277084562092721e-13,True,False,7.657000014660298e-05,9.949999821401434e-06,0.00010133999990102893,schedule_ablation,100,0.5,1101.0,every_eligible,,
schedule_ablation_every_eligible,4V-FB,2203,662,True,False,51,0.044505063093432023,0.04944142818870401,1,-5.428551773256629e-05,9.533972675049429e-32,5.277084562092722e-13,True,False,7.688000005146023e-05,1.0119999842572724e-05,0.0001021299999592884,schedule_ablation,100,0.5,1101.0,every_eligible,,
schedule_ablation_every_eligible,4V-FB,2204,663,True,False,51,0.04450506309328302,0.04944142818870401,1,-5.4285517797403315e-05,9.533972675049429e-32,5.277084562092721e-13,True,False,7.683999979235523e-05,9.990000080506434e-06,0.00010170999985348317,schedule_ablation,100,0.5,1101.0,every_eligible,,
schedule_ablation_every_eligible,4V-FB,2205,664,True,False,51,0.04450506309313566,0.04944142818870401,1,-5.428551786046398e-05,9.533972675049429e-32,5.277084562092722e-13,True,False,7.660999995096063e-05,9.95000004877511e-06,0.00010152000004381989,schedule_ablation,100,0.5,1101.0,every_eligible,,
schedule_ablation_every_eligible,4V-FB,2206,665,True,False,51,0.0445050630929895,0.04944142818870401,1,-5.428551792263647e-05,9.533972675049429e-32,5.27708456209272e-13,True,False,7.908000020506734e-05,1.0160000101677724e-05,0.00010457999997015577,schedule_ablation,100,0.5,1101.0,every_eligible,,
schedule_ablation_every_eligible,4V-FB,2207,666,True,False,51,0.04450506309284495,0.04944142818870401,1,-5.4285517983920784e-05,9.533972675049429e-32,5.277084562092721e-13,True,False,7.705999996687751e-05,1.0210000027655042e-05,0.00010302999999112217,schedule_ablation,100,0.5,1101.0,every_eligible,,
schedule_ablation_every_eligible,4V-FB,2208,667,True,False,51,0.04450506309270093,0.04944142818870401,1,-5.4285518045205094e-05,9.533972675049429e-32,5.27708456209272e-13,True,False,7.67300000461546e-05,1.0030000112237758e-05,0.00010206000001744542,schedule_ablation,100,0.5,1101.0,every_eligible,,
schedule_ablation_every_eligible,4V-FB,2209,668,True,False,51,0.04450506309255929,0.04944142818870401,1,-5.428551810560123e-05,9.533972675049429e-32,5.27708456209272e-13,True,False,7.688999994570622e-05,9.990000080506434e-06,0.00010192000013375946,schedule_ablation,100,0.5,1101.0,every_eligible,,
schedule_ablation_every_eligible,4V-FB,2210,669,True,False,51,0.04450506309241868,0.04944142818870401,1,-5.428551816510918e-05,9.533972675049429e-32,5.277084562092722e-13,True,False,7.641999991392368e-05,9.809999937715475e-06,0.00010118000000147731,schedule_ablation,100,0.5,1101.0,every_eligible,,
schedule_ablation_every_eligible,4V-FB,2211,670,True,False,51,0.04450506309227957,0.04944142818870401,1,-5.4285518224617135e-05,9.533972675049429e-32,5.277084562092721e-13,True,False,8.378999996239145e-05,1.001999999061809e-05,0.00010924999992312223,schedule_ablation,100,0.5,1101.0,every_eligible,,
schedule_ablation_every_eligible,4V-FB,2212,671,True,False,51,0.044505063092141695,0.04944142818870401,1,-5.428551828323691e-05,9.533972675049429e-32,5.277084562092722e-13,True,False,7.658000004084897e-05,1.00789998214168e-05,0.00010190900002271519,schedule_ablation,100,0.5,1101.0,every_eligible,,
schedule_ablation_every_eligible,4V-FB,2213,672,True,False,51,0.04450506309200514,0.04944142818870401,1,-5.428551834096851e-05,9.533972675049429e-32,5.27708456209272e-13,True,False,7.643999992978934e-05,9.920000138663454e-06,0.00010149000013370824,schedule_ablation,100,0.5,1101.0,every_eligible,,
schedule_ablation_every_eligible,4V-FB,2214,673,True,False,51,0.044505063091870314,0.04944142818870401,1,-5.428551839692375e-05,9.533972675049429e-32,5.277084562092722e-13,True,False,7.709999999860884e-05,1.001999999061809e-05,0.00010232999989057134,schedule_ablation,100,0.5,1101.0,every_eligible,,
schedule_ablation_every_eligible,4V-FB,2215,674,True,False,51,0.04450506309173635,0.04944142818870401,1,-5.4285518455543524e-05,9.533972675049429e-32,5.277084562092721e-13,True,False,7.710999989285483e-05,1.0049999900729745e-05,0.00010227999996459403,schedule_ablation,100,0.5,1101.0,every_eligible,,
schedule_ablation_every_eligible,4V-FB,2216,675,True,False,51,0.04450506309160389,0.04944142818870401,1,-5.4285518511498765e-05,9.533972675049429e-32,5.277084562092722e-13,True,False,8.37000000046828e-05,1.0169999995923718e-05,0.00010969999993903912,schedule_ablation,100,0.5,1101.0,every_eligible,,
schedule_ablation_every_eligible,4V-FB,2217,676,True,False,51,0.04450506309147281,0.04944142818870401,1,-5.4285518568342184e-05,9.533972675049429e-32,5.277084562092721e-13,True,False,7.765999998810003e-05,9.999999974752427e-06,0.00010282000016559323,schedule_ablation,100,0.5,1101.0,every_eligible,,
schedule_ablation_every_eligible,4V-FB,2218,677,True,False,51,0.04450506309134282,0.04944142818870401,1,-5.428551862252107e-05,9.533972675049429e-32,5.277084562092722e-13,True,False,7.6459999945655e-05,9.959999943021103e-06,0.00010130999999091728,schedule_ablation,100,0.5,1101.0,every_eligible,,
schedule_ablation_every_eligible,4V-FB,2219,678,True,False,51,0.0445050630912138,0.04944142818870401,1,-5.428551867758813e-05,9.533972675049429e-32,5.27708456209272e-13,True,False,7.67399999404006e-05,9.940000154529116e-06,0.0001016300000173942,schedule_ablation,100,0.5,1101.0,every_eligible,,
schedule_ablation_every_eligible,4V-FB,2220,679,True,False,51,0.044505063091086566,0.04944142818870401,1,-5.4285518729990656e-05,9.533972675049429e-32,5.277084562092721e-13,True,False,7.785000002513698e-05,1.0030000112237758e-05,0.0001029099998959282,schedule_ablation,100,0.5,1101.0,every_eligible,,
schedule_ablation_every_eligible,4V-FB,2221,680,True,False,51,0.04450506309096036,0.04944142818870401,1,-5.4285518785945897e-05,9.533972675049429e-32,5.277084562092722e-13,True,False,7.659000016246864e-05,1.01200000699464e-05,0.00010158999998566287,schedule_ablation,100,0.5,1101.0,every_eligible,,
schedule_ablation_every_eligible,4V-FB,2222,681,True,False,51,0.0445050630908356,0.04944142818870401,1,-5.428551884012478e-05,9.533972675049429e-32,5.277084562092721e-13,True,False,7.747999984530907e-05,1.0160000101677724e-05,0.00010298999995939084,schedule_ablation,100,0.5,1101.0,every_eligible,,
schedule_ablation_every_eligible,4V-FB,2223,682,True,False,51,0.044505063090711394,0.04944142818870401,1,-5.428551889075095e-05,9.533972675049429e-32,5.277084562092722e-13,True,False,7.682999989810924e-05,9.95000004877511e-06,0.0001016300000173942,schedule_ablation,100,0.5,1101.0,every_eligible,,
schedule_ablation_every_eligible,4V-FB,2224,683,True,False,51,0.044505063090589214,0.04944142818870401,1,-5.4285518944929834e-05,9.533972675049429e-32,5.277084562092721e-13,True,False,7.68499999139749e-05,9.860000091066468e-06,0.00010137000003851426,schedule_ablation,100,0.5,1101.0,every_eligible,,
schedule_ablation_every_eligible,4V-FB,2225,684,True,False,51,0.044505063090467964,0.04944142818870401,1,-5.428551899644418e-05,9.533972675049429e-32,5.277084562092721e-13,True,False,7.641999991392368e-05,9.949999821401434e-06,0.00010115999998561165,schedule_ablation,100,0.5,1101.0,every_eligible,,
schedule_ablation_every_eligible,4V-FB,2226,685,True,False,51,0.044505063090347685,0.04944142818870401,1,-5.4285519045293995e-05,9.533972675049429e-32,5.277084562092722e-13,True,False,7.602000005135778e-05,1.0029999884864083e-05,0.00010081999994326907,schedule_ablation,100,0.5,1101.0,every_eligible,,
schedule_ablation_every_eligible,4V-FB,2227,686,True,False,51,0.04450506309022845,0.04944142818870401,1,-5.42855190985847e-05,9.533972675049429e-32,5.27708456209272e-13,True,False,8.346999993591453e-05,9.970000064640772e-06,0.00010844999997061677,schedule_ablation,100,0.5,1101.0,every_eligible,,
schedule_ablation_every_eligible,4V-FB,2228,687,True,False,51,0.04450506309011086,0.04944142818870401,1,-5.428551914743451e-05,9.533972675049429e-32,5.277084562092721e-13,True,False,7.661999984520662e-05,9.830000180954812e-06,0.0001014599999962229,schedule_ablation,100,0.5,1101.0,every_eligible,,
schedule_ablation_every_eligible,4V-FB,2229,688,True,False,51,0.044505063089994315,0.04944142818870401,1,-5.428551919539615e-05,9.533972675049429e-32,5.277084562092721e-13,True,False,7.635999986632669e-05,9.910000017043785e-06,0.00010121000013896264,schedule_ablation,100,0.5,1101.0,every_eligible,,
schedule_ablation_every_eligible,4V-FB,2230,689,True,False,51,0.044505063089878616,0.04944142818870401,1,-5.428551924513414e-05,9.533972675049429e-32,5.277084562092721e-13,True,False,7.619999996677507e-05,9.850000196820474e-06,0.00010094000003846304,schedule_ablation,100,0.5,1101.0,every_eligible,,
schedule_ablation_every_eligible,4V-FB,2231,690,True,False,51,0.044505063089764804,0.04944142818870401,1,-5.428551929398395e-05,9.533972675049429e-32,5.277084562092722e-13,True,False,7.576000007247785e-05,9.970000064640772e-06,0.00010048000012830016,schedule_ablation,100,0.5,1101.0,every_eligible,,
schedule_ablation_every_eligible,4V-FB,2232,691,True,False,51,0.044505063089650895,0.04944142818870401,1,-5.428551934461012e-05,9.533972675049429e-32,5.27708456209272e-13,True,False,8.223999998335785e-05,1.019000001178938e-05,0.00010757999984889466,schedule_ablation,100,0.5,1101.0,every_eligible,,
schedule_ablation_every_eligible,4V-FB,2233,692,True,False,51,0.04450506308953919,0.04944142818870401,1,-5.428551938990722e-05,9.533972675049429e-32,5.277084562092721e-13,True,False,7.649999997738632e-05,9.930000032909447e-06,0.00010131999988516327,schedule_ablation,100,0.5,1101.0,every_eligible,,
schedule_ablation_every_eligible,4V-FB,2234,693,True,False,51,0.04450506308942766,0.04944142818870401,1,-5.4285519438757035e-05,9.533972675049429e-32,5.277084562092721e-13,True,False,7.815000003574823e-05,9.979999958886765e-06,0.00010326000005989044,schedule_ablation,100,0.5,1101.0,every_eligible,,
schedule_ablation_every_eligible,4V-FB,2235,694,True,False,51,0.04450506308931784,0.04944142818870401,1,-5.4285519484054134e-05,9.533972675049429e-32,5.277084562092722e-13,True,False,7.649000008314033e-05,9.919999911289779e-06,0.00010120000001734297,schedule_ablation,100,0.5,1101.0,every_eligible,,
schedule_ablation_every_eligible,4V-FB,2236,695,True,False,51,0.044505063089209165,0.04944142818870401,1,-5.428551953201577e-05,9.533972675049429e-32,5.27708456209272e-13,True,False,7.683999979235523e-05,1.0040000006483751e-05,0.00010180999993281148,schedule_ablation,100,0.5,1101.0,every_eligible,,
schedule_ablation_every_eligible,4V-FB,2237,696,True,False,51,0.04450506308910113,0.04944142818870401,1,-5.428551957642469e-05,9.533972675049429e-32,5.277084562092722e-13,True,False,7.660000005671463e-05,9.979999958886765e-06,0.00010171999997510284,schedule_ablation,100,0.5,1101.0,every_eligible,,
schedule_ablation_every_eligible,4V-FB,2238,697,True,False,51,0.044505063088994615,0.04944142818870401,1,-5.428551962260997e-05,9.533972675049429e-32,5.277084562092721e-13,True,False,7.748999996692874e-05,1.005000012810342e-05,0.00010300000008101051,schedule_ablation,100,0.5,1101.0,every_eligible,,
schedule_ablation_every_eligible,4V-FB,2239,698,True,False,51,0.04450506308888841,0.04944142818870401,1,-5.428551966790707e-05,9.533972675049429e-32,5.27708456209272e-13,True,False,7.671999992453493e-05,1.0030000112237758e-05,0.00010186999998040847,schedule_ablation,100,0.5,1101.0,every_eligible,,
schedule_ablation_every_eligible,4V-FB,2240,699,True,False,51,0.04450506308878388,0.04944142818870401,1,-5.428551971320417e-05,9.533972675049429e-32,5.27708456209272e-13,True,False,7.691999985581788e-05,9.800000043469481e-06,0.00010171999997510284,schedule_ablation,100,0.5,1101.0,every_eligible,,
schedule_ablation_every_eligible,4V-FB,2241,700,True,False,51,0.044505063088680144,0.04944142818870401,1,-5.428551975494855e-05,9.533972675049429e-32,5.277084562092721e-13,True,False,7.666000010431162e-05,9.990000080506434e-06,0.00010156000007555122,schedule_ablation,100,0.5,1101.0,every_eligible,,
schedule_ablation_every_eligible,4V-FB,2242,701,True,False,51,0.044505063088577684,0.04944142818870401,1,-5.4285519799357473e-05,9.533972675049429e-32,5.277084562092721e-13,True,False,7.646000017302867e-05,9.920000138663454e-06,0.00010120999991158897,schedule_ablation,100,0.5,1101.0,every_eligible,,
schedule_ablation_every_eligible,4V-FB,2243,702,True,False,51,0.04450506308847603,0.04944142818870401,1,-5.4285519843766394e-05,9.533972675049429e-32,5.27708456209272e-13,True,False,7.707000008849718e-05,9.809999937715475e-06,0.0001082100000076025,schedule_ablation,100,0.5,1101.0,every_eligible,,
schedule_ablation_every_eligible,4V-FB,2244,703,True,False,51,0.04450506308837515,0.04944142818870401,1,-5.42855198846226e-05,9.533972675049429e-32,5.277084562092722e-13,True,False,7.665999987693795e-05,9.990000080506434e-06,0.00010158000009141688,schedule_ablation,100,0.5,1101.0,every_eligible,,
schedule_ablation_every_eligible,4V-FB,2245,704,True,False,51,0.0445050630882759,0.04944142818870401,1,-5.428551992636699e-05,9.533972675049429e-32,5.277084562092722e-13,True,False,7.651999999325199e-05,9.999999974752427e-06,0.0001013500000226486,schedule_ablation,100,0.5,1101.0,every_eligible,,
schedule_ablation_every_eligible,4V-FB,2246,705,True,False,51,0.04450506308817663,0.04944142818870401,1,-5.428551997166409e-05,9.533972675049429e-32,5.27708456209272e-13,True,False,7.664000008844596e-05,9.88000010693213e-06,0.00010177999979532615,schedule_ablation,100,0.5,1101.0,every_eligible,,
schedule_ablation_every_eligible,4V-FB,2247,706,True,False,51,0.044505063088078986,0.04944142818870401,1,-5.428552001074394e-05,9.533972675049429e-32,5.277084562092722e-13,True,False,7.698000013078854e-05,1.0089999932461069e-05,0.00010204999989582575,schedule_ablation,100,0.5,1101.0,every_eligible,,
schedule_ablation_every_eligible,4V-FB,2248,707,True,False,51,0.04450506308798215,0.04944142818870401,1,-5.428552005248832e-05,9.533972675049429e-32,5.277084562092721e-13,True,False,8.327999989887758e-05,1.0109999948326731e-05,0.00010879999990720535,schedule_ablation,100,0.5,1101.0,every_eligible,,
schedule_ablation_every_eligible,4V-FB,2249,708,True,False,51,0.044505063087886876,0.04944142818870401,1,-5.428552009423271e-05,9.533972675049429e-32,5.27708456209272e-13,True,False,7.795999999871128e-05,9.879999879558454e-06,0.00010305999990123382,schedule_ablation,100,0.5,1101.0,every_eligible,,
schedule_ablation_every_eligible,4V-FB,2250,709,True,False,51,0.04450506308779166,0.04944142818870401,1,-5.428552013242438e-05,9.533972675049429e-32,5.277084562092722e-13,True,False,7.679000009375159e-05,9.93999992715544e-06,0.00010186000008616247,schedule_ablation,100,0.5,1101.0,every_eligible,,
schedule_ablation_every_eligible,4V-FB,2251,710,True,False,51,0.044505063087697166,0.04944142818870401,1,-5.428552017328059e-05,9.533972675049429e-32,5.27708456209272e-13,True,False,7.703999995101185e-05,1.0069999916595407e-05,0.00010208000003331108,schedule_ablation,100,0.5,1101.0,every_eligible,,
schedule_ablation_every_eligible,4V-FB,2252,711,True,False,51,0.04450506308760438,0.04944142818870401,1,-5.428552021236044e-05,9.533972675049429e-32,5.277084562092722e-13,True,False,7.675000006202026e-05,1.0100000054080738e-05,0.00010179000014431949,schedule_ablation,100,0.5,1101.0,every_eligible,,
schedule_ablation_every_eligible,4V-FB,2253,712,True,False,51,0.04450506308751262,0.04944142818870401,1,-5.428552025144029e-05,9.533972675049429e-32,5.277084562092722e-13,True,False,7.654000000911765e-05,9.990000080506434e-06,0.00010161000000152853,schedule_ablation,100,0.5,1101.0,every_eligible,,
schedule_ablation_every_eligible,4V-FB,2254,713,True,False,51,0.044505063087421054,0.04944142818870401,1,-5.428552029140832e-05,9.533972675049429e-32,5.277084562092721e-13,True,False,7.742999991933175e-05,9.930000032909447e-06,0.00010258999986945128,schedule_ablation,100,0.5,1101.0,every_eligible,,
schedule_ablation_every_eligible,4V-FB,2255,714,True,False,51,0.04450506308733043,0.04944142818870401,1,-5.428552032959999e-05,9.533972675049429e-32,5.277084562092721e-13,True,False,7.67399999404006e-05,9.960000170394778e-06,0.00010181999982705747,schedule_ablation,100,0.5,1101.0,every_eligible,,
schedule_ablation_every_eligible,4V-FB,2256,715,True,False,51,0.04450506308724135,0.04944142818870401,1,-5.428552036867984e-05,9.533972675049429e-32,5.27708456209272e-13,True,False,7.687000015721424e-05,9.849999969446799e-06,0.00010172999986934883,schedule_ablation,100,0.5,1101.0,every_eligible,,
schedule_ablation_every_eligible,4V-FB,2257,716,True,False,51,0.04450506308715217,0.04944142818870401,1,-5.428552040420698e-05,9.533972675049429e-32,5.277084562092722e-13,True,False,7.672000015190861e-05,9.840000075200805e-06,0.0001013500000226486,schedule_ablation,100,0.5,1101.0,every_eligible,,
schedule_ablation_every_eligible,4V-FB,2258,717,True,False,51,0.04450506308706473,0.04944142818870401,1,-5.428552044151047e-05,9.533972675049429e-32,5.277084562092722e-13,True,False,7.626999990861805e-05,1.0060000022349413e-05,0.00010148000001208857,schedule_ablation,100,0.5,1101.0,every_eligible,,
schedule_ablation_every_eligible,4V-FB,2259,718,True,False,51,0.04450506308697795,0.04944142818870401,1,-5.428552048059032e-05,9.533972675049429e-32,5.27708456209272e-13,True,False,7.76700001097197e-05,9.959999943021103e-06,0.00010308999981134548,schedule_ablation,100,0.5,1101.0,every_eligible,,
schedule_ablation_every_eligible,4V-FB,2260,719,True,False,51,0.044505063086891825,0.04944142818870401,1,-5.428552051522928e-05,9.533972675049429e-32,5.277084562092722e-13,True,False,7.68400000197289e-05,1.0040000006483751e-05,0.00010179000014431949,schedule_ablation,100,0.5,1101.0,every_eligible,,
schedule_ablation_every_eligible,4V-FB,2261,720,True,False,51,0.04450506308680689,0.04944142818870401,1,-5.428552055253277e-05,9.533972675049429e-32,5.27708456209272e-13,True,False,7.690000006732589e-05,9.93999992715544e-06,0.00010192000013375946,schedule_ablation,100,0.5,1101.0,every_eligible,,
schedule_ablation_every_eligible,4V-FB,2262,721,True,False,51,0.044505063086722405,0.04944142818870401,1,-5.428552058894809e-05,9.533972675049429e-32,5.27708456209272e-13,True,False,7.68900001730799e-05,1.0000000202126103e-05,0.00010203000010733376,schedule_ablation,100,0.5,1101.0,every_eligible,,
schedule_ablation_every_eligible,4V-FB,2263,722,True,False,51,0.0445050630866385,0.04944142818870401,1,-5.428552062269887e-05,9.533972675049429e-32,5.277084562092722e-13,True,False,7.694999999330321e-05,1.0210000027655042e-05,0.0001029000000016822,schedule_ablation,100,0.5,1101.0,every_eligible,,
schedule_ablation_every_eligible,4V-FB,2264,723,True,False,51,0.04450506308655591,0.04944142818870401,1,-5.4285520659114184e-05,9.533972675049429e-32,5.277084562092721e-13,True,False,8.479999996779952e-05,1.0379999821452657e-05,0.00011104000009254378,schedule_ablation,100,0.5,1101.0,every_eligible,,
schedule_ablation_every_eligible,4V-FB,2265,724,True,False,51,0.0445050630864742,0.04944142818870401,1,-5.42855206955295e-05,9.533972675049429e-32,5.27708456209272e-13,True,False,7.776999996167433e-05,1.022000014927471e-05,0.0001030600001286075,schedule_ablation,100,0.5,1101.0,every_eligible,,
schedule_ablation_every_eligible,4V-FB,2266,725,True,False,51,0.044505063086393126,0.04944142818870401,1,-5.428552072750392e-05,9.533972675049429e-32,5.27708456209272e-13,True,False,7.714999992458615e-05,9.910000017043785e-06,0.0001022399999328627,schedule_ablation,100,0.5,1101.0,every_eligible,,
schedule_ablation_every_eligible,4V-FB,2267,726,True,False,51,0.04450506308631258,0.04944142818870401,1,-5.42855207612547e-05,9.533972675049429e-32,5.277084562092722e-13,True,False,7.741999979771208e-05,9.910000017043785e-06,0.00010244999998576532,schedule_ablation,100,0.5,1101.0,every_eligible,,
schedule_ablation_every_eligible,4V-FB,2268,727,True,False,51,0.044505063086233115,0.04944142818870401,1,-5.428552079767002e-05,9.533972675049429e-32,5.27708456209272e-13,True,False,7.72399998822948e-05,1.001999999061809e-05,0.00010246000010738499,schedule_ablation,100,0.5,1101.0,every_eligible,,
schedule_ablation_every_eligible,4V-FB,2269,728,True,False,51,0.04450506308615412,0.04944142818870401,1,-5.4285520826979905e-05,9.533972675049429e-32,5.277084562092722e-13,True,False,7.702999982939218e-05,1.621999990675249e-05,0.00010817999987011717,schedule_ablation,100,0.5,1101.0,every_eligible,,
schedule_ablation_every_eligible,4V-FB,2270,729,True,False,51,0.044505063086076005,0.04944142818870401,1,-5.428552086339522e-05,9.533972675049429e-32,5.27708456209272e-13,True,False,7.724000010966847e-05,1.00799998108414e-05,0.00010247999989587697,schedule_ablation,100,0.5,1101.0,every_eligible,,
schedule_ablation_every_eligible,4V-FB,2271,730,True,False,51,0.04450506308599876,0.04944142818870401,1,-5.428552089625782e-05,9.533972675049429e-32,5.27708456209272e-13,True,False,7.65799998134753e-05,1.0080000038215076e-05,0.0001018599998587888,schedule_ablation,100,0.5,1101.0,every_eligible,,
schedule_ablation_every_eligible,4V-FB,2272,731,True,False,51,0.044505063085922544,0.04944142818870401,1,-5.4285520927344066e-05,9.533972675049429e-32,5.277084562092721e-13,True,False,7.641000001967768e-05,9.930000032909447e-06,0.00010143999998035724,schedule_ablation,100,0.5,1101.0,every_eligible,,
schedule_ablation_every_eligible,4V-FB,2273,732,True,False,51,0.04450506308584669,0.04944142818870401,1,-5.4285520961094846e-05,9.533972675049429e-32,5.27708456209272e-13,True,False,7.649000008314033e-05,9.999999974752427e-06,0.00010164000013901386,schedule_ablation,100,0.5,1101.0,every_eligible,,
schedule_ablation_every_eligible,4V-FB,2274,733,True,False,51,0.044505063085772026,0.04944142818870401,1,-5.428552099218109e-05,9.533972675049429e-32,5.27708456209272e-13,True,False,7.620999986102106e-05,9.820000059335143e-06,0.00010119000012309698,schedule_ablation,100,0.5,1101.0,every_eligible,,
schedule_ablation_every_eligible,4V-FB,2275,734,True,False,51,0.04450506308569738,0.04944142818870401,1,-5.428552102237916e-05,9.533972675049429e-32,5.277084562092722e-13,True,False,7.704000017838553e-05,1.005000012810342e-05,0.0001022399999328627,schedule_ablation,100,0.5,1101.0,every_eligible,,
schedule_ablation_every_eligible,4V-FB,2276,735,True,False,51,0.044505063085623645,0.04944142818870401,1,-5.4285521052577224e-05,9.533972675049429e-32,5.277084562092722e-13,True,False,7.66200000725803e-05,9.899999895424116e-06,0.00010148000001208857,schedule_ablation,100,0.5,1101.0,every_eligible,,
schedule_ablation_every_eligible,4V-FB,2277,736,True,False,51,0.044505063085551036,0.04944142818870401,1,-5.4285521086328004e-05,9.533972675049429e-32,5.27708456209272e-13,True,False,7.709999999860884e-05,9.979999958886765e-06,0.00010219000000688538,schedule_ablation,100,0.5,1101.0,every_eligible,,
schedule_ablation_every_eligible,4V-FB,2278,737,True,False,51,0.044505063085479094,0.04944142818870401,1,-5.428552111474971e-05,9.533972675049429e-32,5.277084562092722e-13,True,False,7.70100000409002e-05,9.98000018626044e-06,0.00010215999986940005,schedule_ablation,100,0.5,1101.0,every_eligible,,
schedule_ablation_every_eligible,4V-FB,2279,738,True,False,51,0.044505063085407734,0.04944142818870401,1,-5.428552114583596e-05,9.533972675049429e-32,5.277084562092721e-13,True,False,7.677999997213192e-05,9.930000032909447e-06,0.00010163999991164019,schedule_ablation,100,0.5,1101.0,every_eligible,,
schedule_ablation_every_eligible,4V-FB,2280,739,True,False,51,0.04450506308533675,0.04944142818870401,1,-5.428552117781038e-05,9.533972675049429e-32,5.27708456209272e-13,True,False,8.287000014206569e-05,1.0049999900729745e-05,0.00010808999991240853,schedule_ablation,100,0.5,1101.0,every_eligible,,
schedule_ablation_every_eligible,4V-FB,2281,740,True,False,51,0.04450506308526701,0.04944142818870401,1,-5.428552120623209e-05,9.533972675049429e-32,5.277084562092721e-13,True,False,7.72299999880488e-05,1.001999999061809e-05,0.00010223000003861671,schedule_ablation,100,0.5,1101.0,every_eligible,,
schedule_ablation_every_eligible,4V-FB,2282,741,True,False,51,0.04450506308519735,0.04944142818870401,1,-5.42855212346538e-05,9.533972675049429e-32,5.277084562092721e-13,True,False,7.651999999325199e-05,9.930000032909447e-06,0.0001014699998904689,schedule_ablation,100,0.5,1101.0,every_eligible,,
schedule_ablation_every_eligible,4V-FB,2283,742,True,False,51,0.04450506308512879,0.04944142818870401,1,-5.4285521264851866e-05,9.533972675049429e-32,5.277084562092721e-13,True,False,7.606000008308911e-05,1.0010000096372096e-05,0.0001009600000543287,schedule_ablation,100,0.5,1101.0,every_eligible,,
schedule_ablation_every_eligible,4V-FB,2284,743,True,False,51,0.04450506308506055,0.04944142818870401,1,-5.4285521293273575e-05,9.533972675049429e-32,5.277084562092721e-13,True,False,7.600000003549212e-05,9.900000122797792e-06,0.00010070999996969476,schedule_ablation,100,0.5,1101.0,every_eligible,,
schedule_ablation_every_eligible,4V-FB,2285,744,True,False,51,0.04450506308499373,0.04944142818870401,1,-5.428552132258346e-05,9.533972675049429e-32,5.27708456209272e-13,True,False,7.630999994034937e-05,1.019000001178938e-05,0.00010814999996000552,schedule_ablation,100,0.5,1101.0,every_eligible,,
schedule_ablation_every_eligible,4V-FB,2286,745,True,False,51,0.04450506308492651,0.04944142818870401,1,-5.4285521349228816e-05,9.533972675049429e-32,5.277084562092722e-13,True,False,7.749000019430241e-05,9.93999992715544e-06,0.00010238999993816833,schedule_ablation,100,0.5,1101.0,every_eligible,,
schedule_ablation_every_eligible,4V-FB,2287,746,True,False,51,0.044505063084860796,0.04944142818870401,1,-5.428552138031506e-05,9.533972675049429e-32,5.27708456209272e-13,True,False,7.656000002498331e-05,9.879999879558454e-06,0.00010124999994332029,schedule_ablation,100,0.5,1101.0,every_eligible,,
schedule_ablation_every_eligible,4V-FB,2288,747,True,False,51,0.04450506308479553,0.04944142818870401,1,-5.4285521405184056e-05,9.533972675049429e-32,5.277084562092721e-13,True,False,7.609999988744676e-05,9.900000122797792e-06,0.00010071999986394076,schedule_ablation,100,0.5,1101.0,every_eligible,,
schedule_ablation_every_eligible,4V-FB,2289,748,True,False,51,0.044505063084730456,0.04944142818870401,1,-5.4285521433605766e-05,9.533972675049429e-32,5.277084562092721e-13,True,False,7.626000001437205e-05,9.869999985312461e-06,0.00010120000001734297,schedule_ablation,100,0.5,1101.0,every_eligible,,
schedule_ablation_every_eligible,4V-FB,2290,749,True,False,51,0.04450506308466631,0.04944142818870401,1,-5.428552146025112e-05,9.533972675049429e-32,5.277084562092721e-13,True,False,7.658999993509497e-05,1.000999986899842e-05,0.0001014699998904689,schedule_ablation,100,0.5,1101.0,every_eligible,,
schedule_ablation_every_eligible,4V-FB,2291,750,True,False,51,0.044505063084603405,0.04944142818870401,1,-5.428552148778465e-05,9.533972675049429e-32,5.277084562092722e-13,True,False,7.871000002523942e-05,1.0129999964192393e-05,0.00010419000000183587,schedule_ablation,100,0.5,1101.0,every_eligible,,
schedule_ablation_every_eligible,4V-FB,2292,751,True,False,51,0.044505063084540414,0.04944142818870401,1,-5.4285521513541823e-05,9.533972675049429e-32,5.277084562092721e-13,True,False,7.667999989280361e-05,9.979999958886765e-06,0.00010171999997510284,schedule_ablation,100,0.5,1101.0,every_eligible,,
schedule_ablation_every_eligible,4V-FB,2293,752,True,False,51,0.0445050630844782,0.04944142818870401,1,-5.4285521541075354e-05,9.533972675049429e-32,5.277084562092721e-13,True,False,7.647000006727467e-05,9.840000075200805e-06,0.0001011899998957233,schedule_ablation,100,0.5,1101.0,every_eligible,,
schedule_ablation_every_eligible,4V-FB,2294,753,True,False,51,0.0445050630844169,0.04944142818870401,1,-5.428552156683253e-05,9.533972675049429e-32,5.277084562092721e-13,True,False,7.639000000381202e-05,9.820000059335143e-06,0.00010100999998030602,schedule_ablation,100,0.5,1101.0,every_eligible,,
schedule_ablation_every_eligible,4V-FB,2295,754,True,False,51,0.04450506308435524,0.04944142818870401,1,-5.428552159347788e-05,9.533972675049429e-32,5.277084562092721e-13,True,False,7.642000014129735e-05,9.949999821401434e-06,0.00010141000007024559,schedule_ablation,100,0.5,1101.0,every_eligible,,
schedule_ablation_every_eligible,4V-FB,2296,755,True,False,51,0.044505063084294694,0.04944142818870401,1,-5.4285521619235055e-05,9.533972675049429e-32,5.27708456209272e-13,True,False,8.274999981949804e-05,1.0000000202126103e-05,0.00010805000010805088,schedule_ablation,100,0.5,1101.0,every_eligible,,
schedule_ablation_every_eligible,4V-FB,2297,756,True,False,51,0.04450506308423527,0.04944142818870401,1,-5.428552164321587e-05,9.533972675049429e-32,5.277084562092721e-13,True,False,7.641000001967768e-05,9.789999921849812e-06,0.00010137000003851426,schedule_ablation,100,0.5,1101.0,every_eligible,,
schedule_ablation_every_eligible,4V-FB,2298,757,True,False,51,0.04450506308417598,0.04944142818870401,1,-5.428552166808487e-05,9.533972675049429e-32,5.277084562092722e-13,True,False,7.6450000051409e-05,9.890000001178123e-06,0.00010128999997505161,schedule_ablation,100,0.5,1101.0,every_eligible,,
schedule_ablation_every_eligible,4V-FB,2299,758,True,False,51,0.04450506308411689,0.04944142818870401,1,-5.4285521692953864e-05,9.533972675049429e-32,5.277084562092721e-13,True,False,7.614999981342407e-05,9.869999985312461e-06,0.00010105000001203734,schedule_ablation,100,0.5,1101.0,every_eligible,,
schedule_ablation_every_eligible,4V-FB,2300,759,True,False,51,0.0445050630840588,0.04944142818870401,1,-5.428552171782286e-05,9.533972675049429e-32,5.277084562092721e-13,True,False,7.576999996672384e-05,9.809999937715475e-06,0.00010045999988506082,schedule_ablation,100,0.5,1101.0,every_eligible,,
schedule_ablation_every_eligible,4V-FB,2301,760,True,False,51,0.0445050630840018,0.04944142818870401,1,-5.4285521742691856e-05,9.533972675049429e-32,5.277084562092721e-13,True,False,7.611000000906643e-05,1.0040000006483751e-05,0.00010709999992286612,schedule_ablation,100,0.5,1101.0,every_eligible,,
schedule_ablation_every_eligible,4V-FB,2302,761,True,False,51,0.044505063083944765,0.04944142818870401,1,-5.428552176667267e-05,9.533972675049429e-32,5.27708456209272e-13,True,False,7.735999997748877e-05,9.81000016508915e-06,0.00010195999993811711,schedule_ablation,100,0.5,1101.0,every_eligible,,
schedule_ablation_every_eligible,4V-FB,2303,762,True,False,51,0.04450506308388773,0.04944142818870401,1,-5.428552178976531e-05,9.533972675049429e-32,5.277084562092721e-13,True,False,7.68400000197289e-05,9.959999943021103e-06,0.00010176000000683416,schedule_ablation,100,0.5,1101.0,every_eligible,,
schedule_ablation_every_eligible,4V-FB,2304,763,True,False,51,0.04450506308383226,0.04944142818870401,1,-5.4285521815522486e-05,9.533972675049429e-32,5.277084562092721e-13,True,False,7.671999992453493e-05,9.849999969446799e-06,0.00010150000002795423,schedule_ablation,100,0.5,1101.0,every_eligible,,
schedule_ablation_every_eligible,4V-FB,2305,764,True,False,51,0.04450506308377686,0.04944142818870401,1,-5.428552183683877e-05,9.533972675049429e-32,5.277084562092721e-13,True,False,7.804999995641992e-05,9.95000004877511e-06,0.00010304000011274184,schedule_ablation,100,0.5,1101.0,every_eligible,,
schedule_ablation_every_eligible,4V-FB,2306,765,True,False,51,0.044505063083722304,0.04944142818870401,1,-5.4285521860819586e-05,9.533972675049429e-32,5.277084562092722e-13,True,False,7.626000001437205e-05,9.88000010693213e-06,0.000101079999922149,schedule_ablation,100,0.5,1101.0,every_eligible,,
schedule_ablation_every_eligible,4V-FB,2307,766,True,False,51,0.04450506308366782,0.04944142818870401,1,-5.4285521883912224e-05,9.533972675049429e-32,5.277084562092721e-13,True,False,7.743000014670542e-05,9.930000032909447e-06,0.00010253000004922797,schedule_ablation,100,0.5,1101.0,every_eligible,,
schedule_ablation_every_eligible,4V-FB,2308,767,True,False,51,0.04450506308361411,0.04944142818870401,1,-5.4285521905228507e-05,9.533972675049429e-32,5.277084562092722e-13,True,False,7.697000000916887e-05,1.0029999884864083e-05,0.00010199000007560244,schedule_ablation,100,0.5,1101.0,every_eligible,,
schedule_ablation_every_eligible,4V-FB,2309,768,True,False,51,0.04450506308356106,0.04944142818870401,1,-5.42855219300975e-05,9.533972675049429e-32,5.27708456209272e-13,True,False,7.641999991392368e-05,9.90999978967011e-06,0.00010128999997505161,schedule_ablation,100,0.5,1101.0,every_eligible,,
schedule_ablation_every_eligible,4V-FB,2310,769,True,False,51,0.044505063083508586,0.04944142818870401,1,-5.4285521951413784e-05,9.533972675049429e-32,5.277084562092722e-13,True,False,7.637999988219235e-05,9.999999974752427e-06,0.00010143999998035724,schedule_ablation,100,0.5,1101.0,every_eligible,,
schedule_ablation_every_eligible,4V-FB,2311,770,True,False,51,0.044505063083456656,0.04944142818870401,1,-5.428552197450642e-05,9.533972675049429e-32,5.277084562092722e-13,True,False,7.60799998715811e-05,9.970000064640772e-06,0.0001009699999485747,schedule_ablation,100,0.5,1101.0,every_eligible,,
schedule_ablation_every_eligible,4V-FB,2312,771,True,False,51,0.04450506308340439,0.04944142818870401,1,-5.4285521995822705e-05,9.533972675049429e-32,5.27708456209272e-13,True,False,8.330999980898923e-05,1.000999986899842e-05,0.00010853999992832541,schedule_ablation,100,0.5,1101.0,every_eligible,,
schedule_ablation_every_eligible,4V-FB,2313,772,True,False,51,0.044505063083353155,0.04944142818870401,1,-5.428552201713899e-05,9.533972675049429e-32,5.277084562092722e-13,True,False,7.68400000197289e-05,9.919999911289779e-06,0.00010165000003325986,schedule_ablation,100,0.5,1101.0,every_eligible,,
schedule_ablation_every_eligible,4V-FB,2314,773,True,False,51,0.044505063083302904,0.04944142818870401,1,-5.428552203845527e-05,9.533972675049429e-32,5.277084562092722e-13,True,False,7.697000000916887e-05,9.940000154529116e-06,0.00010182000005443115,schedule_ablation,100,0.5,1101.0,every_eligible,,
schedule_ablation_every_eligible,4V-FB,2315,774,True,False,51,0.044505063083252874,0.04944142818870401,1,-5.428552206154791e-05,9.533972675049429e-32,5.27708456209272e-13,True,False,7.731000005151145e-05,9.890000001178123e-06,0.0001020199999857141,schedule_ablation,100,0.5,1101.0,every_eligible,,
schedule_ablation_every_eligible,4V-FB,2316,775,True,False,51,0.04450506308320322,0.04944142818870401,1,-5.428552208197601e-05,9.533972675049429e-32,5.277084562092721e-13,True,False,7.679999998799758e-05,9.879999879558454e-06,0.00010171000008085684,schedule_ablation,100,0.5,1101.0,every_eligible,,
schedule_ablation_every_eligible,4V-FB,2317,776,True,False,51,0.04450506308315397,0.04944142818870401,1,-5.4285522102404116e-05,9.533972675049429e-32,5.27708456209272e-13,True,False,8.331000003636291e-05,1.0049999900729745e-05,0.00010864000000765373,schedule_ablation,100,0.5,1101.0,every_eligible,,
schedule_ablation_every_eligible,4V-FB,2318,777,True,False,51,0.04450506308310517,0.04944142818870401,1,-5.428552212283222e-05,9.533972675049429e-32,5.27708456209272e-13,True,False,7.690999996157188e-05,9.919999911289779e-06,0.00010197000005973678,schedule_ablation,100,0.5,1101.0,every_eligible,,
schedule_ablation_every_eligible,4V-FB,2319,778,True,False,51,0.044505063083056975,0.04944142818870401,1,-5.4285522141483966e-05,9.533972675049429e-32,5.277084562092722e-13,True,False,7.771000014145102e-05,1.0040000006483751e-05,0.00010266999993291392,schedule_ablation,100,0.5,1101.0,every_eligible,,
schedule_ablation_every_eligible,4V-FB,2320,779,True,False,51,0.04450506308300892,0.04944142818870401,1,-5.428552216102389e-05,9.533972675049429e-32,5.277084562092722e-13,True,False,7.67800001995056e-05,9.999999974752427e-06,0.00010209000015493075,schedule_ablation,100,0.5,1101.0,every_eligible,,
schedule_ablation_every_eligible,4V-FB,2321,780,True,False,51,0.0445050630829619,0.04944142818870401,1,-5.428552218322835e-05,9.533972675049429e-32,5.277084562092721e-13,True,False,7.664000008844596e-05,9.829999953581137e-06,0.00010171999997510284,schedule_ablation,100,0.5,1101.0,every_eligible,,
schedule_ablation_every_eligible,4V-FB,2322,781,True,False,51,0.04450506308291524,0.04944142818870401,1,-5.4285522203656456e-05,9.533972675049429e-32,5.27708456209272e-13,True,False,7.614000014655176e-05,1.0140000085812062e-05,0.0001013500000226486,schedule_ablation,100,0.5,1101.0,every_eligible,,
schedule_ablation_every_eligible,4V-FB,2323,782,True,False,51,0.04450506308286882,0.04944142818870401,1,-5.4285522221420024e-05,9.533972675049429e-32,5.277084562092722e-13,True,False,7.691900009376695e-05,9.929999805535772e-06,0.00010203900001215516,schedule_ablation,100,0.5,1101.0,every_eligible,,
schedule_ablation_every_eligible,4V-FB,2324,783,True,False,51,0.044505063082822774,0.04944142818870401,1,-5.428552224184813e-05,9.533972675049429e-32,5.277084562092721e-13,True,False,7.644000015716301e-05,9.899999895424116e-06,0.00010130000009667128,schedule_ablation,100,0.5,1101.0,every_eligible,,
schedule_ablation_every_eligible,4V-FB,2325,784,True,False,51,0.04450506308277745,0.04944142818870401,1,-5.428552226316441e-05,9.533972675049429e-32,5.27708456209272e-13,True,False,7.622999987688672e-05,9.979999958886765e-06,0.0001011999997899693,schedule_ablation,100,0.5,1101.0,every_eligible,,
schedule_ablation_every_eligible,4V-FB,2326,785,True,False,51,0.04450506308273243,0.04944142818870401,1,-5.428552227915162e-05,9.533972675049429e-32,5.277084562092721e-13,True,False,7.657000014660298e-05,1.005000012810342e-05,0.00010185000019191648,schedule_ablation,100,0.5,1101.0,every_eligible,,
schedule_ablation_every_eligible,4V-FB,2327,786,True,False,51,0.04450506308268787,0.04944142818870401,1,-5.4285522298691546e-05,9.533972675049429e-32,5.277084562092721e-13,True,False,7.676000018363993e-05,9.83999984782713e-06,0.0001016300000173942,schedule_ablation,100,0.5,1101.0,every_eligible,,
schedule_ablation_every_eligible,4V-FB,2328,787,True,False,51,0.044505063082643834,0.04944142818870401,1,-5.428552231734329e-05,9.533972675049429e-32,5.277084562092722e-13,True,False,8.38700000258541e-05,1.0010000096372096e-05,0.0001091500000711676,schedule_ablation,100,0.5,1101.0,every_eligible,,
schedule_ablation_every_eligible,4V-FB,2329,788,True,False,51,0.044505063082600285,0.04944142818870401,1,-5.428552233688322e-05,9.533972675049429e-32,5.27708456209272e-13,True,False,7.6450000051409e-05,9.849999969446799e-06,0.00010115999998561165,schedule_ablation,100,0.5,1101.0,every_eligible,,
schedule_ablation_every_eligible,4V-FB,2330,789,True,False,51,0.04450506308255707,0.04944142818870401,1,-5.428552235375861e-05,9.533972675049429e-32,5.277084562092721e-13,True,False,7.653000011487165e-05,1.0090000159834744e-05,0.00010180000003856549,schedule_ablation,100,0.5,1101.0,every_eligible,,
schedule_ablation_every_eligible,4V-FB,2331,790,True,False,51,0.04450506308251387,0.04944142818870401,1,-5.4285522372410355e-05,9.533972675049429e-32,5.277084562092721e-13,True,False,7.636999998794636e-05,9.890000001178123e-06,0.00010124999994332029,schedule_ablation,100,0.5,1101.0,every_eligible,,
schedule_ablation_every_eligible,4V-FB,2332,791,True,False,51,0.044505063082471305,0.04944142818870401,1,-5.42855223910621e-05,9.533972675049429e-32,5.277084562092721e-13,True,False,7.63499999720807e-05,9.959999943021103e-06,0.00010130999999091728,schedule_ablation,100,0.5,1101.0,every_eligible,,
schedule_ablation_every_eligible,4V-FB,2333,792,True,False,51,0.04450506308242935,0.04944142818870401,1,-5.428552240971385e-05,9.533972675049429e-32,5.27708456209272e-13,True,False,8.426999988841999e-05,1.0140000085812062e-05,0.00011002999985976203,schedule_ablation,100,0.5,1101.0,every_eligible,,
schedule_ablation_every_eligible,4V-FB,2334,793,True,False,51,0.04450506308238793,0.04944142818870401,1,-5.428552242570106e-05,9.533972675049429e-32,5.277084562092721e-13,True,False,7.748999996692874e-05,9.899999895424116e-06,0.00010249000001749664,schedule_ablation,100,0.5,1101.0,every_eligible,,
schedule_ablation_every_eligible,4V-FB,2335,794,True,False,51,0.04450506308234674,0.04944142818870401,1,-5.428552244346463e-05,9.533972675049429e-32,5.277084562092722e-13,True,False,7.615000004079775e-05,9.93999992715544e-06,0.00010114999986399198,schedule_ablation,100,0.5,1101.0,every_eligible,,
schedule_ablation_every_eligible,4V-FB,2336,795,True,False,51,0.04450506308230551,0.04944142818870401,1,-5.42855224612282e-05,9.533972675049429e-32,5.27708456209272e-13,True,False,7.635999986632669e-05,9.959999943021103e-06,0.00010149000013370824,schedule_ablation,100,0.5,1101.0,every_eligible,,
schedule_ablation_every_eligible,4V-FB,2337,796,True,False,51,0.04450506308226533,0.04944142818870401,1,-5.428552247810359e-05,9.533972675049429e-32,5.27708456209272e-13,True,False,7.679999998799758e-05,1.0070000143969082e-05,0.00010199999996984843,schedule_ablation,100,0.5,1101.0,every_eligible,,
schedule_ablation_every_eligible,4V-FB,2338,797,True,False,51,0.044505063082225294,0.04944142818870401,1,-5.42855224940908e-05,9.533972675049429e-32,5.277084562092721e-13,True,False,7.631000016772305e-05,1.0010000096372096e-05,0.00010131999988516327,schedule_ablation,100,0.5,1101.0,every_eligible,,
schedule_ablation_every_eligible,4V-FB,2339,798,True,False,51,0.04450506308218595,0.04944142818870401,1,-5.428552251096619e-05,9.533972675049429e-32,5.277084562092721e-13,True,False,7.717999983469781e-05,1.0030000112237758e-05,0.00010255000006509363,schedule_ablation,100,0.5,1101.0,every_eligible,,
schedule_ablation_every_eligible,4V-FB,2340,799,True,False,51,0.04450506308214672,0.04944142818870401,1,-5.428552252784158e-05,9.533972675049429e-32,5.277084562092721e-13,True,False,7.663999986107228e-05,9.910000017043785e-06,0.00010157000019717088,schedule_ablation,100,0.5,1101.0,every_eligible,,
schedule_ablation_every_eligible,4V-FB,2341,800,True,False,51,0.044505063082107915,0.04944142818870401,1,-5.428552254560515e-05,9.533972675049429e-32,5.277084562092721e-13,True,False,7.703000005676586e-05,1.001999999061809e-05,0.00010223000003861671,schedule_ablation,100,0.5,1101.0,every_eligible,,
schedule_ablation_every_eligible,4V-FB,2342,801,True,False,51,0.0445050630820695,0.04944142818870401,1,-5.428552256070418e-05,9.533972675049429e-32,5.277084562092722e-13,True,False,7.66200000725803e-05,9.899999895424116e-06,0.00010148000001208857,schedule_ablation,100,0.5,1101.0,every_eligible,,
schedule_ablation_every_eligible,4V-FB,2343,802,True,False,51,0.044505063082031115,0.04944142818870401,1,-5.428552257757957e-05,9.533972675049429e-32,5.27708456209272e-13,True,False,7.625000012012606e-05,9.990000080506434e-06,0.00010127000018655963,schedule_ablation,100,0.5,1101.0,every_eligible,,
schedule_ablation_every_eligible,4V-FB,2344,803,True,False,51,0.04450506308199369,0.04944142818870401,1,-5.4285522590902247e-05,9.533972675049429e-32,5.277084562092722e-13,True,False,7.740999990346609e-05,9.920000138663454e-06,0.00010277000001224224,schedule_ablation,100,0.5,1101.0,every_eligible,,
schedule_ablation_every_eligible,4V-FB,2345,804,True,False,51,0.044505063081956245,0.04944142818870401,1,-5.428552260955399e-05,9.533972675049429e-32,5.27708456209272e-13,True,False,7.631000016772305e-05,9.76999990598415e-06,0.00010125999983756628,schedule_ablation,100,0.5,1101.0,every_eligible,,
schedule_ablation_every_eligible,4V-FB,2346,805,True,False,51,0.044505063081919344,0.04944142818870401,1,-5.428552262376485e-05,9.533972675049429e-32,5.277084562092721e-13,True,False,7.664000008844596e-05,9.990000080506434e-06,0.00010174999988521449,schedule_ablation,100,0.5,1101.0,every_eligible,,
schedule_ablation_every_eligible,4V-FB,2347,806,True,False,51,0.04450506308188251,0.04944142818870401,1,-5.428552264064024e-05,9.533972675049429e-32,5.277084562092721e-13,True,False,7.71100001202285e-05,9.959999943021103e-06,0.00010247999989587697,schedule_ablation,100,0.5,1101.0,every_eligible,,
schedule_ablation_every_eligible,4V-FB,2348,807,True,False,51,0.04450506308184632,0.04944142818870401,1,-5.4285522653962914e-05,9.533972675049429e-32,5.277084562092721e-13,True,False,7.718000006207149e-05,1.0030000112237758e-05,0.00010248000012325065,schedule_ablation,100,0.5,1101.0,every_eligible,,
schedule_ablation_every_eligible,4V-FB,2349,808,True,False,51,0.04450506308181067,0.04944142818870401,1,-5.4285522670838304e-05,9.533972675049429e-32,5.27708456209272e-13,True,False,8.4250000099928e-05,1.0199999906035373e-05,0.00011007000011886703,schedule_ablation,100,0.5,1101.0,every_eligible,,
schedule_ablation_every_eligible,4V-FB,2350,809,True,False,51,0.04450506308177467,0.04944142818870401,1,-5.428552268416098e-05,9.533972675049429e-32,5.277084562092721e-13,True,False,7.778999997753999e-05,1.0159999874304049e-05,0.00010322000002815912,schedule_ablation,100,0.5,1101.0,every_eligible,,
schedule_ablation_every_eligible,4V-FB,2351,810,True,False,51,0.044505063081739515,0.04944142818870401,1,-5.428552270014819e-05,9.533972675049429e-32,5.277084562092721e-13,True,False,7.703000005676586e-05,9.970000064640772e-06,0.00010206000001744542,schedule_ablation,100,0.5,1101.0,every_eligible,,
schedule_ablation_every_eligible,4V-FB,2352,811,True,False,51,0.04450506308170482,0.04944142818870401,1,-5.4285522716135404e-05,9.533972675049429e-32,5.277084562092721e-13,True,False,7.70100000409002e-05,9.919999911289779e-06,0.00010204000000157976,schedule_ablation,100,0.5,1101.0,every_eligible,,
schedule_ablation_every_eligible,4V-FB,2353,812,True,False,51,0.044505063081670224,0.04944142818870401,1,-5.428552273123444e-05,9.533972675049429e-32,5.27708456209272e-13,True,False,7.717000016782549e-05,9.959999943021103e-06,0.00010213000018666207,schedule_ablation,100,0.5,1101.0,every_eligible,,
schedule_ablation_every_eligible,4V-FB,2354,813,True,False,51,0.04450506308163589,0.04944142818870401,1,-5.428552274544529e-05,9.533972675049429e-32,5.27708456209272e-13,True,False,7.67800001995056e-05,9.970000064640772e-06,0.00010167000004912552,schedule_ablation,100,0.5,1101.0,every_eligible,,
schedule_ablation_every_eligible,4V-FB,2355,814,True,False,51,0.04450506308160217,0.04944142818870401,1,-5.4285522759656146e-05,9.533972675049429e-32,5.27708456209272e-13,True,False,7.765999998810003e-05,9.959999943021103e-06,0.00010274000010213058,schedule_ablation,100,0.5,1101.0,every_eligible,,
schedule_ablation_every_eligible,4V-FB,2356,815,True,False,51,0.04450506308156879,0.04944142818870401,1,-5.4285522772090644e-05,9.533972675049429e-32,5.277084562092722e-13,True,False,7.654999990336364e-05,9.849999969446799e-06,0.00010148999990633456,schedule_ablation,100,0.5,1101.0,every_eligible,,
schedule_ablation_every_eligible,4V-FB,2357,816,True,False,51,0.044505063081535526,0.04944142818870401,1,-5.4285522788077856e-05,9.533972675049429e-32,5.27708456209272e-13,True,False,7.626000001437205e-05,9.800000043469481e-06,0.00010094999993270903,schedule_ablation,100,0.5,1101.0,every_eligible,,
schedule_ablation_every_eligible,4V-FB,2358,817,True,False,51,0.0445050630815024,0.04944142818870401,1,-5.4285522800512354e-05,9.533972675049429e-32,5.27708456209272e-13,True,False,7.611999990331242e-05,9.809999937715475e-06,0.00010083999995913473,schedule_ablation,100,0.5,1101.0,every_eligible,,
schedule_ablation_every_eligible,4V-FB,2359,818,True,False,51,0.044505063081469856,0.04944142818870401,1,-5.428552281294685e-05,9.533972675049429e-32,5.277084562092722e-13,True,False,7.663999986107228e-05,9.910000017043785e-06,0.00010150000002795423,schedule_ablation,100,0.5,1101.0,every_eligible,,
schedule_ablation_every_eligible,4V-FB,2360,819,True,False,51,0.0445050630814378,0.04944142818870401,1,-5.4285522828045885e-05,9.533972675049429e-32,5.277084562092721e-13,True,False,7.742000002508576e-05,9.800000043469481e-06,0.00010249999991174263,schedule_ablation,100,0.5,1101.0,every_eligible,,
schedule_ablation_every_eligible,4V-FB,2361,820,True,False,51,0.04450506308140598,0.04944142818870401,1,-5.428552284048038e-05,9.533972675049429e-32,5.277084562092721e-13,True,False,7.660999995096063e-05,1.0089999932461069e-05,0.00010158999998566287,schedule_ablation,100,0.5,1101.0,every_eligible,,
schedule_ablation_every_eligible,4V-FB,2362,821,True,False,51,0.044505063081374724,0.04944142818870401,1,-5.428552285380306e-05,9.533972675049429e-32,5.277084562092722e-13,True,False,7.852999988244846e-05,1.0139999858438387e-05,0.00010403000010228425,schedule_ablation,100,0.5,1101.0,every_eligible,,
schedule_ablation_every_eligible,4V-FB,2363,822,True,False,51,0.04450506308134279,0.04944142818870401,1,-5.428552286890209e-05,9.533972675049429e-32,5.277084562092721e-13,True,False,7.638000010956603e-05,9.860000091066468e-06,0.00010140999984287191,schedule_ablation,100,0.5,1101.0,every_eligible,,
schedule_ablation_every_eligible,4V-FB,2364,823,True,False,51,0.04450506308131229,0.04944142818870401,1,-5.428552288044841e-05,9.533972675049429e-32,5.277084562092722e-13,True,False,7.67300000461546e-05,1.0060000022349413e-05,0.00010216999999101972,schedule_ablation,100,0.5,1101.0,every_eligible,,
schedule_ablation_every_eligible,4V-FB,2365,824,True,False,51,0.04450506308128144,0.04944142818870401,1,-5.428552289288291e-05,9.533972675049429e-32,5.277084562092722e-13,True,False,8.32099999570346e-05,1.001999999061809e-05,0.00010877999989133968,schedule_ablation,100,0.5,1101.0,every_eligible,,
schedule_ablation_every_eligible,4V-FB,2366,825,True,False,51,0.044505063081250976,0.04944142818870401,1,-5.4285522906205586e-05,9.533972675049429e-32,5.277084562092721e-13,True,False,7.692000008319155e-05,1.01200000699464e-05,0.00010248000012325065,schedule_ablation,100,0.5,1101.0,every_eligible,,
schedule_ablation_every_eligible,4V-FB,2367,826,True,False,51,0.04450506308122125,0.04944142818870401,1,-5.4285522918640083e-05,9.533972675049429e-32,5.277084562092722e-13,True,False,7.716000004620582e-05,9.98000018626044e-06,0.00010214000008090807,schedule_ablation,100,0.5,1101.0,every_eligible,,
schedule_ablation_every_eligible,4V-FB,2368,827,True,False,51,0.0445050630811909,0.04944142818870401,1,-5.428552293285094e-05,9.533972675049429e-32,5.27708456209272e-13,True,False,7.626999990861805e-05,9.890000001178123e-06,0.00010113999996974599,schedule_ablation,100,0.5,1101.0,every_eligible,,
schedule_ablation_every_eligible,4V-FB,2369,828,True,False,51,0.044505063081161436,0.04944142818870401,1,-5.428552294350908e-05,9.533972675049429e-32,5.277084562092722e-13,True,False,7.626999990861805e-05,9.999999974752427e-06,0.00010119000012309698,schedule_ablation,100,0.5,1101.0,every_eligible,,
schedule_ablation_every_eligible,4V-FB,2370,829,True,False,51,0.04450506308113231,0.04944142818870401,1,-5.428552295860811e-05,9.533972675049429e-32,5.27708456209272e-13,True,False,7.623999999850639e-05,1.617000020814885e-05,0.00010730000008152274,schedule_ablation,100,0.5,1101.0,every_eligible,,
schedule_ablation_every_eligible,4V-FB,2371,830,True,False,51,0.0445050630811034,0.04944142818870401,1,-5.428552296926625e-05,9.533972675049429e-32,5.277084562092721e-13,True,False,7.670000013604295e-05,9.959999943021103e-06,0.00010163999991164019,schedule_ablation,100,0.5,1101.0,every_eligible,,
schedule_ablation_every_eligible,4V-FB,2372,831,True,False,51,0.04450506308107456,0.04944142818870401,1,-5.428552298258893e-05,9.533972675049429e-32,5.277084562092721e-13,True,False,7.630000004610338e-05,9.840000075200805e-06,0.00010094999993270903,schedule_ablation,100,0.5,1101.0,every_eligible,,
schedule_ablation_every_eligible,4V-FB,2373,832,True,False,51,0.044505063081046264,0.04944142818870401,1,-5.428552299413525e-05,9.533972675049429e-32,5.27708456209272e-13,True,False,7.666000010431162e-05,9.959999943021103e-06,0.0001014599999962229,schedule_ablation,100,0.5,1101.0,every_eligible,,
schedule_ablation_every_eligible,4V-FB,2374,833,True,False,51,0.0445050630810183,0.04944142818870401,1,-5.428552300479339e-05,9.533972675049429e-32,5.277084562092721e-13,True,False,7.611000000906643e-05,1.0029999884864083e-05,0.00010113000007549999,schedule_ablation,100,0.5,1101.0,every_eligible,,
schedule_ablation_every_eligible,4V-FB,2375,834,True,False,51,0.04450506308099045,0.04944142818870401,1,-5.428552301722789e-05,9.533972675049429e-32,5.27708456209272e-13,True,False,7.68400000197289e-05,1.0059999794975738e-05,0.00010205000012319942,schedule_ablation,100,0.5,1101.0,every_eligible,,
schedule_ablation_every_eligible,4V-FB,2376,835,True,False,51,0.044505063080963386,0.04944142818870401,1,-5.4285523029662386e-05,9.533972675049429e-32,5.27708456209272e-13,True,False,7.937999998830492e-05,9.930000032909447e-06,0.00010470000006534974,schedule_ablation,100,0.5,1101.0,every_eligible,,
schedule_ablation_every_eligible,4V-FB,2377,836,True,False,51,0.04450506308093592,0.04944142818870401,1,-5.428552303943235e-05,9.533972675049429e-32,5.277084562092722e-13,True,False,7.752999999866006e-05,1.0100000054080738e-05,0.00010310999982721114,schedule_ablation,100,0.5,1101.0,every_eligible,,
schedule_ablation_every_eligible,4V-FB,2378,837,True,False,51,0.04450506308090846,0.04944142818870401,1,-5.42855230536432e-05,9.533972675049429e-32,5.27708456209272e-13,True,False,7.679000009375159e-05,9.820000059335143e-06,0.00010178000002269982,schedule_ablation,100,0.5,1101.0,every_eligible,,
schedule_ablation_every_eligible,4V-FB,2379,838,True,False,51,0.044505063080881785,0.04944142818870401,1,-5.428552306252499e-05,9.533972675049429e-32,5.277084562092721e-13,True,False,7.671000003028894e-05,1.0110000175700407e-05,0.00010209000015493075,schedule_ablation,100,0.5,1101.0,every_eligible,,
schedule_ablation_every_eligible,4V-FB,2380,839,True,False,51,0.04450506308085564,0.04944142818870401,1,-5.428552307407131e-05,9.533972675049429e-32,5.277084562092721e-13,True,False,7.632999995621503e-05,9.940000154529116e-06,0.0001017300000967225,schedule_ablation,100,0.5,1101.0,every_eligible,,
schedule_ablation_every_eligible,4V-FB,2381,840,True,False,51,0.04450506308082916,0.04944142818870401,1,-5.4285523086505805e-05,9.533972675049429e-32,5.27708456209272e-13,True,False,0.00016234000008807925,1.0779999911392224e-05,0.00019135000002279412,schedule_ablation,100,0.5,1101.0,every_eligible,,
schedule_ablation_every_eligible,4V-FB,2382,841,True,False,51,0.04450506308080385,0.04944142818870401,1,-5.4285523098052124e-05,9.533972675049429e-32,5.27708456209272e-13,True,False,8.244000014201447e-05,1.0139999858438387e-05,0.0001084800001081021,schedule_ablation,100,0.5,1101.0,every_eligible,,
schedule_ablation_every_eligible,4V-FB,2383,842,True,False,51,0.04450506308077801,0.04944142818870401,1,-5.428552310782209e-05,9.533972675049429e-32,5.277084562092721e-13,True,False,7.908999987193965e-05,1.0000000202126103e-05,0.00010462999989613309,schedule_ablation,100,0.5,1101.0,every_eligible,,
schedule_ablation_every_eligible,4V-FB,2384,843,True,False,51,0.04450506308075204,0.04944142818870401,1,-5.428552311759205e-05,9.533972675049429e-32,5.277084562092721e-13,True,False,7.75000000885484e-05,9.88000010693213e-06,0.00010266999993291392,schedule_ablation,100,0.5,1101.0,every_eligible,,
schedule_ablation_every_eligible,4V-FB,2385,844,True,False,51,0.044505063080726825,0.04944142818870401,1,-5.428552312736201e-05,9.533972675049429e-32,5.277084562092722e-13,True,False,7.72299999880488e-05,1.0060000022349413e-05,0.00010246000010738499,schedule_ablation,100,0.5,1101.0,every_eligible,,
schedule_ablation_every_eligible,4V-FB,2386,845,True,False,51,0.04450506308070171,0.04944142818870401,1,-5.428552313890833e-05,9.533972675049429e-32,5.277084562092721e-13,True,False,7.792000019435363e-05,1.001999999061809e-05,0.0001033999999435764,schedule_ablation,100,0.5,1101.0,every_eligible,,
schedule_ablation_every_eligible,4V-FB,2387,846,True,False,51,0.04450506308067739,0.04944142818870401,1,-5.428552314956647e-05,9.533972675049429e-32,5.277084562092721e-13,True,False,7.73499998558691e-05,1.001999999061809e-05,0.00010253000004922797,schedule_ablation,100,0.5,1101.0,every_eligible,,
schedule_ablation_every_eligible,4V-FB,2388,847,True,False,51,0.04450506308065291,0.04944142818870401,1,-5.4285523160224614e-05,9.533972675049429e-32,5.277084562092721e-13,True,False,7.692000008319155e-05,9.920000138663454e-06,0.00010180000003856549,schedule_ablation,100,0.5,1101.0,every_eligible,,
schedule_ablation_every_eligible,4V-FB,2389,848,True,False,51,0.044505063080628446,0.04944142818870401,1,-5.4285523169994576e-05,9.533972675049429e-32,5.277084562092721e-13,True,False,7.707999998274317e-05,1.001999999061809e-05,0.00010236000002805667,schedule_ablation,100,0.5,1101.0,every_eligible,,
schedule_ablation_every_eligible,4V-FB,2390,849,True,False,51,0.04450506308060452,0.04944142818870401,1,-5.4285523181540896e-05,9.533972675049429e-32,5.277084562092721e-13,True,False,7.823999999345688e-05,1.0040000006483751e-05,0.00010348000000703905,schedule_ablation,100,0.5,1101.0,every_eligible,,
schedule_ablation_every_eligible,4V-FB,2391,850,True,False,51,0.04450506308058115,0.04944142818870401,1,-5.428552319131086e-05,9.533972675049429e-32,5.27708456209272e-13,True,False,8.337999997820589e-05,1.0270000075252028e-05,0.00010890999988077965,schedule_ablation,100,0.5,1101.0,every_eligible,,
schedule_ablation_every_eligible,4V-FB,2392,851,True,False,51,0.044505063080557475,0.04944142818870401,1,-5.428552320019264e-05,9.533972675049429e-32,5.277084562092722e-13,True,False,7.710999989285483e-05,9.93999992715544e-06,0.00010220000012850505,schedule_ablation,100,0.5,1101.0,every_eligible,,
schedule_ablation_every_eligible,4V-FB,2393,852,True,False,51,0.04450506308053402,0.04944142818870401,1,-5.4285523209962605e-05,9.533972675049429e-32,5.277084562092721e-13,True,False,7.664999998269195e-05,9.999999974752427e-06,0.0001018499999645428,schedule_ablation,100,0.5,1101.0,every_eligible,,
schedule_ablation_every_eligible,4V-FB,2394,853,True,False,51,0.044505063080510665,0.04944142818870401,1,-5.428552321884439e-05,9.533972675049429e-32,5.277084562092722e-13,True,False,7.657000014660298e-05,9.940000154529116e-06,0.0001017300000967225,schedule_ablation,100,0.5,1101.0,every_eligible,,
schedule_ablation_every_eligible,4V-FB,2395,854,True,False,51,0.04450506308048824,0.04944142818870401,1,-5.428552322950253e-05,9.533972675049429e-32,5.277084562092722e-13,True,False,7.649000008314033e-05,9.849999969446799e-06,0.0001014699998904689,schedule_ablation,100,0.5,1101.0,every_eligible,,
schedule_ablation_every_eligible,4V-FB,2396,855,True,False,51,0.04450506308046524,0.04944142818870401,1,-5.428552323927249e-05,9.533972675049429e-32,5.27708456209272e-13,True,False,7.666000010431162e-05,1.668999993853504e-05,0.00010833999999704247,schedule_ablation,100,0.5,1101.0,every_eligible,,
schedule_ablation_every_eligible,4V-FB,2397,856,True,False,51,0.044505063080443316,0.04944142818870401,1,-5.4285523249930634e-05,9.533972675049429e-32,5.27708456209272e-13,True,False,7.744999993519741e-05,9.910000017043785e-06,0.0001025100000333623,schedule_ablation,100,0.5,1101.0,every_eligible,,
schedule_ablation_every_eligible,4V-FB,2398,857,True,False,51,0.044505063080420834,0.04944142818870401,1,-5.428552325881242e-05,9.533972675049429e-32,5.27708456209272e-13,True,False,7.658999993509497e-05,9.76999990598415e-06,0.00010137000003851426,schedule_ablation,100,0.5,1101.0,every_eligible,,
schedule_ablation_every_eligible,4V-FB,2399,858,True,False,51,0.04450506308039898,0.04944142818870401,1,-5.42855232676942e-05,9.533972675049429e-32,5.27708456209272e-13,True,False,7.694999999330321e-05,9.920000138663454e-06,0.00010188999999627413,schedule_ablation,100,0.5,1101.0,every_eligible,,
schedule_ablation_every_eligible,4V-FB,2400,859,True,False,51,0.044505063080377244,0.04944142818870401,1,-5.4285523276575987e-05,9.533972675049429e-32,5.27708456209272e-13,True,False,7.633000018358871e-05,9.920000138663454e-06,0.00010137999993276026,schedule_ablation,100,0.5,1101.0,every_eligible,,
schedule_ablation_every_eligible,4V-FB,2401,860,True,False,51,0.04450506308035551,0.04944142818870401,1,-5.428552328456959e-05,9.533972675049429e-32,5.277084562092722e-13,True,False,7.651000009900599e-05,9.849999969446799e-06,0.00010127000018655963,schedule_ablation,100,0.5,1101.0,every_eligible,,
schedule_ablation_every_eligible,4V-FB,2402,861,True,False,51,0.04450506308033454,0.04944142818870401,1,-5.4285523294339555e-05,9.533972675049429e-32,5.277084562092721e-13,True,False,7.765999998810003e-05,1.0060000022349413e-05,0.00010280000014972757,schedule_ablation,100,0.5,1101.0,every_eligible,,
schedule_ablation_every_eligible,4V-FB,2403,862,True,False,51,0.0445050630803131,0.04944142818870401,1,-5.428552330322134e-05,9.533972675049429e-32,5.27708456209272e-13,True,False,7.677999997213192e-05,9.90999978967011e-06,0.00010180999993281148,schedule_ablation,100,0.5,1101.0,every_eligible,,
schedule_ablation_every_eligible,4V-FB,2404,863,True,False,51,0.04450506308029213,0.04944142818870401,1,-5.4285523310326766e-05,9.533972675049429e-32,5.277084562092722e-13,True,False,7.826999990356853e-05,9.979999958886765e-06,0.00010332000010748743,schedule_ablation,100,0.5,1101.0,every_eligible,,
schedule_ablation_every_eligible,4V-FB,2405,864,True,False,51,0.04450506308027179,0.04944142818870401,1,-5.428552332098491e-05,9.533972675049429e-32,5.27708456209272e-13,True,False,7.611999990331242e-05,9.890000001178123e-06,0.00010102000010192569,schedule_ablation,100,0.5,1101.0,every_eligible,,
schedule_ablation_every_eligible,4V-FB,2406,865,True,False,51,0.04450506308025119,0.04944142818870401,1,-5.428552332986669e-05,9.533972675049429e-32,5.27708456209272e-13,True,False,7.667999989280361e-05,9.919999911289779e-06,0.0001014599999962229,schedule_ablation,100,0.5,1101.0,every_eligible,,
schedule_ablation_every_eligible,4V-FB,2407,866,True,False,51,0.04450506308023071,0.04944142818870401,1,-5.4285523338748476e-05,9.533972675049429e-32,5.27708456209272e-13,True,False,8.361999994122016e-05,1.029000009111769e-05,0.00010922000001301058,schedule_ablation,100,0.5,1101.0,every_eligible,,
schedule_ablation_every_eligible,4V-FB,2408,867,True,False,51,0.044505063080210655,0.04944142818870401,1,-5.428552334674208e-05,9.533972675049429e-32,5.27708456209272e-13,True,False,7.72299999880488e-05,9.999999974752427e-06,0.00010247000000163098,schedule_ablation,100,0.5,1101.0,every_eligible,,
schedule_ablation_every_eligible,4V-FB,2409,868,True,False,51,0.0445050630801907,0.04944142818870401,1,-5.428552335473569e-05,9.533972675049429e-32,5.277084562092721e-13,True,False,7.669999990866927e-05,9.820000059335143e-06,0.0001016200001231482,schedule_ablation,100,0.5,1101.0,every_eligible,,
schedule_ablation_every_eligible,4V-FB,2410,869,True,False,51,0.04450506308017067,0.04944142818870401,1,-5.428552336361747e-05,9.533972675049429e-32,5.277084562092721e-13,True,False,7.658999993509497e-05,1.0049999900729745e-05,0.0001017399999909685,schedule_ablation,100,0.5,1101.0,every_eligible,,
schedule_ablation_every_eligible,4V-FB,2411,870,True,False,51,0.04450506308015119,0.04944142818870401,1,-5.4285523372499256e-05,9.533972675049429e-32,5.27708456209272e-13,True,False,7.663999986107228e-05,9.88000010693213e-06,0.00010158999998566287,schedule_ablation,100,0.5,1101.0,every_eligible,,
schedule_ablation_every_eligible,4V-FB,2412,871,True,False,51,0.04450506308013229,0.04944142818870401,1,-5.428552337960468e-05,9.533972675049429e-32,5.277084562092721e-13,True,False,7.67300000461546e-05,1.0149999980058055e-05,0.00010786999996525992,schedule_ablation,100,0.5,1101.0,every_eligible,,
schedule_ablation_every_eligible,4V-FB,2413,872,True,False,51,0.04450506308011272,0.04944142818870401,1,-5.4285523389374646e-05,9.533972675049429e-32,5.27708456209272e-13,True,False,7.67399999404006e-05,1.001999999061809e-05,0.00010176000000683416,schedule_ablation,100,0.5,1101.0,every_eligible,,
schedule_ablation_every_eligible,4V-FB,2414,873,True,False,51,0.044505063080093735,0.04944142818870401,1,-5.4285523395591895e-05,9.533972675049429e-32,5.277084562092721e-13,True,False,7.674000016777427e-05,9.920000138663454e-06,0.00010161000000152853,schedule_ablation,100,0.5,1101.0,every_eligible,,
schedule_ablation_every_eligible,4V-FB,2415,874,True,False,51,0.04450506308007528,0.04944142818870401,1,-5.428552340269732e-05,9.533972675049429e-32,5.277084562092722e-13,True,False,7.639000000381202e-05,1.019000001178938e-05,0.00010152999993806588,schedule_ablation,100,0.5,1101.0,every_eligible,,
schedule_ablation_every_eligible,4V-FB,2416,875,True,False,51,0.04450506308005671,0.04944142818870401,1,-5.428552341069093e-05,9.533972675049429e-32,5.277084562092721e-13,True,False,7.705999996687751e-05,9.999999974752427e-06,0.00010225000005448237,schedule_ablation,100,0.5,1101.0,every_eligible,,
schedule_ablation_every_eligible,4V-FB,2417,876,True,False,51,0.04450506308003811,0.04944142818870401,1,-5.428552341957271e-05,9.533972675049429e-32,5.277084562092721e-13,True,False,7.694000009905722e-05,1.0040000006483751e-05,0.00010208999992755707,schedule_ablation,100,0.5,1101.0,every_eligible,,
schedule_ablation_every_eligible,4V-FB,2418,877,True,False,51,0.04450506308001993,0.04944142818870401,1,-5.428552342667814e-05,9.533972675049429e-32,5.277084562092721e-13,True,False,7.748999996692874e-05,9.890000001178123e-06,0.00010271000019201892,schedule_ablation,100,0.5,1101.0,every_eligible,,
schedule_ablation_every_eligible,4V-FB,2419,878,True,False,51,0.044505063080001836,0.04944142818870401,1,-5.428552343289539e-05,9.533972675049429e-32,5.277084562092722e-13,True,False,7.72299999880488e-05,9.999999974752427e-06,0.00010240999995403399,schedule_ablation,100,0.5,1101.0,every_eligible,,
schedule_ablation_every_eligible,4V-FB,2420,879,True,False,51,0.044505063079983725,0.04944142818870401,1,-5.428552344177717e-05,9.533972675049429e-32,5.277084562092721e-13,True,False,7.703999995101185e-05,9.919999911289779e-06,0.00010204000000157976,schedule_ablation,100,0.5,1101.0,every_eligible,,
schedule_ablation_every_eligible,4V-FB,2421,880,True,False,51,0.04450506307996607,0.04944142818870401,1,-5.428552345065896e-05,9.533972675049429e-32,5.27708456209272e-13,True,False,7.688999994570622e-05,9.979999958886765e-06,0.00010180000003856549,schedule_ablation,100,0.5,1101.0,every_eligible,,
schedule_ablation_every_eligible,4V-FB,2422,881,True,False,51,0.04450506307994888,0.04944142818870401,1,-5.4285523456876206e-05,9.533972675049429e-32,5.277084562092721e-13,True,False,7.65699999192293e-05,9.949999821401434e-06,0.00010156999996979721,schedule_ablation,100,0.5,1101.0,every_eligible,,
schedule_ablation_every_eligible,4V-FB,2423,882,True,False,51,0.04450506307993117,0.04944142818870401,1,-5.428552346486981e-05,9.533972675049429e-32,5.27708456209272e-13,True,False,8.324999998876592e-05,9.979999958886765e-06,0.00010845999986486277,schedule_ablation,100,0.5,1101.0,every_eligible,,
schedule_ablation_every_eligible,4V-FB,2424,883,True,False,51,0.04450506307991452,0.04944142818870401,1,-5.428552347197524e-05,9.533972675049429e-32,5.27708456209272e-13,True,False,7.68499999139749e-05,9.919999911289779e-06,0.00010191000001213979,schedule_ablation,100,0.5,1101.0,every_eligible,,
schedule_ablation_every_eligible,4V-FB,2425,884,True,False,51,0.04450506307989702,0.04944142818870401,1,-5.4285523479080666e-05,9.533972675049429e-32,5.277084562092721e-13,True,False,7.694999999330321e-05,9.959999943021103e-06,0.00010199000007560244,schedule_ablation,100,0.5,1101.0,every_eligible,,
schedule_ablation_every_eligible,4V-FB,2426,885,True,False,51,0.04450506307988006,0.04944142818870401,1,-5.4285523486186094e-05,9.533972675049429e-32,5.27708456209272e-13,True,False,7.665999987693795e-05,1.0030000112237758e-05,0.00010172999986934883,schedule_ablation,100,0.5,1101.0,every_eligible,,
schedule_ablation_every_eligible,4V-FB,2427,886,True,False,51,0.04450506307986357,0.04944142818870401,1,-5.428552349240334e-05,9.533972675049429e-32,5.277084562092721e-13,True,False,7.694999999330321e-05,1.0029999884864083e-05,0.00010193999992225145,schedule_ablation,100,0.5,1101.0,every_eligible,,
schedule_ablation_every_eligible,4V-FB,2428,887,True,False,51,0.04450506307984721,0.04944142818870401,1,-5.428552349950877e-05,9.533972675049429e-32,5.277084562092722e-13,True,False,8.316999992530327e-05,1.0299999985363684e-05,0.00010894999991251098,schedule_ablation,100,0.5,1101.0,every_eligible,,
schedule_ablation_every_eligible,4V-FB,2429,888,True,False,51,0.04450506307983065,0.04944142818870401,1,-5.428552350572602e-05,9.533972675049429e-32,5.277084562092722e-13,True,False,7.765000009385403e-05,1.0110000175700407e-05,0.00010295999982190551,schedule_ablation,100,0.5,1101.0,every_eligible,,
schedule_ablation_every_eligible,4V-FB,2430,889,True,False,51,0.04450506307981428,0.04944142818870401,1,-5.4285523513719625e-05,9.533972675049429e-32,5.277084562092721e-13,True,False,7.690000006732589e-05,9.910000017043785e-06,0.00010176000000683416,schedule_ablation,100,0.5,1101.0,every_eligible,,
schedule_ablation_every_eligible,4V-FB,2431,890,True,False,51,0.04450506307979893,0.04944142818870401,1,-5.428552352171323e-05,9.533972675049429e-32,5.27708456209272e-13,True,False,7.707999998274317e-05,1.0089999932461069e-05,0.00010210000004917674,schedule_ablation,100,0.5,1101.0,every_eligible,,
schedule_ablation_every_eligible,4V-FB,2432,891,True,False,51,0.0445050630797824,0.04944142818870401,1,-5.4285523525265944e-05,9.533972675049429e-32,5.277084562092722e-13,True,False,7.66200000725803e-05,9.979999958886765e-06,0.00010152000004381989,schedule_ablation,100,0.5,1101.0,every_eligible,,
schedule_ablation_every_eligible,4V-FB,2433,892,True,False,51,0.0445050630797669,0.04944142818870401,1,-5.428552353237137e-05,9.533972675049429e-32,5.277084562092722e-13,True,False,7.778899998811539e-05,1.0100000054080738e-05,0.00010378900014984538,schedule_ablation,100,0.5,1101.0,every_eligible,,
schedule_ablation_every_eligible,4V-FB,2434,893,True,False,51,0.04450506307975151,0.04944142818870401,1,-5.428552353858862e-05,9.533972675049429e-32,5.277084562092722e-13,True,False,7.781999988765165e-05,9.959999943021103e-06,0.00010341999995944207,schedule_ablation,100,0.5,1101.0,every_eligible,,
schedule_ablation_every_eligible,4V-FB,2435,894,True,False,51,0.044505063079736285,0.04944142818870401,1,-5.428552354569405e-05,9.533972675049429e-32,5.277084562092722e-13,True,False,7.68900001730799e-05,1.0040000006483751e-05,0.00010188000010202813,schedule_ablation,100,0.5,1101.0,every_eligible,,
schedule_ablation_every_eligible,4V-FB,2436,895,True,False,51,0.044505063079720436,0.04944142818870401,1,-5.4285523553687653e-05,9.533972675049429e-32,5.277084562092721e-13,True,False,7.649999997738632e-05,9.749999890118488e-06,0.0001014599999962229,schedule_ablation,100,0.5,1101.0,every_eligible,,
schedule_ablation_every_eligible,4V-FB,2437,896,True,False,51,0.04450506307970585,0.04944142818870401,1,-5.4285523559016724e-05,9.533972675049429e-32,5.277084562092722e-13,True,False,7.715999981883215e-05,1.0060000022349413e-05,0.00010234000001219101,schedule_ablation,100,0.5,1101.0,every_eligible,,
schedule_ablation_every_eligible,4V-FB,2438,897,True,False,51,0.04450506307969067,0.04944142818870401,1,-5.4285523564345795e-05,9.533972675049429e-32,5.277084562092722e-13,True,False,7.6459999945655e-05,9.849999969446799e-06,0.00010156999996979721,schedule_ablation,100,0.5,1101.0,every_eligible,,
schedule_ablation_every_eligible,4V-FB,2439,898,True,False,51,0.04450506307967568,0.04944142818870401,1,-5.428552357322758e-05,9.533972675049429e-32,5.27708456209272e-13,True,False,7.736000020486244e-05,9.990000080506434e-06,0.0001026700001602876,schedule_ablation,100,0.5,1101.0,every_eligible,,
schedule_ablation_every_eligible,4V-FB,2440,899,True,False,51,0.044505063079661414,0.04944142818870401,1,-5.428552357678029e-05,9.533972675049429e-32,5.277084562092722e-13,True,False,7.65699999192293e-05,9.920000138663454e-06,0.0001016300000173942,schedule_ablation,100,0.5,1101.0,every_eligible,,
schedule_ablation_every_eligible,4V-FB,2441,900,True,False,51,0.04450506307964626,0.04944142818870401,1,-5.42855235847739e-05,9.533972675049429e-32,5.277084562092721e-13,True,False,7.68499999139749e-05,9.940000154529116e-06,0.00010171999997510284,schedule_ablation,100,0.5,1101.0,every_eligible,,
schedule_ablation_every_eligible,4V-FB,2442,901,True,False,51,0.04450506307963244,0.04944142818870401,1,-5.428552359099115e-05,9.533972675049429e-32,5.27708456209272e-13,True,False,7.653000011487165e-05,9.760000011738157e-06,0.00010129999986929761,schedule_ablation,100,0.5,1101.0,every_eligible,,
schedule_ablation_every_eligible,4V-FB,2443,902,True,False,51,0.04450506307961788,0.04944142818870401,1,-5.428552359543204e-05,9.533972675049429e-32,5.277084562092722e-13,True,False,7.680999988224357e-05,9.949999821401434e-06,0.00010195999993811711,schedule_ablation,100,0.5,1101.0,every_eligible,,
schedule_ablation_every_eligible,4V-FB,2444,903,True,False,51,0.044505063079603516,0.04944142818870401,1,-5.4285523603425645e-05,9.533972675049429e-32,5.27708456209272e-13,True,False,8.332000015798258e-05,1.0030000112237758e-05,0.00010894000001826498,schedule_ablation,100,0.5,1101.0,every_eligible,,
schedule_ablation_every_eligible,4V-FB,2445,904,True,False,51,0.04450506307959001,0.04944142818870401,1,-5.4285523608754715e-05,9.533972675049429e-32,5.27708456209272e-13,True,False,7.729999992989178e-05,9.95000004877511e-06,0.000102400000059788,schedule_ablation,100,0.5,1101.0,every_eligible,,
schedule_ablation_every_eligible,4V-FB,2446,905,True,False,51,0.04450506307957586,0.04944142818870401,1,-5.4285523614971964e-05,9.533972675049429e-32,5.277084562092721e-13,True,False,7.688999994570622e-05,9.93999992715544e-06,0.00010188999999627413,schedule_ablation,100,0.5,1101.0,every_eligible,,
schedule_ablation_every_eligible,4V-FB,2447,906,True,False,51,0.04450506307956244,0.04944142818870401,1,-5.4285523620301035e-05,9.533972675049429e-32,5.27708456209272e-13,True,False,7.85500001256878e-05,9.899999895424116e-06,0.00010395999993306759,schedule_ablation,100,0.5,1101.0,every_eligible,,
schedule_ablation_every_eligible,4V-FB,2448,907,True,False,51,0.04450506307954888,0.04944142818870401,1,-5.4285523625630105e-05,9.533972675049429e-32,5.277084562092721e-13,True,False,7.71200000144745e-05,9.959999943021103e-06,0.00010216999999101972,schedule_ablation,100,0.5,1101.0,every_eligible,,
schedule_ablation_every_eligible,4V-FB,2449,908,True,False,51,0.044505063079535126,0.04944142818870401,1,-5.428552363273553e-05,9.533972675049429e-32,5.27708456209272e-13,True,False,7.658000004084897e-05,1.0040000006483751e-05,0.00010176000000683416,schedule_ablation,100,0.5,1101.0,every_eligible,,
schedule_ablation_every_eligible,4V-FB,2450,909,True,False,51,0.04450506307952187,0.04944142818870401,1,-5.4285523636288247e-05,9.533972675049429e-32,5.277084562092721e-13,True,False,7.784000013089099e-05,9.930000032909447e-06,0.00010291000012330187,schedule_ablation,100,0.5,1101.0,every_eligible,,
schedule_ablation_every_eligible,4V-FB,2451,910,True,False,51,0.044505063079508966,0.04944142818870401,1,-5.4285523642505495e-05,9.533972675049429e-32,5.277084562092722e-13,True,False,7.68499999139749e-05,9.910000017043785e-06,0.00010176000000683416,schedule_ablation,100,0.5,1101.0,every_eligible,,
schedule_ablation_every_eligible,4V-FB,2452,911,True,False,51,0.04450506307949567,0.04944142818870401,1,-5.428552364694639e-05,9.533972675049429e-32,5.277084562092721e-13,True,False,7.671999992453493e-05,1.0059999794975738e-05,0.00010192000013375946,schedule_ablation,100,0.5,1101.0,every_eligible,,
schedule_ablation_every_eligible,4V-FB,2453,912,True,False,51,0.044505063079482585,0.04944142818870401,1,-5.4285523653163636e-05,9.533972675049429e-32,5.277084562092721e-13,True,False,7.757000003039138e-05,9.849999969446799e-06,0.00010240999995403399,schedule_ablation,100,0.5,1101.0,every_eligible,,
schedule_ablation_every_eligible,4V-FB,2454,913,True,False,51,0.044505063079470136,0.04944142818870401,1,-5.428552365849271e-05,9.533972675049429e-32,5.277084562092721e-13,True,False,7.665999987693795e-05,9.910000017043785e-06,0.00010161000000152853,schedule_ablation,100,0.5,1101.0,every_eligible,,
schedule_ablation_every_eligible,4V-FB,2455,914,True,False,51,0.04450506307945701,0.04944142818870401,1,-5.4285523664709956e-05,9.533972675049429e-32,5.277084562092721e-13,True,False,7.737999999335443e-05,1.005000012810342e-05,0.0001026800000545336,schedule_ablation,100,0.5,1101.0,every_eligible,,
schedule_ablation_every_eligible,4V-FB,2456,915,True,False,51,0.044505063079444906,0.04944142818870401,1,-5.428552366737449e-05,9.533972675049429e-32,5.277084562092722e-13,True,False,7.696000011492288e-05,1.0089999932461069e-05,0.00010219000000688538,schedule_ablation,100,0.5,1101.0,every_eligible,,
schedule_ablation_every_eligible,4V-FB,2457,916,True,False,51,0.04450506307943271,0.04944142818870401,1,-5.42855236753681e-05,9.533972675049429e-32,5.27708456209272e-13,True,False,7.698999979766086e-05,9.970000064640772e-06,0.00010195999993811711,schedule_ablation,100,0.5,1101.0,every_eligible,,
schedule_ablation_every_eligible,4V-FB,2458,917,True,False,51,0.04450506307942005,0.04944142818870401,1,-5.428552367892081e-05,9.533972675049429e-32,5.277084562092721e-13,True,False,7.632000006196904e-05,9.990000080506434e-06,0.00010144999987460324,schedule_ablation,100,0.5,1101.0,every_eligible,,
schedule_ablation_every_eligible,4V-FB,2459,918,True,False,51,0.04450506307940785,0.04944142818870401,1,-5.428552368513806e-05,9.533972675049429e-32,5.277084562092721e-13,True,False,7.67399999404006e-05,9.890000001178123e-06,0.0001017300000967225,schedule_ablation,100,0.5,1101.0,every_eligible,,
schedule_ablation_every_eligible,4V-FB,2460,919,True,False,51,0.04450506307939622,0.04944142818870401,1,-5.428552368957895e-05,9.533972675049429e-32,5.277084562092721e-13,True,False,8.309999998346029e-05,1.0099999826707062e-05,0.00010854999982257141,schedule_ablation,100,0.5,1101.0,every_eligible,,
schedule_ablation_every_eligible,4V-FB,2461,920,True,False,51,0.04450506307938393,0.04944142818870401,1,-5.4285523694019844e-05,9.533972675049429e-32,5.277084562092722e-13,True,False,7.843000003049383e-05,1.0230000043520704e-05,0.00010388999999122461,schedule_ablation,100,0.5,1101.0,every_eligible,,
schedule_ablation_every_eligible,4V-FB,2462,921,True,False,51,0.04450506307937198,0.04944142818870401,1,-5.4285523698460736e-05,9.533972675049429e-32,5.277084562092722e-13,True,False,7.678999986637791e-05,1.0060000022349413e-05,0.00010227999996459403,schedule_ablation,100,0.5,1101.0,every_eligible,,
schedule_ablation_every_eligible,4V-FB,2463,922,True,False,51,0.04450506307936057,0.04944142818870401,1,-5.4285523704677985e-05,9.533972675049429e-32,5.277084562092722e-13,True,False,7.701999993514619e-05,1.0030000112237758e-05,0.00010188999999627413,schedule_ablation,100,0.5,1101.0,every_eligible,,
schedule_ablation_every_eligible,4V-FB,2464,923,True,False,51,0.04450506307934893,0.04944142818870401,1,-5.4285523710007055e-05,9.533972675049429e-32,5.27708456209272e-13,True,False,7.687999982408655e-05,9.969999837267096e-06,0.00010191000001213979,schedule_ablation,100,0.5,1101.0,every_eligible,,
schedule_ablation_every_eligible,4V-FB,2465,924,True,False,51,0.0445050630793372,0.04944142818870401,1,-5.428552371355977e-05,9.533972675049429e-32,5.277084562092722e-13,True,False,7.658899994567037e-05,1.0320000001229346e-05,0.00010795899993354396,schedule_ablation,100,0.5,1101.0,every_eligible,,
schedule_ablation_every_eligible,4V-FB,2466,925,True,False,51,0.04450506307932585,0.04944142818870401,1,-5.428552371977702e-05,9.533972675049429e-32,5.277084562092721e-13,True,False,7.667999989280361e-05,1.0080000038215076e-05,0.00010188000010202813,schedule_ablation,100,0.5,1101.0,every_eligible,,
exact_strict_n20_p0.3,4V-FB,1,1,True,False,20,-0.010499999999999997,0.6185064075575528,1,0.0023398141732071664,1.100455589032931e-21,2.0299003322259134e-13,True,True,0.00015107999979591114,1.1220000033063116e-05,0.0001861600001120678,exact,20,0.3,,,strict,
exact_strict_n20_p0.3,4V-FB,24,1,True,False,19,0.14932431857383144,0.6185064075575528,-1,-0.028289278861031608,1.100455589032931e-21,1.9635112010491357e-13,True,False,4.515000000537839e-05,1.0320000001229346e-05,7.445999995070451e-05,exact,20,0.3,,,strict,
exact_strict_n20_p0.3,4V-FB,25,2,True,False,19,0.14932431937478224,0.6185064075575528,-1,-0.02828926548310373,1.100455589032931e-21,1.9635112010491304e-13,True,False,3.224000010959571e-05,9.370000043418258e-06,5.7460000107312226e-05,exact,20,0.3,,,strict,
exact_strict_n20_p0.3,4V-FB,27,4,True,False,19,0.1493243200061468,0.6185064075575528,-1,-0.028289254937698072,1.100455589032931e-21,1.9635112010491286e-13,True,False,2.8890000066894572e-05,9.32000011744094e-06,5.3600000001097214e-05,exact,20,0.3,,,strict,
exact_strict_n20_p0.3,4V-FB,31,8,True,False,19,0.1493243202219751,0.6185064075575528,-1,-0.028289251332811682,1.100455589032931e-21,1.9635112010491286e-13,True,False,2.5899999855028e-05,9.600000112186535e-06,5.0799999826267594e-05,exact,20,0.3,,,strict,
exact_strict_n20_p0.3,4V-FB,38,15,False,True,19,0.14932432023868222,0.6185064075575528,-1,-0.028289251053760234,1.100455589032931e-21,1.9635112010491284e-13,True,False,2.728999993450998e-05,9.619999900678522e-06,5.22299999374809e-05,exact,20,0.3,,,strict,
exact_strict_n20_p0.5,4V-FB,1,1,True,False,20,-0.012500000000000022,0.5628085996530688,1,0.0021938233597098566,5.219717520488294e-15,2.1111111111111113e-13,True,True,5.5459999884988065e-05,9.579999868947198e-06,8.474000014757621e-05,exact,20,0.5,,,strict,
exact_strict_n20_p0.5,4V-FB,24,1,True,False,19,0.11003888183882488,0.5628085996530688,-1,-0.01719360763842781,5.219717520488294e-15,2.0650115514630535e-13,True,False,4.1129999999611755e-05,9.309999995821272e-06,6.792999988647352e-05,exact,20,0.5,,,strict,
exact_strict_n20_p0.5,4V-FB,25,2,True,False,19,0.11003888282125969,0.5628085996530688,-1,-0.017193598438440816,5.219717520488294e-15,2.0650115514630497e-13,True,False,3.2350000083170016e-05,9.069999805433326e-06,5.7190000006812625e-05,exact,20,0.5,,,strict,
exact_strict_n20_p0.5,4V-FB,27,4,True,False,19,0.11003888359307254,0.5628085996530688,-1,-0.017193591210816983,5.219717520488294e-15,2.065011551463048e-13,True,False,2.6550000029601506e-05,8.519999937561806e-06,5.0099999953090446e-05,exact,20,0.5,,,strict,
exact_strict_n20_p0.5,4V-FB,31,8,True,False,19,0.11003888385530795,0.5628085996530688,-1,-0.017193588755119116,5.219717520488294e-15,2.065011551463048e-13,True,False,2.9510000103982748e-05,8.750000006330083e-06,5.3429999979925924e-05,exact,20,0.5,,,strict,
exact_strict_n20_p0.5,4V-FB,38,15,False,True,19,0.11003888387539197,0.5628085996530688,-1,-0.01719358856704245,5.219717520488294e-15,2.065011551463048e-13,True,False,2.676000008250412e-05,8.770000022195745e-06,5.035999993197038e-05,exact,20,0.5,,,strict,
exact_strict_n20_p0.8,4V-FB,1,1,True,False,20,-0.008000000000000002,0.4619485798512441,1,0.0008957015849713201,3.867214817909057e-12,2.6666666666666673e-13,False,True,5.349000002752291e-05,9.850000196820474e-06,8.304000016323698e-05,exact,20,0.8,,,strict,
exact_strict_n20_p0.8,4V-FB,26,1,True,False,19,0.04524758274428381,0.4619485798512441,-1,-0.004753571847555538,3.867214817909057e-12,2.648715253532276e-13,False,False,3.693999997267383e-05,1.0129999964192393e-05,6.432000009226613e-05,exact,20,0.8,,,strict,
exact_strict_n20_p0.8,4V-FB,27,2,True,False,19,0.045247583946569234,0.4619485798512441,-1,-0.0047535656370900625,3.867214817909057e-12,2.648715253532269e-13,False,False,2.8300000167291728e-05,9.139999974649982e-06,5.301999999574036e-05,exact,20,0.8,,,strict,
exact_strict_n20_p0.8,4V-FB,29,4,True,False,19,0.045247584897285045,0.4619485798512441,-1,-0.004753560726117989,3.867214817909057e-12,2.648715253532267e-13,False,False,2.8890000066894572e-05,9.439999985261238e-06,5.374000011215685e-05,exact,20,0.8,,,strict,
exact_strict_n20_p0.8,4V-FB,33,8,True,False,19,0.04524758522413817,0.4619485798512441,-1,-0.004753559037740551,3.867214817909057e-12,2.648715253532267e-13,False,False,2.6109999907930614e-05,8.940000043367036e-06,4.97399998948822e-05,exact,20,0.8,,,strict,
exact_strict_n20_p0.8,4V-FB,40,15,False,True,19,0.04524758524969302,0.4619485798512441,-1,-0.004753558905735922,3.867214817909057e-12,2.6487152535322665e-13,False,False,2.83800000033807e-05,9.300000101575279e-06,5.28900000063004e-05,exact,20,0.8,,,strict,
exact_strict_n50_p0.3,4V-FB,1,1,True,False,50,-0.010499999999999997,0.6185064075575528,1,0.0023398141732080546,5.4418584730113896e-27,5.074750830564784e-13,True,True,9.703000000627071e-05,1.1119999953734805e-05,0.0001290600000629638,exact,50,0.3,,,strict,
exact_strict_n50_p0.3,4V-FB,24,1,True,False,49,0.14932431857383144,0.6185064075575528,-1,-0.028289278861031164,5.4418584730113896e-27,5.008361699388007e-13,True,False,7.456999992427882e-05,1.077000001714623e-05,0.00010408999992250756,exact,50,0.3,,,strict,
exact_strict_n50_p0.3,4V-FB,25,2,True,False,49,0.14932431937478224,0.6185064075575528,-1,-0.028289265483103954,5.4418584730113896e-27,5.008361699388001e-13,True,False,6.177000000207045e-05,1.0090000159834744e-05,8.85199999629549e-05,exact,50,0.3,,,strict,
exact_strict_n50_p0.3,4V-FB,27,4,True,False,49,0.1493243200061468,0.6185064075575528,-1,-0.028289254937698516,5.4418584730113896e-27,5.008361699387999e-13,True,False,9.180000006381306e-05,1.0370000154580339e-05,0.00012687000003097637,exact,50,0.3,,,strict,
exact_strict_n50_p0.3,4V-FB,31,8,True,False,49,0.1493243202219751,0.6185064075575528,-1,-0.02828925133281146,5.4418584730113896e-27,5.008361699388e-13,True,False,5.7089999927484314e-05,1.024999983201269e-05,8.372999991479446e-05,exact,50,0.3,,,strict,
exact_strict_n50_p0.3,4V-FB,38,15,False,True,49,0.14932432023868222,0.6185064075575528,-1,-0.028289251053759124,5.4418584730113896e-27,5.008361699388e-13,True,False,5.618000000140455e-05,1.0109999948326731e-05,8.2939999856535e-05,exact,50,0.3,,,strict,
exact_strict_n50_p0.5,4V-FB,1,1,True,False,50,-0.012500000000000022,0.5628085996530688,1,0.0021938233597103007,3.4335086163258816e-18,5.277777777777777e-13,True,True,8.666000007906405e-05,1.0169999995923718e-05,0.00011682999979711894,exact,50,0.5,,,strict,
exact_strict_n50_p0.5,4V-FB,24,1,True,False,49,0.11003888183882488,0.5628085996530688,-1,-0.017193607638428254,3.4335086163258816e-18,5.23167821812972e-13,True,False,7.172000005084556e-05,1.0080000038215076e-05,0.00010025999995377788,exact,50,0.5,,,strict,
exact_strict_n50_p0.5,4V-FB,25,2,True,False,49,0.11003888282125969,0.5628085996530688,-1,-0.017193598438440816,3.4335086163258816e-18,5.231678218129716e-13,True,False,6.0200000007171184e-05,9.410000075149583e-06,8.572999990974495e-05,exact,50,0.5,,,strict,
exact_strict_n50_p0.5,4V-FB,27,4,True,False,49,0.11003888359307254,0.5628085996530688,-1,-0.017193591210816095,3.4335086163258816e-18,5.231678218129715e-13,True,False,5.740999995396123e-05,9.159999990515644e-06,8.24800001737458e-05,exact,50,0.5,,,strict,
exact_strict_n50_p0.5,4V-FB,31,8,True,False,49,0.11003888385530795,0.5628085996530688,-1,-0.017193588755119116,3.4335086163258816e-18,5.231678218129715e-13,True,False,5.510999994839949e-05,9.229999932358623e-06,7.981999988260213e-05,exact,50,0.5,,,strict,
exact_strict_n50_p0.5,4V-FB,38,15,False,True,49,0.11003888387539197,0.5628085996530688,-1,-0.017193588567042895,3.4335086163258816e-18,5.231678218129714e-13,True,False,5.597000017587561e-05,9.319999890067265e-06,8.095000021057785e-05,exact,50,0.5,,,strict,
exact_strict_n50_p0.8,4V-FB,1,1,True,False,50,-0.008000000000000002,0.4619485798512441,1,0.0008957015849713201,4.026115549822024e-14,6.666666666666668e-13,True,True,8.47500000418222e-05,1.0309999879609677e-05,0.00011522999989210803,exact,50,0.8,,,strict,
exact_strict_n50_p0.8,4V-FB,26,1,True,False,49,0.04524758274428381,0.4619485798512441,-1,-0.004753571847555094,4.026115549822024e-14,6.648715253532278e-13,True,False,7.071999993968348e-05,1.0670000165191595e-05,9.954999995898106e-05,exact,50,0.8,,,strict,
exact_strict_n50_p0.8,4V-FB,27,2,True,False,49,0.045247583946569234,0.4619485798512441,-1,-0.0047535656370900625,4.026115549822024e-14,6.648715253532271e-13,True,False,5.843999997523497e-05,9.970000064640772e-06,8.444000013696495e-05,exact,50,0.8,,,strict,
exact_strict_n50_p0.8,4V-FB,29,4,True,False,49,0.045247584897285045,0.4619485798512441,-1,-0.004753560726117101,4.026115549822024e-14,6.648715253532269e-13,True,False,5.537899983210082e-05,9.659999932409846e-06,8.055900002545968e-05,exact,50,0.8,,,strict,
exact_strict_n50_p0.8,4V-FB,33,8,True,False,49,0.04524758522413817,0.4619485798512441,-1,-0.004753559037742328,4.026115549822024e-14,6.648715253532267e-13,True,False,5.513000019163883e-05,9.969999837267096e-06,8.100000013655517e-05,exact,50,0.8,,,strict,
exact_strict_n50_p0.8,4V-FB,40,15,False,True,49,0.04524758524969302,0.4619485798512441,-1,-0.004753558905735034,4.026115549822024e-14,6.648715253532269e-13,True,False,5.568000005951035e-05,9.890000001178123e-06,8.134000017889775e-05,exact,50,0.8,,,strict,
exact_quartic_n20_p0.3,4V-FB,1,1,True,False,20,3.108624468950974e-18,0.6185064075575528,1,0.00033142574821098947,1.100455589032931e-21,2.0299003322259134e-13,True,True,4.9210000042876345e-05,9.69999996414117e-06,7.793000008859963e-05,exact,20,0.3,,,quartic,
exact_quartic_n20_p0.3,4V-FB,23,1,True,False,19,0.1541850455622512,0.6185064075575528,-1,-0.02918933247780786,1.100455589032931e-21,1.97372457093096e-13,True,False,3.506999996716331e-05,9.600000112186535e-06,6.152000014481018e-05,exact,20,0.3,,,quartic,
exact_quartic_n20_p0.3,4V-FB,24,2,True,False,19,0.15418504637399522,0.6185064075575528,-1,-0.02918931974267447,1.100455589032931e-21,1.9737245709309556e-13,True,False,3.360000005159236e-05,9.15000009626965e-06,5.820999990646669e-05,exact,20,0.3,,,quartic,
exact_quartic_n20_p0.3,4V-FB,26,4,True,False,19,0.15418504698714758,0.6185064075575528,-1,-0.0291893101231655,1.100455589032931e-21,1.9737245709309543e-13,True,False,2.5560000040059094e-05,9.059999911187333e-06,4.9450000005890615e-05,exact,20,0.3,,,quartic,
exact_quartic_n20_p0.3,4V-FB,30,8,True,False,19,0.15418504718122658,0.6185064075575528,-1,-0.029189307078335114,1.100455589032931e-21,1.973724570930954e-13,True,False,2.3770000098011224e-05,9.070000032807002e-06,4.74199998734548e-05,exact,20,0.3,,,quartic,
exact_quartic_n20_p0.3,4V-FB,37,15,False,True,19,0.15418504719435572,0.6185064075575528,-1,-0.029189306872357657,1.100455589032931e-21,1.973724570930954e-13,True,False,2.5159999950119527e-05,9.249999948224286e-06,4.9279999984719325e-05,exact,20,0.3,,,quartic,
exact_quartic_n20_p0.5,4V-FB,1,1,True,False,20,-1.1657341758563752e-17,0.5628085996530688,1,0.00021411386068814764,5.219717520488294e-15,2.1111111111111113e-13,True,True,4.933000013807032e-05,8.940000043367036e-06,7.688000005146023e-05,exact,20,0.5,,,quartic,
exact_quartic_n20_p0.5,4V-FB,24,1,True,False,19,0.1155337120382606,0.5628085996530688,-1,-0.018025610306445117,5.219717520488294e-15,2.0770700887391686e-13,True,False,3.545000004123722e-05,9.170000112135313e-06,6.103999999140797e-05,exact,20,0.5,,,quartic,
exact_quartic_n20_p0.5,4V-FB,25,2,True,False,19,0.11553371337173662,0.5628085996530688,-1,-0.018025598920753616,5.219717520488294e-15,2.077070088739163e-13,True,False,2.759000017249491e-05,8.420000085607171e-06,5.1139999868610175e-05,exact,20,0.5,,,quartic,
exact_quartic_n20_p0.5,4V-FB,27,4,True,False,19,0.11553371435028137,0.5628085996530688,-1,-0.0180255905655895,5.219717520488294e-15,2.0770700887391613e-13,True,False,2.548999987084244e-05,8.25000006443588e-06,4.831999990528857e-05,exact,20,0.5,,,quartic,
exact_quartic_n20_p0.5,4V-FB,31,8,True,False,19,0.11553371464432122,0.5628085996530688,-1,-0.018025588054971564,5.219717520488294e-15,2.0770700887391613e-13,True,False,2.5580000055924756e-05,8.409999963987502e-06,4.8279999873557244e-05,exact,20,0.5,,,quartic,
exact_quartic_n20_p0.5,4V-FB,37,14,False,True,19,0.11553371466234529,0.5628085996530688,-1,-0.018025587901075557,5.219717520488294e-15,2.0770700887391613e-13,True,False,2.4559999928897014e-05,8.249999837062205e-06,4.7250000079657184e-05,exact,20,0.5,,,quartic,
exact_quartic_n20_p0.8,4V-FB,1,1,True,False,20,-1.2989609388114163e-17,0.4619485798512441,1,4.2115623264837865e-05,3.867214817909057e-12,2.6666666666666673e-13,False,True,4.782999985764036e-05,9.910000017043785e-06,7.655000013073732e-05,exact,20,0.8,,,quartic,
exact_quartic_n20_p0.8,4V-FB,39,1,True,False,19,0.04851935174140603,0.4619485798512441,-1,-0.00508611934363401,3.867214817909057e-12,2.656450856262731e-13,False,False,4.357000011623313e-05,1.0060000022349413e-05,7.133000008252566e-05,exact,20,0.8,,,quartic,
exact_quartic_n20_p0.8,4V-FB,40,2,True,False,19,0.04851935374293539,0.4619485798512441,-1,-0.0050861101883437065,3.867214817909057e-12,2.656450856262719e-13,False,False,2.8720000045723282e-05,9.510000154477893e-06,5.403999989539443e-05,exact,20,0.8,,,quartic,
exact_quartic_n20_p0.8,4V-FB,42,4,True,False,19,0.04851935517061453,0.4619485798512441,-1,-0.0050861036579261665,3.867214817909057e-12,2.6564508562627155e-13,False,False,2.5510000114081777e-05,9.22000003811263e-06,5.008000016459846e-05,exact,20,0.8,,,quartic,
exact_quartic_n20_p0.8,4V-FB,46,8,True,False,19,0.048519355578300685,0.4619485798512441,-1,-0.005086101793108089,3.867214817909057e-12,2.6564508562627155e-13,False,False,2.6220000108878594e-05,9.419999969395576e-06,5.140000007486378e-05,exact,20,0.8,,,quartic,
exact_quartic_n20_p0.8,4V-FB,52,14,False,True,19,0.048519355601165534,0.4619485798512441,-1,-0.005086101688521083,3.867214817909057e-12,2.6564508562627155e-13,False,False,2.6019999950221973e-05,9.249999948224286e-06,5.066000016995531e-05,exact,20,0.8,,,quartic,
exact_quartic_n50_p0.3,4V-FB,1,1,True,False,50,3.108624468950974e-18,0.6185064075575528,1,0.00033142574821187765,5.4418584730113896e-27,5.074750830564784e-13,True,True,8.636000006845279e-05,1.0609999890220934e-05,0.00011732000007214083,exact,50,0.3,,,quartic,
exact_quartic_n50_p0.3,4V-FB,23,1,True,False,49,0.1541850455622512,0.6185064075575528,-1,-0.02918933247780675,5.4418584730113896e-27,5.018575069269831e-13,True,False,7.234999998217972e-05,1.0980000070048845e-05,0.00010178999991694582,exact,50,0.3,,,quartic,
exact_quartic_n50_p0.3,4V-FB,24,2,True,False,49,0.15418504637399522,0.6185064075575528,-1,-0.02918931974267469,5.4418584730113896e-27,5.018575069269826e-13,True,False,6.11399998433626e-05,9.770000133357826e-06,8.740999987821851e-05,exact,50,0.3,,,quartic,
exact_quartic_n50_p0.3,4V-FB,26,4,True,False,49,0.15418504698714758,0.6185064075575528,-1,-0.029189310123165058,5.4418584730113896e-27,5.018575069269826e-13,True,False,5.547999990085373e-05,9.890000001178123e-06,8.114000002024113e-05,exact,50,0.3,,,quartic,
exact_quartic_n50_p0.3,4V-FB,30,8,True,False,49,0.15418504718122658,0.6185064075575528,-1,-0.02918930707833578,5.4418584730113896e-27,5.018575069269825e-13,True,False,5.503000011231052e-05,9.800000043469481e-06,8.069999989857024e-05,exact,50,0.3,,,quartic,
exact_quartic_n50_p0.3,4V-FB,37,15,False,True,49,0.15418504719435572,0.6185064075575528,-1,-0.029189306872357434,5.4418584730113896e-27,5.018575069269825e-13,True,False,5.407000003287976e-05,9.829999953581137e-06,7.950999997774488e-05,exact,50,0.3,,,quartic,
exact_quartic_n50_p0.5,4V-FB,1,1,True,False,50,-1.1657341758563724e-17,0.5628085996530688,1,0.00021411386068859173,3.4335086163258816e-18,5.277777777777777e-13,True,True,8.520999995198508e-05,1.0109999948326731e-05,0.00011530999995557067,exact,50,0.5,,,quartic,
exact_quartic_n50_p0.5,4V-FB,24,1,True,False,49,0.1155337120382606,0.5628085996530688,-1,-0.01802561030644423,3.4335086163258816e-18,5.243736755405836e-13,True,False,6.934999987606716e-05,1.0000000202126103e-05,9.672999999565945e-05,exact,50,0.5,,,quartic,
exact_quartic_n50_p0.5,4V-FB,25,2,True,False,49,0.11553371337173662,0.5628085996530688,-1,-0.018025598920752728,3.4335086163258816e-18,5.243736755405829e-13,True,False,5.885999985366652e-05,9.079999927052995e-06,8.367000009457115e-05,exact,50,0.5,,,quartic,
exact_quartic_n50_p0.5,4V-FB,27,4,True,False,49,0.11553371435028137,0.5628085996530688,-1,-0.018025590565589056,3.4335086163258816e-18,5.243736755405828e-13,True,False,5.4589999990639626e-05,9.319999890067265e-06,8.612999999968451e-05,exact,50,0.5,,,quartic,
exact_quartic_n50_p0.5,4V-FB,31,8,True,False,49,0.11553371464432122,0.5628085996530688,-1,-0.018025588054969788,3.4335086163258816e-18,5.243736755405828e-13,True,False,5.51000000541535e-05,9.28999997995561e-06,7.953999988785654e-05,exact,50,0.5,,,quartic,
exact_quartic_n50_p0.5,4V-FB,37,14,False,True,49,0.11553371466234529,0.5628085996530688,-1,-0.018025587901076,3.4335086163258816e-18,5.243736755405828e-13,True,False,5.4559999853154295e-05,9.110000064538326e-06,7.877000007283641e-05,exact,50,0.5,,,quartic,
exact_quartic_n50_p0.8,4V-FB,1,1,True,False,50,-1.2989609388114163e-17,0.4619485798512441,1,4.2115623264393776e-05,4.026115549822024e-14,6.666666666666668e-13,True,True,8.567999998376763e-05,1.0819999943123548e-05,0.00011648999998215004,exact,50,0.8,,,quartic,
exact_quartic_n50_p0.8,4V-FB,39,1,True,False,49,0.04851935174140603,0.4619485798512441,-1,-0.00508611934363401,4.026115549822024e-14,6.656450856262731e-13,True,False,7.173000017246522e-05,1.0799999927257886e-05,0.00010102000010192569,exact,50,0.8,,,quartic,
exact_quartic_n50_p0.8,4V-FB,40,2,True,False,49,0.04851935374293539,0.4619485798512441,-1,-0.005086110188344151,4.026115549822024e-14,6.656450856262719e-13,True,False,6.827000015618978e-05,1.053000005413196e-05,9.5930000043154e-05,exact,50,0.8,,,quartic,
exact_quartic_n50_p0.8,4V-FB,42,4,True,False,49,0.04851935517061453,0.4619485798512441,-1,-0.005086103657927055,4.026115549822024e-14,6.656450856262716e-13,True,False,5.636999981106783e-05,9.999999974752427e-06,8.238999998866348e-05,exact,50,0.8,,,quartic,
exact_quartic_n50_p0.8,4V-FB,46,8,True,False,49,0.048519355578300685,0.4619485798512441,-1,-0.005086101793109421,4.026115549822024e-14,6.656450856262715e-13,True,False,5.4319999890140025e-05,9.81000016508915e-06,8.005000017874409e-05,exact,50,0.8,,,quartic,
exact_quartic_n50_p0.8,4V-FB,52,14,False,True,49,0.048519355601165534,0.4619485798512441,-1,-0.005086101688521971,4.026115549822024e-14,6.656450856262715e-13,True,False,5.4760000011810916e-05,9.920000138663454e-06,8.035999985622766e-05,exact,50,0.8,,,quartic,
perturbed_strict_n20_p0.5_eps1e-03_seed3101,4V-FB,193,1,True,False,19,0.1100388818674032,0.5628085996530688,-1,-0.017193607370806774,5.219715793488918e-15,2.0650115514630533e-13,True,False,8.949999983087764e-05,9.999999974752427e-06,0.0001216000000567874,perturbed_saddle,20,0.5,3101.0,,strict,0.001
perturbed_strict_n20_p0.5_eps1e-03_seed3101,4V-FB,194,2,True,False,19,0.11003888283605326,0.5628085996530688,-1,-0.017193598299906743,5.219715793488918e-15,2.0650115514630497e-13,True,False,3.956000000471249e-05,9.019999879456009e-06,6.546000008711417e-05,perturbed_saddle,20,0.5,3101.0,,strict,0.001
perturbed_strict_n20_p0.5_eps1e-03_seed3101,4V-FB,196,4,True,False,19,0.11003888359703666,0.5628085996530688,-1,-0.017193591173695566,5.219715793488918e-15,2.065011551463048e-13,True,False,2.949999998236308e-05,8.889999890016043e-06,5.363999980545486e-05,perturbed_saddle,20,0.5,3101.0,,strict,0.001
perturbed_strict_n20_p0.5_eps1e-03_seed3101,4V-FB,200,8,True,False,19,0.1100388838555926,0.5628085996530688,-1,-0.017193588752453692,5.219715793488918e-15,2.065011551463048e-13,True,False,2.9170000061640167e-05,8.720000096218428e-06,5.310000005920301e-05,perturbed_saddle,20,0.5,3101.0,,strict,0.001
perturbed_strict_n20_p0.5_eps1e-03_seed3101,4V-FB,207,15,False,True,19,0.11003888387539482,0.5628085996530688,-1,-0.01719358856701625,5.219715793488918e-15,2.065011551463048e-13,True,False,2.9560000029960065e-05,8.87999999577005e-06,5.329999999048596e-05,perturbed_saddle,20,0.5,3101.0,,strict,0.001
perturbed_strict_n20_p0.5_eps1e-03_seed3102,4V-FB,165,1,True,False,19,0.11003888184622596,0.5628085996530688,-1,-0.017193607569120584,5.2197158305308256e-15,2.0650115514630533e-13,True,False,5.854999994880927e-05,1.0369999927206663e-05,9.728999998515064e-05,perturbed_saddle,20,0.5,3102.0,,strict,0.001
perturbed_strict_n20_p0.5_eps1e-03_seed3102,4V-FB,166,2,True,False,19,0.11003888282509086,0.5628085996530688,-1,-0.01719359840256418,5.2197158305308256e-15,2.0650115514630492e-13,True,False,3.545000004123722e-05,8.959999831859022e-06,6.108999991738528e-05,perturbed_saddle,20,0.5,3102.0,,strict,0.001
perturbed_strict_n20_p0.5_eps1e-03_seed3102,4V-FB,168,4,True,False,19,0.11003888359409915,0.5628085996530688,-1,-0.01719359120120334,5.2197158305308256e-15,2.0650115514630482e-13,True,False,2.779999999802385e-05,8.790000038061407e-06,5.1649999932124047e-05,perturbed_saddle,20,0.5,3102.0,,strict,0.001
perturbed_strict_n20_p0.5_eps1e-03_seed3102,4V-FB,172,8,True,False,19,0.11003888385538167,0.5628085996530688,-1,-0.017193588754428557,5.2197158305308256e-15,2.065011551463048e-13,True,False,2.5699999923745054e-05,8.7999999323074e-06,4.977999992661353e-05,perturbed_saddle,20,0.5,3102.0,,strict,0.001
perturbed_strict_n20_p0.5_eps1e-03_seed3102,4V-FB,179,15,False,True,19,0.1100388838753927,0.5628085996530688,-1,-0.017193588567036233,5.2197158305308256e-15,2.065011551463048e-13,True,False,2.706999998736137e-05,8.620000016890117e-06,5.07899999320216e-05,perturbed_saddle,20,0.5,3102.0,,strict,0.001
perturbed_strict_n20_p0.5_eps1e-03_seed3103,4V-FB,148,1,True,False,19,0.11003888189551933,0.5628085996530688,-1,-0.01719360710751383,5.219716077649808e-15,2.0650115514630533e-13,True,False,5.556000019169005e-05,1.0040000006483751e-05,8.593000006840157e-05,perturbed_saddle,20,0.5,3103.0,,strict,0.001
perturbed_strict_n20_p0.5_eps1e-03_seed3103,4V-FB,149,2,True,False,19,0.11003888285060759,0.5628085996530688,-1,-0.0171935981636131,5.219716077649808e-15,2.0650115514630492e-13,True,False,3.4259999893038184e-05,8.909999905881705e-06,5.921000001762877e-05,perturbed_saddle,20,0.5,3103.0,,strict,0.001
perturbed_strict_n20_p0.5_eps1e-03_seed3103,4V-FB,151,4,True,False,19,0.11003888360093665,0.5628085996530688,-1,-0.01719359113717367,5.219716077649808e-15,2.065011551463048e-13,True,False,2.8479999855335336e-05,8.590000106778461e-06,5.236000015429454e-05,perturbed_saddle,20,0.5,3103.0,,strict,0.001
perturbed_strict_n20_p0.5_eps1e-03_seed3103,4V-FB,155,8,True,False,19,0.11003888385587263,0.5628085996530688,-1,-0.017193588749831346,5.219716077649808e-15,2.065011551463048e-13,True,False,2.7349999982106965e-05,8.579999985158793e-06,5.071999999017862e-05,perturbed_saddle,20,0.5,3103.0,,strict,0.001
perturbed_strict_n20_p0.5_eps1e-03_seed3103,4V-FB,162,15,False,True,19,0.11003888387539759,0.5628085996530688,-1,-0.017193588566990492,5.219716077649808e-15,2.065011551463048e-13,True,False,2.6610000077198492e-05,8.660000048621441e-06,5.011999996895611e-05,perturbed_saddle,20,0.5,3103.0,,strict,0.001
perturbed_strict_n20_p0.5_eps1e-03_seed3104,4V-FB,150,1,True,False,19,0.1100388818595589,0.5628085996530688,-1,-0.017193607444264902,5.219716010653293e-15,2.0650115514630533e-13,True,False,5.3179999895291985e-05,9.88000010693213e-06,8.282999988296069e-05,perturbed_saddle,20,0.5,3104.0,,strict,0.001
perturbed_strict_n20_p0.5_eps1e-03_seed3104,4V-FB,151,2,True,False,19,0.11003888283199267,0.5628085996530688,-1,-0.01719359833793277,5.219716010653293e-15,2.0650115514630492e-13,True,False,3.390999995644961e-05,9.239999826604617e-06,5.93600000229344e-05,perturbed_saddle,20,0.5,3104.0,,strict,0.001
perturbed_strict_n20_p0.5_eps1e-03_seed3104,4V-FB,153,4,True,False,19,0.11003888359594857,0.5628085996530688,-1,-0.01719359118388475,5.219716010653293e-15,2.065011551463048e-13,True,False,2.807000009852345e-05,8.429999979853164e-06,5.1719999873967026e-05,perturbed_saddle,20,0.5,3104.0,,strict,0.001
perturbed_strict_n20_p0.5_eps1e-03_seed3104,4V-FB,157,8,True,False,19,0.11003888385551447,0.5628085996530688,-1,-0.017193588753184663,5.219716010653293e-15,2.0650115514630482e-13,True,False,2.725000013015233e-05,8.669999942867435e-06,5.102000000078988e-05,perturbed_saddle,20,0.5,3104.0,,strict,0.001
perturbed_strict_n20_p0.5_eps1e-03_seed3104,4V-FB,164,15,False,True,19,0.11003888387539403,0.5628085996530688,-1,-0.017193588567023355,5.219716010653293e-15,2.065011551463048e-13,True,False,2.584000003480469e-05,8.479999905830482e-06,4.883999986304843e-05,perturbed_saddle,20,0.5,3104.0,,strict,0.001
perturbed_strict_n20_p0.5_eps1e-03_seed3105,4V-FB,4,1,True,False,20,-0.012500000015670027,0.5628085996530688,-1,0.0021938311617044626,5.219715791915458e-15,2.111111111111106e-13,True,True,6.72700000450277e-05,9.860000091066468e-06,9.772999987944786e-05,perturbed_saddle,20,0.5,3105.0,,strict,0.001
perturbed_strict_n20_p0.5_eps1e-03_seed3105,4V-FB,27,1,True,False,19,0.11003888183882699,0.5628085996530688,-1,-0.01719360763840827,5.219715791915458e-15,2.0650115514630533e-13,True,False,3.611000011005672e-05,9.489999911238556e-06,6.31200000498211e-05,perturbed_saddle,20,0.5,3105.0,,strict,0.001
perturbed_strict_n20_p0.5_eps1e-03_seed3105,4V-FB,28,2,True,False,19,0.11003888282126077,0.5628085996530688,-1,-0.017193598438431046,5.219715791915458e-15,2.0650115514630492e-13,True,False,2.90400000722002e-05,8.590000106778461e-06,5.308000004333735e-05,perturbed_saddle,20,0.5,3105.0,,strict,0.001
perturbed_strict_n20_p0.5_eps1e-03_seed3105,4V-FB,30,4,True,False,19,0.11003888359307283,0.5628085996530688,-1,-0.01719359121081432,5.219715791915458e-15,2.065011551463048e-13,True,False,2.5779999987207702e-05,8.700000080352766e-06,4.925999996885366e-05,perturbed_saddle,20,0.5,3105.0,,strict,0.001
perturbed_strict_n20_p0.5_eps1e-03_seed3105,4V-FB,34,8,True,False,19,0.11003888385530798,0.5628085996530688,-1,-0.01719358875511867,5.219715791915458e-15,2.065011551463048e-13,True,False,2.5990000040110317e-05,8.719999868844752e-06,4.9530000069353264e-05,perturbed_saddle,20,0.5,3105.0,,strict,0.001
perturbed_strict_n20_p0.5_eps1e-03_seed3105,4V-FB,41,15,False,True,19,0.11003888387539197,0.5628085996530688,-1,-0.01719358856704245,5.219715791915458e-15,2.065011551463048e-13,True,False,2.579000010882737e-05,8.709999974598759e-06,4.910000006930204e-05,perturbed_saddle,20,0.5,3105.0,,strict,0.001
perturbed_strict_n20_p0.5_eps1e-05_seed3101,4V-FB,3,1,True,False,20,-0.012499999996988816,0.5628085996530688,-1,0.0021938264945569053,5.219717520315601e-15,2.1111111111111108e-13,True,True,6.305000010797812e-05,9.649999810790177e-06,9.281000006922113e-05,perturbed_saddle,20,0.5,3101.0,,strict,1e-05
perturbed_strict_n20_p0.5_eps1e-05_seed3101,4V-FB,26,1,True,False,19,0.11003888183882572,0.5628085996530688,-1,-0.017193607638419817,5.219717520315601e-15,2.0650115514630535e-13,True,False,3.698999989865115e-05,8.969999953478691e-06,6.299000006038113e-05,perturbed_saddle,20,0.5,3101.0,,strict,1e-05
perturbed_strict_n20_p0.5_eps1e-05_seed3101,4V-FB,27,2,True,False,19,0.11003888282126012,0.5628085996530688,-1,-0.01719359843843682,5.219717520315601e-15,2.0650115514630492e-13,True,False,2.8239999892321066e-05,8.67000017024111e-06,5.1570000096035074e-05,perturbed_saddle,20,0.5,3101.0,,strict,1e-05
perturbed_strict_n20_p0.5_eps1e-05_seed3101,4V-FB,29,4,True,False,19,0.11003888359307265,0.5628085996530688,-1,-0.017193591210816095,5.219717520315601e-15,2.065011551463048e-13,True,False,2.531999984967115e-05,8.32000000627886e-06,4.787000011674536e-05,perturbed_saddle,20,0.5,3101.0,,strict,1e-05
perturbed_strict_n20_p0.5_eps1e-05_seed3101,4V-FB,33,8,True,False,19,0.11003888385530797,0.5628085996530688,-1,-0.017193588755119116,5.219717520315601e-15,2.065011551463048e-13,True,False,2.575999997134204e-05,8.499999921696144e-06,4.866999984187714e-05,perturbed_saddle,20,0.5,3101.0,,strict,1e-05
perturbed_strict_n20_p0.5_eps1e-05_seed3101,4V-FB,40,15,False,True,19,0.11003888387539197,0.5628085996530688,-1,-0.01719358856704245,5.219717520315601e-15,2.065011551463048e-13,True,False,2.455000003465102e-05,8.349999916390516e-06,4.738000006909715e-05,perturbed_saddle,20,0.5,3101.0,,strict,1e-05
perturbed_strict_n20_p0.5_eps1e-05_seed3102,4V-FB,3,1,True,False,20,-0.012499999991655708,0.5628085996530688,-1,0.0021938387928082115,5.219717520319295e-15,2.1111111111110926e-13,True,True,5.3279999974620296e-05,9.42999986364157e-06,8.238999998866348e-05,perturbed_saddle,20,0.5,3102.0,,strict,1e-05
perturbed_strict_n20_p0.5_eps1e-05_seed3102,4V-FB,26,1,True,False,19,0.11003888183882904,0.5628085996530688,-1,-0.01719360763838873,5.219717520319295e-15,2.0650115514630533e-13,True,False,3.786999991461926e-05,9.149999868895975e-06,6.413999994947517e-05,perturbed_saddle,20,0.5,3102.0,,strict,1e-05
perturbed_strict_n20_p0.5_eps1e-05_seed3102,4V-FB,27,2,True,False,19,0.11003888282126184,0.5628085996530688,-1,-0.017193598438420832,5.219717520319295e-15,2.0650115514630492e-13,True,False,2.814000004036643e-05,8.49000002745015e-06,5.1219999932072824e-05,perturbed_saddle,20,0.5,3102.0,,strict,1e-05
perturbed_strict_n20_p0.5_eps1e-05_seed3102,4V-FB,29,4,True,False,19,0.11003888359307311,0.5628085996530688,-1,-0.017193591210811654,5.219717520319295e-15,2.065011551463048e-13,True,False,2.621999988150492e-05,8.470000011584489e-06,4.934000003231631e-05,perturbed_saddle,20,0.5,3102.0,,strict,1e-05
perturbed_strict_n20_p0.5_eps1e-05_seed3102,4V-FB,33,8,True,False,19,0.110038883855308,0.5628085996530688,-1,-0.01719358875511867,5.219717520319295e-15,2.065011551463048e-13,True,False,2.465000011397933e-05,8.230000048570218e-06,4.745999990518612e-05,perturbed_saddle,20,0.5,3102.0,,strict,1e-05
perturbed_strict_n20_p0.5_eps1e-05_seed3102,4V-FB,40,15,False,True,19,0.11003888387539197,0.5628085996530688,-1,-0.01719358856704245,5.219717520319295e-15,2.065011551463048e-13,True,False,2.6130000151169952e-05,8.440000101472833e-06,4.9210000042876345e-05,perturbed_saddle,20,0.5,3102.0,,strict,1e-05
perturbed_strict_n20_p0.5_eps1e-05_seed3103,4V-FB,3,1,True,False,20,-0.012499999986645827,0.5628085996530688,-1,0.0021938653441546663,5.219717520344008e-15,2.1111111111109737e-13,True,True,5.3759999900648836e-05,9.330000011686934e-06,8.280999986709503e-05,perturbed_saddle,20,0.5,3103.0,,strict,1e-05
perturbed_strict_n20_p0.5_eps1e-05_seed3103,4V-FB,26,1,True,False,19,0.11003888183883616,0.5628085996530688,-1,-0.017193607638322117,5.219717520344008e-15,2.0650115514630533e-13,True,False,3.741999989870237e-05,9.340000133306603e-06,6.394999991243822e-05,perturbed_saddle,20,0.5,3103.0,,strict,1e-05
perturbed_strict_n20_p0.5_eps1e-05_seed3103,4V-FB,27,2,True,False,19,0.11003888282126553,0.5628085996530688,-1,-0.017193598438386193,5.219717520344008e-15,2.0650115514630492e-13,True,False,2.9629999971803045e-05,8.67000017024111e-06,5.364999992707453e-05,perturbed_saddle,20,0.5,3103.0,,strict,1e-05
perturbed_strict_n20_p0.5_eps1e-05_seed3103,4V-FB,29,4,True,False,19,0.11003888359307411,0.5628085996530688,-1,-0.017193591210802328,5.219717520344008e-15,2.065011551463048e-13,True,False,2.6680000019041472e-05,8.569999863539124e-06,5.029999988437339e-05,perturbed_saddle,20,0.5,3103.0,,strict,1e-05
perturbed_strict_n20_p0.5_eps1e-05_seed3103,4V-FB,33,8,True,False,19,0.11003888385530808,0.5628085996530688,-1,-0.017193588755118228,5.219717520344008e-15,2.065011551463048e-13,True,False,2.519999998185085e-05,8.539999953427468e-06,4.8660000175004825e-05,perturbed_saddle,20,0.5,3103.0,,strict,1e-05
perturbed_strict_n20_p0.5_eps1e-05_seed3103,4V-FB,40,15,False,True,19,0.11003888387539197,0.5628085996530688,-1,-0.01719358856704245,5.219717520344008e-15,2.065011551463048e-13,True,False,2.6519999892116175e-05,8.610000122644124e-06,5.009000005884445e-05,perturbed_saddle,20,0.5,3103.0,,strict,1e-05
perturbed_strict_n20_p0.5_eps1e-05_seed3104,4V-FB,3,1,True,False,20,-0.012499999981420434,0.5628085996530688,-1,0.0021938600936990404,5.21971752033732e-15,2.1111111111110065e-13,True,True,5.301999999574036e-05,9.739999995872495e-06,8.209999987229821e-05,perturbed_saddle,20,0.5,3104.0,,strict,1e-05
perturbed_strict_n20_p0.5_eps1e-05_seed3104,4V-FB,26,1,True,False,19,0.11003888183883476,0.5628085996530688,-1,-0.017193607638334996,5.21971752033732e-15,2.0650115514630535e-13,True,False,3.6840000120719196e-05,9.309999995821272e-06,6.342999995467835e-05,perturbed_saddle,20,0.5,3104.0,,strict,1e-05
perturbed_strict_n20_p0.5_eps1e-05_seed3104,4V-FB,27,2,True,False,19,0.1100388828212648,0.5628085996530688,-1,-0.017193598438392854,5.21971752033732e-15,2.0650115514630497e-13,True,False,3.5079999861409306e-05,8.770000022195745e-06,5.9720000081142643e-05,perturbed_saddle,20,0.5,3104.0,,strict,1e-05
perturbed_strict_n20_p0.5_eps1e-05_seed3104,4V-FB,29,4,True,False,19,0.1100388835930739,0.5628085996530688,-1,-0.01719359121080455,5.21971752033732e-15,2.065011551463048e-13,True,False,2.5440000172238797e-05,8.890000117389718e-06,4.9099999841928366e-05,perturbed_saddle,20,0.5,3104.0,,strict,1e-05
perturbed_strict_n20_p0.5_eps1e-05_seed3104,4V-FB,33,8,True,False,19,0.11003888385530805,0.5628085996530688,-1,-0.017193588755118228,5.21971752033732e-15,2.065011551463048e-13,True,False,2.453000001878536e-05,8.539999953427468e-06,4.760999991049175e-05,perturbed_saddle,20,0.5,3104.0,,strict,1e-05
perturbed_strict_n20_p0.5_eps1e-05_seed3104,4V-FB,40,15,False,True,19,0.11003888387539197,0.5628085996530688,-1,-0.01719358856704245,5.21971752033732e-15,2.065011551463048e-13,True,False,2.5359999881402473e-05,8.489999800076475e-06,4.85799998841685e-05,perturbed_saddle,20,0.5,3104.0,,strict,1e-05
perturbed_strict_n20_p0.5_eps1e-05_seed3105,4V-FB,3,1,True,False,20,-0.01250000000279933,0.5628085996530688,-1,0.002193823433858544,5.2197175203154394e-15,2.1111111111111113e-13,True,True,5.29999999798747e-05,9.389999831910245e-06,8.096999999906984e-05,perturbed_saddle,20,0.5,3105.0,,strict,1e-05
perturbed_strict_n20_p0.5_eps1e-05_seed3105,4V-FB,26,1,True,False,19,0.1100388818388249,0.5628085996530688,-1,-0.01719360763842781,5.2197175203154394e-15,2.0650115514630533e-13,True,False,3.704000005200214e-05,8.890000117389718e-06,6.233999988580763e-05,perturbed_saddle,20,0.5,3105.0,,strict,1e-05
perturbed_strict_n20_p0.5_eps1e-05_seed3105,4V-FB,27,2,True,False,19,0.1100388828212597,0.5628085996530688,-1,-0.01719359843844037,5.2197175203154394e-15,2.0650115514630497e-13,True,False,2.8600000177902984e-05,8.729999990464421e-06,5.226000007496623e-05,perturbed_saddle,20,0.5,3105.0,,strict,1e-05
perturbed_strict_n20_p0.5_eps1e-05_seed3105,4V-FB,29,4,True,False,19,0.11003888359307254,0.5628085996530688,-1,-0.017193591210816983,5.2197175203154394e-15,2.065011551463048e-13,True,False,2.6440000056027202e-05,8.550000075047137e-06,4.9550000085218926e-05,perturbed_saddle,20,0.5,3105.0,,strict,1e-05
perturbed_strict_n20_p0.5_eps1e-05_seed3105,4V-FB,33,8,True,False,19,0.11003888385530795,0.5628085996530688,-1,-0.017193588755119116,5.2197175203154394e-15,2.065011551463048e-13,True,False,2.415000017208513e-05,8.480000133204157e-06,4.70700001642399e-05,perturbed_saddle,20,0.5,3105.0,,strict,1e-05
perturbed_strict_n20_p0.5_eps1e-05_seed3105,4V-FB,40,15,False,True,19,0.11003888387539197,0.5628085996530688,-1,-0.01719358856704245,5.2197175203154394e-15,2.065011551463048e-13,True,False,2.5320000077044824e-05,8.550000075047137e-06,4.850999994232552e-05,perturbed_saddle,20,0.5,3105.0,,strict,1e-05
perturbed_quartic_n20_p0.3_eps1e-02_seed2101,4V-FB,5,1,True,False,20,-4.3501196321276234e-07,0.6185064075575528,-1,0.0003418998296256248,1.1003767784134098e-21,2.0299003322253407e-13,True,True,7.090999997672043e-05,1.0140000085812062e-05,0.00010234000001219101,perturbed_saddle,20,0.3,2101.0,,quartic,0.01
perturbed_quartic_n20_p0.3_eps1e-02_seed2101,4V-FB,27,1,True,False,19,0.15418504557100396,0.6185064075575528,-1,-0.029189332340489704,1.1003767784134098e-21,1.97372457093096e-13,True,False,5.588999988503929e-05,1.0639999800332589e-05,9.037000017997343e-05,perturbed_saddle,20,0.3,2101.0,,quartic,0.01
perturbed_quartic_n20_p0.3_eps1e-02_seed2101,4V-FB,28,2,True,False,19,0.15418504637839497,0.6185064075575528,-1,-0.02918931967364813,1.1003767784134098e-21,1.9737245709309556e-13,True,False,3.56299999566545e-05,9.890000001178123e-06,6.220000000212167e-05,perturbed_saddle,20,0.3,2101.0,,quartic,0.01
perturbed_quartic_n20_p0.3_eps1e-02_seed2101,4V-FB,30,4,True,False,19,0.15418504698825933,0.6185064075575528,-1,-0.029189310105723898,1.1003767784134098e-21,1.9737245709309538e-13,True,False,2.9440000162139768e-05,9.269999964089948e-06,5.394999993768579e-05,perturbed_saddle,20,0.3,2101.0,,quartic,0.01
perturbed_quartic_n20_p0.3_eps1e-02_seed2101,4V-FB,34,8,True,False,19,0.15418504718129755,0.6185064075575528,-1,-0.029189307077222004,1.1003767784134098e-21,1.9737245709309538e-13,True,False,2.769999991869554e-05,9.489999911238556e-06,5.2619999905800796e-05,perturbed_saddle,20,0.3,2101.0,,quartic,0.01
perturbed_quartic_n20_p0.3_eps1e-02_seed2101,4V-FB,41,15,False,True,19,0.15418504719435627,0.6185064075575528,-1,-0.02918930687234833,1.1003767784134098e-21,1.973724570930954e-13,True,False,2.9229999881863478e-05,9.35999992179859e-06,5.4559999853154295e-05,perturbed_saddle,20,0.3,2101.0,,quartic,0.01
perturbed_quartic_n20_p0.3_eps1e-02_seed2102,4V-FB,5,1,True,False,20,-3.7339335228071504e-09,0.6185064075575528,-1,0.0003323847337033392,1.1003621063474452e-21,2.0299003322259132e-13,True,True,5.371999986891751e-05,1.0069999916595407e-05,8.389000004171976e-05,perturbed_saddle,20,0.3,2102.0,,quartic,0.01
perturbed_quartic_n20_p0.3_eps1e-02_seed2102,4V-FB,27,1,True,False,19,0.1541850455630609,0.6185064075575528,-1,-0.029189332465105133,1.1003621063474452e-21,1.97372457093096e-13,True,False,3.889999993589299e-05,1.0010000096372096e-05,6.658000006609655e-05,perturbed_saddle,20,0.3,2102.0,,quartic,0.01
perturbed_quartic_n20_p0.3_eps1e-02_seed2102,4V-FB,28,2,True,False,19,0.15418504637440222,0.6185064075575528,-1,-0.02918931973628891,1.1003621063474452e-21,1.9737245709309556e-13,True,False,2.9990000030011288e-05,9.350000027552596e-06,5.49800001863332e-05,perturbed_saddle,20,0.3,2102.0,,quartic,0.01
perturbed_quartic_n20_p0.3_eps1e-02_seed2102,4V-FB,30,4,True,False,19,0.15418504698725044,0.6185064075575528,-1,-0.02918931012155168,1.1003621063474452e-21,1.9737245709309543e-13,True,False,2.5979999918490648e-05,9.200000022246968e-06,5.043999999543303e-05,perturbed_saddle,20,0.3,2102.0,,quartic,0.01
perturbed_quartic_n20_p0.3_eps1e-02_seed2102,4V-FB,34,8,True,False,19,0.15418504718123316,0.6185064075575528,-1,-0.029189307078232307,1.1003621063474452e-21,1.9737245709309538e-13,True,False,2.5880000066536013e-05,9.260000069843954e-06,5.047000013291836e-05,perturbed_saddle,20,0.3,2102.0,,quartic,0.01
perturbed_quartic_n20_p0.3_eps1e-02_seed2102,4V-FB,41,15,False,True,19,0.15418504719435575,0.6185064075575528,-1,-0.02918930687235699,1.1003621063474452e-21,1.9737245709309538e-13,True,False,2.552000000832777e-05,9.680000175649184e-06,5.061000001660432e-05,perturbed_saddle,20,0.3,2102.0,,quartic,0.01
perturbed_quartic_n20_p0.3_eps1e-02_seed2103,4V-FB,5,1,True,False,20,-6.020508559482374e-08,0.6185064075575528,-1,0.0003352945880381597,1.100364045012907e-21,2.0299003322259023e-13,True,True,7.73499998558691e-05,9.979999958886765e-06,0.00010939000003418187,perturbed_saddle,20,0.3,2103.0,,quartic,0.01
perturbed_quartic_n20_p0.3_eps1e-02_seed2103,4V-FB,27,1,True,False,19,0.15418504556550738,0.6185064075575528,-1,-0.029189332426722725,1.100364045012907e-21,1.9737245709309601e-13,True,False,4.003000003649504e-05,9.69999996414117e-06,6.71600000714534e-05,perturbed_saddle,20,0.3,2103.0,,quartic,0.01
perturbed_quartic_n20_p0.3_eps1e-02_seed2103,4V-FB,28,2,True,False,19,0.15418504637563202,0.6185064075575528,-1,-0.029189319716995454,1.100364045012907e-21,1.9737245709309556e-13,True,False,2.866999989237229e-05,9.240000053978292e-06,5.3360000038082944e-05,perturbed_saddle,20,0.3,2103.0,,quartic,0.01
perturbed_quartic_n20_p0.3_eps1e-02_seed2103,4V-FB,30,4,True,False,19,0.1541850469875612,0.6185064075575528,-1,-0.02918931011667647,1.100364045012907e-21,1.9737245709309543e-13,True,False,2.5430000050619128e-05,9.11999995878432e-06,4.942999999002495e-05,perturbed_saddle,20,0.3,2103.0,,quartic,0.01
perturbed_quartic_n20_p0.3_eps1e-02_seed2103,4V-FB,34,8,True,False,19,0.15418504718125298,0.6185064075575528,-1,-0.029189307077920557,1.100364045012907e-21,1.9737245709309543e-13,True,False,2.4350000103368075e-05,9.190000128000975e-06,4.824999996344559e-05,perturbed_saddle,20,0.3,2103.0,,quartic,0.01
perturbed_quartic_n20_p0.3_eps1e-02_seed2103,4V-FB,41,15,False,True,19,0.1541850471943559,0.6185064075575528,-1,-0.029189306872353438,1.100364045012907e-21,1.9737245709309543e-13,True,False,2.5260000029447838e-05,9.210000143866637e-06,4.966000005879323e-05,perturbed_saddle,20,0.3,2103.0,,quartic,0.01
perturbed_quartic_n20_p0.3_eps1e-02_seed2104,4V-FB,5,1,True,False,20,-2.1482557724293924e-07,0.6185064075575528,-1,0.00033876164248791696,1.10036930280316e-21,2.0299003322257736e-13,True,True,7.862000006753078e-05,1.0449999990669312e-05,0.00011012999993909034,perturbed_saddle,20,0.3,2104.0,,quartic,0.01
perturbed_quartic_n20_p0.3_eps1e-02_seed2104,4V-FB,27,1,True,False,19,0.15418504556840226,0.6185064075575528,-1,-0.02918933238130683,1.10036930280316e-21,1.9737245709309594e-13,True,False,4.110999998374609e-05,9.719999980006833e-06,6.900000016685226e-05,perturbed_saddle,20,0.3,2104.0,,quartic,0.01
perturbed_quartic_n20_p0.3_eps1e-02_seed2104,4V-FB,28,2,True,False,19,0.1541850463770872,0.6185064075575528,-1,-0.02918931969416594,1.10036930280316e-21,1.9737245709309556e-13,True,False,3.0030000061742612e-05,9.269999964089948e-06,5.529000009119045e-05,perturbed_saddle,20,0.3,2104.0,,quartic,0.01
perturbed_quartic_n20_p0.3_eps1e-02_seed2104,4V-FB,30,4,True,False,19,0.15418504698792887,0.6185064075575528,-1,-0.029189310110908195,1.10036930280316e-21,1.9737245709309543e-13,True,False,2.7079999881607364e-05,9.05000001694134e-06,5.1629999916258384e-05,perturbed_saddle,20,0.3,2104.0,,quartic,0.01
perturbed_quartic_n20_p0.3_eps1e-02_seed2104,4V-FB,34,8,True,False,19,0.15418504718127646,0.6185064075575528,-1,-0.029189307077552407,1.10036930280316e-21,1.9737245709309543e-13,True,False,2.7750000072046532e-05,9.090000048672664e-06,5.1969999958600965e-05,perturbed_saddle,20,0.3,2104.0,,quartic,0.01
perturbed_quartic_n20_p0.3_eps1e-02_seed2104,4V-FB,41,15,False,True,19,0.1541850471943561,0.6185064075575528,-1,-0.02918930687235166,1.10036930280316e-21,1.9737245709309538e-13,True,False,2.6300000172341242e-05,9.219999810738955e-06,5.06799999584473e-05,perturbed_saddle,20,0.3,2104.0,,quartic,0.01
perturbed_quartic_n20_p0.3_eps1e-02_seed2105,4V-FB,5,1,True,False,20,-9.416870820856766e-08,0.6185064075575528,-1,0.0003362700988591705,1.1003652002393812e-21,2.029900332225887e-13,True,True,8.219000005738053e-05,1.0250000059386366e-05,0.000114019999955417,perturbed_saddle,20,0.3,2105.0,,quartic,0.01
perturbed_quartic_n20_p0.3_eps1e-02_seed2105,4V-FB,27,1,True,False,19,0.15418504556632412,0.6185064075575528,-1,-0.02918933241390964,1.1003652002393812e-21,1.97372457093096e-13,True,False,4.080000007888884e-05,9.670000054029515e-06,6.837000000814442e-05,perturbed_saddle,20,0.3,2105.0,,quartic,0.01
perturbed_quartic_n20_p0.3_eps1e-02_seed2105,4V-FB,28,2,True,False,19,0.15418504637604255,0.6185064075575528,-1,-0.029189319710554162,1.1003652002393812e-21,1.9737245709309556e-13,True,False,3.0279999919002876e-05,9.299999874201603e-06,5.534999991141376e-05,perturbed_saddle,20,0.3,2105.0,,quartic,0.01
perturbed_quartic_n20_p0.3_eps1e-02_seed2105,4V-FB,30,4,True,False,19,0.15418504698766491,0.6185064075575528,-1,-0.02918931011504955,1.1003652002393812e-21,1.973724570930954e-13,True,False,2.7159999945070012e-05,9.210000143866637e-06,5.147000001670676e-05,perturbed_saddle,20,0.3,2105.0,,quartic,0.01
perturbed_quartic_n20_p0.3_eps1e-02_seed2105,4V-FB,34,8,True,False,19,0.1541850471812596,0.6185064075575528,-1,-0.029189307077816862,1.1003652002393812e-21,1.973724570930954e-13,True,False,2.5979999918490648e-05,9.370000043418258e-06,5.656999996972445e-05,perturbed_saddle,20,0.3,2105.0,,quartic,0.01
perturbed_quartic_n20_p0.3_eps1e-02_seed2105,4V-FB,41,15,False,True,19,0.15418504719435597,0.6185064075575528,-1,-0.029189306872353216,1.1003652002393812e-21,1.973724570930954e-13,True,False,2.6689999913287465e-05,9.279999858335941e-06,5.0999999984924216e-05,perturbed_saddle,20,0.3,2105.0,,quartic,0.01
perturbed_quartic_n20_p0.3_eps1e-03_seed2101,4V-FB,4,1,True,False,20,-4.365534115251717e-09,0.6185064075575528,-1,0.00033246259686814383,1.1004548009841476e-21,2.0299003322259134e-13,True,True,5.394999993768579e-05,9.770000133357826e-06,8.333000005222857e-05,perturbed_saddle,20,0.3,2101.0,,quartic,0.001
perturbed_quartic_n20_p0.3_eps1e-03_seed2101,4V-FB,26,1,True,False,19,0.15418504556312657,0.6185064075575528,-1,-0.029189332464074402,1.1004548009841476e-21,1.97372457093096e-13,True,False,3.635999996731698e-05,9.610000006432529e-06,6.349999989652133e-05,perturbed_saddle,20,0.3,2101.0,,quartic,0.001
perturbed_quartic_n20_p0.3_eps1e-03_seed2101,4V-FB,27,2,True,False,19,0.15418504637443523,0.6185064075575528,-1,-0.029189319735771102,1.1004548009841476e-21,1.9737245709309556e-13,True,False,2.7609999960986897e-05,9.200000022246968e-06,5.173999988983269e-05,perturbed_saddle,20,0.3,2101.0,,quartic,0.001
perturbed_quartic_n20_p0.3_eps1e-03_seed2101,4V-FB,29,4,True,False,19,0.15418504698725877,0.6185064075575528,-1,-0.029189310121420675,1.1004548009841476e-21,1.9737245709309543e-13,True,False,2.4879999955373933e-05,9.10999983716465e-06,4.852000006394519e-05,perturbed_saddle,20,0.3,2101.0,,quartic,0.001
perturbed_quartic_n20_p0.3_eps1e-03_seed2101,4V-FB,33,8,True,False,19,0.1541850471812337,0.6185064075575528,-1,-0.02918930707822387,1.1004548009841476e-21,1.9737245709309538e-13,True,False,2.424000012979377e-05,9.05000001694134e-06,4.7900000026857015e-05,perturbed_saddle,20,0.3,2101.0,,quartic,0.001
perturbed_quartic_n20_p0.3_eps1e-03_seed2101,4V-FB,40,15,False,True,19,0.15418504719435577,0.6185064075575528,-1,-0.02918930687235699,1.1004548009841476e-21,1.9737245709309538e-13,True,False,2.5270000151067507e-05,9.05000001694134e-06,4.884000009042211e-05,perturbed_saddle,20,0.3,2101.0,,quartic,0.001
perturbed_quartic_n20_p0.3_eps1e-03_seed2102,4V-FB,4,1,True,False,20,-5.994352954182444e-11,0.6185064075575528,-1,0.00033152156144833356,1.100454654249733e-21,2.0299003322259134e-13,True,True,5.3190000016911654e-05,9.890000001178123e-06,8.251999997810344e-05,perturbed_saddle,20,0.3,2102.0,,quartic,0.001
perturbed_quartic_n20_p0.3_eps1e-03_seed2102,4V-FB,26,1,True,False,19,0.15418504556233217,0.6185064075575528,-1,-0.029189332476537766,1.100454654249733e-21,1.97372457093096e-13,True,False,3.603000004659407e-05,9.530000170343556e-06,6.329000007099239e-05,perturbed_saddle,20,0.3,2102.0,,quartic,0.001
perturbed_quartic_n20_p0.3_eps1e-03_seed2102,4V-FB,27,2,True,False,19,0.1541850463740359,0.6185064075575528,-1,-0.02918931974203587,1.100454654249733e-21,1.9737245709309556e-13,True,False,2.6870000056078425e-05,8.989999969344353e-06,5.090000013296958e-05,perturbed_saddle,20,0.3,2102.0,,quartic,0.001
perturbed_quartic_n20_p0.3_eps1e-03_seed2102,4V-FB,29,4,True,False,19,0.15418504698715788,0.6185064075575528,-1,-0.02918931012300341,1.100454654249733e-21,1.9737245709309543e-13,True,False,2.4049999865383143e-05,8.979999847724685e-06,4.765999983646907e-05,perturbed_saddle,20,0.3,2102.0,,quartic,0.001
perturbed_quartic_n20_p0.3_eps1e-03_seed2102,4V-FB,33,8,True,False,19,0.15418504718122725,0.6185064075575528,-1,-0.0291893070783249,1.100454654249733e-21,1.973724570930954e-13,True,False,2.4799999891911284e-05,9.059999911187333e-06,4.898999986835406e-05,perturbed_saddle,20,0.3,2102.0,,quartic,0.001
perturbed_quartic_n20_p0.3_eps1e-03_seed2102,4V-FB,40,15,False,True,19,0.15418504719435572,0.6185064075575528,-1,-0.029189306872357212,1.100454654249733e-21,1.973724570930954e-13,True,False,2.4050000092756818e-05,9.170000112135313e-06,4.797999986294599e-05,perturbed_saddle,20,0.3,2102.0,,quartic,0.001
perturbed_quartic_n20_p0.3_eps1e-03_seed2103,4V-FB,4,1,True,False,20,-6.215076769789135e-10,0.6185064075575528,-1,0.0003318111801648982,1.1004546734811556e-21,2.029900332225914e-13,True,True,6.293999990703014e-05,9.93999992715544e-06,9.299999987888441e-05,perturbed_saddle,20,0.3,2103.0,,quartic,0.001
perturbed_quartic_n20_p0.3_eps1e-03_seed2103,4V-FB,26,1,True,False,19,0.15418504556257684,0.6185064075575528,-1,-0.02918933247269906,1.1004546734811556e-21,1.97372457093096e-13,True,False,3.6160000036034035e-05,9.730000101626501e-06,6.363000011333497e-05,perturbed_saddle,20,0.3,2103.0,,quartic,0.001
perturbed_quartic_n20_p0.3_eps1e-03_seed2103,4V-FB,27,2,True,False,19,0.1541850463741589,0.6185064075575528,-1,-0.0291893197401063,1.1004546734811556e-21,1.9737245709309556e-13,True,False,2.7659999886964215e-05,9.090000048672664e-06,5.200999999033229e-05,perturbed_saddle,20,0.3,2103.0,,quartic,0.001
perturbed_quartic_n20_p0.3_eps1e-03_seed2103,4V-FB,29,4,True,False,19,0.15418504698718896,0.6185064075575528,-1,-0.029189310122516465,1.1004546734811556e-21,1.973724570930954e-13,True,False,2.6720000050772796e-05,8.969999953478691e-06,5.0600000122358324e-05,perturbed_saddle,20,0.3,2103.0,,quartic,0.001
perturbed_quartic_n20_p0.3_eps1e-03_seed2103,4V-FB,33,8,True,False,19,0.15418504718122922,0.6185064075575528,-1,-0.02918930707829359,1.1004546734811556e-21,1.9737245709309543e-13,True,False,2.4499999881300027e-05,9.010000212583691e-06,4.8250000190819264e-05,perturbed_saddle,20,0.3,2103.0,,quartic,0.001
perturbed_quartic_n20_p0.3_eps1e-03_seed2103,4V-FB,40,15,False,True,19,0.15418504719435572,0.6185064075575528,-1,-0.029189306872357212,1.1004546734811556e-21,1.973724570930954e-13,True,False,2.5560000040059094e-05,9.05000001694134e-06,4.966999995303922e-05,perturbed_saddle,20,0.3,2103.0,,quartic,0.001
perturbed_quartic_n20_p0.3_eps1e-03_seed2104,4V-FB,4,1,True,False,20,-2.16173910799276e-09,0.6185064075575528,-1,0.00033215413491971546,1.1004547260865611e-21,2.029900332225914e-13,True,True,5.139999984749011e-05,1.0129999964192393e-05,8.12199998563301e-05,perturbed_saddle,20,0.3,2104.0,,quartic,0.001
perturbed_quartic_n20_p0.3_eps1e-03_seed2104,4V-FB,26,1,True,False,19,0.15418504556286636,0.6185064075575528,-1,-0.02918933246815758,1.1004547260865611e-21,1.9737245709309596e-13,True,False,3.7699999893447966e-05,9.560000080455211e-06,6.487999985438364e-05,perturbed_saddle,20,0.3,2104.0,,quartic,0.001
perturbed_quartic_n20_p0.3_eps1e-03_seed2104,4V-FB,27,2,True,False,19,0.15418504637430444,0.6185064075575528,-1,-0.02918931973782346,1.1004547260865611e-21,1.9737245709309556e-13,True,False,2.856000014617166e-05,9.239999826604617e-06,5.336999993232894e-05,perturbed_saddle,20,0.3,2104.0,,quartic,0.001
perturbed_quartic_n20_p0.3_eps1e-03_seed2104,4V-FB,29,4,True,False,19,0.15418504698722574,0.6185064075575528,-1,-0.029189310121939593,1.1004547260865611e-21,1.973724570930954e-13,True,False,2.5219999997716513e-05,9.030000001075678e-06,4.897999997410807e-05,perturbed_saddle,20,0.3,2104.0,,quartic,0.001
perturbed_quartic_n20_p0.3_eps1e-03_seed2104,4V-FB,33,8,True,False,19,0.15418504718123158,0.6185064075575528,-1,-0.029189307078257176,1.1004547260865611e-21,1.9737245709309538e-13,True,False,2.5660000119387405e-05,9.210000143866637e-06,5.0169999894933426e-05,perturbed_saddle,20,0.3,2104.0,,quartic,0.001
perturbed_quartic_n20_p0.3_eps1e-03_seed2104,4V-FB,40,15,False,True,19,0.15418504719435575,0.6185064075575528,-1,-0.02918930687235677,1.1004547260865611e-21,1.973724570930954e-13,True,False,2.5020000066433568e-05,9.309999995821272e-06,4.942999999002495e-05,perturbed_saddle,20,0.3,2104.0,,quartic,0.001
perturbed_quartic_n20_p0.3_eps1e-03_seed2105,4V-FB,4,1,True,False,20,-9.215567240020244e-10,0.6185064075575528,-1,0.00033190790347692456,1.1004546850435223e-21,2.029900332225914e-13,True,True,5.140000007486378e-05,9.709999858387164e-06,7.986999980857945e-05,perturbed_saddle,20,0.3,2105.0,,quartic,0.001
perturbed_quartic_n20_p0.3_eps1e-03_seed2105,4V-FB,26,1,True,False,19,0.15418504556265852,0.6185064075575528,-1,-0.02918933247141786,1.1004546850435223e-21,1.97372457093096e-13,True,False,3.5990000014862744e-05,9.340000133306603e-06,6.227999983821064e-05,perturbed_saddle,20,0.3,2105.0,,quartic,0.001
perturbed_quartic_n20_p0.3_eps1e-03_seed2105,4V-FB,27,2,True,False,19,0.15418504637419997,0.6185064075575528,-1,-0.02918931973946237,1.1004546850435223e-21,1.9737245709309556e-13,True,False,2.7460000183054945e-05,9.05000001694134e-06,5.175000001145236e-05,perturbed_saddle,20,0.3,2105.0,,quartic,0.001
perturbed_quartic_n20_p0.3_eps1e-03_seed2105,4V-FB,29,4,True,False,19,0.15418504698719931,0.6185064075575528,-1,-0.029189310122353485,1.1004546850435223e-21,1.973724570930954e-13,True,False,3.276999996160157e-05,9.070000032807002e-06,5.654999995385879e-05,perturbed_saddle,20,0.3,2105.0,,quartic,0.001
perturbed_quartic_n20_p0.3_eps1e-03_seed2105,4V-FB,33,8,True,False,19,0.15418504718122988,0.6185064075575528,-1,-0.029189307078282933,1.1004546850435223e-21,1.9737245709309543e-13,True,False,2.424000012979377e-05,9.000000090964022e-06,4.770999998982006e-05,perturbed_saddle,20,0.3,2105.0,,quartic,0.001
perturbed_quartic_n20_p0.3_eps1e-03_seed2105,4V-FB,40,15,False,True,19,0.15418504719435572,0.6185064075575528,-1,-0.02918930687235677,1.1004546850435223e-21,1.973724570930954e-13,True,False,2.4050000092756818e-05,1.532999999653839e-05,5.381000005399983e-05,perturbed_saddle,20,0.3,2105.0,,quartic,0.001
perturbed_quartic_n20_p0.3_eps1e-04_seed2101,4V-FB,3,1,True,False,20,-7.26517826108571e-11,0.6185064075575528,-1,0.000331529334418601,1.1004555811525245e-21,2.0299003322259134e-13,True,True,5.134999992151279e-05,9.879999879558454e-06,8.063999985097325e-05,perturbed_saddle,20,0.3,2101.0,,quartic,0.0001
perturbed_quartic_n20_p0.3_eps1e-04_seed2101,4V-FB,25,1,True,False,19,0.15418504556233875,0.6185064075575528,-1,-0.029189332476434737,1.1004555811525245e-21,1.97372457093096e-13,True,False,3.6319999935585656e-05,9.560000080455211e-06,6.338000002870103e-05,perturbed_saddle,20,0.3,2101.0,,quartic,0.0001
perturbed_quartic_n20_p0.3_eps1e-04_seed2101,4V-FB,26,2,True,False,19,0.1541850463740392,0.6185064075575528,-1,-0.02918931974198391,1.1004555811525245e-21,1.9737245709309556e-13,True,False,2.81099999028811e-05,9.410000075149583e-06,5.308000004333735e-05,perturbed_saddle,20,0.3,2101.0,,quartic,0.0001
perturbed_quartic_n20_p0.3_eps1e-04_seed2101,4V-FB,28,4,True,False,19,0.1541850469871587,0.6185064075575528,-1,-0.029189310122990753,1.1004555811525245e-21,1.973724570930954e-13,True,False,2.5049999976545223e-05,9.240000053978292e-06,4.947000002175628e-05,perturbed_saddle,20,0.3,2101.0,,quartic,0.0001
perturbed_quartic_n20_p0.3_eps1e-04_seed2101,4V-FB,32,8,True,False,19,0.1541850471812273,0.6185064075575528,-1,-0.029189307078324234,1.1004555811525245e-21,1.9737245709309538e-13,True,False,2.5560000040059094e-05,9.079999927052995e-06,4.99000000218075e-05,perturbed_saddle,20,0.3,2101.0,,quartic,0.0001
perturbed_quartic_n20_p0.3_eps1e-04_seed2101,4V-FB,39,15,False,True,19,0.15418504719435572,0.6185064075575528,-1,-0.029189306872357212,1.1004555811525245e-21,1.973724570930954e-13,True,False,2.366000012443692e-05,9.040000122695346e-06,4.762000003211142e-05,perturbed_saddle,20,0.3,2101.0,,quartic,0.0001
perturbed_quartic_n20_p0.3_eps1e-04_seed2102,4V-FB,3,1,True,False,20,-4.2812134447145666e-11,0.6185064075575528,-1,0.000331435337793895,1.1004555796851788e-21,2.029900332225914e-13,True,True,5.2000000096086296e-05,1.0180000117543386e-05,8.142000001498673e-05,perturbed_saddle,20,0.3,2102.0,,quartic,0.0001
perturbed_quartic_n20_p0.3_eps1e-04_seed2102,4V-FB,25,1,True,False,19,0.1541850455622593,0.6185064075575528,-1,-0.02918933247768085,1.1004555796851788e-21,1.97372457093096e-13,True,False,3.682999999909953e-05,9.930000032909447e-06,6.427000016628881e-05,perturbed_saddle,20,0.3,2102.0,,quartic,0.0001
perturbed_quartic_n20_p0.3_eps1e-04_seed2102,4V-FB,26,2,True,False,19,0.15418504637399927,0.6185064075575528,-1,-0.029189319742610964,1.1004555796851788e-21,1.9737245709309556e-13,True,False,2.7919999865844147e-05,9.240000053978292e-06,5.2379999942786526e-05,perturbed_saddle,20,0.3,2102.0,,quartic,0.0001
perturbed_quartic_n20_p0.3_eps1e-04_seed2102,4V-FB,28,4,True,False,19,0.15418504698714863,0.6185064075575528,-1,-0.02918931012314885,1.1004555796851788e-21,1.973724570930954e-13,True,False,2.5809999897319358e-05,9.330000011686934e-06,4.985000009583018e-05,perturbed_saddle,20,0.3,2102.0,,quartic,0.0001
perturbed_quartic_n20_p0.3_eps1e-04_seed2102,4V-FB,32,8,True,False,19,0.15418504718122664,0.6185064075575528,-1,-0.029189307078334226,1.1004555796851788e-21,1.973724570930954e-13,True,False,2.519999998185085e-05,8.950000164986704e-06,4.899000009572774e-05,perturbed_saddle,20,0.3,2102.0,,quartic,0.0001
perturbed_quartic_n20_p0.3_eps1e-04_seed2102,4V-FB,39,15,False,True,19,0.15418504719435572,0.6185064075575528,-1,-0.029189306872357657,1.1004555796851788e-21,1.973724570930954e-13,True,False,2.4430000166830723e-05,9.090000048672664e-06,4.824999996344559e-05,perturbed_saddle,20,0.3,2102.0,,quartic,0.0001
perturbed_quartic_n20_p0.3_eps1e-04_seed2103,4V-FB,3,1,True,False,20,-4.256205588773062e-11,0.6185064075575528,-1,0.00033146428476671375,1.1004555798773418e-21,2.029900332225914e-13,True,True,5.1830000074915006e-05,1.0030000112237758e-05,8.119000017359213e-05,perturbed_saddle,20,0.3,2103.0,,quartic,0.0001
perturbed_quartic_n20_p0.3_eps1e-04_seed2103,4V-FB,25,1,True,False,19,0.15418504556228377,0.6185064075575528,-1,-0.029189332477296936,1.1004555798773418e-21,1.9737245709309601e-13,True,False,3.6049999835086055e-05,9.770000133357826e-06,6.320000011328375e-05,perturbed_saddle,20,0.3,2103.0,,quartic,0.0001
perturbed_quartic_n20_p0.3_eps1e-04_seed2103,4V-FB,26,2,True,False,19,0.1541850463740116,0.6185064075575528,-1,-0.02918931974241712,1.1004555798773418e-21,1.9737245709309556e-13,True,False,2.704999997149571e-05,9.139999974649982e-06,5.120000014358084e-05,perturbed_saddle,20,0.3,2103.0,,quartic,0.0001
perturbed_quartic_n20_p0.3_eps1e-04_seed2103,4V-FB,28,4,True,False,19,0.15418504698715174,0.6185064075575528,-1,-0.02918931012310022,1.1004555798773418e-21,1.9737245709309543e-13,True,False,2.4799999891911284e-05,9.009999985210015e-06,4.8529999958191183e-05,perturbed_saddle,20,0.3,2103.0,,quartic,0.0001
perturbed_quartic_n20_p0.3_eps1e-04_seed2103,4V-FB,32,8,True,False,19,0.15418504718122686,0.6185064075575528,-1,-0.02918930707833134,1.1004555798773418e-21,1.9737245709309538e-13,True,False,2.5180000193358865e-05,9.090000048672664e-06,4.9210000042876345e-05,perturbed_saddle,20,0.3,2103.0,,quartic,0.0001
perturbed_quartic_n20_p0.3_eps1e-04_seed2103,4V-FB,39,15,False,True,19,0.15418504719435572,0.6185064075575528,-1,-0.029189306872357212,1.1004555798773418e-21,1.973724570930954e-13,True,False,2.4430000166830723e-05,9.269999964089948e-06,4.8490000153833535e-05,perturbed_saddle,20,0.3,2103.0,,quartic,0.0001
perturbed_quartic_n20_p0.3_eps1e-04_seed2104,4V-FB,3,1,True,False,20,-4.685861575777358e-11,0.6185064075575528,-1,0.00033149854053871053,1.1004555804034145e-21,2.029900332225914e-13,True,True,5.396000005930546e-05,9.900000122797792e-06,8.314000001519162e-05,perturbed_saddle,20,0.3,2104.0,,quartic,0.0001
perturbed_quartic_n20_p0.3_eps1e-04_seed2104,4V-FB,25,1,True,False,19,0.15418504556231272,0.6185064075575528,-1,-0.0291893324768433,1.1004555804034145e-21,1.97372457093096e-13,True,False,3.6229999977877014e-05,9.52999994296988e-06,6.308000001808978e-05,perturbed_saddle,20,0.3,2104.0,,quartic,0.0001
perturbed_quartic_n20_p0.3_eps1e-04_seed2104,4V-FB,26,2,True,False,19,0.15418504637402614,0.6185064075575528,-1,-0.029189319742189523,1.1004555804034145e-21,1.9737245709309556e-13,True,False,2.773000005618087e-05,9.020000106829684e-06,5.177999992156401e-05,perturbed_saddle,20,0.3,2104.0,,quartic,0.0001
perturbed_quartic_n20_p0.3_eps1e-04_seed2104,4V-FB,28,4,True,False,19,0.1541850469871554,0.6185064075575528,-1,-0.02918931012304271,1.1004555804034145e-21,1.973724570930954e-13,True,False,2.485999993950827e-05,8.93999981599336e-06,4.854000007981085e-05,perturbed_saddle,20,0.3,2104.0,,quartic,0.0001
perturbed_quartic_n20_p0.3_eps1e-04_seed2104,4V-FB,32,8,True,False,19,0.15418504718122708,0.6185064075575528,-1,-0.029189307078327786,1.1004555804034145e-21,1.9737245709309538e-13,True,False,2.3749999854771886e-05,8.989999969344353e-06,4.712999998446321e-05,perturbed_saddle,20,0.3,2104.0,,quartic,0.0001
perturbed_quartic_n20_p0.3_eps1e-04_seed2104,4V-FB,39,15,False,True,19,0.15418504719435572,0.6185064075575528,-1,-0.029189306872357212,1.1004555804034145e-21,1.973724570930954e-13,True,False,2.5100000129896216e-05,9.22000003811263e-06,4.9199999921256676e-05,perturbed_saddle,20,0.3,2104.0,,quartic,0.0001
perturbed_quartic_n20_p0.3_eps1e-04_seed2105,4V-FB,3,1,True,False,20,2.838382794480557e-11,0.6185064075575528,-1,0.00033147393289212346,1.1004555799929663e-21,2.0299003322259134e-13,True,True,5.317000000104599e-05,9.95000004877511e-06,8.257000013145444e-05,perturbed_saddle,20,0.3,2105.0,,quartic,0.0001
perturbed_quartic_n20_p0.3_eps1e-04_seed2105,4V-FB,25,1,True,False,19,0.15418504556229193,0.6185064075575528,-1,-0.029189332477168817,1.1004555799929663e-21,1.97372457093096e-13,True,False,3.742000012607605e-05,9.81000016508915e-06,6.496999981209228e-05,perturbed_saddle,20,0.3,2105.0,,quartic,0.0001
perturbed_quartic_n20_p0.3_eps1e-04_seed2105,4V-FB,26,2,True,False,19,0.1541850463740157,0.6185064075575528,-1,-0.029189319742353392,1.1004555799929663e-21,1.9737245709309556e-13,True,False,2.7929999987463816e-05,9.309999995821272e-06,5.252000005384616e-05,perturbed_saddle,20,0.3,2105.0,,quartic,0.0001
perturbed_quartic_n20_p0.3_eps1e-04_seed2105,4V-FB,28,4,True,False,19,0.15418504698715277,0.6185064075575528,-1,-0.02918931012308401,1.1004555799929663e-21,1.9737245709309546e-13,True,False,2.4860000166881946e-05,9.200000022246968e-06,4.899999998997373e-05,perturbed_saddle,20,0.3,2105.0,,quartic,0.0001
perturbed_quartic_n20_p0.3_eps1e-04_seed2105,4V-FB,32,8,True,False,19,0.15418504718122691,0.6185064075575528,-1,-0.029189307078330007,1.1004555799929663e-21,1.9737245709309538e-13,True,False,2.50099999448139e-05,9.139999974649982e-06,4.9150000222653034e-05,perturbed_saddle,20,0.3,2105.0,,quartic,0.0001
perturbed_quartic_n20_p0.3_eps1e-04_seed2105,4V-FB,39,15,False,True,19,0.15418504719435572,0.6185064075575528,-1,-0.029189306872357212,1.1004555799929663e-21,1.973724570930954e-13,True,False,2.436999989186006e-05,9.15000009626965e-06,4.8529999958191183e-05,perturbed_saddle,20,0.3,2105.0,,quartic,0.0001
perturbed_quartic_n20_p0.3_eps1e-05_seed2101,4V-FB,3,1,True,False,20,-3.3502655285877843e-12,0.6185064075575528,-1,0.00033143610578356686,1.1004555889541242e-21,2.0299003322259134e-13,True,True,5.3669999942940194e-05,9.999999974752427e-06,8.331000003636291e-05,perturbed_saddle,20,0.3,2101.0,,quartic,1e-05
perturbed_quartic_n20_p0.3_eps1e-05_seed2101,4V-FB,25,1,True,False,19,0.15418504556225995,0.6185064075575528,-1,-0.029189332477670638,1.1004555889541242e-21,1.97372457093096e-13,True,False,3.8710000126229716e-05,9.719999980006833e-06,6.564000000253145e-05,perturbed_saddle,20,0.3,2101.0,,quartic,1e-05
perturbed_quartic_n20_p0.3_eps1e-05_seed2101,4V-FB,26,2,True,False,19,0.1541850463739996,0.6185064075575528,-1,-0.02918931974260497,1.1004555889541242e-21,1.9737245709309556e-13,True,False,2.9060000088065863e-05,9.280000085709617e-06,5.396000005930546e-05,perturbed_saddle,20,0.3,2101.0,,quartic,1e-05
perturbed_quartic_n20_p0.3_eps1e-05_seed2101,4V-FB,28,4,True,False,19,0.15418504698714872,0.6185064075575528,-1,-0.02918931012314796,1.1004555889541242e-21,1.973724570930954e-13,True,False,2.676000008250412e-05,9.019999879456009e-06,5.0530000180515344e-05,perturbed_saddle,20,0.3,2101.0,,quartic,1e-05
perturbed_quartic_n20_p0.3_eps1e-05_seed2101,4V-FB,32,8,True,False,19,0.15418504718122666,0.6185064075575528,-1,-0.029189307078334226,1.1004555889541242e-21,1.973724570930954e-13,True,False,2.4989999928948237e-05,9.000000090964022e-06,4.890999980489141e-05,perturbed_saddle,20,0.3,2101.0,,quartic,1e-05
perturbed_quartic_n20_p0.3_eps1e-05_seed2101,4V-FB,39,15,False,True,19,0.15418504719435572,0.6185064075575528,-1,-0.029189306872357657,1.1004555889541242e-21,1.973724570930954e-13,True,False,2.625000001899025e-05,9.309999995821272e-06,5.037999994783604e-05,perturbed_saddle,20,0.3,2101.0,,quartic,1e-05
perturbed_quartic_n20_p0.3_eps1e-05_seed2102,4V-FB,3,1,True,False,20,-4.24772503063318e-12,0.6185064075575528,-1,0.00033142670716035383,1.1004555889394544e-21,2.0299003322259134e-13,True,True,5.712999995921564e-05,1.0029999884864083e-05,8.707000006324961e-05,perturbed_saddle,20,0.3,2102.0,,quartic,1e-05
perturbed_quartic_n20_p0.3_eps1e-05_seed2102,4V-FB,25,1,True,False,19,0.15418504556225202,0.6185064075575528,-1,-0.029189332477795205,1.1004555889394544e-21,1.9737245709309596e-13,True,False,3.732999994099373e-05,9.780000027603819e-06,6.479000012404867e-05,perturbed_saddle,20,0.3,2102.0,,quartic,1e-05
perturbed_quartic_n20_p0.3_eps1e-05_seed2102,4V-FB,26,2,True,False,19,0.1541850463739956,0.6185064075575528,-1,-0.02918931974266803,1.1004555889394544e-21,1.9737245709309556e-13,True,False,2.800000015668047e-05,9.32000011744094e-06,5.304999990585202e-05,perturbed_saddle,20,0.3,2102.0,,quartic,1e-05
perturbed_quartic_n20_p0.3_eps1e-05_seed2102,4V-FB,28,4,True,False,19,0.1541850469871477,0.6185064075575528,-1,-0.029189310123163503,1.1004555889394544e-21,1.973724570930954e-13,True,False,2.4749999965933966e-05,9.030000001075678e-06,4.906000003757072e-05,perturbed_saddle,20,0.3,2102.0,,quartic,1e-05
perturbed_quartic_n20_p0.3_eps1e-05_seed2102,4V-FB,32,8,True,False,19,0.15418504718122658,0.6185064075575528,-1,-0.029189307078335114,1.1004555889394544e-21,1.973724570930954e-13,True,False,2.410999991298013e-05,9.060000138561008e-06,4.8070000048028305e-05,perturbed_saddle,20,0.3,2102.0,,quartic,1e-05
perturbed_quartic_n20_p0.3_eps1e-05_seed2102,4V-FB,39,15,False,True,19,0.15418504719435572,0.6185064075575528,-1,-0.029189306872357657,1.1004555889394544e-21,1.973724570930954e-13,True,False,2.5359999881402473e-05,9.129999853030313e-06,4.974000012225588e-05,perturbed_saddle,20,0.3,2102.0,,quartic,1e-05
perturbed_quartic_n20_p0.3_eps1e-05_seed2103,4V-FB,3,1,True,False,20,-3.714480783496079e-12,0.6185064075575528,-1,0.00033142960172138913,1.1004555889413734e-21,2.0299003322259134e-13,True,True,5.873000009160023e-05,9.849999969446799e-06,8.804999993117235e-05,perturbed_saddle,20,0.3,2103.0,,quartic,1e-05
perturbed_quartic_n20_p0.3_eps1e-05_seed2103,4V-FB,25,1,True,False,19,0.15418504556225446,0.6185064075575528,-1,-0.02918933247775657,1.1004555889413734e-21,1.9737245709309601e-13,True,False,3.830999980891647e-05,1.0030000112237758e-05,6.596000002900837e-05,perturbed_saddle,20,0.3,2103.0,,quartic,1e-05
perturbed_quartic_n20_p0.3_eps1e-05_seed2103,4V-FB,26,2,True,False,19,0.15418504637399685,0.6185064075575528,-1,-0.02918931974264849,1.1004555889413734e-21,1.9737245709309556e-13,True,False,2.8659999998126295e-05,9.39000005928392e-06,5.3689999958805856e-05,perturbed_saddle,20,0.3,2103.0,,quartic,1e-05
perturbed_quartic_n20_p0.3_eps1e-05_seed2103,4V-FB,28,4,True,False,19,0.154185046987148,0.6185064075575528,-1,-0.02918931012315884,1.1004555889413734e-21,1.9737245709309543e-13,True,False,2.627000003485591e-05,9.35999992179859e-06,5.0740000006044284e-05,perturbed_saddle,20,0.3,2103.0,,quartic,1e-05
perturbed_quartic_n20_p0.3_eps1e-05_seed2103,4V-FB,32,8,True,False,19,0.1541850471812266,0.6185064075575528,-1,-0.02918930707833467,1.1004555889413734e-21,1.973724570930954e-13,True,False,2.3589999955220264e-05,9.349999800178921e-06,4.774000012730539e-05,perturbed_saddle,20,0.3,2103.0,,quartic,1e-05
perturbed_quartic_n20_p0.3_eps1e-05_seed2103,4V-FB,39,15,False,True,19,0.15418504719435572,0.6185064075575528,-1,-0.029189306872357657,1.1004555889413734e-21,1.973724570930954e-13,True,False,2.485999993950827e-05,9.259999842470279e-06,4.9140000101033365e-05,perturbed_saddle,20,0.3,2103.0,,quartic,1e-05
perturbed_quartic_n20_p0.3_eps1e-05_seed2104,4V-FB,3,1,True,False,20,-2.7525599588812085e-12,0.6185064075575528,-1,0.00033143302692639764,1.1004555889466372e-21,2.0299003322259134e-13,True,True,5.41599999905884e-05,9.899999895424116e-06,8.327000000463158e-05,perturbed_saddle,20,0.3,2104.0,,quartic,1e-05
perturbed_quartic_n20_p0.3_eps1e-05_seed2104,4V-FB,25,1,True,False,19,0.15418504556225734,0.6185064075575528,-1,-0.029189332477711716,1.1004555889466372e-21,1.9737245709309596e-13,True,False,3.752000020540436e-05,9.510000154477893e-06,6.435999989662378e-05,perturbed_saddle,20,0.3,2104.0,,quartic,1e-05
perturbed_quartic_n20_p0.3_eps1e-05_seed2104,4V-FB,26,2,True,False,19,0.1541850463739983,0.6185064075575528,-1,-0.02918931974262584,1.1004555889466372e-21,1.9737245709309556e-13,True,False,2.8409999913492356e-05,9.180000006381306e-06,5.304999990585202e-05,perturbed_saddle,20,0.3,2104.0,,quartic,1e-05
perturbed_quartic_n20_p0.3_eps1e-05_seed2104,4V-FB,28,4,True,False,19,0.15418504698714838,0.6185064075575528,-1,-0.02918931012315329,1.1004555889466372e-21,1.973724570930954e-13,True,False,2.534999998715648e-05,8.979999847724685e-06,4.917000001114502e-05,perturbed_saddle,20,0.3,2104.0,,quartic,1e-05
perturbed_quartic_n20_p0.3_eps1e-05_seed2104,4V-FB,32,8,True,False,19,0.15418504718122664,0.6185064075575528,-1,-0.029189307078334448,1.1004555889466372e-21,1.9737245709309538e-13,True,False,2.5219999997716513e-05,9.009999985210015e-06,4.9140000101033365e-05,perturbed_saddle,20,0.3,2104.0,,quartic,1e-05
perturbed_quartic_n20_p0.3_eps1e-05_seed2104,4V-FB,39,15,False,True,19,0.15418504719435572,0.6185064075575528,-1,-0.029189306872357657,1.1004555889466372e-21,1.973724570930954e-13,True,False,2.4350000103368075e-05,9.130000080403988e-06,4.823999984182592e-05,perturbed_saddle,20,0.3,2104.0,,quartic,1e-05
perturbed_quartic_n20_p0.3_eps1e-05_seed2105,4V-FB,3,1,True,False,20,3.685986960615526e-12,0.6185064075575528,-1,0.0003314305664532391,1.1004555889425303e-21,2.029900332225914e-13,True,True,5.243000009613752e-05,9.899999895424116e-06,8.122000008370378e-05,perturbed_saddle,20,0.3,2105.0,,quartic,1e-05
perturbed_quartic_n20_p0.3_eps1e-05_seed2105,4V-FB,25,1,True,False,19,0.15418504556225526,0.6185064075575528,-1,-0.029189332477743912,1.1004555889425303e-21,1.97372457093096e-13,True,False,3.5979999893243075e-05,9.849999969446799e-06,6.286000007094117e-05,perturbed_saddle,20,0.3,2105.0,,quartic,1e-05
perturbed_quartic_n20_p0.3_eps1e-05_seed2105,4V-FB,26,2,True,False,19,0.15418504637399727,0.6185064075575528,-1,-0.02918931974264205,1.1004555889425303e-21,1.9737245709309556e-13,True,False,2.724000000853266e-05,9.379999937664252e-06,5.2310000000943546e-05,perturbed_saddle,20,0.3,2105.0,,quartic,1e-05
perturbed_quartic_n20_p0.3_eps1e-05_seed2105,4V-FB,28,4,True,False,19,0.1541850469871481,0.6185064075575528,-1,-0.029189310123157286,1.1004555889425303e-21,1.973724570930954e-13,True,False,2.4599999960628338e-05,9.030000001075678e-06,4.841999998461688e-05,perturbed_saddle,20,0.3,2105.0,,quartic,1e-05
perturbed_quartic_n20_p0.3_eps1e-05_seed2105,4V-FB,32,8,True,False,19,0.1541850471812266,0.6185064075575528,-1,-0.02918930707833467,1.1004555889425303e-21,1.973724570930954e-13,True,False,2.3829999918234535e-05,9.209999916492961e-06,4.7730000005685724e-05,perturbed_saddle,20,0.3,2105.0,,quartic,1e-05
perturbed_quartic_n20_p0.3_eps1e-05_seed2105,4V-FB,39,15,False,True,19,0.15418504719435572,0.6185064075575528,-1,-0.029189306872357657,1.1004555889425303e-21,1.973724570930954e-13,True,False,2.4710000161576318e-05,9.079999927052995e-06,4.859999990003416e-05,perturbed_saddle,20,0.3,2105.0,,quartic,1e-05
perturbed_quartic_n20_p0.5_eps1e-02_seed2101,4V-FB,5,1,True,False,20,-4.539854731728244e-07,0.5628085996530688,-1,0.00022195627816623542,5.2195719708154765e-15,2.111111111110513e-13,True,True,6.50599999971746e-05,9.64000014391786e-06,9.465000016462e-05,perturbed_saddle,20,0.5,2101.0,,quartic,0.01
perturbed_quartic_n20_p0.5_eps1e-02_seed2101,4V-FB,28,1,True,False,19,0.11553371205417824,0.5628085996530688,-1,-0.018025610170534723,5.2195719708154765e-15,2.0770700887391686e-13,True,False,4.60200001271005e-05,9.079999927052995e-06,7.302000017261889e-05,perturbed_saddle,20,0.5,2101.0,,quartic,0.01
perturbed_quartic_n20_p0.5_eps1e-02_seed2101,4V-FB,29,2,True,False,19,0.11553371337956622,0.5628085996530688,-1,-0.018025598853901315,5.2195719708154765e-15,2.077070088739163e-13,True,False,3.215000015188707e-05,8.600000001024455e-06,5.597000017587561e-05,perturbed_saddle,20,0.5,2101.0,,quartic,0.01
perturbed_quartic_n20_p0.5_eps1e-02_seed2101,4V-FB,31,4,True,False,19,0.11553371435217573,0.5628085996530688,-1,-0.01802559054941444,5.2195719708154765e-15,2.0770700887391613e-13,True,False,2.627000003485591e-05,1.6530000038983417e-05,5.747000000155822e-05,perturbed_saddle,20,0.5,2101.0,,quartic,0.01
perturbed_quartic_n20_p0.5_eps1e-02_seed2101,4V-FB,35,8,True,False,19,0.1155337146444321,0.5628085996530688,-1,-0.018025588054024766,5.2195719708154765e-15,2.0770700887391613e-13,True,False,2.5880000066536013e-05,8.50000014906982e-06,4.881000018031045e-05,perturbed_saddle,20,0.5,2101.0,,quartic,0.01
perturbed_quartic_n20_p0.5_eps1e-02_seed2101,4V-FB,41,14,False,True,19,0.11553371466234685,0.5628085996530688,-1,-0.018025587901062234,5.2195719708154765e-15,2.0770700887391613e-13,True,False,2.55500001458131e-05,8.470000011584489e-06,4.861000002165383e-05,perturbed_saddle,20,0.5,2101.0,,quartic,0.01
perturbed_quartic_n20_p0.5_eps1e-02_seed2102,4V-FB,5,1,True,False,20,-3.8999201222493895e-09,0.5628085996530688,-1,0.0002148314224768022,5.219544875014216e-15,2.1111111111111113e-13,True,True,5.276000001686043e-05,9.39000005928392e-06,8.131999993565842e-05,perturbed_saddle,20,0.5,2102.0,,quartic,0.01
perturbed_quartic_n20_p0.5_eps1e-02_seed2102,4V-FB,28,1,True,False,19,0.1155337120397312,0.5628085996530688,-1,-0.01802561029388805,5.219544875014216e-15,2.0770700887391689e-13,True,False,4.9140000101033365e-05,9.719999980006833e-06,7.755999990877172e-05,perturbed_saddle,20,0.5,2102.0,,quartic,0.01
perturbed_quartic_n20_p0.5_eps1e-02_seed2102,4V-FB,29,2,True,False,19,0.11553371337245998,0.5628085996530688,-1,-0.018025598914577223,5.219544875014216e-15,2.077070088739163e-13,True,False,3.467000010459742e-05,8.649999927001772e-06,5.998999995426857e-05,perturbed_saddle,20,0.5,2102.0,,quartic,0.01
perturbed_quartic_n20_p0.5_eps1e-02_seed2102,4V-FB,31,4,True,False,19,0.11553371435045638,0.5628085996530688,-1,-0.01802559056409425,5.219544875014216e-15,2.0770700887391618e-13,True,False,2.652000011948985e-05,8.619999789516442e-06,4.977999992661353e-05,perturbed_saddle,20,0.5,2102.0,,quartic,0.01
perturbed_quartic_n20_p0.5_eps1e-02_seed2102,4V-FB,35,8,True,False,19,0.11553371464433146,0.5628085996530688,-1,-0.01802558805488408,5.219544875014216e-15,2.0770700887391613e-13,True,False,2.463000009811367e-05,8.5299998318078e-06,4.783999997926003e-05,perturbed_saddle,20,0.5,2102.0,,quartic,0.01
perturbed_quartic_n20_p0.5_eps1e-02_seed2102,4V-FB,41,14,False,True,19,0.11553371466234544,0.5628085996530688,-1,-0.018025587901074225,5.219544875014216e-15,2.0770700887391613e-13,True,False,2.5640000103521743e-05,8.74000011208409e-06,4.89699998524884e-05,perturbed_saddle,20,0.5,2102.0,,quartic,0.01
perturbed_quartic_n20_p0.5_eps1e-02_seed2103,4V-FB,5,1,True,False,20,-6.283334954440625e-08,0.5628085996530688,-1,0.00021700931071677587,5.219548470453179e-15,2.1111111111110996e-13,True,True,6.52899998385692e-05,9.69999996414117e-06,9.501999988970056e-05,perturbed_saddle,20,0.5,2103.0,,quartic,0.01
perturbed_quartic_n20_p0.5_eps1e-02_seed2103,4V-FB,28,1,True,False,19,0.11553371204417696,0.5628085996530688,-1,-0.018025610255928637,5.219548470453179e-15,2.0770700887391686e-13,True,False,4.047000015816593e-05,9.1899999006273e-06,6.701999996039376e-05,perturbed_saddle,20,0.5,2103.0,,quartic,0.01
perturbed_quartic_n20_p0.5_eps1e-02_seed2103,4V-FB,29,2,True,False,19,0.11553371337464677,0.5628085996530688,-1,-0.018025598895905492,5.219548470453179e-15,2.077070088739163e-13,True,False,2.933999985543778e-05,8.539999953427468e-06,5.286000009618874e-05,perturbed_saddle,20,0.5,2103.0,,quartic,0.01
perturbed_quartic_n20_p0.5_eps1e-02_seed2103,4V-FB,31,4,True,False,19,0.11553371435098547,0.5628085996530688,-1,-0.018025590559576976,5.219548470453179e-15,2.0770700887391618e-13,True,False,2.5980000145864324e-05,8.55999996929313e-06,4.9530000069353264e-05,perturbed_saddle,20,0.5,2103.0,,quartic,0.01
perturbed_quartic_n20_p0.5_eps1e-02_seed2103,4V-FB,35,8,True,False,19,0.11553371464436243,0.5628085996530688,-1,-0.018025588054619845,5.219548470453179e-15,2.0770700887391613e-13,True,False,2.5660000119387405e-05,8.520000164935482e-06,4.8959999958242406e-05,perturbed_saddle,20,0.5,2103.0,,quartic,0.01
perturbed_quartic_n20_p0.5_eps1e-02_seed2103,4V-FB,41,14,False,True,19,0.11553371466234587,0.5628085996530688,-1,-0.018025587901070228,5.219548470453179e-15,2.0770700887391618e-13,True,False,2.5430000050619128e-05,8.589999879404786e-06,4.8390000074505224e-05,perturbed_saddle,20,0.5,2103.0,,quartic,0.01
perturbed_quartic_n20_p0.5_eps1e-02_seed2104,4V-FB,5,1,True,False,20,-2.2419587864385601e-07,0.5628085996530688,-1,0.00021960538366849747,5.219558178188835e-15,2.1111111111109656e-13,True,True,6.12999999702879e-05,9.409999847775907e-06,8.992999983092886e-05,perturbed_saddle,20,0.5,2104.0,,quartic,0.01
perturbed_quartic_n20_p0.5_eps1e-02_seed2104,4V-FB,28,1,True,False,19,0.11553371204944207,0.5628085996530688,-1,-0.018025610210973486,5.219558178188835e-15,2.0770700887391686e-13,True,False,3.7980000115567236e-05,9.15000009626965e-06,6.407000000763219e-05,perturbed_saddle,20,0.5,2104.0,,quartic,0.01
perturbed_quartic_n20_p0.5_eps1e-02_seed2104,4V-FB,29,2,True,False,19,0.11553371337723659,0.5628085996530688,-1,-0.018025598873792514,5.219558178188835e-15,2.077070088739163e-13,True,False,2.8850000035163248e-05,8.589999879404786e-06,5.23399999110552e-05,perturbed_saddle,20,0.5,2104.0,,quartic,0.01
perturbed_quartic_n20_p0.5_eps1e-02_seed2104,4V-FB,31,4,True,False,19,0.11553371435161207,0.5628085996530688,-1,-0.018025590554227033,5.219558178188835e-15,2.0770700887391613e-13,True,False,2.5190000087604858e-05,8.429999979853164e-06,4.777000003741705e-05,perturbed_saddle,20,0.5,2104.0,,quartic,0.01
perturbed_quartic_n20_p0.5_eps1e-02_seed2104,4V-FB,35,8,True,False,19,0.11553371464439911,0.5628085996530688,-1,-0.018025588054306763,5.219558178188835e-15,2.0770700887391613e-13,True,False,2.444999995532271e-05,8.569999863539124e-06,4.715000000032887e-05,perturbed_saddle,20,0.5,2104.0,,quartic,0.01
perturbed_quartic_n20_p0.5_eps1e-02_seed2104,4V-FB,41,14,False,True,19,0.1155337146623464,0.5628085996530688,-1,-0.01802558790106623,5.219558178188835e-15,2.0770700887391613e-13,True,False,2.4599999960628338e-05,8.449999995718827e-06,4.733999980999215e-05,perturbed_saddle,20,0.5,2104.0,,quartic,0.01
perturbed_quartic_n20_p0.5_eps1e-02_seed2105,4V-FB,5,1,True,False,20,-9.827166114439504e-08,0.5628085996530688,-1,0.00021773961290705302,5.219550603021345e-15,2.1111111111110837e-13,True,True,6.480999991254066e-05,9.350000027552596e-06,9.376000002703222e-05,perturbed_saddle,20,0.5,2105.0,,quartic,0.01
perturbed_quartic_n20_p0.5_eps1e-02_seed2105,4V-FB,28,1,True,False,19,0.11553371204566185,0.5628085996530688,-1,-0.018025610243250334,5.219550603021345e-15,2.0770700887391686e-13,True,False,3.819000016846985e-05,9.009999985210015e-06,6.361000009746931e-05,perturbed_saddle,20,0.5,2105.0,,quartic,0.01
perturbed_quartic_n20_p0.5_eps1e-02_seed2105,4V-FB,29,2,True,False,19,0.11553371337537716,0.5628085996530688,-1,-0.018025598889668704,5.219550603021345e-15,2.0770700887391636e-13,True,False,2.795999989757547e-05,8.38999994812184e-06,5.100999987917021e-05,perturbed_saddle,20,0.5,2105.0,,quartic,0.01
perturbed_quartic_n20_p0.5_eps1e-02_seed2105,4V-FB,31,4,True,False,19,0.11553371435116219,0.5628085996530688,-1,-0.01802559055806796,5.219550603021345e-15,2.0770700887391618e-13,True,False,2.4570000050516683e-05,8.409999963987502e-06,4.725999997390318e-05,perturbed_saddle,20,0.5,2105.0,,quartic,0.01
perturbed_quartic_n20_p0.5_eps1e-02_seed2105,4V-FB,35,8,True,False,19,0.11553371464437279,0.5628085996530688,-1,-0.01802558805453147,5.219550603021345e-15,2.0770700887391613e-13,True,False,2.3870000177339534e-05,8.32000000627886e-06,4.656999999497202e-05,perturbed_saddle,20,0.5,2105.0,,quartic,0.01
perturbed_quartic_n20_p0.5_eps1e-02_seed2105,4V-FB,41,14,False,True,19,0.11553371466234602,0.5628085996530688,-1,-0.01802558790106934,5.219550603021345e-15,2.0770700887391613e-13,True,False,2.4899999971239595e-05,8.400000069741509e-06,4.763999982060341e-05,perturbed_saddle,20,0.5,2105.0,,quartic,0.01
perturbed_quartic_n20_p0.5_eps1e-03_seed2101,4V-FB,4,1,True,False,20,-4.559075013075607e-09,0.5628085996530688,-1,0.0002148896858629179,5.219716065206626e-15,2.1111111111111113e-13,True,True,5.372000009629119e-05,1.9210000118619064e-05,9.222000016961829e-05,perturbed_saddle,20,0.5,2101.0,,quartic,0.001
perturbed_quartic_n20_p0.5_eps1e-03_seed2101,4V-FB,27,1,True,False,19,0.11553371203985048,0.5628085996530688,-1,-0.018025610292869754,5.219716065206626e-15,2.0770700887391689e-13,True,False,3.827999989880482e-05,9.149999868895975e-06,6.4780000002429e-05,perturbed_saddle,20,0.5,2101.0,,quartic,0.001
perturbed_quartic_n20_p0.5_eps1e-03_seed2101,4V-FB,28,2,True,False,19,0.11553371337251865,0.5628085996530688,-1,-0.018025598914075847,5.219716065206626e-15,2.0770700887391636e-13,True,False,2.9679999897780363e-05,8.839999964038725e-06,5.390000001170847e-05,perturbed_saddle,20,0.5,2101.0,,quartic,0.001
perturbed_quartic_n20_p0.5_eps1e-03_seed2101,4V-FB,30,4,True,False,19,0.11553371435047058,0.5628085996530688,-1,-0.01802559056397346,5.219716065206626e-15,2.0770700887391613e-13,True,False,2.5370000003022142e-05,8.470000011584489e-06,4.8619999915899825e-05,perturbed_saddle,20,0.5,2101.0,,quartic,0.001
perturbed_quartic_n20_p0.5_eps1e-03_seed2101,4V-FB,34,8,True,False,19,0.11553371464433229,0.5628085996530688,-1,-0.018025588054876973,5.219716065206626e-15,2.0770700887391613e-13,True,False,2.5609999966036412e-05,8.520000164935482e-06,4.891999992651108e-05,perturbed_saddle,20,0.5,2101.0,,quartic,0.001
perturbed_quartic_n20_p0.5_eps1e-03_seed2101,4V-FB,40,14,False,True,19,0.11553371466234544,0.5628085996530688,-1,-0.018025587901074225,5.219716065206626e-15,2.0770700887391613e-13,True,False,2.5430000050619128e-05,8.340000022144523e-06,4.799999987881165e-05,perturbed_saddle,20,0.5,2101.0,,quartic,0.001
perturbed_quartic_n20_p0.5_eps1e-03_seed2102,4V-FB,4,1,True,False,20,-6.71896943242255e-11,0.5628085996530688,-1,0.00021418554962604475,5.219715794235327e-15,2.1111111111111113e-13,True,True,5.2519999826472485e-05,1.9110000039290753e-05,9.02300000689138e-05,perturbed_saddle,20,0.5,2102.0,,quartic,0.001
perturbed_quartic_n20_p0.5_eps1e-03_seed2102,4V-FB,27,1,True,False,19,0.11553371203840765,0.5628085996530688,-1,-0.018025610305189232,5.219715794235327e-15,2.0770700887391689e-13,True,False,3.758999991987366e-05,9.05000001694134e-06,6.344000007629802e-05,perturbed_saddle,20,0.5,2102.0,,quartic,0.001
perturbed_quartic_n20_p0.5_eps1e-03_seed2102,4V-FB,28,2,True,False,19,0.11553371337180894,0.5628085996530688,-1,-0.018025598920135888,5.219715794235327e-15,2.077070088739163e-13,True,False,2.8899999961140566e-05,8.900000011635711e-06,5.303000011736003e-05,perturbed_saddle,20,0.5,2102.0,,quartic,0.001
perturbed_quartic_n20_p0.5_eps1e-03_seed2102,4V-FB,30,4,True,False,19,0.11553371435029887,0.5628085996530688,-1,-0.018025590565439398,5.219715794235327e-15,2.0770700887391618e-13,True,False,2.5309999955425155e-05,8.579999985158793e-06,4.843000010623655e-05,perturbed_saddle,20,0.5,2102.0,,quartic,0.001
perturbed_quartic_n20_p0.5_eps1e-03_seed2102,4V-FB,34,8,True,False,19,0.11553371464432224,0.5628085996530688,-1,-0.018025588054963126,5.219715794235327e-15,2.0770700887391613e-13,True,False,2.5780000214581378e-05,8.32000000627886e-06,4.8719999995228136e-05,perturbed_saddle,20,0.5,2102.0,,quartic,0.001
perturbed_quartic_n20_p0.5_eps1e-03_seed2102,4V-FB,40,14,False,True,19,0.1155337146623453,0.5628085996530688,-1,-0.018025587901075557,5.219715794235327e-15,2.0770700887391613e-13,True,False,2.4780000103419297e-05,8.630000138509786e-06,4.802000012205099e-05,perturbed_saddle,20,0.5,2102.0,,quartic,0.001
perturbed_quartic_n20_p0.5_eps1e-03_seed2103,4V-FB,4,1,True,False,20,-6.52597142077733e-10,0.5628085996530688,-1,0.00021440224885171943,5.219715829764743e-15,2.1111111111111108e-13,True,True,5.3669999942940194e-05,9.4600000011269e-06,8.256000000983477e-05,perturbed_saddle,20,0.5,2103.0,,quartic,0.001
perturbed_quartic_n20_p0.5_eps1e-03_seed2103,4V-FB,27,1,True,False,19,0.11553371203885199,0.5628085996530688,-1,-0.018025610301395822,5.219715829764743e-15,2.0770700887391686e-13,True,False,3.6949999866919825e-05,8.929999921747367e-06,6.269000004976988e-05,perturbed_saddle,20,0.5,2103.0,,quartic,0.001
perturbed_quartic_n20_p0.5_eps1e-03_seed2103,4V-FB,28,2,True,False,19,0.1155337133720275,0.5628085996530688,-1,-0.01802559891826938,5.219715829764743e-15,2.077070088739163e-13,True,False,2.8680000013991958e-05,8.600000001024455e-06,5.23399999110552e-05,perturbed_saddle,20,0.5,2103.0,,quartic,0.001
perturbed_quartic_n20_p0.5_eps1e-03_seed2103,4V-FB,30,4,True,False,19,0.11553371435035176,0.5628085996530688,-1,-0.018025590564988647,5.219715829764743e-15,2.0770700887391613e-13,True,False,2.5580000055924756e-05,8.380000053875847e-06,4.841999998461688e-05,perturbed_saddle,20,0.5,2103.0,,quartic,0.001
perturbed_quartic_n20_p0.5_eps1e-03_seed2103,4V-FB,34,8,True,False,19,0.11553371464432534,0.5628085996530688,-1,-0.01802558805493648,5.219715829764743e-15,2.0770700887391613e-13,True,False,2.5260000029447838e-05,8.690000186106772e-06,4.843000010623655e-05,perturbed_saddle,20,0.5,2103.0,,quartic,0.001
perturbed_quartic_n20_p0.5_eps1e-03_seed2103,4V-FB,40,14,False,True,19,0.11553371466234535,0.5628085996530688,-1,-0.01802558790107467,5.219715829764743e-15,2.0770700887391618e-13,True,False,2.4189999976442778e-05,8.530000059181475e-06,4.704999992100056e-05,perturbed_saddle,20,0.5,2103.0,,quartic,0.001
perturbed_quartic_n20_p0.5_eps1e-03_seed2104,4V-FB,4,1,True,False,20,-2.2587714068818404e-09,0.5628085996530688,-1,0.00021465886656857336,5.2197159269078714e-15,2.1111111111111113e-13,True,True,5.1880000000892323e-05,9.520000048723887e-06,8.081999999376421e-05,perturbed_saddle,20,0.5,2104.0,,quartic,0.001
perturbed_quartic_n20_p0.5_eps1e-03_seed2104,4V-FB,27,1,True,False,19,0.11553371203937782,0.5628085996530688,-1,-0.018025610296905636,5.2197159269078714e-15,2.0770700887391686e-13,True,False,3.6879999925076845e-05,8.979999847724685e-06,6.31200000498211e-05,perturbed_saddle,20,0.5,2104.0,,quartic,0.001
perturbed_quartic_n20_p0.5_eps1e-03_seed2104,4V-FB,28,2,True,False,19,0.11553371337228616,0.5628085996530688,-1,-0.01802559891606137,5.2197159269078714e-15,2.077070088739163e-13,True,False,2.77199999345612e-05,8.510000043315813e-06,5.1149999990229844e-05,perturbed_saddle,20,0.5,2104.0,,quartic,0.001
perturbed_quartic_n20_p0.5_eps1e-03_seed2104,4V-FB,30,4,True,False,19,0.11553371435041433,0.5628085996530688,-1,-0.01802559056445352,5.2197159269078714e-15,2.0770700887391618e-13,True,False,2.456000015627069e-05,8.5299998318078e-06,4.777999993166304e-05,perturbed_saddle,20,0.5,2104.0,,quartic,0.001
perturbed_quartic_n20_p0.5_eps1e-03_seed2104,4V-FB,34,8,True,False,19,0.115533714644329,0.5628085996530688,-1,-0.018025588054905395,5.2197159269078714e-15,2.0770700887391613e-13,True,False,2.569000002949906e-05,8.549999847673462e-06,4.893000004813075e-05,perturbed_saddle,20,0.5,2104.0,,quartic,0.001
perturbed_quartic_n20_p0.5_eps1e-03_seed2104,4V-FB,40,14,False,True,19,0.1155337146623454,0.5628085996530688,-1,-0.01802558790107467,5.2197159269078714e-15,2.0770700887391613e-13,True,False,3.09800000195537e-05,8.640000032755779e-06,5.433999990600569e-05,perturbed_saddle,20,0.5,2104.0,,quartic,0.001
perturbed_quartic_n20_p0.5_eps1e-03_seed2105,4V-FB,4,1,True,False,20,-9.576142317617299e-10,0.5628085996530688,-1,0.00021447461913393084,5.219715851115865e-15,2.1111111111111108e-13,True,True,5.200999999033229e-05,9.66999982665584e-06,8.083000011538388e-05,perturbed_saddle,20,0.5,2105.0,,quartic,0.001
perturbed_quartic_n20_p0.5_eps1e-03_seed2105,4V-FB,27,1,True,False,19,0.11553371203900033,0.5628085996530688,-1,-0.018025610300128392,5.219715851115865e-15,2.0770700887391689e-13,True,False,3.620000006776536e-05,9.000000090964022e-06,6.198999994921905e-05,perturbed_saddle,20,0.5,2105.0,,quartic,0.001
perturbed_quartic_n20_p0.5_eps1e-03_seed2105,4V-FB,28,2,True,False,19,0.11553371337210047,0.5628085996530688,-1,-0.018025598917646324,5.219715851115865e-15,2.0770700887391636e-13,True,False,2.7809999892269843e-05,8.429999979853164e-06,5.14500000008411e-05,perturbed_saddle,20,0.5,2105.0,,quartic,0.001
perturbed_quartic_n20_p0.5_eps1e-03_seed2105,4V-FB,30,4,True,False,19,0.11553371435036941,0.5628085996530688,-1,-0.018025590564837657,5.219715851115865e-15,2.0770700887391613e-13,True,False,2.5479999976596446e-05,8.689999958733097e-06,4.8789999937071116e-05,perturbed_saddle,20,0.5,2105.0,,quartic,0.001
perturbed_quartic_n20_p0.5_eps1e-03_seed2105,4V-FB,34,8,True,False,19,0.11553371464432637,0.5628085996530688,-1,-0.018025588054927155,5.219715851115865e-15,2.0770700887391618e-13,True,False,2.4120000034599798e-05,8.460000117338495e-06,4.712999998446321e-05,perturbed_saddle,20,0.5,2105.0,,quartic,0.001
perturbed_quartic_n20_p0.5_eps1e-03_seed2105,4V-FB,40,14,False,True,19,0.11553371466234535,0.5628085996530688,-1,-0.01802558790107467,5.219715851115865e-15,2.0770700887391618e-13,True,False,2.4739999844314298e-05,8.38999994812184e-06,4.7730000005685724e-05,perturbed_saddle,20,0.5,2105.0,,quartic,0.001
perturbed_quartic_n20_p0.5_eps1e-04_seed2101,4V-FB,3,1,True,False,20,-8.023203453451694e-11,0.5628085996530688,-1,0.00021419136547295992,5.219717505935706e-15,2.1111111111111108e-13,True,True,5.162000002201239e-05,9.28999997995561e-06,7.989000005181879e-05,perturbed_saddle,20,0.5,2101.0,,quartic,0.0001
perturbed_quartic_n20_p0.5_eps1e-04_seed2101,4V-FB,26,1,True,False,19,0.11553371203841957,0.5628085996530688,-1,-0.01802561030508798,5.219717505935706e-15,2.0770700887391686e-13,True,False,3.5819999993691454e-05,8.900000011635711e-06,6.167999981698813e-05,perturbed_saddle,20,0.5,2101.0,,quartic,0.0001
perturbed_quartic_n20_p0.5_eps1e-04_seed2101,4V-FB,27,2,True,False,19,0.11553371337181481,0.5628085996530688,-1,-0.018025598920085706,5.219717505935706e-15,2.077070088739163e-13,True,False,2.764999999271822e-05,8.429999979853164e-06,5.0690000080066966e-05,perturbed_saddle,20,0.5,2101.0,,quartic,0.0001
perturbed_quartic_n20_p0.5_eps1e-04_seed2101,4V-FB,29,4,True,False,19,0.11553371435030028,0.5628085996530688,-1,-0.01802559056542785,5.219717505935706e-15,2.0770700887391613e-13,True,False,2.4779999876045622e-05,8.380000053875847e-06,4.750000016429112e-05,perturbed_saddle,20,0.5,2101.0,,quartic,0.0001
perturbed_quartic_n20_p0.5_eps1e-04_seed2101,4V-FB,33,8,True,False,19,0.11553371464432233,0.5628085996530688,-1,-0.018025588054962238,5.219717505935706e-15,2.0770700887391613e-13,True,False,2.5159999950119527e-05,8.479999905830482e-06,4.782000019076804e-05,perturbed_saddle,20,0.5,2101.0,,quartic,0.0001
perturbed_quartic_n20_p0.5_eps1e-04_seed2101,4V-FB,39,14,False,True,19,0.1155337146623453,0.5628085996530688,-1,-0.018025587901075557,5.219717505935706e-15,2.0770700887391613e-13,True,False,2.3810000129742548e-05,8.420000085607171e-06,4.663000004256901e-05,perturbed_saddle,20,0.5,2101.0,,quartic,0.0001
perturbed_quartic_n20_p0.5_eps1e-04_seed2102,4V-FB,3,1,True,False,20,-5.1102567074111414e-11,0.5628085996530688,-1,0.00021412103745310773,5.219717503225998e-15,2.1111111111111108e-13,True,True,5.1180000127715175e-05,9.159999990515644e-06,7.87799999670824e-05,perturbed_saddle,20,0.5,2102.0,,quartic,0.0001
perturbed_quartic_n20_p0.5_eps1e-04_seed2102,4V-FB,26,1,True,False,19,0.11553371203827531,0.5628085996530688,-1,-0.018025610306318995,5.219717503225998e-15,2.0770700887391689e-13,True,False,3.6290000025474e-05,9.079999927052995e-06,6.199999984346505e-05,perturbed_saddle,20,0.5,2102.0,,quartic,0.0001
perturbed_quartic_n20_p0.5_eps1e-04_seed2102,4V-FB,27,2,True,False,19,0.11553371337174385,0.5628085996530688,-1,-0.018025598920691444,5.219717503225998e-15,2.0770700887391636e-13,True,False,2.7820000013889512e-05,8.449999995718827e-06,5.151999994268408e-05,perturbed_saddle,20,0.5,2102.0,,quartic,0.0001
perturbed_quartic_n20_p0.5_eps1e-04_seed2102,4V-FB,29,4,True,False,19,0.11553371435028312,0.5628085996530688,-1,-0.0180255905655744,5.219717503225998e-15,2.0770700887391613e-13,True,False,2.6349999870944885e-05,8.449999995718827e-06,4.949000003762194e-05,perturbed_saddle,20,0.5,2102.0,,quartic,0.0001
perturbed_quartic_n20_p0.5_eps1e-04_seed2102,4V-FB,33,8,True,False,19,0.11553371464432131,0.5628085996530688,-1,-0.01802558805497112,5.219717503225998e-15,2.0770700887391613e-13,True,False,2.4950000124590588e-05,8.429999979853164e-06,4.770999998982006e-05,perturbed_saddle,20,0.5,2102.0,,quartic,0.0001
perturbed_quartic_n20_p0.5_eps1e-04_seed2102,4V-FB,39,14,False,True,19,0.11553371466234529,0.5628085996530688,-1,-0.018025587901075557,5.219717503225998e-15,2.0770700887391613e-13,True,False,2.4819999907776946e-05,8.32000000627886e-06,4.7730000005685724e-05,perturbed_saddle,20,0.5,2102.0,,quartic,0.0001
perturbed_quartic_n20_p0.5_eps1e-04_seed2103,4V-FB,3,1,True,False,20,-4.99489497177538e-11,0.5628085996530688,-1,0.00021414269532149532,5.2197175035808645e-15,2.1111111111111113e-13,True,True,5.170999997972103e-05,9.280000085709617e-06,8.01099999989674e-05,perturbed_saddle,20,0.5,2103.0,,quartic,0.0001
perturbed_quartic_n20_p0.5_eps1e-04_seed2103,4V-FB,26,1,True,False,19,0.11553371203831973,0.5628085996530688,-1,-0.018025610305940187,5.2197175035808645e-15,2.0770700887391686e-13,True,False,3.592999996726576e-05,8.969999953478691e-06,6.178000012369012e-05,perturbed_saddle,20,0.5,2103.0,,quartic,0.0001
perturbed_quartic_n20_p0.5_eps1e-04_seed2103,4V-FB,27,2,True,False,19,0.11553371337176571,0.5628085996530688,-1,-0.018025598920504926,5.2197175035808645e-15,2.077070088739163e-13,True,False,2.7499999987412593e-05,8.540000180801144e-06,5.108999994263286e-05,perturbed_saddle,20,0.5,2103.0,,quartic,0.0001
perturbed_quartic_n20_p0.5_eps1e-04_seed2103,4V-FB,29,4,True,False,19,0.1155337143502884,0.5628085996530688,-1,-0.01802559056552866,5.2197175035808645e-15,2.0770700887391618e-13,True,False,2.5590000177544425e-05,8.460000117338495e-06,4.8900000138019095e-05,perturbed_saddle,20,0.5,2103.0,,quartic,0.0001
perturbed_quartic_n20_p0.5_eps1e-04_seed2103,4V-FB,33,8,True,False,19,0.11553371464432163,0.5628085996530688,-1,-0.01802558805496801,5.2197175035808645e-15,2.0770700887391618e-13,True,False,2.420999999230844e-05,8.400000069741509e-06,4.71900000320602e-05,perturbed_saddle,20,0.5,2103.0,,quartic,0.0001
perturbed_quartic_n20_p0.5_eps1e-04_seed2103,4V-FB,39,14,False,True,19,0.1155337146623453,0.5628085996530688,-1,-0.018025587901075557,5.2197175035808645e-15,2.0770700887391613e-13,True,False,2.4429999939457048e-05,8.370000159629853e-06,4.723000006379152e-05,perturbed_saddle,20,0.5,2103.0,,quartic,0.0001
perturbed_quartic_n20_p0.5_eps1e-04_seed2104,4V-FB,3,1,True,False,20,-5.274282547564934e-11,0.5628085996530688,-1,0.0002141683251162263,5.219717504552352e-15,2.1111111111111113e-13,True,True,5.199999986871262e-05,9.639999916544184e-06,8.084000000962988e-05,perturbed_saddle,20,0.5,2104.0,,quartic,0.0001
perturbed_quartic_n20_p0.5_eps1e-04_seed2104,4V-FB,26,1,True,False,19,0.11553371203837232,0.5628085996530688,-1,-0.01802561030549077,5.219717504552352e-15,2.0770700887391689e-13,True,False,3.6740000041390886e-05,9.090000048672664e-06,6.265000001803855e-05,perturbed_saddle,20,0.5,2104.0,,quartic,0.0001
perturbed_quartic_n20_p0.5_eps1e-04_seed2104,4V-FB,27,2,True,False,19,0.11553371337179157,0.5628085996530688,-1,-0.018025598920284214,5.219717504552352e-15,2.077070088739163e-13,True,False,2.829000004567206e-05,8.510000043315813e-06,5.19499999427353e-05,perturbed_saddle,20,0.5,2104.0,,quartic,0.0001
perturbed_quartic_n20_p0.5_eps1e-04_seed2104,4V-FB,29,4,True,False,19,0.11553371435029466,0.5628085996530688,-1,-0.01802559056547537,5.219717504552352e-15,2.0770700887391613e-13,True,False,2.4950000124590588e-05,8.790000038061407e-06,4.8299999889422907e-05,perturbed_saddle,20,0.5,2104.0,,quartic,0.0001
perturbed_quartic_n20_p0.5_eps1e-04_seed2104,4V-FB,33,8,True,False,19,0.115533714644322,0.5628085996530688,-1,-0.01802558805496446,5.219717504552352e-15,2.0770700887391618e-13,True,False,2.552000000832777e-05,8.489999800076475e-06,4.8730000116847805e-05,perturbed_saddle,20,0.5,2104.0,,quartic,0.0001
perturbed_quartic_n20_p0.5_eps1e-04_seed2104,4V-FB,39,14,False,True,19,0.1155337146623453,0.5628085996530688,-1,-0.018025587901075557,5.219717504552352e-15,2.0770700887391613e-13,True,False,2.531999984967115e-05,8.539999953427468e-06,4.85100001696992e-05,perturbed_saddle,20,0.5,2104.0,,quartic,0.0001
perturbed_quartic_n20_p0.5_eps1e-04_seed2105,4V-FB,3,1,True,False,20,3.534311861341505e-11,0.5628085996530688,-1,0.0002141499108114786,5.219717503794398e-15,2.1111111111111113e-13,True,True,5.271999998512911e-05,9.500000032858225e-06,8.144000003085239e-05,perturbed_saddle,20,0.5,2105.0,,quartic,0.0001
perturbed_quartic_n20_p0.5_eps1e-04_seed2105,4V-FB,26,1,True,False,19,0.11553371203833457,0.5628085996530688,-1,-0.018025610305812734,5.219717503794398e-15,2.0770700887391689e-13,True,False,3.688000015245052e-05,9.070000032807002e-06,6.245000008675561e-05,perturbed_saddle,20,0.5,2105.0,,quartic,0.0001
perturbed_quartic_n20_p0.5_eps1e-04_seed2105,4V-FB,27,2,True,False,19,0.11553371337177301,0.5628085996530688,-1,-0.018025598920442754,5.219717503794398e-15,2.077070088739163e-13,True,False,2.8370000109134708e-05,8.5700000909128e-06,5.185000009078067e-05,perturbed_saddle,20,0.5,2105.0,,quartic,0.0001
perturbed_quartic_n20_p0.5_eps1e-04_seed2105,4V-FB,29,4,True,False,19,0.11553371435029017,0.5628085996530688,-1,-0.018025590565514005,5.219717503794398e-15,2.0770700887391613e-13,True,False,2.6610000077198492e-05,8.350000143764191e-06,4.936999994242797e-05,perturbed_saddle,20,0.5,2105.0,,quartic,0.0001
perturbed_quartic_n20_p0.5_eps1e-04_seed2105,4V-FB,33,8,True,False,19,0.11553371464432173,0.5628085996530688,-1,-0.018025588054967567,5.219717503794398e-15,2.0770700887391613e-13,True,False,2.541999992899946e-05,8.55999996929313e-06,4.838000018025923e-05,perturbed_saddle,20,0.5,2105.0,,quartic,0.0001
perturbed_quartic_n20_p0.5_eps1e-04_seed2105,4V-FB,39,14,False,True,19,0.1155337146623453,0.5628085996530688,-1,-0.018025587901075557,5.219717503794398e-15,2.0770700887391613e-13,True,False,2.476999998179963e-05,8.650000154375448e-06,4.768000007970841e-05,perturbed_saddle,20,0.5,2105.0,,quartic,0.0001
perturbed_quartic_n20_p0.5_eps1e-05_seed2101,4V-FB,3,1,True,False,20,-3.93762986316189e-12,0.5628085996530688,-1,0.00021412161033085297,5.219717520342775e-15,2.1111111111111108e-13,True,True,5.19499999427353e-05,9.580000096320873e-06,8.078999985627888e-05,perturbed_saddle,20,0.5,2101.0,,quartic,1e-05
perturbed_quartic_n20_p0.5_eps1e-05_seed2101,4V-FB,26,1,True,False,19,0.1155337120382765,0.5628085996530688,-1,-0.01802561030630878,5.219717520342775e-15,2.0770700887391689e-13,True,False,3.6299999919719994e-05,8.940000043367036e-06,6.222999991223332e-05,perturbed_saddle,20,0.5,2101.0,,quartic,1e-05
perturbed_quartic_n20_p0.5_eps1e-05_seed2101,4V-FB,27,2,True,False,19,0.11553371337174444,0.5628085996530688,-1,-0.01802559892068656,5.219717520342775e-15,2.077070088739163e-13,True,False,2.818999996634375e-05,8.530000059181475e-06,5.153000006430375e-05,perturbed_saddle,20,0.5,2101.0,,quartic,1e-05
perturbed_quartic_n20_p0.5_eps1e-05_seed2101,4V-FB,29,4,True,False,19,0.11553371435028326,0.5628085996530688,-1,-0.01802559056557307,5.219717520342775e-15,2.0770700887391613e-13,True,False,2.478999999766529e-05,8.309999884659192e-06,4.7420000100828474e-05,perturbed_saddle,20,0.5,2101.0,,quartic,1e-05
perturbed_quartic_n20_p0.5_eps1e-05_seed2101,4V-FB,33,8,True,False,19,0.11553371464432133,0.5628085996530688,-1,-0.018025588054970676,5.219717520342775e-15,2.0770700887391613e-13,True,False,2.582999991318502e-05,8.38999994812184e-06,4.849999982070585e-05,perturbed_saddle,20,0.5,2101.0,,quartic,1e-05
perturbed_quartic_n20_p0.5_eps1e-05_seed2101,4V-FB,39,14,False,True,19,0.11553371466234529,0.5628085996530688,-1,-0.018025587901075557,5.219717520342775e-15,2.0770700887391613e-13,True,False,3.0030000061742612e-05,8.499999921696144e-06,5.3120000075068674e-05,perturbed_saddle,20,0.5,2101.0,,quartic,1e-05
perturbed_quartic_n20_p0.5_eps1e-05_seed2102,4V-FB,3,1,True,False,20,-5.075308227073369e-12,0.5628085996530688,-1,0.00021411457835718295,5.219717520315674e-15,2.1111111111111108e-13,True,True,5.127999997966981e-05,9.28999997995561e-06,7.952999999361055e-05,perturbed_saddle,20,0.5,2102.0,,quartic,1e-05
perturbed_quartic_n20_p0.5_eps1e-05_seed2102,4V-FB,26,1,True,False,19,0.11553371203826207,0.5628085996530688,-1,-0.018025610306432682,5.219717520315674e-15,2.0770700887391686e-13,True,False,3.594999998313142e-05,9.05000001694134e-06,6.192999990162207e-05,perturbed_saddle,20,0.5,2102.0,,quartic,1e-05
perturbed_quartic_n20_p0.5_eps1e-05_seed2102,4V-FB,27,2,True,False,19,0.11553371337173735,0.5628085996530688,-1,-0.018025598920746955,5.219717520315674e-15,2.077070088739163e-13,True,False,3.431000004638918e-05,8.620000016890117e-06,5.816999987473537e-05,perturbed_saddle,20,0.5,2102.0,,quartic,1e-05
perturbed_quartic_n20_p0.5_eps1e-05_seed2102,4V-FB,29,4,True,False,19,0.11553371435028155,0.5628085996530688,-1,-0.01802559056558728,5.219717520315674e-15,2.0770700887391618e-13,True,False,2.6120000029550283e-05,8.549999847673462e-06,4.9239999952988e-05,perturbed_saddle,20,0.5,2102.0,,quartic,1e-05
perturbed_quartic_n20_p0.5_eps1e-05_seed2102,4V-FB,33,8,True,False,19,0.11553371464432123,0.5628085996530688,-1,-0.018025588054971564,5.219717520315674e-15,2.0770700887391613e-13,True,False,2.4559999928897014e-05,8.510000043315813e-06,4.766999995808874e-05,perturbed_saddle,20,0.5,2102.0,,quartic,1e-05
perturbed_quartic_n20_p0.5_eps1e-05_seed2102,4V-FB,39,14,False,True,19,0.11553371466234529,0.5628085996530688,-1,-0.018025587901075557,5.219717520315674e-15,2.0770700887391613e-13,True,False,2.5049999976545223e-05,8.38999994812184e-06,4.7960000074454e-05,perturbed_saddle,20,0.5,2102.0,,quartic,1e-05
perturbed_quartic_n20_p0.5_eps1e-05_seed2103,4V-FB,3,1,True,False,20,-4.429538614833665e-12,0.5628085996530688,-1,0.0002141167440359304,5.219717520319217e-15,2.1111111111111113e-13,True,True,5.334000002221728e-05,9.15000009626965e-06,8.163999996213533e-05,perturbed_saddle,20,0.5,2103.0,,quartic,1e-05
perturbed_quartic_n20_p0.5_eps1e-05_seed2103,4V-FB,26,1,True,False,19,0.11553371203826651,0.5628085996530688,-1,-0.01802561030639449,5.219717520319217e-15,2.0770700887391686e-13,True,False,3.690000016831618e-05,9.110000064538326e-06,6.311000015557511e-05,perturbed_saddle,20,0.5,2103.0,,quartic,1e-05
perturbed_quartic_n20_p0.5_eps1e-05_seed2103,4V-FB,27,2,True,False,19,0.11553371337173952,0.5628085996530688,-1,-0.018025598920728303,5.219717520319217e-15,2.077070088739163e-13,True,False,2.8609999844775302e-05,8.49000002745015e-06,5.267999995339778e-05,perturbed_saddle,20,0.5,2103.0,,quartic,1e-05
perturbed_quartic_n20_p0.5_eps1e-05_seed2103,4V-FB,29,4,True,False,19,0.11553371435028208,0.5628085996530688,-1,-0.01802559056558284,5.219717520319217e-15,2.0770700887391618e-13,True,False,2.5889999960782006e-05,8.479999905830482e-06,4.904999991595105e-05,perturbed_saddle,20,0.5,2103.0,,quartic,1e-05
perturbed_quartic_n20_p0.5_eps1e-05_seed2103,4V-FB,33,8,True,False,19,0.11553371464432126,0.5628085996530688,-1,-0.01802558805497112,5.219717520319217e-15,2.0770700887391618e-13,True,False,2.5849999929050682e-05,8.539999953427468e-06,4.9269999863099656e-05,perturbed_saddle,20,0.5,2103.0,,quartic,1e-05
perturbed_quartic_n20_p0.5_eps1e-05_seed2103,4V-FB,39,14,False,True,19,0.11553371466234529,0.5628085996530688,-1,-0.018025587901075557,5.219717520319217e-15,2.0770700887391613e-13,True,False,3.0390000119950855e-05,8.590000106778461e-06,5.370999997467152e-05,perturbed_saddle,20,0.5,2103.0,,quartic,1e-05
perturbed_quartic_n20_p0.5_eps1e-05_seed2104,4V-FB,3,1,True,False,20,-3.2566832764915707e-12,0.5628085996530688,-1,0.00021411930671844104,5.219717520328933e-15,2.1111111111111118e-13,True,True,5.381000005399983e-05,9.549999958835542e-06,8.23200000468205e-05,perturbed_saddle,20,0.5,2104.0,,quartic,1e-05
perturbed_quartic_n20_p0.5_eps1e-05_seed2104,4V-FB,26,1,True,False,19,0.11553371203827177,0.5628085996530688,-1,-0.018025610306349638,5.219717520328933e-15,2.0770700887391686e-13,True,False,3.7300000030882074e-05,9.450000106880907e-06,6.383999993886391e-05,perturbed_saddle,20,0.5,2104.0,,quartic,1e-05
perturbed_quartic_n20_p0.5_eps1e-05_seed2104,4V-FB,27,2,True,False,19,0.11553371337174212,0.5628085996530688,-1,-0.018025598920706543,5.219717520328933e-15,2.077070088739163e-13,True,False,2.8110000130254775e-05,8.689999958733097e-06,5.2050000022063614e-05,perturbed_saddle,20,0.5,2104.0,,quartic,1e-05
perturbed_quartic_n20_p0.5_eps1e-05_seed2104,4V-FB,29,4,True,False,19,0.1155337143502827,0.5628085996530688,-1,-0.01802559056557751,5.219717520328933e-15,2.0770700887391613e-13,True,False,2.511000002414221e-05,8.680000064487103e-06,4.828999999517691e-05,perturbed_saddle,20,0.5,2104.0,,quartic,1e-05
perturbed_quartic_n20_p0.5_eps1e-05_seed2104,4V-FB,33,8,True,False,19,0.1155337146443213,0.5628085996530688,-1,-0.018025588054970676,5.219717520328933e-15,2.0770700887391613e-13,True,False,2.52800000453135e-05,8.960000059232698e-06,4.91200000851677e-05,perturbed_saddle,20,0.5,2104.0,,quartic,1e-05
perturbed_quartic_n20_p0.5_eps1e-05_seed2104,4V-FB,39,14,False,True,19,0.11553371466234529,0.5628085996530688,-1,-0.018025587901075557,5.219717520328933e-15,2.0770700887391613e-13,True,False,2.436999989186006e-05,8.5700000909128e-06,4.7409999979208806e-05,perturbed_saddle,20,0.5,2104.0,,quartic,1e-05
perturbed_quartic_n20_p0.5_eps1e-05_seed2105,4V-FB,3,1,True,False,20,4.4188736150682615e-12,0.5628085996530688,-1,0.0002141174655201361,5.219717520321348e-15,2.1111111111111113e-13,True,True,5.561000011766737e-05,9.560000080455211e-06,8.434999995188264e-05,perturbed_saddle,20,0.5,2105.0,,quartic,1e-05
perturbed_quartic_n20_p0.5_eps1e-05_seed2105,4V-FB,26,1,True,False,19,0.11553371203826801,0.5628085996530688,-1,-0.018025610306381168,5.219717520321348e-15,2.0770700887391689e-13,True,False,4.020000005766633e-05,9.070000032807002e-06,6.641000004492525e-05,perturbed_saddle,20,0.5,2105.0,,quartic,1e-05
perturbed_quartic_n20_p0.5_eps1e-05_seed2105,4V-FB,27,2,True,False,19,0.11553371337174026,0.5628085996530688,-1,-0.018025598920722086,5.219717520321348e-15,2.077070088739163e-13,True,False,3.0030000061742612e-05,8.609999895270448e-06,5.364999992707453e-05,perturbed_saddle,20,0.5,2105.0,,quartic,1e-05
perturbed_quartic_n20_p0.5_eps1e-05_seed2105,4V-FB,29,4,True,False,19,0.11553371435028226,0.5628085996530688,-1,-0.018025590565581506,5.219717520321348e-15,2.0770700887391613e-13,True,False,2.878999998756626e-05,8.470000011584489e-06,5.19900002018403e-05,perturbed_saddle,20,0.5,2105.0,,quartic,1e-05
perturbed_quartic_n20_p0.5_eps1e-05_seed2105,4V-FB,33,8,True,False,19,0.11553371464432127,0.5628085996530688,-1,-0.018025588054970676,5.219717520321348e-15,2.0770700887391618e-13,True,False,2.9049999966446194e-05,8.510000043315813e-06,5.22299999374809e-05,perturbed_saddle,20,0.5,2105.0,,quartic,1e-05
perturbed_quartic_n20_p0.5_eps1e-05_seed2105,4V-FB,39,14,False,True,19,0.11553371466234529,0.5628085996530688,-1,-0.018025587901075557,5.219717520321348e-15,2.0770700887391613e-13,True,False,2.8980000024603214e-05,8.55999996929313e-06,5.243999999038351e-05,perturbed_saddle,20,0.5,2105.0,,quartic,1e-05
perturbed_quartic_n20_p0.8_eps1e-02_seed2101,4V-FB,5,1,True,False,20,-2.2162818150443043e-07,0.4619485798512441,-1,4.4113029604275766e-05,3.8671954267176746e-12,2.666666666666375e-13,False,True,6.282999993345584e-05,1.0289999863744015e-05,9.369999997943523e-05,perturbed_saddle,20,0.8,2101.0,,quartic,0.01
perturbed_quartic_n20_p0.8_eps1e-02_seed2101,4V-FB,42,1,True,False,19,0.04851935168124098,0.4619485798512441,-1,-0.00508611961883787,3.8671954267176746e-12,2.6564508562627317e-13,False,False,4.067000008944888e-05,9.71000008576084e-06,6.853000013506971e-05,perturbed_saddle,20,0.8,2101.0,,quartic,0.01
perturbed_quartic_n20_p0.8_eps1e-02_seed2101,4V-FB,43,2,True,False,19,0.0485193537139674,0.4619485798512441,-1,-0.005086110320847936,3.8671954267176746e-12,2.656450856262719e-13,False,False,3.87700001738267e-05,9.369999816044583e-06,6.38999999864609e-05,perturbed_saddle,20,0.8,2101.0,,quartic,0.01
perturbed_quartic_n20_p0.8_eps1e-02_seed2101,4V-FB,45,4,True,False,19,0.04851935516389921,0.4619485798512441,-1,-0.005086103688642929,3.8671954267176746e-12,2.6564508562627155e-13,False,False,2.831000006153772e-05,9.210000143866637e-06,5.271999998512911e-05,perturbed_saddle,20,0.8,2101.0,,quartic,0.01
perturbed_quartic_n20_p0.8_eps1e-02_seed2101,4V-FB,49,8,True,False,19,0.04851935557793981,0.4619485798512441,-1,-0.005086101794758768,3.8671954267176746e-12,2.6564508562627155e-13,False,False,2.5950000008378993e-05,9.190000128000975e-06,5.025000018576975e-05,perturbed_saddle,20,0.8,2101.0,,quartic,0.01
perturbed_quartic_n20_p0.8_eps1e-02_seed2101,4V-FB,55,14,False,True,19,0.04851935560116104,0.4619485798512441,-1,-0.005086101688541511,3.8671954267176746e-12,2.6564508562627155e-13,False,False,2.6810000008481438e-05,9.149999868895975e-06,5.0760000021909946e-05,perturbed_saddle,20,0.8,2101.0,,quartic,0.01
perturbed_quartic_n20_p0.8_eps1e-02_seed2102,4V-FB,5,1,True,False,20,-1.9071209675946666e-09,0.4619485798512441,-1,4.229806492084265e-05,3.867191816962119e-12,2.6666666666666673e-13,False,True,5.196000006435497e-05,1.0089999932461069e-05,8.158000014191202e-05,perturbed_saddle,20,0.8,2102.0,,quartic,0.01
perturbed_quartic_n20_p0.8_eps1e-02_seed2102,4V-FB,43,1,True,False,19,0.0485193517512269,0.4619485798512441,-1,-0.005086119298712166,3.867191816962119e-12,2.656450856262731e-13,False,False,3.820999995696184e-05,1.5240000038829749e-05,7.082999991325778e-05,perturbed_saddle,20,0.8,2102.0,,quartic,0.01
perturbed_quartic_n20_p0.8_eps1e-02_seed2102,4V-FB,44,2,True,False,19,0.0485193537476639,0.4619485798512441,-1,-0.005086110166715674,3.867191816962119e-12,2.6564508562627186e-13,False,False,2.8709999924103613e-05,9.139999974649982e-06,5.303000011736003e-05,perturbed_saddle,20,0.8,2102.0,,quartic,0.01
perturbed_quartic_n20_p0.8_eps1e-02_seed2102,4V-FB,46,4,True,False,19,0.04851935517171069,0.4619485798512441,-1,-0.005086103652912399,3.867191816962119e-12,2.6564508562627155e-13,False,False,2.470000003995665e-05,9.139999974649982e-06,4.854000007981085e-05,perturbed_saddle,20,0.8,2102.0,,quartic,0.01
perturbed_quartic_n20_p0.8_eps1e-02_seed2102,4V-FB,50,8,True,False,19,0.048519355578359596,0.4619485798512441,-1,-0.005086101792838971,3.867191816962119e-12,2.656450856262715e-13,False,False,2.3610000198459602e-05,9.089999821298989e-06,4.736999994747748e-05,perturbed_saddle,20,0.8,2102.0,,quartic,0.01
perturbed_quartic_n20_p0.8_eps1e-02_seed2102,4V-FB,56,14,False,True,19,0.04851935560116627,0.4619485798512441,-1,-0.00508610168851753,3.867191816962119e-12,2.6564508562627155e-13,False,False,2.4930000108724926e-05,9.139999974649982e-06,4.8719999995228136e-05,perturbed_saddle,20,0.8,2102.0,,quartic,0.01
perturbed_quartic_n20_p0.8_eps1e-02_seed2103,4V-FB,5,1,True,False,20,-3.067671725897843e-08,0.4619485798512441,-1,4.2852189698461274e-05,3.867192297723037e-12,2.666666666666661e-13,False,True,5.932999988544907e-05,1.0299999985363684e-05,8.950999995249731e-05,perturbed_saddle,20,0.8,2103.0,,quartic,0.01
perturbed_quartic_n20_p0.8_eps1e-02_seed2103,4V-FB,43,1,True,False,19,0.048519351781302594,0.4619485798512441,-1,-0.005086119161141767,3.867192297723037e-12,2.6564508562627307e-13,False,False,3.766999998333631e-05,9.59999988481286e-06,6.482000003416033e-05,perturbed_saddle,20,0.8,2103.0,,quartic,0.01
perturbed_quartic_n20_p0.8_eps1e-02_seed2103,4V-FB,44,2,True,False,19,0.048519353762144606,0.4619485798512441,-1,-0.005086110100477548,3.867192297723037e-12,2.656450856262719e-13,False,False,2.8579999934663647e-05,9.159999990515644e-06,5.295999994814338e-05,perturbed_saddle,20,0.8,2103.0,,quartic,0.01
perturbed_quartic_n20_p0.8_eps1e-02_seed2103,4V-FB,46,4,True,False,19,0.048519355175067586,0.4619485798512441,-1,-0.005086103637557127,3.867192297723037e-12,2.6564508562627155e-13,False,False,2.642000004016154e-05,9.240000053978292e-06,5.073000011179829e-05,perturbed_saddle,20,0.8,2103.0,,quartic,0.01
perturbed_quartic_n20_p0.8_eps1e-02_seed2103,4V-FB,50,8,True,False,19,0.048519355578539994,0.4619485798512441,-1,-0.005086101792013853,3.867192297723037e-12,2.656450856262715e-13,False,False,2.5090000008276547e-05,9.22000003811263e-06,4.9360000048181973e-05,perturbed_saddle,20,0.8,2103.0,,quartic,0.01
perturbed_quartic_n20_p0.8_eps1e-02_seed2103,4V-FB,56,14,False,True,19,0.04851935560116851,0.4619485798512441,-1,-0.005086101688507316,3.867192297723037e-12,2.656450856262715e-13,False,False,2.5510000114081777e-05,9.300000101575279e-06,5.013000009057578e-05,perturbed_saddle,20,0.8,2103.0,,quartic,0.01
perturbed_quartic_n20_p0.8_eps1e-02_seed2104,4V-FB,5,1,True,False,20,-1.094494737691333e-07,0.4619485798512441,-1,4.351348017683776e-05,3.867193590756028e-12,2.666666666666596e-13,False,True,7.899000001998502e-05,1.0619999784466927e-05,0.00012108999999327352,perturbed_saddle,20,0.8,2104.0,,quartic,0.01
perturbed_quartic_n20_p0.8_eps1e-02_seed2104,4V-FB,42,1,True,False,19,0.04851935165261184,0.4619485798512441,-1,-0.005086119749791784,3.867193590756028e-12,2.6564508562627317e-13,False,False,3.979999996772676e-05,9.689999842521502e-06,6.768999992345925e-05,perturbed_saddle,20,0.8,2104.0,,quartic,0.01
perturbed_quartic_n20_p0.8_eps1e-02_seed2104,4V-FB,43,2,True,False,19,0.048519353700183177,0.4619485798512441,-1,-0.005086110383899278,3.867193590756028e-12,2.656450856262719e-13,False,False,2.8300000167291728e-05,9.339999905932928e-06,5.3140000090934336e-05,perturbed_saddle,20,0.8,2104.0,,quartic,0.01
perturbed_quartic_n20_p0.8_eps1e-02_seed2104,4V-FB,45,4,True,False,19,0.04851935516070377,0.4619485798512441,-1,-0.005086103703259681,3.867193590756028e-12,2.6564508562627155e-13,False,False,2.5980000145864324e-05,9.22000003811263e-06,5.041000008532137e-05,perturbed_saddle,20,0.8,2104.0,,quartic,0.01
perturbed_quartic_n20_p0.8_eps1e-02_seed2104,4V-FB,49,8,True,False,19,0.048519355577768083,0.4619485798512441,-1,-0.005086101795544362,3.867193590756028e-12,2.6564508562627155e-13,False,False,2.5150000055873534e-05,9.200000022246968e-06,4.940999997415929e-05,perturbed_saddle,20,0.8,2104.0,,quartic,0.01
perturbed_quartic_n20_p0.8_eps1e-02_seed2104,4V-FB,55,14,False,True,19,0.048519355601158894,0.4619485798512441,-1,-0.005086101688551281,3.867193590756028e-12,2.6564508562627155e-13,False,False,2.513000004000787e-05,9.11999995878432e-06,4.932000001645065e-05,perturbed_saddle,20,0.8,2104.0,,quartic,0.01
perturbed_quartic_n20_p0.8_eps1e-02_seed2105,4V-FB,5,1,True,False,20,-4.797074707424725e-08,0.4619485798512441,-1,4.30381282865433e-05,3.867192581727653e-12,2.666666666666653e-13,False,True,6.8669999791382e-05,1.0180000117543386e-05,9.920999991663848e-05,perturbed_saddle,20,0.8,2105.0,,quartic,0.01
perturbed_quartic_n20_p0.8_eps1e-02_seed2105,4V-FB,43,1,True,False,19,0.04851935179148057,0.4619485798512441,-1,-0.005086119114586118,3.867192581727653e-12,2.6564508562627307e-13,False,False,3.74500000361877e-05,9.849999969446799e-06,6.495999991784629e-05,perturbed_saddle,20,0.8,2105.0,,quartic,0.01
perturbed_quartic_n20_p0.8_eps1e-02_seed2105,4V-FB,44,2,True,False,19,0.048519353767045054,0.4619485798512441,-1,-0.005086110078063033,3.867192581727653e-12,2.6564508562627186e-13,False,False,2.83800000033807e-05,9.22000003811263e-06,5.3120000075068674e-05,perturbed_saddle,20,0.8,2105.0,,quartic,0.01
perturbed_quartic_n20_p0.8_eps1e-02_seed2105,4V-FB,46,4,True,False,19,0.0485193551762036,0.4619485798512441,-1,-0.005086103632360839,3.867192581727653e-12,2.6564508562627155e-13,False,False,2.5240000013582176e-05,9.300000101575279e-06,4.9310000122204656e-05,perturbed_saddle,20,0.8,2105.0,,quartic,0.01
perturbed_quartic_n20_p0.8_eps1e-02_seed2105,4V-FB,50,8,True,False,19,0.04851935557860104,0.4619485798512441,-1,-0.005086101791734077,3.867192581727653e-12,2.6564508562627155e-13,False,False,2.5539999796819757e-05,9.130000080403988e-06,4.981000006409886e-05,perturbed_saddle,20,0.8,2105.0,,quartic,0.01
perturbed_quartic_n20_p0.8_eps1e-02_seed2105,4V-FB,56,14,False,True,19,0.048519355601169274,0.4619485798512441,-1,-0.0050861016885037635,3.867192581727653e-12,2.6564508562627155e-13,False,False,2.482000013515062e-05,9.05000001694134e-06,4.882999996880244e-05,perturbed_saddle,20,0.8,2105.0,,quartic,0.01
perturbed_quartic_n20_p0.8_eps1e-03_seed2101,4V-FB,4,1,True,False,20,-2.2288424748153455e-09,0.4619485798512441,-1,4.231288079692419e-05,3.867214624037146e-12,2.6666666666666673e-13,False,True,5.289999990054639e-05,9.820000059335143e-06,8.193999997274659e-05,perturbed_saddle,20,0.8,2101.0,,quartic,0.001
perturbed_quartic_n20_p0.8_eps1e-03_seed2101,4V-FB,42,1,True,False,19,0.04851935175202617,0.4619485798512441,-1,-0.00508611929505598,3.867214624037146e-12,2.6564508562627307e-13,False,False,3.5809999872071785e-05,9.899999895424116e-06,6.258999997044157e-05,perturbed_saddle,20,0.8,2101.0,,quartic,0.001
perturbed_quartic_n20_p0.8_eps1e-03_seed2101,4V-FB,43,2,True,False,19,0.04851935374804873,0.4619485798512441,-1,-0.00508611016495486,3.867214624037146e-12,2.656450856262719e-13,False,False,2.785999981824716e-05,9.240000053978292e-06,5.197999985284696e-05,perturbed_saddle,20,0.8,2101.0,,quartic,0.001
perturbed_quartic_n20_p0.8_eps1e-03_seed2101,4V-FB,45,4,True,False,19,0.048519355171799894,0.4619485798512441,-1,-0.005086103652504281,3.867214624037146e-12,2.6564508562627155e-13,False,False,2.5289999939559493e-05,9.269999964089948e-06,4.9460000127510284e-05,perturbed_saddle,20,0.8,2101.0,,quartic,0.001
perturbed_quartic_n20_p0.8_eps1e-03_seed2101,4V-FB,49,8,True,False,19,0.04851935557836439,0.4619485798512441,-1,-0.005086101792816766,3.867214624037146e-12,2.6564508562627155e-13,False,False,2.5990000040110317e-05,9.159999990515644e-06,4.988999990018783e-05,perturbed_saddle,20,0.8,2101.0,,quartic,0.001
perturbed_quartic_n20_p0.8_eps1e-03_seed2101,4V-FB,55,14,False,True,19,0.048519355601166325,0.4619485798512441,-1,-0.00508610168851753,3.867214624037146e-12,2.6564508562627155e-13,False,False,2.463000009811367e-05,9.159999990515644e-06,4.826000008506526e-05,perturbed_saddle,20,0.8,2101.0,,quartic,0.001
perturbed_quartic_n20_p0.8_eps1e-03_seed2102,4V-FB,4,1,True,False,20,-3.747350816237104e-11,0.4619485798512441,-1,4.21338481433331e-05,3.867214587938675e-12,2.6666666666666673e-13,False,True,5.2000000096086296e-05,1.0090000159834744e-05,8.1659999978001e-05,perturbed_saddle,20,0.8,2102.0,,quartic,0.001
perturbed_quartic_n20_p0.8_eps1e-03_seed2102,4V-FB,42,1,True,False,19,0.048519351742385204,0.4619485798512441,-1,-0.0050861193391553705,3.867214587938675e-12,2.656450856262731e-13,False,False,3.741000000445638e-05,9.849999969446799e-06,6.529999996018887e-05,perturbed_saddle,20,0.8,2102.0,,quartic,0.001
perturbed_quartic_n20_p0.8_eps1e-03_seed2102,4V-FB,43,2,True,False,19,0.04851935374340684,0.4619485798512441,-1,-0.005086110186187653,3.867214587938675e-12,2.656450856262719e-13,False,False,2.8400000019246363e-05,9.1899999006273e-06,5.3429999979925924e-05,perturbed_saddle,20,0.8,2102.0,,quartic,0.001
perturbed_quartic_n20_p0.8_eps1e-03_seed2102,4V-FB,45,4,True,False,19,0.048519355170723824,0.4619485798512441,-1,-0.005086103657426122,3.867214587938675e-12,2.6564508562627155e-13,False,False,2.534999998715648e-05,9.35999992179859e-06,5.02899999901274e-05,perturbed_saddle,20,0.8,2102.0,,quartic,0.001
perturbed_quartic_n20_p0.8_eps1e-03_seed2102,4V-FB,49,8,True,False,19,0.04851935557830656,0.4619485798512441,-1,-0.005086101793081443,3.867214587938675e-12,2.6564508562627155e-13,False,False,2.4799999891911284e-05,9.269999964089948e-06,4.942999999002495e-05,perturbed_saddle,20,0.8,2102.0,,quartic,0.001
perturbed_quartic_n20_p0.8_eps1e-03_seed2102,4V-FB,55,14,False,True,19,0.04851935560116561,0.4619485798512441,-1,-0.005086101688521083,3.867214587938675e-12,2.656450856262715e-13,False,False,2.5639999876148067e-05,9.350000027552596e-06,5.032000012761273e-05,perturbed_saddle,20,0.8,2102.0,,quartic,0.001
perturbed_quartic_n20_p0.8_eps1e-03_seed2103,4V-FB,4,1,True,False,20,-3.226062487136403e-10,0.4619485798512441,-1,4.218893911511756e-05,3.867214592673629e-12,2.6666666666666673e-13,False,True,5.320000013853132e-05,1.0200000133409048e-05,9.131000001616485e-05,perturbed_saddle,20,0.8,2103.0,,quartic,0.001
perturbed_quartic_n20_p0.8_eps1e-03_seed2103,4V-FB,42,1,True,False,19,0.048519351745347834,0.4619485798512441,-1,-0.005086119325603544,3.867214592673629e-12,2.656450856262731e-13,False,False,3.665999997792824e-05,9.899999895424116e-06,6.480000001829467e-05,perturbed_saddle,20,0.8,2103.0,,quartic,0.001
perturbed_quartic_n20_p0.8_eps1e-03_seed2103,4V-FB,43,2,True,False,19,0.04851935374483327,0.4619485798512441,-1,-0.005086110179662651,3.867214592673629e-12,2.656450856262719e-13,False,False,2.8159999828858417e-05,9.139999974649982e-06,5.245000011200318e-05,perturbed_saddle,20,0.8,2103.0,,quartic,0.001
perturbed_quartic_n20_p0.8_eps1e-03_seed2103,4V-FB,45,4,True,False,19,0.0485193551710545,0.4619485798512441,-1,-0.005086103655913554,3.867214592673629e-12,2.6564508562627155e-13,False,False,2.5540000024193432e-05,9.200000022246968e-06,4.978999982085952e-05,perturbed_saddle,20,0.8,2103.0,,quartic,0.001
perturbed_quartic_n20_p0.8_eps1e-03_seed2103,4V-FB,49,8,True,False,19,0.04851935557832433,0.4619485798512441,-1,-0.005086101793000175,3.867214592673629e-12,2.6564508562627155e-13,False,False,2.5000000050567905e-05,9.4600000011269e-06,5.6800000038492726e-05,perturbed_saddle,20,0.8,2103.0,,quartic,0.001
perturbed_quartic_n20_p0.8_eps1e-03_seed2103,4V-FB,55,14,False,True,19,0.048519355601165826,0.4619485798512441,-1,-0.005086101688519307,3.867214592673629e-12,2.6564508562627155e-13,False,False,2.5390000018887804e-05,9.379999937664252e-06,4.9790000048233196e-05,perturbed_saddle,20,0.8,2103.0,,quartic,0.001
perturbed_quartic_n20_p0.8_eps1e-03_seed2104,4V-FB,4,1,True,False,20,-1.105472959680048e-09,0.4619485798512441,-1,4.225418600967146e-05,3.867214605614668e-12,2.6666666666666673e-13,False,True,5.147000001670676e-05,1.0080000038215076e-05,8.058999992499594e-05,perturbed_saddle,20,0.8,2104.0,,quartic,0.001
perturbed_quartic_n20_p0.8_eps1e-03_seed2104,4V-FB,42,1,True,False,19,0.04851935174886127,0.4619485798512441,-1,-0.005086119309532844,3.867214605614668e-12,2.656450856262731e-13,False,False,4.09399999625748e-05,9.910000017043785e-06,6.85499999235617e-05,perturbed_saddle,20,0.8,2104.0,,quartic,0.001
perturbed_quartic_n20_p0.8_eps1e-03_seed2104,4V-FB,43,2,True,False,19,0.048519353746524906,0.4619485798512441,-1,-0.005086110171925284,3.867214605614668e-12,2.656450856262719e-13,False,False,2.8919999977006228e-05,9.409999847775907e-06,5.4009999985282775e-05,perturbed_saddle,20,0.8,2104.0,,quartic,0.001
perturbed_quartic_n20_p0.8_eps1e-03_seed2104,4V-FB,45,4,True,False,19,0.04851935517144665,0.4619485798512441,-1,-0.005086103654119878,3.867214605614668e-12,2.6564508562627155e-13,False,False,2.4919999987105257e-05,9.339999905932928e-06,4.934000003231631e-05,perturbed_saddle,20,0.8,2104.0,,quartic,0.001
perturbed_quartic_n20_p0.8_eps1e-03_seed2104,4V-FB,49,8,True,False,19,0.048519355578345406,0.4619485798512441,-1,-0.005086101792903364,3.867214605614668e-12,2.6564508562627155e-13,False,False,2.4699999812582973e-05,9.159999990515644e-06,4.8830000196176115e-05,perturbed_saddle,20,0.8,2104.0,,quartic,0.001
perturbed_quartic_n20_p0.8_eps1e-03_seed2104,4V-FB,55,14,False,True,19,0.04851935560116609,0.4619485798512441,-1,-0.005086101688518863,3.867214605614668e-12,2.656450856262715e-13,False,False,2.5479999976596446e-05,9.22000003811263e-06,4.9659999831419555e-05,perturbed_saddle,20,0.8,2104.0,,quartic,0.001
perturbed_quartic_n20_p0.8_eps1e-03_seed2105,4V-FB,4,1,True,False,20,-4.6332176998047837e-10,0.4619485798512441,-1,4.220733752902106e-05,3.867214595517899e-12,2.666666666666667e-13,False,True,5.306000002747169e-05,9.869999985312461e-06,8.185000001503795e-05,perturbed_saddle,20,0.8,2105.0,,quartic,0.001
perturbed_quartic_n20_p0.8_eps1e-03_seed2105,4V-FB,42,1,True,False,19,0.048519351746338236,0.4619485798512441,-1,-0.005086119321073834,3.867214595517899e-12,2.656450856262731e-13,False,False,3.652000009424228e-05,9.800000043469481e-06,6.363000011333497e-05,perturbed_saddle,20,0.8,2105.0,,quartic,0.001
perturbed_quartic_n20_p0.8_eps1e-03_seed2105,4V-FB,43,2,True,False,19,0.04851935374531013,0.4619485798512441,-1,-0.0050861101774817286,3.867214595517899e-12,2.656450856262719e-13,False,False,2.917999995588616e-05,9.250000175597961e-06,5.367999983718619e-05,perturbed_saddle,20,0.8,2105.0,,quartic,0.001
perturbed_quartic_n20_p0.8_eps1e-03_seed2105,4V-FB,45,4,True,False,19,0.04851935517116504,0.4619485798512441,-1,-0.005086103655408181,3.867214595517899e-12,2.6564508562627155e-13,False,False,2.575999997134204e-05,9.1899999006273e-06,4.9439999884270946e-05,perturbed_saddle,20,0.8,2105.0,,quartic,0.001
perturbed_quartic_n20_p0.8_eps1e-03_seed2105,4V-FB,49,8,True,False,19,0.04851935557833027,0.4619485798512441,-1,-0.0050861017929726415,3.867214595517899e-12,2.6564508562627155e-13,False,False,2.483999992364261e-05,9.11999995878432e-06,4.853999985243718e-05,perturbed_saddle,20,0.8,2105.0,,quartic,0.001
perturbed_quartic_n20_p0.8_eps1e-03_seed2105,4V-FB,55,14,False,True,19,0.0485193556011659,0.4619485798512441,-1,-0.005086101688519751,3.867214595517899e-12,2.656450856262715e-13,False,False,2.496000001883658e-05,9.169999884761637e-06,4.867000006925082e-05,perturbed_saddle,20,0.8,2105.0,,quartic,0.001
perturbed_quartic_n20_p0.8_eps1e-04_seed2101,4V-FB,3,1,True,False,20,-4.3567316860703115e-11,0.4619485798512441,-1,4.2135326647763094e-05,3.8672148159703785e-12,2.666666666666667e-13,False,True,5.201999988457828e-05,9.76999990598415e-06,8.077999996203289e-05,perturbed_saddle,20,0.8,2101.0,,quartic,0.0001
perturbed_quartic_n20_p0.8_eps1e-04_seed2101,4V-FB,41,1,True,False,19,0.04851935174246465,0.4619485798512441,-1,-0.0050861193387921055,3.8672148159703785e-12,2.656450856262731e-13,False,False,3.7300000030882074e-05,9.71000008576084e-06,6.45500001610344e-05,perturbed_saddle,20,0.8,2101.0,,quartic,0.0001
perturbed_quartic_n20_p0.8_eps1e-04_seed2101,4V-FB,42,2,True,False,19,0.04851935374344509,0.4619485798512441,-1,-0.005086110186012238,3.8672148159703785e-12,2.656450856262719e-13,False,False,2.8810000003431924e-05,9.369999816044583e-06,5.329999999048596e-05,perturbed_saddle,20,0.8,2101.0,,quartic,0.0001
perturbed_quartic_n20_p0.8_eps1e-04_seed2101,4V-FB,44,4,True,False,19,0.048519355170732685,0.4619485798512441,-1,-0.00508610365738571,3.8672148159703785e-12,2.6564508562627155e-13,False,False,2.5369999775648466e-05,9.22000003811263e-06,4.925000007460767e-05,perturbed_saddle,20,0.8,2101.0,,quartic,0.0001
perturbed_quartic_n20_p0.8_eps1e-04_seed2101,4V-FB,48,8,True,False,19,0.048519355578307034,0.4619485798512441,-1,-0.005086101793079223,3.8672148159703785e-12,2.656450856262715e-13,False,False,2.409999979136046e-05,9.079999927052995e-06,4.7649999942223076e-05,perturbed_saddle,20,0.8,2101.0,,quartic,0.0001
perturbed_quartic_n20_p0.8_eps1e-04_seed2101,4V-FB,54,14,False,True,19,0.04851935560116561,0.4619485798512441,-1,-0.005086101688520639,3.8672148159703785e-12,2.656450856262715e-13,False,False,2.4339999981748406e-05,9.11999995878432e-06,4.814999988411728e-05,perturbed_saddle,20,0.8,2101.0,,quartic,0.0001
perturbed_quartic_n20_p0.8_eps1e-04_seed2102,4V-FB,3,1,True,False,20,-3.135259129036789e-11,0.4619485798512441,-1,4.211744887960833e-05,3.867214815609393e-12,2.6666666666666673e-13,False,True,5.2769999911106424e-05,9.729999874252826e-06,8.987000001070555e-05,perturbed_saddle,20,0.8,2102.0,,quartic,0.0001
perturbed_quartic_n20_p0.8_eps1e-04_seed2102,4V-FB,41,1,True,False,19,0.048519351741503916,0.4619485798512441,-1,-0.005086119343185924,3.867214815609393e-12,2.6564508562627317e-13,False,False,3.702000003613648e-05,9.689999842521502e-06,6.413000005522917e-05,perturbed_saddle,20,0.8,2102.0,,quartic,0.0001
perturbed_quartic_n20_p0.8_eps1e-04_seed2102,4V-FB,42,2,True,False,19,0.048519353742982524,0.4619485798512441,-1,-0.005086110188128767,3.867214815609393e-12,2.6564508562627186e-13,False,False,2.7870000167240505e-05,9.260000069843954e-06,5.2730000106748776e-05,perturbed_saddle,20,0.8,2102.0,,quartic,0.0001
perturbed_quartic_n20_p0.8_eps1e-04_seed2102,4V-FB,44,4,True,False,19,0.04851935517062546,0.4619485798512441,-1,-0.005086103657875984,3.867214815609393e-12,2.6564508562627155e-13,False,False,2.4949999897216912e-05,9.229999932358623e-06,4.919000002701068e-05,perturbed_saddle,20,0.8,2102.0,,quartic,0.0001
perturbed_quartic_n20_p0.8_eps1e-04_seed2102,4V-FB,48,8,True,False,19,0.048519355578301275,0.4619485798512441,-1,-0.005086101793105424,3.867214815609393e-12,2.6564508562627155e-13,False,False,3.130000004603062e-05,9.520000048723887e-06,5.6220000033135875e-05,perturbed_saddle,20,0.8,2102.0,,quartic,0.0001
perturbed_quartic_n20_p0.8_eps1e-04_seed2102,4V-FB,54,14,False,True,19,0.04851935560116554,0.4619485798512441,-1,-0.005086101688521527,3.867214815609393e-12,2.656450856262715e-13,False,False,2.5060000098164892e-05,9.180000006381306e-06,4.9199999921256676e-05,perturbed_saddle,20,0.8,2102.0,,quartic,0.0001
perturbed_quartic_n20_p0.8_eps1e-04_seed2103,4V-FB,3,1,True,False,20,-2.989931303941033e-11,0.4619485798512441,-1,4.212295430994217e-05,3.8672148156566694e-12,2.6666666666666673e-13,False,True,5.308999993758334e-05,9.970000064640772e-06,8.236999997279781e-05,perturbed_saddle,20,0.8,2103.0,,quartic,0.0001
perturbed_quartic_n20_p0.8_eps1e-04_seed2103,4V-FB,41,1,True,False,19,0.04851935174179974,0.4619485798512441,-1,-0.0050861193418332284,3.8672148156566694e-12,2.656450856262731e-13,False,False,3.749000006791903e-05,1.0099999826707062e-05,6.495999991784629e-05,perturbed_saddle,20,0.8,2103.0,,quartic,0.0001
perturbed_quartic_n20_p0.8_eps1e-04_seed2103,4V-FB,42,2,True,False,19,0.04851935374312495,0.4619485798512441,-1,-0.005086110187476844,3.8672148156566694e-12,2.6564508562627186e-13,False,False,2.8969999902983545e-05,9.399999953529914e-06,5.387999999584281e-05,perturbed_saddle,20,0.8,2103.0,,quartic,0.0001
perturbed_quartic_n20_p0.8_eps1e-04_seed2103,4V-FB,44,4,True,False,19,0.048519355170658474,0.4619485798512441,-1,-0.005086103657725438,3.8672148156566694e-12,2.6564508562627155e-13,False,False,3.313000001980981e-05,9.39000005928392e-06,5.771999985881848e-05,perturbed_saddle,20,0.8,2103.0,,quartic,0.0001
perturbed_quartic_n20_p0.8_eps1e-04_seed2103,4V-FB,48,8,True,False,19,0.04851935557830305,0.4619485798512441,-1,-0.0050861017930969865,3.8672148156566694e-12,2.6564508562627155e-13,False,False,2.427999993415142e-05,9.300000101575279e-06,4.84699999105942e-05,perturbed_saddle,20,0.8,2103.0,,quartic,0.0001
perturbed_quartic_n20_p0.8_eps1e-04_seed2103,4V-FB,54,14,False,True,19,0.04851935560116556,0.4619485798512441,-1,-0.005086101688521083,3.8672148156566694e-12,2.656450856262715e-13,False,False,2.5230000119336182e-05,9.229999932358623e-06,4.97399998948822e-05,perturbed_saddle,20,0.8,2103.0,,quartic,0.0001
perturbed_quartic_n20_p0.8_eps1e-04_seed2104,4V-FB,3,1,True,False,20,-2.9577929826336174e-11,0.4619485798512441,-1,4.2129469357110594e-05,3.867214815786091e-12,2.666666666666667e-13,False,True,5.228000009083189e-05,9.88000010693213e-06,8.120000006783812e-05,perturbed_saddle,20,0.8,2104.0,,quartic,0.0001
perturbed_quartic_n20_p0.8_eps1e-04_seed2104,4V-FB,41,1,True,False,19,0.04851935174214988,0.4619485798512441,-1,-0.005086119340232287,3.867214815786091e-12,2.6564508562627307e-13,False,False,3.7369999972725054e-05,9.490000138612231e-06,6.430999997064646e-05,perturbed_saddle,20,0.8,2104.0,,quartic,0.0001
perturbed_quartic_n20_p0.8_eps1e-04_seed2104,4V-FB,42,2,True,False,19,0.04851935374329354,0.4619485798512441,-1,-0.0050861101867059055,3.867214815786091e-12,2.6564508562627186e-13,False,False,2.9529999892474734e-05,9.430000091015245e-06,5.4809999937788234e-05,perturbed_saddle,20,0.8,2104.0,,quartic,0.0001
perturbed_quartic_n20_p0.8_eps1e-04_seed2104,4V-FB,44,4,True,False,19,0.04851935517069755,0.4619485798512441,-1,-0.005086103657546026,3.867214815786091e-12,2.6564508562627155e-13,False,False,2.6460000071892864e-05,9.309999995821272e-06,5.0999999984924216e-05,perturbed_saddle,20,0.8,2104.0,,quartic,0.0001
perturbed_quartic_n20_p0.8_eps1e-04_seed2104,4V-FB,48,8,True,False,19,0.04851935557830515,0.4619485798512441,-1,-0.005086101793088549,3.867214815786091e-12,2.656450856262715e-13,False,False,2.492999988135125e-05,9.169999884761637e-06,4.892000015388476e-05,perturbed_saddle,20,0.8,2104.0,,quartic,0.0001
perturbed_quartic_n20_p0.8_eps1e-04_seed2104,4V-FB,54,14,False,True,19,0.04851935560116559,0.4619485798512441,-1,-0.005086101688521083,3.867214815786091e-12,2.656450856262715e-13,False,False,2.5920000098267337e-05,9.159999990515644e-06,4.998999997951614e-05,perturbed_saddle,20,0.8,2104.0,,quartic,0.0001
perturbed_quartic_n20_p0.8_eps1e-04_seed2105,4V-FB,3,1,True,False,20,2.2959187668246214e-11,0.4619485798512441,-1,4.212478638931927e-05,3.867214815685119e-12,2.6666666666666673e-13,False,True,5.314999998518033e-05,9.970000064640772e-06,8.250999985648377e-05,perturbed_saddle,20,0.8,2105.0,,quartic,0.0001
perturbed_quartic_n20_p0.8_eps1e-04_seed2105,4V-FB,41,1,True,False,19,0.04851935174189852,0.4619485798512441,-1,-0.005086119341381146,3.867214815685119e-12,2.656450856262731e-13,False,False,3.773999992517929e-05,9.849999969446799e-06,6.57100001717481e-05,perturbed_saddle,20,0.8,2105.0,,quartic,0.0001
perturbed_quartic_n20_p0.8_eps1e-04_seed2105,4V-FB,42,2,True,False,19,0.04851935374317251,0.4619485798512441,-1,-0.005086110187259241,3.867214815685119e-12,2.656450856262719e-13,False,False,2.8729999939969275e-05,9.28999997995561e-06,5.38899998900888e-05,perturbed_saddle,20,0.8,2105.0,,quartic,0.0001
perturbed_quartic_n20_p0.8_eps1e-04_seed2105,4V-FB,44,4,True,False,19,0.0485193551706695,0.4619485798512441,-1,-0.005086103657674812,3.867214815685119e-12,2.6564508562627155e-13,False,False,2.599999993435631e-05,9.030000001075678e-06,5.0190000138172763e-05,perturbed_saddle,20,0.8,2105.0,,quartic,0.0001
perturbed_quartic_n20_p0.8_eps1e-04_seed2105,4V-FB,48,8,True,False,19,0.04851935557830364,0.4619485798512441,-1,-0.005086101793094766,3.867214815685119e-12,2.656450856262715e-13,False,False,2.6449999950273195e-05,9.260000069843954e-06,5.112000008011819e-05,perturbed_saddle,20,0.8,2105.0,,quartic,0.0001
perturbed_quartic_n20_p0.8_eps1e-04_seed2105,4V-FB,54,14,False,True,19,0.04851935560116557,0.4619485798512441,-1,-0.005086101688521083,3.867214815685119e-12,2.656450856262715e-13,False,False,2.5410000034753466e-05,9.22000003811263e-06,5.0210000154038426e-05,perturbed_saddle,20,0.8,2105.0,,quartic,0.0001
perturbed_quartic_n20_p0.8_eps1e-05_seed2101,4V-FB,2,1,True,False,20,-3.6255739396924396e-11,0.4619485798512441,-1,4.21175972187271e-05,3.867214817889669e-12,2.6666666666666673e-13,False,True,5.2630000027420465e-05,1.0059999794975738e-05,8.216000014726887e-05,perturbed_saddle,20,0.8,2101.0,,quartic,1e-05
perturbed_quartic_n20_p0.8_eps1e-05_seed2101,4V-FB,40,1,True,False,19,0.048519351741511854,0.4619485798512441,-1,-0.005086119343149953,3.867214817889669e-12,2.6564508562627317e-13,False,False,4.433999993125326e-05,1.0080000038215076e-05,7.239999990815704e-05,perturbed_saddle,20,0.8,2101.0,,quartic,1e-05
perturbed_quartic_n20_p0.8_eps1e-05_seed2101,4V-FB,41,2,True,False,19,0.04851935374298635,0.4619485798512441,-1,-0.005086110188111004,3.867214817889669e-12,2.6564508562627186e-13,False,False,2.924999989772914e-05,9.249999948224286e-06,5.4430000091088004e-05,perturbed_saddle,20,0.8,2101.0,,quartic,1e-05
perturbed_quartic_n20_p0.8_eps1e-05_seed2101,4V-FB,43,4,True,False,19,0.04851935517062634,0.4619485798512441,-1,-0.005086103657871988,3.867214817889669e-12,2.6564508562627155e-13,False,False,2.6279999929101905e-05,9.520000048723887e-06,5.098999986330455e-05,perturbed_saddle,20,0.8,2101.0,,quartic,1e-05
perturbed_quartic_n20_p0.8_eps1e-05_seed2101,4V-FB,47,8,True,False,19,0.048519355578301324,0.4619485798512441,-1,-0.00508610179310498,3.867214817889669e-12,2.6564508562627155e-13,False,False,2.5430000050619128e-05,9.670000054029515e-06,5.0099999953090446e-05,perturbed_saddle,20,0.8,2101.0,,quartic,1e-05
perturbed_quartic_n20_p0.8_eps1e-05_seed2101,4V-FB,53,14,False,True,19,0.04851935560116554,0.4619485798512441,-1,-0.005086101688521527,3.867214817889669e-12,2.656450856262715e-13,False,False,2.5939999886759324e-05,9.40000018090359e-06,5.0520000058895675e-05,perturbed_saddle,20,0.8,2101.0,,quartic,1e-05
perturbed_quartic_n20_p0.8_eps1e-05_seed2102,4V-FB,2,1,True,False,20,-5.245958192185795e-11,0.4619485798512441,-1,4.211581144675236e-05,3.867214817886057e-12,2.6666666666666673e-13,False,True,5.230000010669755e-05,1.0070000143969082e-05,8.18799999251496e-05,perturbed_saddle,20,0.8,2102.0,,quartic,1e-05
perturbed_quartic_n20_p0.8_eps1e-05_seed2102,4V-FB,40,1,True,False,19,0.04851935174141582,0.4619485798512441,-1,-0.005086119343589601,3.867214817886057e-12,2.656450856262731e-13,False,False,3.697000011015916e-05,9.999999974752427e-06,6.454999993366073e-05,perturbed_saddle,20,0.8,2102.0,,quartic,1e-05
perturbed_quartic_n20_p0.8_eps1e-05_seed2102,4V-FB,41,2,True,False,19,0.048519353742940106,0.4619485798512441,-1,-0.005086110188321946,3.867214817886057e-12,2.656450856262719e-13,False,False,2.9400000130408444e-05,9.099999942918657e-06,5.405999991126009e-05,perturbed_saddle,20,0.8,2102.0,,quartic,1e-05
perturbed_quartic_n20_p0.8_eps1e-05_seed2102,4V-FB,43,4,True,False,19,0.048519355170615626,0.4619485798512441,-1,-0.0050861036579212815,3.867214817886057e-12,2.656450856262715e-13,False,False,2.6359999992564553e-05,9.159999990515644e-06,5.050999993727601e-05,perturbed_saddle,20,0.8,2102.0,,quartic,1e-05
perturbed_quartic_n20_p0.8_eps1e-05_seed2102,4V-FB,47,8,True,False,19,0.04851935557830075,0.4619485798512441,-1,-0.005086101793108089,3.867214817886057e-12,2.656450856262715e-13,False,False,2.6480000087758526e-05,9.259999842470279e-06,5.084999997961859e-05,perturbed_saddle,20,0.8,2102.0,,quartic,1e-05
perturbed_quartic_n20_p0.8_eps1e-05_seed2102,4V-FB,53,14,False,True,19,0.048519355601165534,0.4619485798512441,-1,-0.005086101688521083,3.867214817886057e-12,2.656450856262715e-13,False,False,2.485999993950827e-05,9.039999895321671e-06,4.881999984718277e-05,perturbed_saddle,20,0.8,2102.0,,quartic,1e-05
perturbed_quartic_n20_p0.8_eps1e-05_seed2103,4V-FB,2,1,True,False,20,-4.519902813477369e-11,0.4619485798512441,-1,4.211636117634754e-05,3.867214817886536e-12,2.6666666666666673e-13,False,True,5.6039999890344916e-05,9.95000004877511e-06,8.570999989387929e-05,perturbed_saddle,20,0.8,2103.0,,quartic,1e-05
perturbed_quartic_n20_p0.8_eps1e-05_seed2103,4V-FB,40,1,True,False,19,0.04851935174144539,0.4619485798512441,-1,-0.005086119343454154,3.867214817886536e-12,2.656450856262731e-13,False,False,3.957000012633216e-05,9.589999990566866e-06,6.65000000026339e-05,perturbed_saddle,20,0.8,2103.0,,quartic,1e-05
perturbed_quartic_n20_p0.8_eps1e-05_seed2103,4V-FB,41,2,True,False,19,0.048519353742954345,0.4619485798512441,-1,-0.005086110188257553,3.867214817886536e-12,2.6564508562627186e-13,False,False,2.934999997705745e-05,9.35999992179859e-06,5.409999994299142e-05,perturbed_saddle,20,0.8,2103.0,,quartic,1e-05
perturbed_quartic_n20_p0.8_eps1e-05_seed2103,4V-FB,43,4,True,False,19,0.04851935517061892,0.4619485798512441,-1,-0.005086103657905738,3.867214817886536e-12,2.6564508562627155e-13,False,False,2.6789999992615776e-05,9.209999916492961e-06,5.061000001660432e-05,perturbed_saddle,20,0.8,2103.0,,quartic,1e-05
perturbed_quartic_n20_p0.8_eps1e-05_seed2103,4V-FB,47,8,True,False,19,0.04851935557830092,0.4619485798512441,-1,-0.0050861017931072006,3.867214817886536e-12,2.656450856262715e-13,False,False,2.786999993986683e-05,9.210000143866637e-06,5.168000006960938e-05,perturbed_saddle,20,0.8,2103.0,,quartic,1e-05
perturbed_quartic_n20_p0.8_eps1e-05_seed2103,4V-FB,53,14,False,True,19,0.048519355601165534,0.4619485798512441,-1,-0.005086101688521083,3.867214817886536e-12,2.6564508562627155e-13,False,False,2.66000001829525e-05,9.190000128000975e-06,5.033000002185872e-05,perturbed_saddle,20,0.8,2103.0,,quartic,1e-05
perturbed_quartic_n20_p0.8_eps1e-05_seed2104,4V-FB,2,1,True,False,20,-3.1476815059173335e-11,0.4619485798512441,-1,4.211701111422883e-05,3.867214817887826e-12,2.6666666666666673e-13,False,True,5.3109999953449005e-05,9.709999858387164e-06,8.206999996218656e-05,perturbed_saddle,20,0.8,2104.0,,quartic,1e-05
perturbed_quartic_n20_p0.8_eps1e-05_seed2104,4V-FB,40,1,True,False,19,0.0485193517414804,0.4619485798512441,-1,-0.005086119343294282,3.867214817887826e-12,2.656450856262731e-13,False,False,3.708999997797946e-05,9.890000001178123e-06,6.456999994952639e-05,perturbed_saddle,20,0.8,2104.0,,quartic,1e-05
perturbed_quartic_n20_p0.8_eps1e-05_seed2104,4V-FB,41,2,True,False,19,0.0485193537429712,0.4619485798512441,-1,-0.005086110188179838,3.867214817887826e-12,2.656450856262719e-13,False,False,2.8079999992769444e-05,9.089999821298989e-06,5.214000020714593e-05,perturbed_saddle,20,0.8,2104.0,,quartic,1e-05
perturbed_quartic_n20_p0.8_eps1e-05_seed2104,4V-FB,43,4,True,False,19,0.04851935517062283,0.4619485798512441,-1,-0.005086103657888419,3.867214817887826e-12,2.6564508562627155e-13,False,False,2.5390000018887804e-05,8.920000027501374e-06,4.893000004813075e-05,perturbed_saddle,20,0.8,2104.0,,quartic,1e-05
perturbed_quartic_n20_p0.8_eps1e-05_seed2104,4V-FB,47,8,True,False,19,0.04851935557830113,0.4619485798512441,-1,-0.005086101793105868,3.867214817887826e-12,2.6564508562627155e-13,False,False,2.5440000172238797e-05,9.379999937664252e-06,4.938999995829363e-05,perturbed_saddle,20,0.8,2104.0,,quartic,1e-05
perturbed_quartic_n20_p0.8_eps1e-05_seed2104,4V-FB,53,14,False,True,19,0.048519355601165534,0.4619485798512441,-1,-0.005086101688521083,3.867214817887826e-12,2.656450856262715e-13,False,False,2.4169999960577115e-05,9.139999974649982e-06,4.7649999942223076e-05,perturbed_saddle,20,0.8,2104.0,,quartic,1e-05
perturbed_quartic_n20_p0.8_eps1e-05_seed2105,4V-FB,2,1,True,False,20,4.667670454373572e-11,0.4619485798512441,-1,4.211653451591246e-05,3.867214817886817e-12,2.6666666666666673e-13,False,True,5.19499999427353e-05,1.0129999964192393e-05,8.12600001154351e-05,perturbed_saddle,20,0.8,2105.0,,quartic,1e-05
perturbed_quartic_n20_p0.8_eps1e-05_seed2105,4V-FB,40,1,True,False,19,0.048519351741455274,0.4619485798512441,-1,-0.005086119343408413,3.867214817886817e-12,2.6564508562627317e-13,False,False,3.685000001496519e-05,9.659999932409846e-06,6.387000007634924e-05,perturbed_saddle,20,0.8,2105.0,,quartic,1e-05
perturbed_quartic_n20_p0.8_eps1e-05_seed2105,4V-FB,41,2,True,False,19,0.0485193537429591,0.4619485798512441,-1,-0.005086110188234905,3.867214817886817e-12,2.656450856262719e-13,False,False,2.8169999950478086e-05,9.200000022246968e-06,5.26100000115548e-05,perturbed_saddle,20,0.8,2105.0,,quartic,1e-05
perturbed_quartic_n20_p0.8_eps1e-05_seed2105,4V-FB,43,4,True,False,19,0.048519355170620025,0.4619485798512441,-1,-0.005086103657900853,3.867214817886817e-12,2.6564508562627155e-13,False,False,2.5000000050567905e-05,8.950000164986704e-06,4.875000013271347e-05,perturbed_saddle,20,0.8,2105.0,,quartic,1e-05
perturbed_quartic_n20_p0.8_eps1e-05_seed2105,4V-FB,47,8,True,False,19,0.048519355578300984,0.4619485798512441,-1,-0.0050861017931072006,3.867214817886817e-12,2.656450856262715e-13,False,False,2.650999999787018e-05,9.319999890067265e-06,5.086999999548425e-05,perturbed_saddle,20,0.8,2105.0,,quartic,1e-05
perturbed_quartic_n20_p0.8_eps1e-05_seed2105,4V-FB,53,14,False,True,19,0.048519355601165534,0.4619485798512441,-1,-0.005086101688521083,3.867214817886817e-12,2.656450856262715e-13,False,False,2.4660000008225325e-05,9.090000048672664e-06,4.833000002690824e-05,perturbed_saddle,20,0.8,2105.0,,quartic,1e-05
perturbed_quartic_n50_p0.3_eps1e-02_seed2101,4V-FB,5,1,True,False,50,-1.4389173899705284e-07,0.6185064075575528,-1,0.00033742096306710323,5.441682997492469e-27,5.074750830564721e-13,True,True,0.00010675999988052354,1.1080000149377156e-05,0.00013907999982620822,perturbed_saddle,50,0.3,2101.0,,quartic,0.01
perturbed_quartic_n50_p0.3_eps1e-02_seed2101,4V-FB,27,1,True,False,49,0.1541850455672854,0.6185064075575528,-1,-0.029189332398829038,5.441682997492469e-27,5.01857506926983e-13,True,False,7.448000019394385e-05,1.0729999985414906e-05,0.0001042200001393212,perturbed_saddle,50,0.3,2101.0,,quartic,0.01
perturbed_quartic_n50_p0.3_eps1e-02_seed2101,4V-FB,28,2,True,False,49,0.15418504637652578,0.6185064075575528,-1,-0.029189319702974004,5.441682997492469e-27,5.018575069269826e-13,True,False,6.12999999702879e-05,1.0040000006483751e-05,8.741999999983818e-05,perturbed_saddle,50,0.3,2101.0,,quartic,0.01
perturbed_quartic_n50_p0.3_eps1e-02_seed2101,4V-FB,30,4,True,False,49,0.154185046987787,0.6185064075575528,-1,-0.02918931011313486,5.441682997492469e-27,5.018575069269825e-13,True,False,5.702000021301501e-05,9.95000004877511e-06,8.286000002044602e-05,perturbed_saddle,50,0.3,2101.0,,quartic,0.01
perturbed_quartic_n50_p0.3_eps1e-02_seed2101,4V-FB,34,8,True,False,49,0.1541850471812674,0.6185064075575528,-1,-0.029189307077693627,5.441682997492469e-27,5.018575069269826e-13,True,False,5.452999994304264e-05,9.809999937715475e-06,7.993000008355011e-05,perturbed_saddle,50,0.3,2101.0,,quartic,0.01
perturbed_quartic_n50_p0.3_eps1e-02_seed2101,4V-FB,41,15,False,True,49,0.15418504719435602,0.6185064075575528,-1,-0.029189306872352105,5.441682997492469e-27,5.018575069269825e-13,True,False,5.561000011766737e-05,1.0109999948326731e-05,8.152999998856103e-05,perturbed_saddle,50,0.3,2101.0,,quartic,0.01
perturbed_quartic_n50_p0.3_eps1e-02_seed2102,4V-FB,5,1,True,False,50,-1.7166115800292422e-09,0.6185064075575528,-1,0.00033207525311329533,5.4416734296209386e-27,5.074750830564784e-13,True,True,9.297999986301875e-05,1.1039999890272156e-05,0.00012444999993022066,perturbed_saddle,50,0.3,2102.0,,quartic,0.01
perturbed_quartic_n50_p0.3_eps1e-02_seed2102,4V-FB,27,1,True,False,49,0.15418504556279977,0.6185064075575528,-1,-0.02918933246920208,5.4416734296209386e-27,5.01857506926983e-13,True,False,7.194999989224016e-05,1.059999999597494e-05,0.00010128000008080562,perturbed_saddle,50,0.3,2102.0,,quartic,0.01
perturbed_quartic_n50_p0.3_eps1e-02_seed2102,4V-FB,28,2,True,False,49,0.15418504637427097,0.6185064075575528,-1,-0.029189319738347486,5.4416734296209386e-27,5.018575069269826e-13,True,False,6.177000000207045e-05,1.0260000181006035e-05,8.84099999893806e-05,perturbed_saddle,50,0.3,2102.0,,quartic,0.01
perturbed_quartic_n50_p0.3_eps1e-02_seed2102,4V-FB,30,4,True,False,49,0.15418504698721727,0.6185064075575528,-1,-0.02918931012207171,5.4416734296209386e-27,5.018575069269826e-13,True,False,5.6289999974978855e-05,1.0089999932461069e-05,8.205999984056689e-05,perturbed_saddle,50,0.3,2102.0,,quartic,0.01
perturbed_quartic_n50_p0.3_eps1e-02_seed2102,4V-FB,34,8,True,False,49,0.15418504718123102,0.6185064075575528,-1,-0.029189307078265614,5.4416734296209386e-27,5.018575069269825e-13,True,False,5.7200000128432293e-05,9.93999992715544e-06,8.288000003631169e-05,perturbed_saddle,50,0.3,2102.0,,quartic,0.01
perturbed_quartic_n50_p0.3_eps1e-02_seed2102,4V-FB,41,15,False,True,49,0.15418504719435575,0.6185064075575528,-1,-0.029189306872356546,5.4416734296209386e-27,5.018575069269825e-13,True,False,5.55999999960477e-05,1.0329999895475339e-05,8.129000002554676e-05,perturbed_saddle,50,0.3,2102.0,,quartic,0.01
perturbed_quartic_n50_p0.3_eps1e-02_seed2103,4V-FB,5,1,True,False,50,-1.3899096783056512e-08,0.6185064075575528,-1,0.0003332804430122849,5.441674248859821e-27,5.074750830564783e-13,True,True,9.124999996856786e-05,1.0849999853235204e-05,0.00012250999998286716,perturbed_saddle,50,0.3,2103.0,,quartic,0.01
perturbed_quartic_n50_p0.3_eps1e-02_seed2103,4V-FB,27,1,True,False,49,0.15418504556381563,0.6185064075575528,-1,-0.02918933245326283,5.441674248859821e-27,5.018575069269831e-13,True,False,7.150999999794294e-05,1.077000001714623e-05,0.00010072999998556043,perturbed_saddle,50,0.3,2103.0,,quartic,0.01
perturbed_quartic_n50_p0.3_eps1e-02_seed2103,4V-FB,28,2,True,False,49,0.15418504637478161,0.6185064075575528,-1,-0.029189319730336116,5.441674248859821e-27,5.018575069269826e-13,True,False,6.0408999843275524e-05,9.930000032909447e-06,8.651899997857981e-05,perturbed_saddle,50,0.3,2103.0,,quartic,0.01
perturbed_quartic_n50_p0.3_eps1e-02_seed2103,4V-FB,30,4,True,False,49,0.1541850469873463,0.6185064075575528,-1,-0.02918931012004755,5.441674248859821e-27,5.018575069269825e-13,True,False,5.7669999932841165e-05,9.919999911289779e-06,8.33199999306089e-05,perturbed_saddle,50,0.3,2103.0,,quartic,0.01
perturbed_quartic_n50_p0.3_eps1e-02_seed2103,4V-FB,34,8,True,False,49,0.15418504718123927,0.6185064075575528,-1,-0.02918930707813594,5.441674248859821e-27,5.018575069269825e-13,True,False,5.448000001706532e-05,9.730000101626501e-06,8.004999995137041e-05,perturbed_saddle,50,0.3,2103.0,,quartic,0.01
perturbed_quartic_n50_p0.3_eps1e-02_seed2103,4V-FB,41,15,False,True,49,0.1541850471943558,0.6185064075575528,-1,-0.029189306872356546,5.441674248859821e-27,5.018575069269824e-13,True,False,5.6019999874479254e-05,9.820000059335143e-06,8.135999996738974e-05,perturbed_saddle,50,0.3,2103.0,,quartic,0.01
perturbed_quartic_n50_p0.3_eps1e-02_seed2104,4V-FB,5,1,True,False,50,-6.660550429263155e-08,0.6185064075575528,-1,0.00033549615579619996,5.4416778036913975e-27,5.074750830564772e-13,True,True,0.00010942999983853952,1.1280000080660102e-05,0.00014253000017561135,perturbed_saddle,50,0.3,2104.0,,quartic,0.01
perturbed_quartic_n50_p0.3_eps1e-02_seed2104,4V-FB,27,1,True,False,49,0.1541850455656763,0.6185064075575528,-1,-0.02918933242407462,5.4416778036913975e-27,5.01857506926983e-13,True,False,7.372999994004203e-05,1.0799999927257886e-05,0.00010334000012335309,perturbed_saddle,50,0.3,2104.0,,quartic,0.01
perturbed_quartic_n50_p0.3_eps1e-02_seed2104,4V-FB,28,2,True,False,49,0.15418504637571692,0.6185064075575528,-1,-0.02918931971566341,5.4416778036913975e-27,5.018575069269826e-13,True,False,6.278000000747852e-05,9.95000004877511e-06,8.963999994193728e-05,perturbed_saddle,50,0.3,2104.0,,quartic,0.01
perturbed_quartic_n50_p0.3_eps1e-02_seed2104,4V-FB,30,4,True,False,49,0.15418504698758262,0.6185064075575528,-1,-0.029189310116339406,5.4416778036913975e-27,5.018575069269826e-13,True,False,5.6560000075478456e-05,9.93999992715544e-06,8.213999990402954e-05,perturbed_saddle,50,0.3,2104.0,,quartic,0.01
perturbed_quartic_n50_p0.3_eps1e-02_seed2104,4V-FB,34,8,True,False,49,0.15418504718125436,0.6185064075575528,-1,-0.029189307077899684,5.4416778036913975e-27,5.018575069269825e-13,True,False,5.474999989019125e-05,9.899999895424116e-06,8.055000012063829e-05,perturbed_saddle,50,0.3,2104.0,,quartic,0.01
perturbed_quartic_n50_p0.3_eps1e-02_seed2104,4V-FB,41,15,False,True,49,0.15418504719435594,0.6185064075575528,-1,-0.02918930687235477,5.4416778036913975e-27,5.018575069269825e-13,True,False,5.5570000085936044e-05,1.0089999932461069e-05,8.152999998856103e-05,perturbed_saddle,50,0.3,2104.0,,quartic,0.01
perturbed_quartic_n50_p0.3_eps1e-02_seed2105,4V-FB,5,1,True,False,50,-2.4302442504298367e-08,0.6185064075575528,-1,0.0003338805318708893,5.441674954855714e-27,5.074750830564782e-13,True,True,9.109999996326223e-05,1.1069999800383812e-05,0.0001228700000410754,perturbed_saddle,50,0.3,2105.0,,quartic,0.01
perturbed_quartic_n50_p0.3_eps1e-02_seed2105,4V-FB,27,1,True,False,49,0.15418504556432044,0.6185064075575528,-1,-0.02918933244534383,5.441674954855714e-27,5.018575069269831e-13,True,False,7.168000001911423e-05,1.0779999911392224e-05,0.00010066000004371745,perturbed_saddle,50,0.3,2105.0,,quartic,0.01
perturbed_quartic_n50_p0.3_eps1e-02_seed2105,4V-FB,28,2,True,False,49,0.15418504637503536,0.6185064075575528,-1,-0.0291893197263553,5.441674954855714e-27,5.018575069269826e-13,True,False,6.11800001024676e-05,9.900000122797792e-06,8.740999987821851e-05,perturbed_saddle,50,0.3,2105.0,,quartic,0.01
perturbed_quartic_n50_p0.3_eps1e-02_seed2105,4V-FB,30,4,True,False,49,0.15418504698741042,0.6185064075575528,-1,-0.029189310119042133,5.441674954855714e-27,5.018575069269825e-13,True,False,5.615999998553889e-05,9.959999943021103e-06,8.208999997805222e-05,perturbed_saddle,50,0.3,2105.0,,quartic,0.01
perturbed_quartic_n50_p0.3_eps1e-02_seed2105,4V-FB,34,8,True,False,49,0.15418504718124337,0.6185064075575528,-1,-0.02918930707807199,5.441674954855714e-27,5.018575069269825e-13,True,False,5.5760000122973e-05,1.0269999847878353e-05,8.183999989341828e-05,perturbed_saddle,50,0.3,2105.0,,quartic,0.01
perturbed_quartic_n50_p0.3_eps1e-02_seed2105,4V-FB,41,15,False,True,49,0.15418504719435583,0.6185064075575528,-1,-0.029189306872355658,5.441674954855714e-27,5.018575069269825e-13,True,False,5.420000002231973e-05,9.930000032909447e-06,7.981999988260213e-05,perturbed_saddle,50,0.3,2105.0,,quartic,0.01
perturbed_quartic_n50_p0.3_eps1e-03_seed2101,4V-FB,4,1,True,False,50,-1.4478328018432614e-09,0.6185064075575528,-1,0.00033202178828073414,5.441856718273019e-27,5.074750830564784e-13,True,True,9.088999991035962e-05,1.0980000070048845e-05,0.00012240000000929285,perturbed_saddle,50,0.3,2101.0,,quartic,0.001
perturbed_quartic_n50_p0.3_eps1e-03_seed2101,4V-FB,26,1,True,False,49,0.15418504556275464,0.6185064075575528,-1,-0.029189332469909957,5.441856718273019e-27,5.018575069269831e-13,True,False,7.260000006681366e-05,1.0659999816198251e-05,0.00010149000013370824,perturbed_saddle,50,0.3,2101.0,,quartic,0.001
perturbed_quartic_n50_p0.3_eps1e-03_seed2101,4V-FB,27,2,True,False,49,0.1541850463742483,0.6185064075575528,-1,-0.029189319738703645,5.441856718273019e-27,5.018575069269826e-13,True,False,6.04100000600738e-05,9.910000017043785e-06,8.638999997856445e-05,perturbed_saddle,50,0.3,2101.0,,quartic,0.001
perturbed_quartic_n50_p0.3_eps1e-03_seed2101,4V-FB,29,4,True,False,49,0.15418504698721153,0.6185064075575528,-1,-0.029189310122162304,5.441856718273019e-27,5.018575069269825e-13,True,False,5.7589999869378516e-05,9.88000010693213e-06,8.312999989357195e-05,perturbed_saddle,50,0.3,2101.0,,quartic,0.001
perturbed_quartic_n50_p0.3_eps1e-03_seed2101,4V-FB,33,8,True,False,49,0.15418504718123066,0.6185064075575528,-1,-0.029189307078270943,5.441856718273019e-27,5.018575069269825e-13,True,False,5.426999996416271e-05,9.650000038163853e-06,7.922999998299929e-05,perturbed_saddle,50,0.3,2101.0,,quartic,0.001
perturbed_quartic_n50_p0.3_eps1e-03_seed2101,4V-FB,40,15,False,True,49,0.15418504719435575,0.6185064075575528,-1,-0.029189306872356546,5.441856718273019e-27,5.018575069269825e-13,True,False,5.455000018628198e-05,9.979999958886765e-06,8.01099999989674e-05,perturbed_saddle,50,0.3,2101.0,,quartic,0.001
perturbed_quartic_n50_p0.3_eps1e-03_seed2102,4V-FB,4,1,True,False,50,-3.2480871507504353e-11,0.6185064075575528,-1,0.00033149066062065913,5.44185662258541e-27,5.074750830564783e-13,True,True,9.092000004784495e-05,1.07399998796609e-05,0.00012235000008331554,perturbed_saddle,50,0.3,2102.0,,quartic,0.001
perturbed_quartic_n50_p0.3_eps1e-03_seed2102,4V-FB,26,1,True,False,49,0.15418504556230606,0.6185064075575528,-1,-0.029189332476946994,5.44185662258541e-27,5.018575069269831e-13,True,False,7.275000007211929e-05,1.0449999990669312e-05,0.00010166999982175184,perturbed_saddle,50,0.3,2102.0,,quartic,0.001
perturbed_quartic_n50_p0.3_eps1e-03_seed2102,4V-FB,27,2,True,False,49,0.15418504637402278,0.6185064075575528,-1,-0.029189319742242148,5.44185662258541e-27,5.018575069269826e-13,True,False,6.0839999832751346e-05,9.900000122797792e-06,8.699999989403295e-05,perturbed_saddle,50,0.3,2102.0,,quartic,0.001
perturbed_quartic_n50_p0.3_eps1e-03_seed2102,4V-FB,29,4,True,False,49,0.15418504698715457,0.6185064075575528,-1,-0.02918931012305581,5.44185662258541e-27,5.018575069269825e-13,True,False,5.673999999089574e-05,9.890000001178123e-06,8.203000015782891e-05,perturbed_saddle,50,0.3,2102.0,,quartic,0.001
perturbed_quartic_n50_p0.3_eps1e-03_seed2102,4V-FB,33,8,True,False,49,0.15418504718122703,0.6185064075575528,-1,-0.029189307078328675,5.44185662258541e-27,5.018575069269825e-13,True,False,5.583999995906197e-05,9.910000017043785e-06,8.119999984046444e-05,perturbed_saddle,50,0.3,2102.0,,quartic,0.001
perturbed_quartic_n50_p0.3_eps1e-03_seed2102,4V-FB,40,15,False,True,49,0.15418504719435572,0.6185064075575528,-1,-0.029189306872357434,5.44185662258541e-27,5.018575069269825e-13,True,False,5.461000000650529e-05,9.93999992715544e-06,7.976000006237882e-05,perturbed_saddle,50,0.3,2102.0,,quartic,0.001
perturbed_quartic_n50_p0.3_eps1e-03_seed2103,4V-FB,4,1,True,False,50,-1.483413019977095e-10,0.6185064075575528,-1,0.00033161088405186945,5.4418566307857355e-27,5.074750830564784e-13,True,True,9.175000013783574e-05,1.0879999990720535e-05,0.0001235300001098949,perturbed_saddle,50,0.3,2103.0,,quartic,0.001
perturbed_quartic_n50_p0.3_eps1e-03_seed2103,4V-FB,26,1,True,False,49,0.15418504556240764,0.6185064075575528,-1,-0.029189332475352714,5.4418566307857355e-27,5.018575069269831e-13,True,False,7.279999999809661e-05,1.0679999832063913e-05,0.00010234000001219101,perturbed_saddle,50,0.3,2103.0,,quartic,0.001
perturbed_quartic_n50_p0.3_eps1e-03_seed2103,4V-FB,27,2,True,False,49,0.15418504637407385,0.6185064075575528,-1,-0.029189319741439235,5.4418566307857355e-27,5.018575069269827e-13,True,False,6.115999985922826e-05,1.0100000054080738e-05,8.729999990464421e-05,perturbed_saddle,50,0.3,2103.0,,quartic,0.001
perturbed_quartic_n50_p0.3_eps1e-03_seed2103,4V-FB,29,4,True,False,49,0.15418504698716745,0.6185064075575528,-1,-0.029189310122853307,5.4418566307857355e-27,5.018575069269825e-13,True,False,5.711000017072365e-05,9.93999992715544e-06,8.258999991994642e-05,perturbed_saddle,50,0.3,2103.0,,quartic,0.001
perturbed_quartic_n50_p0.3_eps1e-03_seed2103,4V-FB,33,8,True,False,49,0.15418504718122786,0.6185064075575528,-1,-0.029189307078315352,5.4418566307857355e-27,5.018575069269825e-13,True,False,5.486999998538522e-05,9.959999943021103e-06,8.018999983505637e-05,perturbed_saddle,50,0.3,2103.0,,quartic,0.001
perturbed_quartic_n50_p0.3_eps1e-03_seed2103,4V-FB,40,15,False,True,49,0.15418504719435572,0.6185064075575528,-1,-0.029189306872356546,5.4418566307857355e-27,5.018575069269825e-13,True,False,5.575000000135333e-05,9.879999879558454e-06,8.153999988280702e-05,perturbed_saddle,50,0.3,2103.0,,quartic,0.001
perturbed_quartic_n50_p0.3_eps1e-03_seed2104,4V-FB,4,1,True,False,50,-6.735769442988041e-10,0.6185064075575528,-1,0.0003318311802358309,5.441856666266387e-27,5.074750830564785e-13,True,True,9.129999989454518e-05,1.0859999974854873e-05,0.00012283000000934408,perturbed_saddle,50,0.3,2104.0,,quartic,0.001
perturbed_quartic_n50_p0.3_eps1e-03_seed2104,4V-FB,26,1,True,False,49,0.15418504556259371,0.6185064075575528,-1,-0.029189332472435048,5.441856666266387e-27,5.01857506926983e-13,True,False,7.806000007803959e-05,1.0900000006586197e-05,0.00010788999998112558,perturbed_saddle,50,0.3,2104.0,,quartic,0.001
perturbed_quartic_n50_p0.3_eps1e-03_seed2104,4V-FB,27,2,True,False,49,0.15418504637416738,0.6185064075575528,-1,-0.029189319739972852,5.441856666266387e-27,5.018575069269826e-13,True,False,6.139999982224253e-05,9.869999985312461e-06,8.748999994168116e-05,perturbed_saddle,50,0.3,2104.0,,quartic,0.001
perturbed_quartic_n50_p0.3_eps1e-03_seed2104,4V-FB,29,4,True,False,49,0.1541850469871911,0.6185064075575528,-1,-0.029189310122482937,5.441856666266387e-27,5.018575069269825e-13,True,False,5.6189999895650544e-05,9.81000016508915e-06,8.178000007319497e-05,perturbed_saddle,50,0.3,2104.0,,quartic,0.001
perturbed_quartic_n50_p0.3_eps1e-03_seed2104,4V-FB,33,8,True,False,49,0.15418504718122936,0.6185064075575528,-1,-0.02918930707829137,5.441856666266387e-27,5.018575069269825e-13,True,False,5.4739999995945254e-05,9.709999858387164e-06,8.015999992494471e-05,perturbed_saddle,50,0.3,2104.0,,quartic,0.001
perturbed_quartic_n50_p0.3_eps1e-03_seed2104,4V-FB,40,15,False,True,49,0.15418504719435572,0.6185064075575528,-1,-0.029189306872356546,5.441856666266387e-27,5.018575069269825e-13,True,False,5.570000007537601e-05,9.959999943021103e-06,8.15400001101807e-05,perturbed_saddle,50,0.3,2104.0,,quartic,0.001
perturbed_quartic_n50_p0.3_eps1e-03_seed2105,4V-FB,4,1,True,False,50,-2.327962451629397e-10,0.6185064075575528,-1,0.00033167063802252983,5.441856637799766e-27,5.074750830564785e-13,True,True,9.174000001621607e-05,1.1240000048928778e-05,0.00012345000004643225,perturbed_saddle,50,0.3,2105.0,,quartic,0.001
perturbed_quartic_n50_p0.3_eps1e-03_seed2105,4V-FB,26,1,True,False,49,0.15418504556245813,0.6185064075575528,-1,-0.029189332474561347,5.441856637799766e-27,5.018575069269831e-13,True,False,7.901000003585068e-05,1.0949999932563514e-05,0.00010870000005525071,perturbed_saddle,50,0.3,2105.0,,quartic,0.001
perturbed_quartic_n50_p0.3_eps1e-03_seed2105,4V-FB,27,2,True,False,49,0.15418504637409924,0.6185064075575528,-1,-0.029189319741043107,5.441856637799766e-27,5.018575069269826e-13,True,False,6.181000003380177e-05,9.849999969446799e-06,8.769999999458378e-05,perturbed_saddle,50,0.3,2105.0,,quartic,0.001
perturbed_quartic_n50_p0.3_eps1e-03_seed2105,4V-FB,29,4,True,False,49,0.15418504698717386,0.6185064075575528,-1,-0.029189310122752943,5.441856637799766e-27,5.018575069269825e-13,True,False,5.6050000011964585e-05,9.840000075200805e-06,8.132000016303209e-05,perturbed_saddle,50,0.3,2105.0,,quartic,0.001
perturbed_quartic_n50_p0.3_eps1e-03_seed2105,4V-FB,33,8,True,False,49,0.15418504718122827,0.6185064075575528,-1,-0.029189307078308246,5.441856637799766e-27,5.018575069269826e-13,True,False,5.4079999927125755e-05,9.760000011738157e-06,7.916000004115631e-05,perturbed_saddle,50,0.3,2105.0,,quartic,0.001
perturbed_quartic_n50_p0.3_eps1e-03_seed2105,4V-FB,40,15,False,True,49,0.15418504719435572,0.6185064075575528,-1,-0.029189306872356546,5.441856637799766e-27,5.018575069269825e-13,True,False,5.505000012817618e-05,9.789999921849812e-06,8.037999987209332e-05,perturbed_saddle,50,0.3,2105.0,,quartic,0.001
perturbed_quartic_n50_p0.3_eps1e-04_seed2101,4V-FB,3,1,True,False,50,-3.115517532132394e-11,0.6185064075575528,-1,0.00033148532113180806,5.441858455464044e-27,5.074750830564783e-13,True,True,9.17800000479474e-05,1.1230000154682784e-05,0.0001233699999829696,perturbed_saddle,50,0.3,2101.0,,quartic,0.0001
perturbed_quartic_n50_p0.3_eps1e-04_seed2101,4V-FB,25,1,True,False,49,0.15418504556230156,0.6185064075575528,-1,-0.029189332477018937,5.441858455464044e-27,5.018575069269831e-13,True,False,7.20399998499488e-05,1.0869999869100866e-05,0.00010121999980583496,perturbed_saddle,50,0.3,2101.0,,quartic,0.0001
perturbed_quartic_n50_p0.3_eps1e-04_seed2101,4V-FB,26,2,True,False,49,0.15418504637402053,0.6185064075575528,-1,-0.029189319742277675,5.441858455464044e-27,5.018575069269826e-13,True,False,6.101000008129631e-05,9.990000080506434e-06,8.712999988347292e-05,perturbed_saddle,50,0.3,2101.0,,quartic,0.0001
perturbed_quartic_n50_p0.3_eps1e-04_seed2101,4V-FB,28,4,True,False,49,0.154185046987154,0.6185064075575528,-1,-0.029189310123064693,5.441858455464044e-27,5.018575069269825e-13,True,False,5.604000011771859e-05,9.849999969446799e-06,8.142000001498673e-05,perturbed_saddle,50,0.3,2101.0,,quartic,0.0001
perturbed_quartic_n50_p0.3_eps1e-04_seed2101,4V-FB,32,8,True,False,49,0.154185047181227,0.6185064075575528,-1,-0.029189307078328675,5.441858455464044e-27,5.018575069269825e-13,True,False,5.352999983188056e-05,1.001999999061809e-05,7.875000005697075e-05,perturbed_saddle,50,0.3,2101.0,,quartic,0.0001
perturbed_quartic_n50_p0.3_eps1e-04_seed2101,4V-FB,39,15,False,True,49,0.15418504719435572,0.6185064075575528,-1,-0.029189306872357434,5.441858455464044e-27,5.018575069269825e-13,True,False,5.519000001186214e-05,9.859999863692792e-06,8.06500001999666e-05,perturbed_saddle,50,0.3,2101.0,,quartic,0.0001
perturbed_quartic_n50_p0.3_eps1e-04_seed2102,4V-FB,3,1,True,False,50,-2.892442019393363e-11,0.6185064075575528,-1,0.00033143224524589954,5.4418584545071556e-27,5.074750830564786e-13,True,True,9.094000006371061e-05,1.0709999969549244e-05,0.0001220900001044356,perturbed_saddle,50,0.3,2102.0,,quartic,0.0001
perturbed_quartic_n50_p0.3_eps1e-04_seed2102,4V-FB,25,1,True,False,49,0.15418504556225668,0.6185064075575528,-1,-0.029189332477721486,5.4418584545071556e-27,5.018575069269831e-13,True,False,7.233999986056006e-05,1.0609999890220934e-05,0.00010152000004381989,perturbed_saddle,50,0.3,2102.0,,quartic,0.0001
perturbed_quartic_n50_p0.3_eps1e-04_seed2102,4V-FB,26,2,True,False,49,0.15418504637399796,0.6185064075575528,-1,-0.02918931974263206,5.4418584545071556e-27,5.018575069269826e-13,True,False,6.10299998697883e-05,9.81000016508915e-06,8.672999979353335e-05,perturbed_saddle,50,0.3,2102.0,,quartic,0.0001
perturbed_quartic_n50_p0.3_eps1e-04_seed2102,4V-FB,28,4,True,False,49,0.1541850469871483,0.6185064075575528,-1,-0.029189310123155288,5.4418584545071556e-27,5.018575069269825e-13,True,False,5.5709999969622004e-05,9.900000122797792e-06,8.111000011012948e-05,perturbed_saddle,50,0.3,2102.0,,quartic,0.0001
perturbed_quartic_n50_p0.3_eps1e-04_seed2102,4V-FB,32,8,True,False,49,0.15418504718122664,0.6185064075575528,-1,-0.029189307078334004,5.4418584545071556e-27,5.018575069269825e-13,True,False,5.55999999960477e-05,9.659999932409846e-06,8.081999999376421e-05,perturbed_saddle,50,0.3,2102.0,,quartic,0.0001
perturbed_quartic_n50_p0.3_eps1e-04_seed2102,4V-FB,39,15,False,True,49,0.15418504719435572,0.6185064075575528,-1,-0.029189306872357434,5.4418584545071556e-27,5.018575069269825e-13,True,False,5.376000012802251e-05,9.869999985312461e-06,7.863999985602277e-05,perturbed_saddle,50,0.3,2102.0,,quartic,0.0001
perturbed_quartic_n50_p0.3_eps1e-04_seed2103,4V-FB,3,1,True,False,50,-1.8945878681492524e-11,0.6185064075575528,-1,0.0003314442622324165,5.441858454589176e-27,5.074750830564784e-13,True,True,9.070999999494234e-05,1.1129999847980798e-05,0.0001224800000727555,perturbed_saddle,50,0.3,2103.0,,quartic,0.0001
perturbed_quartic_n50_p0.3_eps1e-04_seed2103,4V-FB,25,1,True,False,49,0.15418504556226684,0.6185064075575528,-1,-0.029189332477562502,5.441858454589176e-27,5.018575069269831e-13,True,False,7.20299999557028e-05,1.0479999900780967e-05,0.00010122999992745463,perturbed_saddle,50,0.3,2103.0,,quartic,0.0001
perturbed_quartic_n50_p0.3_eps1e-04_seed2103,4V-FB,26,2,True,False,49,0.15418504637400307,0.6185064075575528,-1,-0.029189319742551234,5.441858454589176e-27,5.018575069269826e-13,True,False,6.028000007063383e-05,9.859999863692792e-06,8.615999990979617e-05,perturbed_saddle,50,0.3,2103.0,,quartic,0.0001
perturbed_quartic_n50_p0.3_eps1e-04_seed2103,4V-FB,28,4,True,False,49,0.15418504698714958,0.6185064075575528,-1,-0.02918931012313397,5.441858454589176e-27,5.018575069269825e-13,True,False,5.531000010705611e-05,9.829999953581137e-06,8.086000002549554e-05,perturbed_saddle,50,0.3,2103.0,,quartic,0.0001
perturbed_quartic_n50_p0.3_eps1e-04_seed2103,4V-FB,32,8,True,False,49,0.15418504718122672,0.6185064075575528,-1,-0.029189307078334892,5.441858454589176e-27,5.018575069269824e-13,True,False,5.550999981096538e-05,1.0080000038215076e-05,8.12700000096811e-05,perturbed_saddle,50,0.3,2103.0,,quartic,0.0001
perturbed_quartic_n50_p0.3_eps1e-04_seed2103,4V-FB,39,15,False,True,49,0.15418504719435572,0.6185064075575528,-1,-0.029189306872357434,5.441858454589176e-27,5.018575069269825e-13,True,False,5.36600000486942e-05,9.800000043469481e-06,7.9050000067582e-05,perturbed_saddle,50,0.3,2103.0,,quartic,0.0001
perturbed_quartic_n50_p0.3_eps1e-04_seed2104,4V-FB,3,1,True,False,50,-2.0790425815720267e-11,0.6185064075575528,-1,0.0003314662784008604,5.441858454943905e-27,5.074750830564785e-13,True,True,9.011999986796582e-05,1.0649999921952258e-05,0.00012132999995628779,perturbed_saddle,50,0.3,2104.0,,quartic,0.0001
perturbed_quartic_n50_p0.3_eps1e-04_seed2104,4V-FB,25,1,True,False,49,0.15418504556228546,0.6185064075575528,-1,-0.02918933247727118,5.441858454943905e-27,5.01857506926983e-13,True,False,7.223000011435943e-05,1.0619999784466927e-05,0.00010124999994332029,perturbed_saddle,50,0.3,2104.0,,quartic,0.0001
perturbed_quartic_n50_p0.3_eps1e-04_seed2104,4V-FB,26,2,True,False,49,0.15418504637401242,0.6185064075575528,-1,-0.029189319742404685,5.441858454943905e-27,5.018575069269826e-13,True,False,6.007000001773122e-05,1.001999999061809e-05,8.618999981990783e-05,perturbed_saddle,50,0.3,2104.0,,quartic,0.0001
perturbed_quartic_n50_p0.3_eps1e-04_seed2104,4V-FB,28,4,True,False,49,0.15418504698715194,0.6185064075575528,-1,-0.029189310123096668,5.441858454943905e-27,5.018575069269825e-13,True,False,5.7040000001506996e-05,9.900000122797792e-06,8.316999992530327e-05,perturbed_saddle,50,0.3,2104.0,,quartic,0.0001
perturbed_quartic_n50_p0.3_eps1e-04_seed2104,4V-FB,32,8,True,False,49,0.15418504718122686,0.6185064075575528,-1,-0.029189307078329563,5.441858454943905e-27,5.018575069269826e-13,True,False,5.417000011220807e-05,9.970000064640772e-06,7.987999993019912e-05,perturbed_saddle,50,0.3,2104.0,,quartic,0.0001
perturbed_quartic_n50_p0.3_eps1e-04_seed2104,4V-FB,39,15,False,True,49,0.15418504719435572,0.6185064075575528,-1,-0.029189306872357434,5.441858454943905e-27,5.018575069269825e-13,True,False,5.4110000064611086e-05,1.001999999061809e-05,7.970999990902783e-05,perturbed_saddle,50,0.3,2104.0,,quartic,0.0001
perturbed_quartic_n50_p0.3_eps1e-04_seed2105,4V-FB,3,1,True,False,50,1.67739272848807e-11,0.6185064075575528,-1,0.00033145022719249795,5.441858454659262e-27,5.074750830564784e-13,True,True,8.9399999978923e-05,1.1139999969600467e-05,0.00013306000005286478,perturbed_saddle,50,0.3,2105.0,,quartic,0.0001
perturbed_quartic_n50_p0.3_eps1e-04_seed2105,4V-FB,25,1,True,False,49,0.1541850455622719,0.6185064075575528,-1,-0.029189332477482566,5.441858454659262e-27,5.018575069269831e-13,True,False,7.099000004018308e-05,1.0640000027706265e-05,9.939000005942944e-05,perturbed_saddle,50,0.3,2105.0,,quartic,0.0001
perturbed_quartic_n50_p0.3_eps1e-04_seed2105,4V-FB,26,2,True,False,49,0.15418504637400562,0.6185064075575528,-1,-0.029189319742511266,5.441858454659262e-27,5.018575069269826e-13,True,False,6.802000007155584e-05,9.790000149223488e-06,9.445999990020937e-05,perturbed_saddle,50,0.3,2105.0,,quartic,0.0001
perturbed_quartic_n50_p0.3_eps1e-04_seed2105,4V-FB,28,4,True,False,49,0.15418504698715021,0.6185064075575528,-1,-0.0291893101231242,5.441858454659262e-27,5.018575069269825e-13,True,False,5.6640000138941105e-05,9.659999932409846e-06,8.170000000973232e-05,perturbed_saddle,50,0.3,2105.0,,quartic,0.0001
perturbed_quartic_n50_p0.3_eps1e-04_seed2105,4V-FB,32,8,True,False,49,0.15418504718122675,0.6185064075575528,-1,-0.029189307078333115,5.441858454659262e-27,5.018575069269825e-13,True,False,5.4079999927125755e-05,9.720000207380508e-06,7.903999994596234e-05,perturbed_saddle,50,0.3,2105.0,,quartic,0.0001
perturbed_quartic_n50_p0.3_eps1e-04_seed2105,4V-FB,39,15,False,True,49,0.15418504719435572,0.6185064075575528,-1,-0.029189306872357434,5.441858454659262e-27,5.018575069269825e-13,True,False,5.461000000650529e-05,9.830000180954812e-06,7.98300000042218e-05,perturbed_saddle,50,0.3,2105.0,,quartic,0.0001
perturbed_quartic_n50_p0.3_eps1e-05_seed2101,4V-FB,3,1,True,False,50,-1.820560148546956e-12,0.6185064075575528,-1,0.0003314317051579252,5.441858472835894e-27,5.074750830564785e-13,True,True,0.00010050000014416582,1.150000002780871e-05,0.00013384999988375057,perturbed_saddle,50,0.3,2101.0,,quartic,1e-05
perturbed_quartic_n50_p0.3_eps1e-05_seed2101,4V-FB,25,1,True,False,49,0.15418504556225623,0.6185064075575528,-1,-0.02918933247772948,5.441858472835894e-27,5.01857506926983e-13,True,False,7.06499999978405e-05,1.0279999969498022e-05,9.87599999007216e-05,perturbed_saddle,50,0.3,2101.0,,quartic,1e-05
perturbed_quartic_n50_p0.3_eps1e-05_seed2101,4V-FB,26,2,True,False,49,0.15418504637399774,0.6185064075575528,-1,-0.029189319742634723,5.441858472835894e-27,5.018575069269826e-13,True,False,6.733000009262469e-05,1.0139999858438387e-05,9.408999994775513e-05,perturbed_saddle,50,0.3,2101.0,,quartic,1e-05
perturbed_quartic_n50_p0.3_eps1e-05_seed2101,4V-FB,28,4,True,False,49,0.15418504698714824,0.6185064075575528,-1,-0.029189310123156176,5.441858472835894e-27,5.018575069269824e-13,True,False,5.551000003833906e-05,9.780000027603819e-06,8.058999992499594e-05,perturbed_saddle,50,0.3,2101.0,,quartic,1e-05
perturbed_quartic_n50_p0.3_eps1e-05_seed2101,4V-FB,32,8,True,False,49,0.15418504718122664,0.6185064075575528,-1,-0.029189307078334892,5.441858472835894e-27,5.018575069269825e-13,True,False,5.4180000006454065e-05,9.95000004877511e-06,7.976000006237882e-05,perturbed_saddle,50,0.3,2101.0,,quartic,1e-05
perturbed_quartic_n50_p0.3_eps1e-05_seed2101,4V-FB,39,15,False,True,49,0.15418504719435572,0.6185064075575528,-1,-0.029189306872357434,5.441858472835894e-27,5.018575069269825e-13,True,False,5.495999994309386e-05,9.829999953581137e-06,8.043000002544431e-05,perturbed_saddle,50,0.3,2101.0,,quartic,1e-05
perturbed_quartic_n50_p0.3_eps1e-05_seed2102,4V-FB,3,1,True,False,50,-2.8770714853451634e-12,0.6185064075575528,-1,0.00033142639791083894,5.441858472826336e-27,5.074750830564784e-13,True,True,9.032000002662244e-05,1.0799999927257886e-05,0.00012207999998281593,perturbed_saddle,50,0.3,2102.0,,quartic,1e-05
perturbed_quartic_n50_p0.3_eps1e-05_seed2102,4V-FB,25,1,True,False,49,0.15418504556225177,0.6185064075575528,-1,-0.029189332477800534,5.441858472826336e-27,5.01857506926983e-13,True,False,7.193999999799416e-05,1.8179999869971653e-05,0.00010861999999178806,perturbed_saddle,50,0.3,2102.0,,quartic,1e-05
perturbed_quartic_n50_p0.3_eps1e-05_seed2102,4V-FB,26,2,True,False,49,0.1541850463739955,0.6185064075575528,-1,-0.02918931974267025,5.441858472826336e-27,5.018575069269826e-13,True,False,6.185999995977909e-05,1.005000012810342e-05,8.830999991005228e-05,perturbed_saddle,50,0.3,2102.0,,quartic,1e-05
perturbed_quartic_n50_p0.3_eps1e-05_seed2102,4V-FB,28,4,True,False,49,0.15418504698714766,0.6185064075575528,-1,-0.02918931012316417,5.441858472826336e-27,5.018575069269825e-13,True,False,5.648000001201581e-05,1.0140000085812062e-05,8.250999985648377e-05,perturbed_saddle,50,0.3,2102.0,,quartic,1e-05
perturbed_quartic_n50_p0.3_eps1e-05_seed2102,4V-FB,32,8,True,False,49,0.15418504718122658,0.6185064075575528,-1,-0.029189307078334892,5.441858472826336e-27,5.018575069269825e-13,True,False,5.46699998267286e-05,9.820000059335143e-06,8.008999998310173e-05,perturbed_saddle,50,0.3,2102.0,,quartic,1e-05
perturbed_quartic_n50_p0.3_eps1e-05_seed2102,4V-FB,39,15,False,True,49,0.15418504719435572,0.6185064075575528,-1,-0.029189306872357434,5.441858472826336e-27,5.018575069269825e-13,True,False,5.4840000075273565e-05,1.0219999921901035e-05,8.073000003605557e-05,perturbed_saddle,50,0.3,2102.0,,quartic,1e-05
perturbed_quartic_n50_p0.3_eps1e-05_seed2103,4V-FB,3,1,True,False,50,-1.769538581005251e-12,0.6185064075575528,-1,0.00033142759958071366,5.4418584728271655e-27,5.074750830564784e-13,True,True,9.148000003733614e-05,1.07800001387659e-05,0.00012250999998286716,perturbed_saddle,50,0.3,2103.0,,quartic,1e-05
perturbed_quartic_n50_p0.3_eps1e-05_seed2103,4V-FB,25,1,True,False,49,0.15418504556225276,0.6185064075575528,-1,-0.02918933247778277,5.4418584728271655e-27,5.018575069269831e-13,True,False,7.175000018833089e-05,1.059999999597494e-05,0.00010086999986924639,perturbed_saddle,50,0.3,2103.0,,quartic,1e-05
perturbed_quartic_n50_p0.3_eps1e-05_seed2103,4V-FB,26,2,True,False,49,0.154185046373996,0.6185064075575528,-1,-0.029189319742661368,5.4418584728271655e-27,5.018575069269826e-13,True,False,6.108000002313929e-05,1.005000012810342e-05,8.725000020604057e-05,perturbed_saddle,50,0.3,2103.0,,quartic,1e-05
perturbed_quartic_n50_p0.3_eps1e-05_seed2103,4V-FB,28,4,True,False,49,0.1541850469871478,0.6185064075575528,-1,-0.029189310123161505,5.4418584728271655e-27,5.018575069269825e-13,True,False,5.716999999094696e-05,1.0340000017095008e-05,8.335000006809423e-05,perturbed_saddle,50,0.3,2103.0,,quartic,1e-05
perturbed_quartic_n50_p0.3_eps1e-05_seed2103,4V-FB,32,8,True,False,49,0.1541850471812266,0.6185064075575528,-1,-0.029189307078334892,5.4418584728271655e-27,5.018575069269825e-13,True,False,5.454000006466231e-05,1.0159999874304049e-05,8.019999995667604e-05,perturbed_saddle,50,0.3,2103.0,,quartic,1e-05
perturbed_quartic_n50_p0.3_eps1e-05_seed2103,4V-FB,39,15,False,True,49,0.15418504719435572,0.6185064075575528,-1,-0.029189306872357434,5.4418584728271655e-27,5.018575069269825e-13,True,False,5.493000003298221e-05,1.0069999916595407e-05,8.086000002549554e-05,perturbed_saddle,50,0.3,2103.0,,quartic,1e-05
perturbed_quartic_n50_p0.3_eps1e-05_seed2104,4V-FB,3,1,True,False,50,-1.4796331255615428e-12,0.6185064075575528,-1,0.0003314298010703709,5.441858472830696e-27,5.074750830564785e-13,True,True,9.124999996856786e-05,1.077000001714623e-05,0.0001221500001520326,perturbed_saddle,50,0.3,2104.0,,quartic,1e-05
perturbed_quartic_n50_p0.3_eps1e-05_seed2104,4V-FB,25,1,True,False,49,0.15418504556225462,0.6185064075575528,-1,-0.02918933247775346,5.441858472830696e-27,5.018575069269831e-13,True,False,7.250999988173135e-05,1.0419999853183981e-05,0.00010124999994332029,perturbed_saddle,50,0.3,2104.0,,quartic,1e-05
perturbed_quartic_n50_p0.3_eps1e-05_seed2104,4V-FB,26,2,True,False,49,0.15418504637399694,0.6185064075575528,-1,-0.029189319742647157,5.441858472830696e-27,5.018575069269826e-13,True,False,6.0910000001968e-05,9.820000059335143e-06,8.689999981470464e-05,perturbed_saddle,50,0.3,2104.0,,quartic,1e-05
perturbed_quartic_n50_p0.3_eps1e-05_seed2104,4V-FB,28,4,True,False,49,0.15418504698714802,0.6185064075575528,-1,-0.02918931012315884,5.441858472830696e-27,5.018575069269825e-13,True,False,5.674999988514173e-05,9.930000032909447e-06,8.252000020547712e-05,perturbed_saddle,50,0.3,2104.0,,quartic,1e-05
perturbed_quartic_n50_p0.3_eps1e-05_seed2104,4V-FB,32,8,True,False,49,0.1541850471812266,0.6185064075575528,-1,-0.029189307078334892,5.441858472830696e-27,5.018575069269825e-13,True,False,5.413000008047675e-05,9.98000018626044e-06,7.948999996187922e-05,perturbed_saddle,50,0.3,2104.0,,quartic,1e-05
perturbed_quartic_n50_p0.3_eps1e-05_seed2104,4V-FB,39,15,False,True,49,0.15418504719435572,0.6185064075575528,-1,-0.029189306872357434,5.441858472830696e-27,5.018575069269825e-13,True,False,5.45499999589083e-05,9.750000117492164e-06,7.974000004651316e-05,perturbed_saddle,50,0.3,2104.0,,quartic,1e-05
perturbed_quartic_n50_p0.3_eps1e-05_seed2105,4V-FB,3,1,True,False,50,1.8961480006639564e-12,0.6185064075575528,-1,0.00033142819605203044,5.441858472827869e-27,5.074750830564785e-13,True,True,9.047999992617406e-05,1.0689999953683582e-05,0.00012186999992991332,perturbed_saddle,50,0.3,2105.0,,quartic,1e-05
perturbed_quartic_n50_p0.3_eps1e-05_seed2105,4V-FB,25,1,True,False,49,0.15418504556225326,0.6185064075575528,-1,-0.029189332477774776,5.441858472827869e-27,5.018575069269831e-13,True,False,7.144000005609996e-05,1.0759999895526562e-05,0.00010067000016533711,perturbed_saddle,50,0.3,2105.0,,quartic,1e-05
perturbed_quartic_n50_p0.3_eps1e-05_seed2105,4V-FB,26,2,True,False,49,0.15418504637399624,0.6185064075575528,-1,-0.029189319742657815,5.441858472827869e-27,5.018575069269826e-13,True,False,5.944999998064304e-05,9.930000032909447e-06,8.539000009477604e-05,perturbed_saddle,50,0.3,2105.0,,quartic,1e-05
perturbed_quartic_n50_p0.3_eps1e-05_seed2105,4V-FB,28,4,True,False,49,0.15418504698714786,0.6185064075575528,-1,-0.029189310123160617,5.441858472827869e-27,5.018575069269826e-13,True,False,5.6849999964470044e-05,1.001999999061809e-05,8.250999985648377e-05,perturbed_saddle,50,0.3,2105.0,,quartic,1e-05
perturbed_quartic_n50_p0.3_eps1e-05_seed2105,4V-FB,32,8,True,False,49,0.1541850471812266,0.6185064075575528,-1,-0.029189307078334892,5.441858472827869e-27,5.018575069269825e-13,True,False,5.357000009098556e-05,9.929999805535772e-06,7.89499999882537e-05,perturbed_saddle,50,0.3,2105.0,,quartic,1e-05
perturbed_quartic_n50_p0.3_eps1e-05_seed2105,4V-FB,39,15,False,True,49,0.15418504719435572,0.6185064075575528,-1,-0.029189306872357434,5.441858472827869e-27,5.018575069269825e-13,True,False,5.4589999990639626e-05,9.879999879558454e-06,8.008999998310173e-05,perturbed_saddle,50,0.3,2105.0,,quartic,1e-05
perturbed_quartic_n50_p0.5_eps1e-02_seed2101,4V-FB,5,1,True,False,50,-1.501677925628097e-07,0.5628085996530688,-1,0.00021860135390117108,3.4334654660114077e-18,5.277777777777713e-13,True,True,0.00010929999984909955,1.1029999996026163e-05,0.00014265000004343165,perturbed_saddle,50,0.5,2101.0,,quartic,0.01
perturbed_quartic_n50_p0.5_eps1e-02_seed2101,4V-FB,28,1,True,False,49,0.11553371204741018,0.5628085996530688,-1,-0.01802561022832183,3.4334654660114077e-18,5.243736755405836e-13,True,False,7.357000004049041e-05,1.0520000159885967e-05,0.00010248000012325065,perturbed_saddle,50,0.5,2101.0,,quartic,0.01
perturbed_quartic_n50_p0.5_eps1e-02_seed2101,4V-FB,29,2,True,False,49,0.11553371337623713,0.5628085996530688,-1,-0.018025598882326577,3.4334654660114077e-18,5.243736755405829e-13,True,False,6.116000008660194e-05,9.339999905932928e-06,8.634000005258713e-05,perturbed_saddle,50,0.5,2101.0,,quartic,0.01
perturbed_quartic_n50_p0.5_eps1e-02_seed2101,4V-FB,31,4,True,False,49,0.11553371435137026,0.5628085996530688,-1,-0.018025590556289828,3.4334654660114077e-18,5.243736755405828e-13,True,False,5.5709999969622004e-05,9.229999932358623e-06,8.044000014706398e-05,perturbed_saddle,50,0.5,2101.0,,quartic,0.01
perturbed_quartic_n50_p0.5_eps1e-02_seed2101,4V-FB,35,8,True,False,49,0.11553371464438496,0.5628085996530688,-1,-0.01802558805442711,3.4334654660114077e-18,5.243736755405828e-13,True,False,5.527000007532479e-05,9.480000016992562e-06,8.009999987734773e-05,perturbed_saddle,50,0.5,2101.0,,quartic,0.01
perturbed_quartic_n50_p0.5_eps1e-02_seed2101,4V-FB,41,14,False,True,49,0.11553371466234619,0.5628085996530688,-1,-0.018025587901068008,3.4334654660114077e-18,5.243736755405828e-13,True,False,5.4439999985334e-05,9.209999916492961e-06,7.89499999882537e-05,perturbed_saddle,50,0.5,2101.0,,quartic,0.01
perturbed_quartic_n50_p0.5_eps1e-02_seed2102,4V-FB,5,1,True,False,50,-1.7936031631748945e-09,0.5628085996530688,-1,0.00021459984231064766,3.4334631133019924e-18,5.277777777777777e-13,True,True,0.00010004999990087526,1.083999995898921e-05,0.00013211999998929969,perturbed_saddle,50,0.5,2102.0,,quartic,0.01
perturbed_quartic_n50_p0.5_eps1e-02_seed2102,4V-FB,28,1,True,False,49,0.11553371203925691,0.5628085996530688,-1,-0.018025610297937256,3.4334631133019924e-18,5.243736755405836e-13,True,False,7.200999993983714e-05,1.0320000001229346e-05,0.0001011899998957233,perturbed_saddle,50,0.5,2102.0,,quartic,0.01
perturbed_quartic_n50_p0.5_eps1e-02_seed2102,4V-FB,29,2,True,False,49,0.11553371337222668,0.5628085996530688,-1,-0.01802559891656852,3.4334631133019924e-18,5.243736755405829e-13,True,False,6.15299998116825e-05,9.340000133306603e-06,8.711999998922693e-05,perturbed_saddle,50,0.5,2102.0,,quartic,0.01
perturbed_quartic_n50_p0.5_eps1e-02_seed2102,4V-FB,31,4,True,False,49,0.11553371435039994,0.5628085996530688,-1,-0.01802559056457742,3.4334631133019924e-18,5.243736755405828e-13,True,False,5.7739999874684145e-05,9.509999927104218e-06,8.299999990413198e-05,perturbed_saddle,50,0.5,2102.0,,quartic,0.01
perturbed_quartic_n50_p0.5_eps1e-02_seed2102,4V-FB,35,8,True,False,49,0.11553371464432816,0.5628085996530688,-1,-0.018025588054913833,3.4334631133019924e-18,5.243736755405827e-13,True,False,6.092000012358767e-05,9.35999992179859e-06,8.651999996800441e-05,perturbed_saddle,50,0.5,2102.0,,quartic,0.01
perturbed_quartic_n50_p0.5_eps1e-02_seed2102,4V-FB,41,14,False,True,49,0.11553371466234538,0.5628085996530688,-1,-0.018025587901076,3.4334631133019924e-18,5.243736755405827e-13,True,False,5.6610000001455774e-05,9.200000022246968e-06,8.167000009962067e-05,perturbed_saddle,50,0.5,2102.0,,quartic,0.01
perturbed_quartic_n50_p0.5_eps1e-02_seed2103,4V-FB,5,1,True,False,50,-1.4506500637261277e-08,0.5628085996530688,-1,0.00021550172167206227,3.433463314657524e-18,5.277777777777777e-13,True,True,8.97999998414889e-05,1.0369999927206663e-05,0.00012005999997199979,perturbed_saddle,50,0.5,2103.0,,quartic,0.01
perturbed_quartic_n50_p0.5_eps1e-02_seed2103,4V-FB,28,1,True,False,49,0.11553371204110233,0.5628085996530688,-1,-0.018025610282182747,3.433463314657524e-18,5.243736755405836e-13,True,False,7.301999994524522e-05,1.0039999779110076e-05,0.00010129999986929761,perturbed_saddle,50,0.5,2103.0,,quartic,0.01
perturbed_quartic_n50_p0.5_eps1e-02_seed2103,4V-FB,29,2,True,False,49,0.11553371337313441,0.5628085996530688,-1,-0.018025598908819163,3.433463314657524e-18,5.243736755405828e-13,True,False,6.14600000972132e-05,9.350000027552596e-06,8.682999987286166e-05,perturbed_saddle,50,0.5,2103.0,,quartic,0.01
perturbed_quartic_n50_p0.5_eps1e-02_seed2103,4V-FB,31,4,True,False,49,0.11553371435061957,0.5628085996530688,-1,-0.0180255905627007,3.433463314657524e-18,5.243736755405828e-13,True,False,5.631999988509051e-05,9.239999826604617e-06,8.094000008895819e-05,perturbed_saddle,50,0.5,2103.0,,quartic,0.01
perturbed_quartic_n50_p0.5_eps1e-02_seed2103,4V-FB,35,8,True,False,49,0.115533714644341,0.5628085996530688,-1,-0.018025588054801922,3.433463314657524e-18,5.243736755405828e-13,True,False,5.589000011241296e-05,9.180000006381306e-06,8.052000021052663e-05,perturbed_saddle,50,0.5,2103.0,,quartic,0.01
perturbed_quartic_n50_p0.5_eps1e-02_seed2103,4V-FB,41,14,False,True,49,0.11553371466234558,0.5628085996530688,-1,-0.01802558790107245,3.433463314657524e-18,5.243736755405828e-13,True,False,5.3620000016962877e-05,9.269999964089948e-06,7.793000008859963e-05,perturbed_saddle,50,0.5,2103.0,,quartic,0.01
perturbed_quartic_n50_p0.5_eps1e-02_seed2104,4V-FB,5,1,True,False,50,-6.951102413600074e-08,0.5628085996530688,-1,0.000217160202448774,3.4334641896929897e-18,5.277777777777764e-13,True,True,0.00010167000004912552,1.059999999597494e-05,0.00013414999989436183,perturbed_saddle,50,0.5,2104.0,,quartic,0.01
perturbed_quartic_n50_p0.5_eps1e-02_seed2104,4V-FB,28,1,True,False,49,0.11553371204448401,0.5628085996530688,-1,-0.018025610253308066,3.4334641896929897e-18,5.243736755405836e-13,True,False,7.239999990815704e-05,9.959999943021103e-06,0.00010021000002780056,perturbed_saddle,50,0.5,2104.0,,quartic,0.01
perturbed_quartic_n50_p0.5_eps1e-02_seed2104,4V-FB,29,2,True,False,49,0.1155337133747978,0.5628085996530688,-1,-0.018025598894615413,3.4334641896929897e-18,5.243736755405829e-13,True,False,6.010000015521655e-05,9.379999937664252e-06,8.524999998371641e-05,perturbed_saddle,50,0.5,2104.0,,quartic,0.01
perturbed_quartic_n50_p0.5_eps1e-02_seed2104,4V-FB,31,4,True,False,49,0.11553371435102201,0.5628085996530688,-1,-0.018025590559264337,3.4334641896929897e-18,5.243736755405828e-13,True,False,5.7079999805864645e-05,9.180000006381306e-06,8.152999998856103e-05,perturbed_saddle,50,0.5,2104.0,,quartic,0.01
perturbed_quartic_n50_p0.5_eps1e-02_seed2104,4V-FB,35,8,True,False,49,0.11553371464436457,0.5628085996530688,-1,-0.018025588054602082,3.4334641896929897e-18,5.243736755405827e-13,True,False,5.374000011215685e-05,9.120000186157995e-06,7.811000000401691e-05,perturbed_saddle,50,0.5,2104.0,,quartic,0.01
perturbed_quartic_n50_p0.5_eps1e-02_seed2104,4V-FB,41,14,False,True,49,0.1155337146623459,0.5628085996530688,-1,-0.018025587901070672,3.4334641896929897e-18,5.243736755405828e-13,True,False,5.4589999990639626e-05,9.260000069843954e-06,7.879000008870207e-05,perturbed_saddle,50,0.5,2104.0,,quartic,0.01
perturbed_quartic_n50_p0.5_eps1e-02_seed2105,4V-FB,5,1,True,False,50,-2.5360659008652202e-08,0.5628085996530688,-1,0.00021595083789804903,3.4334634888592887e-18,5.277777777777776e-13,True,True,9.040000009008509e-05,9.859999863692792e-06,0.00012083000001439359,perturbed_saddle,50,0.5,2105.0,,quartic,0.01
perturbed_quartic_n50_p0.5_eps1e-02_seed2105,4V-FB,28,1,True,False,49,0.11553371204201959,0.5628085996530688,-1,-0.018025610274349013,3.4334634888592887e-18,5.243736755405836e-13,True,False,7.115999983398069e-05,1.0080000038215076e-05,9.915999999066116e-05,perturbed_saddle,50,0.5,2105.0,,quartic,0.01
perturbed_quartic_n50_p0.5_eps1e-02_seed2105,4V-FB,29,2,True,False,49,0.1155337133735856,0.5628085996530688,-1,-0.018025598904965356,3.4334634888592887e-18,5.24373675540583e-13,True,False,6.030999998074549e-05,9.260000069843954e-06,8.484999989377684e-05,perturbed_saddle,50,0.5,2105.0,,quartic,0.01
perturbed_quartic_n50_p0.5_eps1e-02_seed2105,4V-FB,31,4,True,False,49,0.11553371435072873,0.5628085996530688,-1,-0.01802559056176989,3.4334634888592887e-18,5.243736755405827e-13,True,False,5.510999994839949e-05,1.6340000001946464e-05,8.65800000156014e-05,perturbed_saddle,50,0.5,2105.0,,quartic,0.01
perturbed_quartic_n50_p0.5_eps1e-02_seed2105,4V-FB,35,8,True,False,49,0.1155337146443474,0.5628085996530688,-1,-0.01802558805474863,3.4334634888592887e-18,5.243736755405827e-13,True,False,5.480000004354224e-05,9.070000032807002e-06,7.893999986663403e-05,perturbed_saddle,50,0.5,2105.0,,quartic,0.01
perturbed_quartic_n50_p0.5_eps1e-02_seed2105,4V-FB,41,14,False,True,49,0.11553371466234566,0.5628085996530688,-1,-0.018025587901073337,3.4334634888592887e-18,5.243736755405828e-13,True,False,5.5080000038287835e-05,9.000000090964022e-06,7.912000000942498e-05,perturbed_saddle,50,0.5,2105.0,,quartic,0.01
perturbed_quartic_n50_p0.5_eps1e-03_seed2101,4V-FB,4,1,True,False,50,-1.5127952778535261e-09,0.5628085996530688,-1,0.00021455983562379544,3.433508184836712e-18,5.277777777777777e-13,True,True,0.00010041900009127858,1.042999997480365e-05,0.0001320490000580321,perturbed_saddle,50,0.5,2101.0,,quartic,0.001
perturbed_quartic_n50_p0.5_eps1e-03_seed2101,4V-FB,27,1,True,False,49,0.11553371203917494,0.5628085996530688,-1,-0.01802561029863803,3.433508184836712e-18,5.243736755405836e-13,True,False,7.310000000870787e-05,1.0389999943072326e-05,0.00010279999992235389,perturbed_saddle,50,0.5,2101.0,,quartic,0.001
perturbed_quartic_n50_p0.5_eps1e-03_seed2101,4V-FB,28,2,True,False,49,0.11553371337218636,0.5628085996530688,-1,-0.01802559891691402,3.433508184836712e-18,5.243736755405828e-13,True,False,6.166000002849614e-05,9.549999958835542e-06,8.78599998941354e-05,perturbed_saddle,50,0.5,2101.0,,quartic,0.001
perturbed_quartic_n50_p0.5_eps1e-03_seed2101,4V-FB,30,4,True,False,49,0.11553371435039018,0.5628085996530688,-1,-0.01802559056466091,3.433508184836712e-18,5.243736755405828e-13,True,False,5.6869999980335706e-05,9.469999895372894e-06,8.888000002116314e-05,perturbed_saddle,50,0.5,2101.0,,quartic,0.001
perturbed_quartic_n50_p0.5_eps1e-03_seed2101,4V-FB,34,8,True,False,49,0.11553371464432759,0.5628085996530688,-1,-0.018025588054916497,3.433508184836712e-18,5.243736755405828e-13,True,False,6.249000011848693e-05,1.0629999906086596e-05,9.015999989969714e-05,perturbed_saddle,50,0.5,2101.0,,quartic,0.001
perturbed_quartic_n50_p0.5_eps1e-03_seed2101,4V-FB,40,14,False,True,49,0.11553371466234538,0.5628085996530688,-1,-0.018025587901076,3.433508184836712e-18,5.243736755405827e-13,True,False,5.71499999750813e-05,9.360000149172265e-06,8.266000008916308e-05,perturbed_saddle,50,0.5,2101.0,,quartic,0.001
perturbed_quartic_n50_p0.5_eps1e-03_seed2102,4V-FB,4,1,True,False,50,-3.703561636301572e-11,0.5628085996530688,-1,0.00021416242904148675,3.433508161307278e-18,5.277777777777777e-13,True,True,9.202000001096167e-05,1.0629999906086596e-05,0.00012345999994067824,perturbed_saddle,50,0.5,2102.0,,quartic,0.001
perturbed_quartic_n50_p0.5_eps1e-03_seed2102,4V-FB,27,1,True,False,49,0.11553371203836023,0.5628085996530688,-1,-0.018025610305596018,3.433508161307278e-18,5.243736755405834e-13,True,False,7.86199998401571e-05,1.0779999911392224e-05,0.00010797000004458823,perturbed_saddle,50,0.5,2102.0,,quartic,0.001
perturbed_quartic_n50_p0.5_eps1e-03_seed2102,4V-FB,28,2,True,False,49,0.11553371337178563,0.5628085996530688,-1,-0.018025598920334396,3.433508161307278e-18,5.24373675540583e-13,True,False,6.12499998169369e-05,9.350000027552596e-06,8.653000008962408e-05,perturbed_saddle,50,0.5,2102.0,,quartic,0.001
perturbed_quartic_n50_p0.5_eps1e-03_seed2102,4V-FB,30,4,True,False,49,0.11553371435029322,0.5628085996530688,-1,-0.018025590565486915,3.433508161307278e-18,5.243736755405828e-13,True,False,5.602000010185293e-05,9.309999995821272e-06,8.058000003074994e-05,perturbed_saddle,50,0.5,2102.0,,quartic,0.001
perturbed_quartic_n50_p0.5_eps1e-03_seed2102,4V-FB,34,8,True,False,49,0.11553371464432191,0.5628085996530688,-1,-0.018025588054965347,3.433508161307278e-18,5.243736755405828e-13,True,False,5.392000002757413e-05,1.5730000086477958e-05,8.490000004712783e-05,perturbed_saddle,50,0.5,2102.0,,quartic,0.001
perturbed_quartic_n50_p0.5_eps1e-03_seed2102,4V-FB,40,14,False,True,49,0.1155337146623453,0.5628085996530688,-1,-0.018025587901076,3.433508161307278e-18,5.243736755405828e-13,True,False,5.450999992717698e-05,9.319999890067265e-06,7.914999991953664e-05,perturbed_saddle,50,0.5,2102.0,,quartic,0.001
perturbed_quartic_n50_p0.5_eps1e-03_seed2103,4V-FB,4,1,True,False,50,-1.5672598125387888e-10,0.5628085996530688,-1,0.00021425238118411016,3.4335081633236304e-18,5.277777777777778e-13,True,True,8.989000002657122e-05,1.0209999800281366e-05,0.00012057000003551366,perturbed_saddle,50,0.5,2103.0,,quartic,0.001
perturbed_quartic_n50_p0.5_eps1e-03_seed2103,4V-FB,27,1,True,False,49,0.11553371203854472,0.5628085996530688,-1,-0.0180256103040195,3.4335081633236304e-18,5.243736755405836e-13,True,False,7.232999996631406e-05,9.899999895424116e-06,0.00010012000007009192,perturbed_saddle,50,0.5,2103.0,,quartic,0.001
perturbed_quartic_n50_p0.5_eps1e-03_seed2103,4V-FB,28,2,True,False,49,0.11553371337187637,0.5628085996530688,-1,-0.018025598919560792,3.4335081633236304e-18,5.243736755405828e-13,True,False,6.0439999970185454e-05,9.11999995878432e-06,8.53100000313134e-05,perturbed_saddle,50,0.5,2103.0,,quartic,0.001
perturbed_quartic_n50_p0.5_eps1e-03_seed2103,4V-FB,30,4,True,False,49,0.11553371435031519,0.5628085996530688,-1,-0.018025590565300398,3.4335081633236304e-18,5.243736755405828e-13,True,False,5.516999999599648e-05,9.389999831910245e-06,7.956000013109588e-05,perturbed_saddle,50,0.5,2103.0,,quartic,0.001
perturbed_quartic_n50_p0.5_eps1e-03_seed2103,4V-FB,34,8,True,False,49,0.1155337146443232,0.5628085996530688,-1,-0.01802558805495469,3.4335081633236304e-18,5.243736755405828e-13,True,False,6.25699999545759e-05,9.380000165037927e-06,8.752999997341249e-05,perturbed_saddle,50,0.5,2103.0,,quartic,0.001
perturbed_quartic_n50_p0.5_eps1e-03_seed2103,4V-FB,40,14,False,True,49,0.11553371466234531,0.5628085996530688,-1,-0.018025587901075113,3.4335081633236304e-18,5.243736755405828e-13,True,False,5.4009999985282775e-05,9.120000186157995e-06,7.814000014150224e-05,perturbed_saddle,50,0.5,2103.0,,quartic,0.001
perturbed_quartic_n50_p0.5_eps1e-03_seed2104,4V-FB,4,1,True,False,50,-7.044903928065779e-10,0.5628085996530688,-1,0.00021441721300785588,3.4335081720491804e-18,5.277777777777777e-13,True,True,9.093000016946462e-05,1.0380000048826332e-05,0.00012162999996689905,perturbed_saddle,50,0.5,2104.0,,quartic,0.001
perturbed_quartic_n50_p0.5_eps1e-03_seed2104,4V-FB,27,1,True,False,49,0.11553371203888266,0.5628085996530688,-1,-0.01802561030113292,3.4335081720491804e-18,5.243736755405836e-13,True,False,7.062000008772884e-05,9.639999916544184e-06,9.776000001693319e-05,perturbed_saddle,50,0.5,2104.0,,quartic,0.001
perturbed_quartic_n50_p0.5_eps1e-03_seed2104,4V-FB,28,2,True,False,49,0.1155337133720426,0.5628085996530688,-1,-0.018025598918141483,3.4335081720491804e-18,5.243736755405829e-13,True,False,6.088999998610234e-05,9.130000080403988e-06,8.582000009482726e-05,perturbed_saddle,50,0.5,2104.0,,quartic,0.001
perturbed_quartic_n50_p0.5_eps1e-03_seed2104,4V-FB,30,4,True,False,49,0.11553371435035541,0.5628085996530688,-1,-0.018025590564955785,3.4335081720491804e-18,5.243736755405828e-13,True,False,5.6459999996150145e-05,9.229999932358623e-06,8.124999999381544e-05,perturbed_saddle,50,0.5,2104.0,,quartic,0.001
perturbed_quartic_n50_p0.5_eps1e-03_seed2104,4V-FB,34,8,True,False,49,0.11553371464432555,0.5628085996530688,-1,-0.01802558805493426,3.4335081720491804e-18,5.243736755405828e-13,True,False,5.465000003823661e-05,9.15000009626965e-06,7.909999999355932e-05,perturbed_saddle,50,0.5,2104.0,,quartic,0.001
perturbed_quartic_n50_p0.5_eps1e-03_seed2104,4V-FB,40,14,False,True,49,0.11553371466234535,0.5628085996530688,-1,-0.018025587901075113,3.4335081720491804e-18,5.243736755405828e-13,True,False,5.465000003823661e-05,9.22000003811263e-06,7.912999990367098e-05,perturbed_saddle,50,0.5,2104.0,,quartic,0.001
perturbed_quartic_n50_p0.5_eps1e-03_seed2105,4V-FB,4,1,True,False,50,-2.408509533999277e-10,0.5628085996530688,-1,0.00021429708922227064,3.4335081650489693e-18,5.277777777777779e-13,True,True,9.075999992091965e-05,1.0750000001280569e-05,0.00012195999988762196,perturbed_saddle,50,0.5,2105.0,,quartic,0.001
perturbed_quartic_n50_p0.5_eps1e-03_seed2105,4V-FB,27,1,True,False,49,0.11553371203863641,0.5628085996530688,-1,-0.018025610303237016,3.4335081650489693e-18,5.243736755405836e-13,True,False,7.129000005079433e-05,1.0060000022349413e-05,9.898000007524388e-05,perturbed_saddle,50,0.5,2105.0,,quartic,0.001
perturbed_quartic_n50_p0.5_eps1e-03_seed2105,4V-FB,28,2,True,False,49,0.11553371337192146,0.5628085996530688,-1,-0.018025598919175323,3.4335081650489693e-18,5.243736755405829e-13,True,False,6.0269999949014164e-05,9.39000005928392e-06,8.559999992030498e-05,perturbed_saddle,50,0.5,2105.0,,quartic,0.001
perturbed_quartic_n50_p0.5_eps1e-03_seed2105,4V-FB,30,4,True,False,49,0.1155337143503261,0.5628085996530688,-1,-0.01802559056520625,3.4335081650489693e-18,5.243736755405828e-13,True,False,5.5230000043593463e-05,9.209999916492961e-06,7.982000010997581e-05,perturbed_saddle,50,0.5,2105.0,,quartic,0.001
perturbed_quartic_n50_p0.5_eps1e-03_seed2105,4V-FB,34,8,True,False,49,0.11553371464432383,0.5628085996530688,-1,-0.01802558805494847,3.4335081650489693e-18,5.243736755405828e-13,True,False,5.5320000001302105e-05,9.340000133306603e-06,8.015000003069872e-05,perturbed_saddle,50,0.5,2105.0,,quartic,0.001
perturbed_quartic_n50_p0.5_eps1e-03_seed2105,4V-FB,40,14,False,True,49,0.11553371466234533,0.5628085996530688,-1,-0.018025587901075113,3.4335081650489693e-18,5.243736755405828e-13,True,False,5.370999997467152e-05,9.22000003811263e-06,7.797000012033095e-05,perturbed_saddle,50,0.5,2105.0,,quartic,0.001
perturbed_quartic_n50_p0.5_eps1e-04_seed2101,4V-FB,3,1,True,False,50,-3.505140051257819e-11,0.5628085996530688,-1,0.00021415843392080802,3.4335086120110047e-18,5.277777777777778e-13,True,True,9.088000001611363e-05,1.1480000011943048e-05,0.0001229300000886724,perturbed_saddle,50,0.5,2101.0,,quartic,0.0001
perturbed_quartic_n50_p0.5_eps1e-04_seed2101,4V-FB,26,1,True,False,49,0.11553371203835204,0.5628085996530688,-1,-0.018025610305664408,3.4335086120110047e-18,5.243736755405836e-13,True,False,7.884999990892538e-05,1.025999995363236e-05,0.00010739999993347737,perturbed_saddle,50,0.5,2101.0,,quartic,0.0001
perturbed_quartic_n50_p0.5_eps1e-04_seed2101,4V-FB,27,2,True,False,49,0.11553371337178159,0.5628085996530688,-1,-0.018025598920368147,3.4335086120110047e-18,5.24373675540583e-13,True,False,6.278999990172451e-05,9.350000027552596e-06,8.825999998407497e-05,perturbed_saddle,50,0.5,2101.0,,quartic,0.0001
perturbed_quartic_n50_p0.5_eps1e-04_seed2101,4V-FB,29,4,True,False,49,0.11553371435029225,0.5628085996530688,-1,-0.018025590565495797,3.4335086120110047e-18,5.243736755405828e-13,True,False,5.643999998028448e-05,9.309999995821272e-06,8.139000010487507e-05,perturbed_saddle,50,0.5,2101.0,,quartic,0.0001
perturbed_quartic_n50_p0.5_eps1e-04_seed2101,4V-FB,33,8,True,False,49,0.11553371464432186,0.5628085996530688,-1,-0.018025588054965347,3.4335086120110047e-18,5.243736755405828e-13,True,False,5.491999991136254e-05,1.6649999906803714e-05,8.692000005794398e-05,perturbed_saddle,50,0.5,2101.0,,quartic,0.0001
perturbed_quartic_n50_p0.5_eps1e-04_seed2101,4V-FB,39,14,False,True,49,0.1155337146623453,0.5628085996530688,-1,-0.018025587901076,3.4335086120110047e-18,5.243736755405828e-13,True,False,5.534000001716777e-05,9.39000005928392e-06,8.007999986148207e-05,perturbed_saddle,50,0.5,2101.0,,quartic,0.0001
perturbed_quartic_n50_p0.5_eps1e-04_seed2102,4V-FB,3,1,True,False,50,-3.4537732350809146e-11,0.5628085996530688,-1,0.00021411872301424495,3.4335086117757057e-18,5.277777777777778e-13,True,True,9.058000000550237e-05,1.0349999911341001e-05,0.00012119000007260183,perturbed_saddle,50,0.5,2102.0,,quartic,0.0001
perturbed_quartic_n50_p0.5_eps1e-04_seed2102,4V-FB,26,1,True,False,49,0.11553371203827056,0.5628085996530688,-1,-0.01802561030636074,3.4335086117757057e-18,5.243736755405834e-13,True,False,7.255000014083635e-05,9.93999992715544e-06,0.00010043999986919516,perturbed_saddle,50,0.5,2102.0,,quartic,0.0001
perturbed_quartic_n50_p0.5_eps1e-04_seed2102,4V-FB,27,2,True,False,49,0.11553371337174152,0.5628085996530688,-1,-0.018025598920710983,3.4335086117757057e-18,5.243736755405829e-13,True,False,6.82100001085928e-05,9.4600000011269e-06,9.361999991597258e-05,perturbed_saddle,50,0.5,2102.0,,quartic,0.0001
perturbed_quartic_n50_p0.5_eps1e-04_seed2102,4V-FB,29,4,True,False,49,0.11553371435028256,0.5628085996530688,-1,-0.018025590565579286,3.4335086117757057e-18,5.243736755405828e-13,True,False,5.652000004374713e-05,9.240000053978292e-06,8.109000009426381e-05,perturbed_saddle,50,0.5,2102.0,,quartic,0.0001
perturbed_quartic_n50_p0.5_eps1e-04_seed2102,4V-FB,33,8,True,False,49,0.11553371464432129,0.5628085996530688,-1,-0.018025588054970676,3.4335086117757057e-18,5.243736755405828e-13,True,False,5.495000004884787e-05,9.15000009626965e-06,7.890000006227638e-05,perturbed_saddle,50,0.5,2102.0,,quartic,0.0001
perturbed_quartic_n50_p0.5_eps1e-04_seed2102,4V-FB,39,14,False,True,49,0.11553371466234529,0.5628085996530688,-1,-0.018025587901076,3.4335086117757057e-18,5.243736755405828e-13,True,False,5.4709999858459923e-05,9.389999831910245e-06,7.92799999089766e-05,perturbed_saddle,50,0.5,2102.0,,quartic,0.0001
perturbed_quartic_n50_p0.5_eps1e-04_seed2103,4V-FB,3,1,True,False,50,-2.2429333358178863e-11,0.5628085996530688,-1,0.00021412771361806193,3.4335086117958737e-18,5.277777777777777e-13,True,True,9.105999993153091e-05,1.0400000064691994e-05,0.00012162999996689905,perturbed_saddle,50,0.5,2103.0,,quartic,0.0001
perturbed_quartic_n50_p0.5_eps1e-04_seed2103,4V-FB,26,1,True,False,49,0.11553371203828902,0.5628085996530688,-1,-0.018025610306202644,3.4335086117958737e-18,5.243736755405836e-13,True,False,7.204999997156847e-05,1.0279999969498022e-05,0.00010059999999612046,perturbed_saddle,50,0.5,2103.0,,quartic,0.0001
perturbed_quartic_n50_p0.5_eps1e-04_seed2103,4V-FB,27,2,True,False,49,0.1155337133717506,0.5628085996530688,-1,-0.018025598920632824,3.4335086117958737e-18,5.24373675540583e-13,True,False,6.037999992258847e-05,9.32000011744094e-06,8.531999992555939e-05,perturbed_saddle,50,0.5,2103.0,,quartic,0.0001
perturbed_quartic_n50_p0.5_eps1e-04_seed2103,4V-FB,29,4,True,False,49,0.11553371435028476,0.5628085996530688,-1,-0.018025590565560634,3.4335086117958737e-18,5.243736755405828e-13,True,False,5.701000009139534e-05,9.280000085709617e-06,8.145999981934438e-05,perturbed_saddle,50,0.5,2103.0,,quartic,0.0001
perturbed_quartic_n50_p0.5_eps1e-04_seed2103,4V-FB,33,8,True,False,49,0.11553371464432141,0.5628085996530688,-1,-0.018025588054969788,3.4335086117958737e-18,5.243736755405828e-13,True,False,5.4739999995945254e-05,9.269999964089948e-06,7.918000005702197e-05,perturbed_saddle,50,0.5,2103.0,,quartic,0.0001
perturbed_quartic_n50_p0.5_eps1e-04_seed2103,4V-FB,39,14,False,True,49,0.11553371466234529,0.5628085996530688,-1,-0.018025587901076,3.4335086117958737e-18,5.243736755405828e-13,True,False,5.534999991141376e-05,9.239999826604617e-06,7.992999985617644e-05,perturbed_saddle,50,0.5,2103.0,,quartic,0.0001
perturbed_quartic_n50_p0.5_eps1e-04_seed2104,4V-FB,3,1,True,False,50,-2.3835693768585397e-11,0.5628085996530688,-1,0.0002141441859802029,3.4335086118831068e-18,5.277777777777777e-13,True,True,9.148999993158213e-05,1.053000005413196e-05,0.00012240000000929285,perturbed_saddle,50,0.5,2104.0,,quartic,0.0001
perturbed_quartic_n50_p0.5_eps1e-04_seed2104,4V-FB,26,1,True,False,49,0.11553371203832281,0.5628085996530688,-1,-0.018025610305913986,3.4335086118831068e-18,5.243736755405836e-13,True,False,7.234999998217972e-05,9.789999921849812e-06,0.00010009000015998026,perturbed_saddle,50,0.5,2104.0,,quartic,0.0001
perturbed_quartic_n50_p0.5_eps1e-04_seed2104,4V-FB,27,2,True,False,49,0.11553371337176721,0.5628085996530688,-1,-0.018025598920491603,3.4335086118831068e-18,5.24373675540583e-13,True,False,6.305000010797812e-05,9.379999937664252e-06,8.836000006340328e-05,perturbed_saddle,50,0.5,2104.0,,quartic,0.0001
perturbed_quartic_n50_p0.5_eps1e-04_seed2104,4V-FB,29,4,True,False,49,0.11553371435028878,0.5628085996530688,-1,-0.01802559056552422,3.4335086118831068e-18,5.243736755405828e-13,True,False,5.714000008083531e-05,9.28999997995561e-06,8.196999988285825e-05,perturbed_saddle,50,0.5,2104.0,,quartic,0.0001
perturbed_quartic_n50_p0.5_eps1e-04_seed2104,4V-FB,33,8,True,False,49,0.11553371464432165,0.5628085996530688,-1,-0.018025588054967123,3.4335086118831068e-18,5.243736755405828e-13,True,False,5.4809999937788234e-05,9.229999932358623e-06,7.912999990367098e-05,perturbed_saddle,50,0.5,2104.0,,quartic,0.0001
perturbed_quartic_n50_p0.5_eps1e-04_seed2104,4V-FB,39,14,False,True,49,0.1155337146623453,0.5628085996530688,-1,-0.018025587901076,3.4335086118831068e-18,5.243736755405828e-13,True,False,5.539000017051876e-05,9.28899999053101e-06,8.004899996194581e-05,perturbed_saddle,50,0.5,2104.0,,quartic,0.0001
perturbed_quartic_n50_p0.5_eps1e-04_seed2105,4V-FB,3,1,True,False,50,2.0412125617747922e-11,0.5628085996530688,-1,0.0002141321749906666,3.433508611813107e-18,5.277777777777777e-13,True,True,0.00010053999994852347,1.0910000128205866e-05,0.00013278999995236518,perturbed_saddle,50,0.5,2105.0,,quartic,0.0001
perturbed_quartic_n50_p0.5_eps1e-04_seed2105,4V-FB,26,1,True,False,49,0.11553371203829818,0.5628085996530688,-1,-0.018025610306125373,3.433508611813107e-18,5.243736755405836e-13,True,False,7.196000001385983e-05,1.029000009111769e-05,0.00010072999998556043,perturbed_saddle,50,0.5,2105.0,,quartic,0.0001
perturbed_quartic_n50_p0.5_eps1e-04_seed2105,4V-FB,27,2,True,False,49,0.11553371337175511,0.5628085996530688,-1,-0.018025598920594632,3.433508611813107e-18,5.243736755405829e-13,True,False,6.10299998697883e-05,9.530000170343556e-06,8.656999989398173e-05,perturbed_saddle,50,0.5,2105.0,,quartic,0.0001
perturbed_quartic_n50_p0.5_eps1e-04_seed2105,4V-FB,29,4,True,False,49,0.11553371435028584,0.5628085996530688,-1,-0.018025590565550864,3.433508611813107e-18,5.243736755405828e-13,True,False,5.635000002257584e-05,9.240000053978292e-06,8.092999996733852e-05,perturbed_saddle,50,0.5,2105.0,,quartic,0.0001
perturbed_quartic_n50_p0.5_eps1e-04_seed2105,4V-FB,33,8,True,False,49,0.11553371464432148,0.5628085996530688,-1,-0.0180255880549689,3.433508611813107e-18,5.243736755405828e-13,True,False,5.5490000022473396e-05,9.170000112135313e-06,8.026000000427302e-05,perturbed_saddle,50,0.5,2105.0,,quartic,0.0001
perturbed_quartic_n50_p0.5_eps1e-04_seed2105,4V-FB,39,14,False,True,49,0.11553371466234529,0.5628085996530688,-1,-0.018025587901076,3.433508611813107e-18,5.243736755405828e-13,True,False,5.526999984795111e-05,9.1899999006273e-06,7.967000010467018e-05,perturbed_saddle,50,0.5,2105.0,,quartic,0.0001
perturbed_quartic_n50_p0.5_eps1e-05_seed2101,4V-FB,3,1,True,False,50,-2.153730165684981e-12,0.5628085996530688,-1,0.00021411831773487933,3.4335086162827323e-18,5.277777777777777e-13,True,True,9.002000001601118e-05,1.0279999969498022e-05,0.00012050000009367068,perturbed_saddle,50,0.5,2101.0,,quartic,1e-05
perturbed_quartic_n50_p0.5_eps1e-05_seed2101,4V-FB,26,1,True,False,49,0.11553371203826976,0.5628085996530688,-1,-0.018025610306367845,3.4335086162827323e-18,5.243736755405836e-13,True,False,7.201999983408314e-05,9.780000027603819e-06,9.943000009116076e-05,perturbed_saddle,50,0.5,2101.0,,quartic,1e-05
perturbed_quartic_n50_p0.5_eps1e-05_seed2101,4V-FB,27,2,True,False,49,0.11553371337174112,0.5628085996530688,-1,-0.018025598920715424,3.4335086162827323e-18,5.243736755405828e-13,True,False,6.037999992258847e-05,9.340000133306603e-06,8.550000006835035e-05,perturbed_saddle,50,0.5,2101.0,,quartic,1e-05
perturbed_quartic_n50_p0.5_eps1e-05_seed2101,4V-FB,29,4,True,False,49,0.11553371435028247,0.5628085996530688,-1,-0.018025590565578398,3.4335086162827323e-18,5.243736755405828e-13,True,False,5.592999991677061e-05,9.169999884761637e-06,8.040000011533266e-05,perturbed_saddle,50,0.5,2101.0,,quartic,1e-05
perturbed_quartic_n50_p0.5_eps1e-05_seed2101,4V-FB,33,8,True,False,49,0.11553371464432127,0.5628085996530688,-1,-0.018025588054970676,3.4335086162827323e-18,5.243736755405828e-13,True,False,5.5320000001302105e-05,9.379999937664252e-06,8.026000000427302e-05,perturbed_saddle,50,0.5,2101.0,,quartic,1e-05
perturbed_quartic_n50_p0.5_eps1e-05_seed2101,4V-FB,39,14,False,True,49,0.11553371466234529,0.5628085996530688,-1,-0.018025587901076,3.4335086162827323e-18,5.243736755405828e-13,True,False,5.364999992707453e-05,9.410000075149583e-06,8.445000003121095e-05,perturbed_saddle,50,0.5,2101.0,,quartic,1e-05
perturbed_quartic_n50_p0.5_eps1e-05_seed2102,4V-FB,3,1,True,False,50,-3.4377331334547252e-12,0.5628085996530688,-1,0.0002141143469174267,3.433508616280381e-18,5.277777777777778e-13,True,True,8.910999986255774e-05,1.0210000027655042e-05,0.00011941000002479996,perturbed_saddle,50,0.5,2102.0,,quartic,1e-05
perturbed_quartic_n50_p0.5_eps1e-05_seed2102,4V-FB,26,1,True,False,49,0.1155337120382616,0.5628085996530688,-1,-0.018025610306435347,3.433508616280381e-18,5.243736755405836e-13,True,False,7.093999988683208e-05,9.859999863692792e-06,9.88000001598266e-05,perturbed_saddle,50,0.5,2102.0,,quartic,1e-05
perturbed_quartic_n50_p0.5_eps1e-05_seed2102,4V-FB,27,2,True,False,49,0.11553371337173711,0.5628085996530688,-1,-0.018025598920748287,3.433508616280381e-18,5.24373675540583e-13,True,False,6.1030000097161974e-05,9.439999985261238e-06,8.661000015308673e-05,perturbed_saddle,50,0.5,2102.0,,quartic,1e-05
perturbed_quartic_n50_p0.5_eps1e-05_seed2102,4V-FB,29,4,True,False,49,0.1155337143502815,0.5628085996530688,-1,-0.018025590565588168,3.433508616280381e-18,5.243736755405828e-13,True,False,5.6230000154755544e-05,9.350000027552596e-06,8.107999997264415e-05,perturbed_saddle,50,0.5,2102.0,,quartic,1e-05
perturbed_quartic_n50_p0.5_eps1e-05_seed2102,4V-FB,33,8,True,False,49,0.11553371464432122,0.5628085996530688,-1,-0.018025588054970676,3.433508616280381e-18,5.243736755405828e-13,True,False,5.4670000054102275e-05,9.200000022246968e-06,7.913000013104465e-05,perturbed_saddle,50,0.5,2102.0,,quartic,1e-05
perturbed_quartic_n50_p0.5_eps1e-05_seed2102,4V-FB,39,14,False,True,49,0.11553371466234529,0.5628085996530688,-1,-0.018025587901076,3.433508616280381e-18,5.243736755405828e-13,True,False,5.503000011231052e-05,9.399999953529914e-06,7.986000014170713e-05,perturbed_saddle,50,0.5,2102.0,,quartic,1e-05
perturbed_quartic_n50_p0.5_eps1e-05_seed2103,4V-FB,3,1,True,False,50,-2.1124513935199313e-12,0.5628085996530688,-1,0.00021411524595471576,3.4335086162805764e-18,5.277777777777777e-13,True,True,8.97999998414889e-05,1.019000001178938e-05,0.00011994000010417949,perturbed_saddle,50,0.5,2103.0,,quartic,1e-05
perturbed_quartic_n50_p0.5_eps1e-05_seed2103,4V-FB,26,1,True,False,49,0.11553371203826344,0.5628085996530688,-1,-0.01802561030641936,3.4335086162805764e-18,5.243736755405836e-13,True,False,7.097000002431741e-05,9.890000001178123e-06,9.868999995887862e-05,perturbed_saddle,50,0.5,2103.0,,quartic,1e-05
perturbed_quartic_n50_p0.5_eps1e-05_seed2103,4V-FB,27,2,True,False,49,0.11553371337173801,0.5628085996530688,-1,-0.01802559892074118,3.4335086162805764e-18,5.24373675540583e-13,True,False,6.060000009711075e-05,9.4600000011269e-06,8.569999999963329e-05,perturbed_saddle,50,0.5,2103.0,,quartic,1e-05
perturbed_quartic_n50_p0.5_eps1e-05_seed2103,4V-FB,29,4,True,False,49,0.11553371435028172,0.5628085996530688,-1,-0.018025590565585503,3.4335086162805764e-18,5.243736755405828e-13,True,False,6.357999995998398e-05,9.389999831910245e-06,8.870999999999185e-05,perturbed_saddle,50,0.5,2103.0,,quartic,1e-05
perturbed_quartic_n50_p0.5_eps1e-05_seed2103,4V-FB,33,8,True,False,49,0.11553371464432123,0.5628085996530688,-1,-0.018025588054970676,3.4335086162805764e-18,5.243736755405828e-13,True,False,5.403000000114844e-05,9.180000006381306e-06,7.825999978194886e-05,perturbed_saddle,50,0.5,2103.0,,quartic,1e-05
perturbed_quartic_n50_p0.5_eps1e-05_seed2103,4V-FB,39,14,False,True,49,0.11553371466234529,0.5628085996530688,-1,-0.018025587901076,3.4335086162805764e-18,5.243736755405828e-13,True,False,5.385000008573115e-05,9.040000122695346e-06,7.774000005156267e-05,perturbed_saddle,50,0.5,2103.0,,quartic,1e-05
perturbed_quartic_n50_p0.5_eps1e-05_seed2104,4V-FB,3,1,True,False,50,-1.7580367755437107e-12,0.5628085996530688,-1,0.0002141168930895887,3.4335086162814516e-18,5.277777777777777e-13,True,True,9.933999990607845e-05,1.0630000133460271e-05,0.00013076999994154903,perturbed_saddle,50,0.5,2104.0,,quartic,1e-05
perturbed_quartic_n50_p0.5_eps1e-05_seed2104,4V-FB,26,1,True,False,49,0.11553371203826683,0.5628085996530688,-1,-0.018025610306392714,3.4335086162814516e-18,5.243736755405836e-13,True,False,7.204999997156847e-05,9.999999974752427e-06,0.00010006999991674093,perturbed_saddle,50,0.5,2104.0,,quartic,1e-05
perturbed_quartic_n50_p0.5_eps1e-05_seed2104,4V-FB,27,2,True,False,49,0.11553371337173968,0.5628085996530688,-1,-0.01802559892072786,3.4335086162814516e-18,5.243736755405828e-13,True,False,6.127999995442224e-05,9.509999927104218e-06,8.698000010554097e-05,perturbed_saddle,50,0.5,2104.0,,quartic,1e-05
perturbed_quartic_n50_p0.5_eps1e-05_seed2104,4V-FB,29,4,True,False,49,0.11553371435028212,0.5628085996530688,-1,-0.01802559056558195,3.4335086162814516e-18,5.243736755405828e-13,True,False,5.607000002783025e-05,9.159999990515644e-06,8.071000002018991e-05,perturbed_saddle,50,0.5,2104.0,,quartic,1e-05
perturbed_quartic_n50_p0.5_eps1e-05_seed2104,4V-FB,33,8,True,False,49,0.11553371464432126,0.5628085996530688,-1,-0.018025588054971564,3.4335086162814516e-18,5.243736755405828e-13,True,False,5.6109999832187896e-05,9.130000080403988e-06,8.086999991974153e-05,perturbed_saddle,50,0.5,2104.0,,quartic,1e-05
perturbed_quartic_n50_p0.5_eps1e-05_seed2104,4V-FB,39,14,False,True,49,0.11553371466234529,0.5628085996530688,-1,-0.018025587901076,3.4335086162814516e-18,5.243736755405828e-13,True,False,5.581999994319631e-05,9.379999937664252e-06,8.062000006248127e-05,perturbed_saddle,50,0.5,2104.0,,quartic,1e-05
perturbed_quartic_n50_p0.5_eps1e-05_seed2105,4V-FB,3,1,True,False,50,2.2695237710457652e-12,0.5628085996530688,-1,0.00021411569207163694,3.433508616280756e-18,5.277777777777777e-13,True,True,9.217999991051329e-05,1.0049999900729745e-05,0.00012294000021029206,perturbed_saddle,50,0.5,2105.0,,quartic,1e-05
perturbed_quartic_n50_p0.5_eps1e-05_seed2105,4V-FB,26,1,True,False,49,0.11553371203826437,0.5628085996530688,-1,-0.018025610306412254,3.433508616280756e-18,5.243736755405836e-13,True,False,7.21999999768741e-05,1.01200000699464e-05,0.00010066999993796344,perturbed_saddle,50,0.5,2105.0,,quartic,1e-05
perturbed_quartic_n50_p0.5_eps1e-05_seed2105,4V-FB,27,2,True,False,49,0.11553371337173847,0.5628085996530688,-1,-0.018025598920738517,3.433508616280756e-18,5.243736755405829e-13,True,False,6.114999996498227e-05,9.370000043418258e-06,8.660000003146706e-05,perturbed_saddle,50,0.5,2105.0,,quartic,1e-05
perturbed_quartic_n50_p0.5_eps1e-05_seed2105,4V-FB,29,4,True,False,49,0.11553371435028181,0.5628085996530688,-1,-0.018025590565585503,3.433508616280756e-18,5.243736755405828e-13,True,False,6.441000004997477e-05,9.679999948275508e-06,8.990000014819088e-05,perturbed_saddle,50,0.5,2105.0,,quartic,1e-05
perturbed_quartic_n50_p0.5_eps1e-05_seed2105,4V-FB,33,8,True,False,49,0.11553371464432124,0.5628085996530688,-1,-0.018025588054971564,3.433508616280756e-18,5.243736755405828e-13,True,False,5.515999987437681e-05,9.39000005928392e-06,7.974000004651316e-05,perturbed_saddle,50,0.5,2105.0,,quartic,1e-05
perturbed_quartic_n50_p0.5_eps1e-05_seed2105,4V-FB,39,14,False,True,49,0.11553371466234529,0.5628085996530688,-1,-0.018025587901076,3.433508616280756e-18,5.243736755405828e-13,True,False,5.570000007537601e-05,9.28999997995561e-06,8.045999993555597e-05,perturbed_saddle,50,0.5,2105.0,,quartic,1e-05
perturbed_quartic_n50_p0.8_eps1e-02_seed2101,4V-FB,5,1,True,False,50,-7.330982765315908e-08,0.4619485798512441,-1,4.3257627070580895e-05,4.0261064141589016e-14,6.666666666666637e-13,True,True,0.00010031900001195027,1.1029999996026163e-05,0.00013307900007930584,perturbed_saddle,50,0.8,2101.0,,quartic,0.01
perturbed_quartic_n50_p0.8_eps1e-02_seed2101,4V-FB,43,1,True,False,49,0.0485193518035527,0.4619485798512441,-1,-0.00508611905936629,4.0261064141589016e-14,6.656450856262731e-13,True,False,7.469000001947279e-05,1.0870000096474541e-05,0.00010541000006014656,perturbed_saddle,50,0.8,2101.0,,quartic,0.01
perturbed_quartic_n50_p0.8_eps1e-02_seed2101,4V-FB,44,2,True,False,49,0.04851935377285749,0.4619485798512441,-1,-0.005086110051475856,4.0261064141589016e-14,6.656450856262719e-13,True,False,6.192000000737607e-05,1.0149999980058055e-05,8.85199999629549e-05,perturbed_saddle,50,0.8,2101.0,,quartic,0.01
perturbed_quartic_n50_p0.8_eps1e-02_seed2101,4V-FB,46,4,True,False,49,0.04851935517755103,0.4619485798512441,-1,-0.005086103626198657,4.0261064141589016e-14,6.656450856262716e-13,True,False,6.443999996008642e-05,1.019000001178938e-05,9.075000002667366e-05,perturbed_saddle,50,0.8,2101.0,,quartic,0.01
perturbed_quartic_n50_p0.8_eps1e-02_seed2101,4V-FB,50,8,True,False,49,0.048519355578673456,0.4619485798512441,-1,-0.00508610179140323,4.0261064141589016e-14,6.656450856262716e-13,True,False,5.529000009119045e-05,9.979999958886765e-06,8.113000012599514e-05,perturbed_saddle,50,0.8,2101.0,,quartic,0.01
perturbed_quartic_n50_p0.8_eps1e-02_seed2101,4V-FB,56,14,False,True,49,0.048519355601170176,0.4619485798512441,-1,-0.0050861016884988786,4.0261064141589016e-14,6.656450856262716e-13,True,False,5.5010000096444855e-05,1.0119999842572724e-05,8.083000011538388e-05,perturbed_saddle,50,0.8,2101.0,,quartic,0.01
perturbed_quartic_n50_p0.8_eps1e-02_seed2102,4V-FB,5,1,True,False,50,-8.778075527191415e-10,0.4619485798512441,-1,4.2239177981073794e-05,4.0261059160660746e-14,6.666666666666667e-13,True,True,9.039000019583909e-05,1.0870000096474541e-05,0.00012230000015733822,perturbed_saddle,50,0.8,2102.0,,quartic,0.01
perturbed_quartic_n50_p0.8_eps1e-02_seed2102,4V-FB,43,1,True,False,49,0.04851935174805269,0.4619485798512441,-1,-0.005086119313231663,4.0261059160660746e-14,6.656450856262731e-13,True,False,7.29700000192679e-05,1.0629999906086596e-05,0.000102400000059788,perturbed_saddle,50,0.8,2102.0,,quartic,0.01
perturbed_quartic_n50_p0.8_eps1e-02_seed2102,4V-FB,44,2,True,False,49,0.0485193537461356,0.4619485798512441,-1,-0.00508611017370697,4.0261059160660746e-14,6.656450856262719e-13,True,False,6.0849999954371015e-05,9.979999958886765e-06,8.69600000896753e-05,perturbed_saddle,50,0.8,2102.0,,quartic,0.01
perturbed_quartic_n50_p0.8_eps1e-02_seed2102,4V-FB,46,4,True,False,49,0.0485193551713564,0.4619485798512441,-1,-0.005086103654533325,4.0261059160660746e-14,6.656450856262715e-13,True,False,5.5570000085936044e-05,9.69999996414117e-06,8.065999986683892e-05,perturbed_saddle,50,0.8,2102.0,,quartic,0.01
perturbed_quartic_n50_p0.8_eps1e-02_seed2102,4V-FB,50,8,True,False,49,0.048519355578340556,0.4619485798512441,-1,-0.005086101792926456,4.0261059160660746e-14,6.656450856262715e-13,True,False,5.569000018113002e-05,1.0129999964192393e-05,8.124999999381544e-05,perturbed_saddle,50,0.8,2102.0,,quartic,0.01
perturbed_quartic_n50_p0.8_eps1e-02_seed2102,4V-FB,56,14,False,True,49,0.04851935560116603,0.4619485798512441,-1,-0.0050861016885184185,4.0261059160660746e-14,6.656450856262716e-13,True,False,5.3770000022268505e-05,9.919999911289779e-06,7.899000001998502e-05,perturbed_saddle,50,0.8,2102.0,,quartic,0.01
perturbed_quartic_n50_p0.8_eps1e-02_seed2103,4V-FB,5,1,True,False,50,-7.083096321706897e-09,0.4619485798512441,-1,4.246854680367562e-05,4.026105958677825e-14,6.666666666666668e-13,True,True,9.060000002136803e-05,1.1339999900883413e-05,0.00012267000010979245,perturbed_saddle,50,0.8,2103.0,,quartic,0.01
perturbed_quartic_n50_p0.8_eps1e-02_seed2103,4V-FB,43,1,True,False,49,0.04851935176043999,0.4619485798512441,-1,-0.005086119256570321,4.026105958677825e-14,6.656450856262731e-13,True,False,7.261000018843333e-05,1.0510000038266298e-05,0.00010191000001213979,perturbed_saddle,50,0.8,2103.0,,quartic,0.01
perturbed_quartic_n50_p0.8_eps1e-02_seed2103,4V-FB,44,2,True,False,49,0.04851935375209977,0.4619485798512441,-1,-0.005086110146425682,4.026105958677825e-14,6.656450856262719e-13,True,False,6.295000002864981e-05,1.0400000064691994e-05,8.981000019048224e-05,perturbed_saddle,50,0.8,2103.0,,quartic,0.01
perturbed_quartic_n50_p0.8_eps1e-02_seed2103,4V-FB,46,4,True,False,49,0.048519355172739004,0.4619485798512441,-1,-0.005086103648208606,4.026105958677825e-14,6.656450856262716e-13,True,False,5.824000004395202e-05,1.0010000096372096e-05,8.466999997835956e-05,perturbed_saddle,50,0.8,2103.0,,quartic,0.01
perturbed_quartic_n50_p0.8_eps1e-02_seed2103,4V-FB,50,8,True,False,49,0.04851935557841485,0.4619485798512441,-1,-0.005086101792586284,4.026105958677825e-14,6.656450856262715e-13,True,False,5.463000002237095e-05,1.0210000027655042e-05,8.02100000782957e-05,perturbed_saddle,50,0.8,2103.0,,quartic,0.01
perturbed_quartic_n50_p0.8_eps1e-02_seed2103,4V-FB,56,14,False,True,49,0.04851935560116696,0.4619485798512441,-1,-0.005086101688514866,4.026105958677825e-14,6.656450856262715e-13,True,False,5.600000008598727e-05,1.0089999932461069e-05,8.185000001503795e-05,perturbed_saddle,50,0.8,2103.0,,quartic,0.01
perturbed_quartic_n50_p0.8_eps1e-02_seed2104,4V-FB,5,1,True,False,50,-3.3934789644863535e-08,0.4619485798512441,-1,4.289060177242732e-05,4.026106144101199e-14,6.666666666666661e-13,True,True,0.00010281999993821955,1.1009999980160501e-05,0.00013501000012183795,perturbed_saddle,50,0.8,2104.0,,quartic,0.01
perturbed_quartic_n50_p0.8_eps1e-02_seed2104,4V-FB,43,1,True,False,49,0.04851935178340162,0.4619485798512441,-1,-0.00508611915153967,4.026106144101199e-14,6.656450856262731e-13,True,False,8.075000005192123e-05,1.1250000170548446e-05,0.00011134999999740103,perturbed_saddle,50,0.8,2104.0,,quartic,0.01
perturbed_quartic_n50_p0.8_eps1e-02_seed2104,4V-FB,44,2,True,False,49,0.048519353763155235,0.4619485798512441,-1,-0.005086110095856355,4.026106144101199e-14,6.656450856262719e-13,True,False,6.159000008665316e-05,1.0040000006483751e-05,8.797999998932937e-05,perturbed_saddle,50,0.8,2104.0,,quartic,0.01
perturbed_quartic_n50_p0.8_eps1e-02_seed2104,4V-FB,46,4,True,False,49,0.04851935517530187,0.4619485798512441,-1,-0.005086103636485539,4.026106144101199e-14,6.656450856262716e-13,True,False,5.619000012302422e-05,1.0029999884864083e-05,8.197000011023192e-05,perturbed_saddle,50,0.8,2104.0,,quartic,0.01
perturbed_quartic_n50_p0.8_eps1e-02_seed2104,4V-FB,50,8,True,False,49,0.04851935557855258,0.4619485798512441,-1,-0.005086101791956565,4.026106144101199e-14,6.656450856262715e-13,True,False,5.417000011220807e-05,9.970000064640772e-06,8.675999993101868e-05,perturbed_saddle,50,0.8,2104.0,,quartic,0.01
perturbed_quartic_n50_p0.8_eps1e-02_seed2104,4V-FB,56,14,False,True,49,0.04851935560116867,0.4619485798512441,-1,-0.005086101688506872,4.026106144101199e-14,6.656450856262715e-13,True,False,5.6139999969673227e-05,9.890000001178123e-06,8.173000014721765e-05,perturbed_saddle,50,0.8,2104.0,,quartic,0.01
perturbed_quartic_n50_p0.8_eps1e-02_seed2105,4V-FB,5,1,True,False,50,-1.2378964810051305e-08,0.4619485798512441,-1,4.258280383417912e-05,4.026105995669278e-14,6.666666666666666e-13,True,True,9.0730000010808e-05,1.0610000117594609e-05,0.00012214000003041292,perturbed_saddle,50,0.8,2105.0,,quartic,0.01
perturbed_quartic_n50_p0.8_eps1e-02_seed2105,4V-FB,43,1,True,False,49,0.04851935176663437,0.4619485798512441,-1,-0.005086119228235653,4.026105995669278e-14,6.656450856262732e-13,True,False,7.200999993983714e-05,1.0510000038266298e-05,0.00010122000003320863,perturbed_saddle,50,0.8,2105.0,,quartic,0.01
perturbed_quartic_n50_p0.8_eps1e-02_seed2105,4V-FB,44,2,True,False,49,0.04851935375508222,0.4619485798512441,-1,-0.005086110132782373,4.026105995669278e-14,6.65645085626272e-13,True,False,6.069000005481939e-05,9.990000080506434e-06,8.695999986230163e-05,perturbed_saddle,50,0.8,2105.0,,quartic,0.01
perturbed_quartic_n50_p0.8_eps1e-02_seed2105,4V-FB,46,4,True,False,49,0.048519355173430395,0.4619485798512441,-1,-0.005086103645044915,4.026105995669278e-14,6.656450856262717e-13,True,False,5.645000010190415e-05,9.780000027603819e-06,8.190999983526126e-05,perturbed_saddle,50,0.8,2105.0,,quartic,0.01
perturbed_quartic_n50_p0.8_eps1e-02_seed2105,4V-FB,50,8,True,False,49,0.04851935557845201,0.4619485798512441,-1,-0.005086101792416642,4.026105995669278e-14,6.656450856262715e-13,True,False,5.4399999953602673e-05,9.95000004877511e-06,7.967999999891617e-05,perturbed_saddle,50,0.8,2105.0,,quartic,0.01
perturbed_quartic_n50_p0.8_eps1e-02_seed2105,4V-FB,56,14,False,True,49,0.04851935560116742,0.4619485798512441,-1,-0.005086101688513089,4.026105995669278e-14,6.656450856262715e-13,True,False,5.4709999858459923e-05,9.849999969446799e-06,8.004999995137041e-05,perturbed_saddle,50,0.8,2105.0,,quartic,0.01
perturbed_quartic_n50_p0.8_eps1e-03_seed2101,4V-FB,4,1,True,False,50,-7.403568996839061e-10,0.4619485798512441,-1,4.2229005445371115e-05,4.026115458469888e-14,6.666666666666667e-13,True,True,9.059000012712204e-05,1.077000001714623e-05,0.0001223100000515842,perturbed_saddle,50,0.8,2101.0,,quartic,0.001
perturbed_quartic_n50_p0.8_eps1e-03_seed2101,4V-FB,42,1,True,False,49,0.04851935174750477,0.4619485798512441,-1,-0.005086119315736326,4.026115458469888e-14,6.656450856262732e-13,True,False,7.24199999240227e-05,1.0490000022400636e-05,0.00010195999993811711,perturbed_saddle,50,0.8,2101.0,,quartic,0.001
perturbed_quartic_n50_p0.8_eps1e-03_seed2101,4V-FB,43,2,True,False,49,0.04851935374587178,0.4619485798512441,-1,-0.0050861101749131166,4.026115458469888e-14,6.656450856262719e-13,True,False,6.17999999121821e-05,9.779999800230144e-06,8.790999982011272e-05,perturbed_saddle,50,0.8,2101.0,,quartic,0.001
perturbed_quartic_n50_p0.8_eps1e-03_seed2101,4V-FB,45,4,True,False,49,0.04851935517129524,0.4619485798512441,-1,-0.005086103654812213,4.026115458469888e-14,6.656450856262716e-13,True,False,6.426999993891513e-05,9.88000010693213e-06,9.012000009533949e-05,perturbed_saddle,50,0.8,2101.0,,quartic,0.001
perturbed_quartic_n50_p0.8_eps1e-03_seed2101,4V-FB,49,8,True,False,49,0.04851935557833727,0.4619485798512441,-1,-0.005086101792940667,4.026115458469888e-14,6.656450856262715e-13,True,False,5.495000004884787e-05,9.76999990598415e-06,8.037999987209332e-05,perturbed_saddle,50,0.8,2101.0,,quartic,0.001
perturbed_quartic_n50_p0.8_eps1e-03_seed2101,4V-FB,55,14,False,True,49,0.04851935560116599,0.4619485798512441,-1,-0.005086101688519307,4.026115458469888e-14,6.656450856262715e-13,True,False,5.557999998018204e-05,9.850000196820474e-06,8.105999995677848e-05,perturbed_saddle,50,0.8,2101.0,,quartic,0.001
perturbed_quartic_n50_p0.8_eps1e-03_seed2102,4V-FB,4,1,True,False,50,-2.1245992976500356e-11,0.4619485798512441,-1,4.21279703193278e-05,4.0261154534884086e-14,6.666666666666668e-13,True,True,9.081999996851664e-05,1.0680000059437589e-05,0.00012180999988231633,perturbed_saddle,50,0.8,2102.0,,quartic,0.001
perturbed_quartic_n50_p0.8_eps1e-03_seed2102,4V-FB,42,1,True,False,49,0.04851935174206936,0.4619485798512441,-1,-0.0050861193405991045,4.0261154534884086e-14,6.656450856262732e-13,True,False,7.199000015134516e-05,1.0609999890220934e-05,0.00010110000016538834,perturbed_saddle,50,0.8,2102.0,,quartic,0.001
perturbed_quartic_n50_p0.8_eps1e-03_seed2102,4V-FB,43,2,True,False,49,0.04851935374325477,0.4619485798512441,-1,-0.005086110186883097,4.0261154534884086e-14,6.656450856262719e-13,True,False,6.067000003895373e-05,1.01200000699464e-05,8.716000002095825e-05,perturbed_saddle,50,0.8,2102.0,,quartic,0.001
perturbed_quartic_n50_p0.8_eps1e-03_seed2102,4V-FB,45,4,True,False,49,0.04851935517068857,0.4619485798512441,-1,-0.0050861036575877705,4.0261154534884086e-14,6.656450856262715e-13,True,False,5.718000011256663e-05,9.76999990598415e-06,8.288000003631169e-05,perturbed_saddle,50,0.8,2102.0,,quartic,0.001
perturbed_quartic_n50_p0.8_eps1e-03_seed2102,4V-FB,49,8,True,False,49,0.04851935557830467,0.4619485798512441,-1,-0.005086101793089881,4.0261154534884086e-14,6.656450856262715e-13,True,False,5.465000003823661e-05,1.001999999061809e-05,8.017000004656438e-05,perturbed_saddle,50,0.8,2102.0,,quartic,0.001
perturbed_quartic_n50_p0.8_eps1e-03_seed2102,4V-FB,55,14,False,True,49,0.04851935560116558,0.4619485798512441,-1,-0.005086101688521083,4.0261154534884086e-14,6.656450856262715e-13,True,False,5.5969999948501936e-05,9.809999937715475e-06,8.18799999251496e-05,perturbed_saddle,50,0.8,2102.0,,quartic,0.001
perturbed_quartic_n50_p0.8_eps1e-03_seed2103,4V-FB,4,1,True,False,50,-7.844306224638253e-11,0.4619485798512441,-1,4.215083750747084e-05,4.0261154539152745e-14,6.666666666666667e-13,True,True,9.027999999489111e-05,1.0980000070048845e-05,0.00012163999986114504,perturbed_saddle,50,0.8,2103.0,,quartic,0.001
perturbed_quartic_n50_p0.8_eps1e-03_seed2103,4V-FB,42,1,True,False,49,0.04851935174329852,0.4619485798512441,-1,-0.005086119334976935,4.0261154539152745e-14,6.656450856262732e-13,True,False,7.351999988713942e-05,1.0689999953683582e-05,0.00010294999992765952,perturbed_saddle,50,0.8,2103.0,,quartic,0.001
perturbed_quartic_n50_p0.8_eps1e-03_seed2103,4V-FB,43,2,True,False,49,0.048519353743846576,0.4619485798512441,-1,-0.005086110184175929,4.0261154539152745e-14,6.65645085626272e-13,True,False,6.263000000217289e-05,1.0129999964192393e-05,8.993999995254853e-05,perturbed_saddle,50,0.8,2103.0,,quartic,0.001
perturbed_quartic_n50_p0.8_eps1e-03_seed2103,4V-FB,45,4,True,False,49,0.048519355170825756,0.4619485798512441,-1,-0.0050861036569607165,4.0261154539152745e-14,6.656450856262715e-13,True,False,5.677999979525339e-05,1.0040000006483751e-05,8.301000002575165e-05,perturbed_saddle,50,0.8,2103.0,,quartic,0.001
perturbed_quartic_n50_p0.8_eps1e-03_seed2103,4V-FB,49,8,True,False,49,0.04851935557831204,0.4619485798512441,-1,-0.00508610179305613,4.0261154539152745e-14,6.656450856262715e-13,True,False,5.47100000858336e-05,9.900000122797792e-06,8.043999991969031e-05,perturbed_saddle,50,0.8,2103.0,,quartic,0.001
perturbed_quartic_n50_p0.8_eps1e-03_seed2103,4V-FB,55,14,False,True,49,0.04851935560116567,0.4619485798512441,-1,-0.005086101688520195,4.0261154539152745e-14,6.656450856262715e-13,True,False,5.55999999960477e-05,9.869999985312461e-06,8.131000004141242e-05,perturbed_saddle,50,0.8,2103.0,,quartic,0.001
perturbed_quartic_n50_p0.8_eps1e-03_seed2104,4V-FB,4,1,True,False,50,-3.4547136217467066e-10,0.4619485798512441,-1,4.2192743202384975e-05,4.0261154557627615e-14,6.666666666666667e-13,True,True,8.993999995254853e-05,1.1039999890272156e-05,0.00012166999999863037,perturbed_saddle,50,0.8,2104.0,,quartic,0.001
perturbed_quartic_n50_p0.8_eps1e-03_seed2104,4V-FB,42,1,True,False,49,0.048519351745552594,0.4619485798512441,-1,-0.005086119324667848,4.0261154557627615e-14,6.656450856262731e-13,True,False,7.252999989759701e-05,1.0640000027706265e-05,0.00010206000001744542,perturbed_saddle,50,0.8,2104.0,,quartic,0.001
perturbed_quartic_n50_p0.8_eps1e-03_seed2104,4V-FB,43,2,True,False,49,0.04851935374493186,0.4619485798512441,-1,-0.0050861101792119,4.0261154557627615e-14,6.656450856262719e-13,True,False,6.115000019235595e-05,1.0389999943072326e-05,8.791000004748639e-05,perturbed_saddle,50,0.8,2104.0,,quartic,0.001
perturbed_quartic_n50_p0.8_eps1e-03_seed2104,4V-FB,45,4,True,False,49,0.04851935517107735,0.4619485798512441,-1,-0.005086103655809637,4.0261154557627615e-14,6.656450856262715e-13,True,False,6.425999981729547e-05,1.0129999964192393e-05,9.030999990500277e-05,perturbed_saddle,50,0.8,2104.0,,quartic,0.001
perturbed_quartic_n50_p0.8_eps1e-03_seed2104,4V-FB,49,8,True,False,49,0.04851935557832556,0.4619485798512441,-1,-0.005086101792994846,4.0261154557627615e-14,6.656450856262716e-13,True,False,5.5590000101801706e-05,9.990000080506434e-06,8.120999996208411e-05,perturbed_saddle,50,0.8,2104.0,,quartic,0.001
perturbed_quartic_n50_p0.8_eps1e-03_seed2104,4V-FB,55,14,False,True,49,0.04851935560116584,0.4619485798512441,-1,-0.0050861016885184185,4.0261154557627615e-14,6.656450856262716e-13,True,False,5.480000004354224e-05,1.025999995363236e-05,8.086000002549554e-05,perturbed_saddle,50,0.8,2104.0,,quartic,0.001
perturbed_quartic_n50_p0.8_eps1e-03_seed2105,4V-FB,4,1,True,False,50,-1.1546301470667782e-10,0.4619485798512441,-1,4.216220272912352e-05,4.026115454280665e-14,6.666666666666667e-13,True,True,9.023999996315979e-05,1.0640000027706265e-05,0.00012102999994567654,perturbed_saddle,50,0.8,2105.0,,quartic,0.001
perturbed_quartic_n50_p0.8_eps1e-03_seed2105,4V-FB,42,1,True,False,49,0.04851935174390974,0.4619485798512441,-1,-0.005086119332182726,4.026115454280665e-14,6.656450856262731e-13,True,False,7.18000001143082e-05,1.0640000027706265e-05,0.00010099999985868635,perturbed_saddle,50,0.8,2105.0,,quartic,0.001
perturbed_quartic_n50_p0.8_eps1e-03_seed2105,4V-FB,43,2,True,False,49,0.04851935374414087,0.4619485798512441,-1,-0.005086110182830339,4.026115454280665e-14,6.656450856262719e-13,True,False,6.061999988560274e-05,9.990000080506434e-06,8.655999999973574e-05,perturbed_saddle,50,0.8,2105.0,,quartic,0.001
perturbed_quartic_n50_p0.8_eps1e-03_seed2105,4V-FB,45,4,True,False,49,0.04851935517089398,0.4619485798512441,-1,-0.005086103656648078,4.026115454280665e-14,6.656450856262716e-13,True,False,5.678999991687306e-05,9.76999990598415e-06,8.187000003090361e-05,perturbed_saddle,50,0.8,2105.0,,quartic,0.001
perturbed_quartic_n50_p0.8_eps1e-03_seed2105,4V-FB,49,8,True,False,49,0.04851935557831571,0.4619485798512441,-1,-0.005086101793039255,4.026115454280665e-14,6.656450856262716e-13,True,False,5.3940000043439795e-05,9.789999921849812e-06,7.9059999961828e-05,perturbed_saddle,50,0.8,2105.0,,quartic,0.001
perturbed_quartic_n50_p0.8_eps1e-03_seed2105,4V-FB,55,14,False,True,49,0.04851935560116572,0.4619485798512441,-1,-0.005086101688519307,4.026115454280665e-14,6.656450856262716e-13,True,False,5.409999994299142e-05,9.840000075200805e-06,7.931999994070793e-05,perturbed_saddle,50,0.8,2105.0,,quartic,0.001
perturbed_quartic_n50_p0.8_eps1e-04_seed2101,4V-FB,3,1,True,False,50,-1.964185266746638e-11,0.4619485798512441,-1,4.2126954646448667e-05,4.0261155489085075e-14,6.666666666666666e-13,True,True,9.12299999527022e-05,1.1009999980160501e-05,0.0001228299997819704,perturbed_saddle,50,0.8,2101.0,,quartic,0.0001
perturbed_quartic_n50_p0.8_eps1e-04_seed2101,4V-FB,41,1,True,False,49,0.048519351742014785,0.4619485798512441,-1,-0.005086119340849571,4.0261155489085075e-14,6.656450856262731e-13,True,False,7.226000002447108e-05,1.0380000048826332e-05,0.00010148999990633456,perturbed_saddle,50,0.8,2101.0,,quartic,0.0001
perturbed_quartic_n50_p0.8_eps1e-04_seed2101,4V-FB,42,2,True,False,49,0.048519353743228494,0.4619485798512441,-1,-0.005086110187003889,4.0261155489085075e-14,6.65645085626272e-13,True,False,6.0819999816885684e-05,9.969999837267096e-06,8.69699999839213e-05,perturbed_saddle,50,0.8,2101.0,,quartic,0.0001
perturbed_quartic_n50_p0.8_eps1e-04_seed2101,4V-FB,44,4,True,False,49,0.048519355170682475,0.4619485798512441,-1,-0.005086103657615304,4.0261155489085075e-14,6.656450856262716e-13,True,False,5.6540000059612794e-05,9.88000010693213e-06,8.210999999391788e-05,perturbed_saddle,50,0.8,2101.0,,quartic,0.0001
perturbed_quartic_n50_p0.8_eps1e-04_seed2101,4V-FB,48,8,True,False,49,0.048519355578304335,0.4619485798512441,-1,-0.0050861017930916574,4.0261155489085075e-14,6.656450856262715e-13,True,False,5.4500000032930984e-05,9.730000101626501e-06,7.980999998835614e-05,perturbed_saddle,50,0.8,2101.0,,quartic,0.0001
perturbed_quartic_n50_p0.8_eps1e-04_seed2101,4V-FB,54,14,False,True,49,0.048519355601165576,0.4619485798512441,-1,-0.005086101688521083,4.0261155489085075e-14,6.656450856262715e-13,True,False,5.473000010169926e-05,9.789999921849812e-06,7.980000009411015e-05,perturbed_saddle,50,0.8,2101.0,,quartic,0.0001
perturbed_quartic_n50_p0.8_eps1e-04_seed2102,4V-FB,3,1,True,False,50,-2.1200328437689813e-11,0.4619485798512441,-1,4.21168601354438e-05,4.0261155488586944e-14,6.666666666666667e-13,True,True,9.088000001611363e-05,1.0799999927257886e-05,0.00012235999997756153,perturbed_saddle,50,0.8,2102.0,,quartic,0.0001
perturbed_quartic_n50_p0.8_eps1e-04_seed2102,4V-FB,41,1,True,False,49,0.04851935174147235,0.4619485798512441,-1,-0.005086119343331141,4.0261155488586944e-14,6.656450856262731e-13,True,False,7.33599999875878e-05,1.0640000027706265e-05,0.00010283000005983922,perturbed_saddle,50,0.8,2102.0,,quartic,0.0001
perturbed_quartic_n50_p0.8_eps1e-04_seed2102,4V-FB,42,2,True,False,49,0.04851935374296732,0.4619485798512441,-1,-0.005086110188198489,4.0261155488586944e-14,6.656450856262719e-13,True,False,6.094000013945333e-05,9.910000017043785e-06,8.720000005268957e-05,perturbed_saddle,50,0.8,2102.0,,quartic,0.0001
perturbed_quartic_n50_p0.8_eps1e-04_seed2102,4V-FB,44,4,True,False,49,0.04851935517062193,0.4619485798512441,-1,-0.005086103657892416,4.0261155488586944e-14,6.656450856262716e-13,True,False,5.7680000054460834e-05,1.0140000085812062e-05,8.389000004171976e-05,perturbed_saddle,50,0.8,2102.0,,quartic,0.0001
perturbed_quartic_n50_p0.8_eps1e-04_seed2102,4V-FB,48,8,True,False,49,0.04851935557830109,0.4619485798512441,-1,-0.005086101793107645,4.0261155488586944e-14,6.656450856262715e-13,True,False,5.437000004349102e-05,1.0189999784415704e-05,8.02299998667877e-05,perturbed_saddle,50,0.8,2102.0,,quartic,0.0001
perturbed_quartic_n50_p0.8_eps1e-04_seed2102,4V-FB,54,14,False,True,49,0.048519355601165534,0.4619485798512441,-1,-0.005086101688520195,4.0261155488586944e-14,6.656450856262716e-13,True,False,5.430999999589403e-05,1.0119999842572724e-05,8.04999999672873e-05,perturbed_saddle,50,0.8,2102.0,,quartic,0.0001
perturbed_quartic_n50_p0.8_eps1e-04_seed2103,4V-FB,3,1,True,False,50,-1.3599287011247426e-11,0.4619485798512441,-1,4.211914528262639e-05,4.0261155488629656e-14,6.666666666666667e-13,True,True,9.070000010069634e-05,1.1269999959040433e-05,0.0001229300000886724,perturbed_saddle,50,0.8,2103.0,,quartic,0.0001
perturbed_quartic_n50_p0.8_eps1e-04_seed2103,4V-FB,41,1,True,False,49,0.04851935174159517,0.4619485798512441,-1,-0.005086119342769813,4.0261155488629656e-14,6.656450856262731e-13,True,False,7.257000015670201e-05,1.0929999916697852e-05,0.00010227000007034803,perturbed_saddle,50,0.8,2103.0,,quartic,0.0001
perturbed_quartic_n50_p0.8_eps1e-04_seed2103,4V-FB,42,2,True,False,49,0.04851935374302646,0.4619485798512441,-1,-0.005086110187927595,4.0261155488629656e-14,6.65645085626272e-13,True,False,6.058000008124509e-05,9.859999863692792e-06,8.662999994157872e-05,perturbed_saddle,50,0.8,2103.0,,quartic,0.0001
perturbed_quartic_n50_p0.8_eps1e-04_seed2103,4V-FB,44,4,True,False,49,0.04851935517063564,0.4619485798512441,-1,-0.005086103657830243,4.0261155488629656e-14,6.656450856262716e-13,True,False,6.269999994401587e-05,1.0159999874304049e-05,8.897999987311778e-05,perturbed_saddle,50,0.8,2103.0,,quartic,0.0001
perturbed_quartic_n50_p0.8_eps1e-04_seed2103,4V-FB,48,8,True,False,49,0.04851935557830182,0.4619485798512441,-1,-0.005086101793102316,4.0261155488629656e-14,6.656450856262716e-13,True,False,5.497000006471353e-05,9.93999992715544e-06,8.064000007834693e-05,perturbed_saddle,50,0.8,2103.0,,quartic,0.0001
perturbed_quartic_n50_p0.8_eps1e-04_seed2103,4V-FB,54,14,False,True,49,0.04851935560116555,0.4619485798512441,-1,-0.005086101688521971,4.0261155488629656e-14,6.656450856262715e-13,True,False,5.41699998848344e-05,9.890000001178123e-06,7.985000002008746e-05,perturbed_saddle,50,0.8,2103.0,,quartic,0.0001
perturbed_quartic_n50_p0.8_eps1e-04_seed2104,4V-FB,3,1,True,False,50,-1.3768706874972718e-11,0.4619485798512441,-1,4.2123332594457e-05,4.026115548881434e-14,6.666666666666667e-13,True,True,9.086999989449396e-05,1.090999990083219e-05,0.00012214000003041292,perturbed_saddle,50,0.8,2104.0,,quartic,0.0001
perturbed_quartic_n50_p0.8_eps1e-04_seed2104,4V-FB,41,1,True,False,49,0.04851935174182017,0.4619485798512441,-1,-0.005086119341739526,4.026115548881434e-14,6.656450856262732e-13,True,False,7.204000007732247e-05,1.0559999964243616e-05,0.00010094000003846304,perturbed_saddle,50,0.8,2104.0,,quartic,0.0001
perturbed_quartic_n50_p0.8_eps1e-04_seed2104,4V-FB,42,2,True,False,49,0.04851935374313479,0.4619485798512441,-1,-0.005086110187431991,4.026115548881434e-14,6.656450856262719e-13,True,False,6.094999980632565e-05,9.899999895424116e-06,8.71300001108466e-05,perturbed_saddle,50,0.8,2104.0,,quartic,0.0001
perturbed_quartic_n50_p0.8_eps1e-04_seed2104,4V-FB,44,4,True,False,49,0.048519355170660756,0.4619485798512441,-1,-0.005086103657713892,4.026115548881434e-14,6.656450856262715e-13,True,False,5.751999992753554e-05,1.0109999948326731e-05,8.338000020557956e-05,perturbed_saddle,50,0.8,2104.0,,quartic,0.0001
perturbed_quartic_n50_p0.8_eps1e-04_seed2104,4V-FB,48,8,True,False,49,0.04851935557830317,0.4619485798512441,-1,-0.0050861017930969865,4.026115548881434e-14,6.656450856262715e-13,True,False,5.435999992187135e-05,1.0030000112237758e-05,7.978999997249048e-05,perturbed_saddle,50,0.8,2104.0,,quartic,0.0001
perturbed_quartic_n50_p0.8_eps1e-04_seed2104,4V-FB,54,14,False,True,49,0.04851935560116556,0.4619485798512441,-1,-0.005086101688521083,4.026115548881434e-14,6.656450856262715e-13,True,False,5.51000000541535e-05,9.690000069895177e-06,8.0380000099467e-05,perturbed_saddle,50,0.8,2104.0,,quartic,0.0001
perturbed_quartic_n50_p0.8_eps1e-04_seed2105,4V-FB,3,1,True,False,50,1.2863313533739892e-11,0.4619485798512441,-1,4.2120278324730975e-05,4.026115548866615e-14,6.666666666666667e-13,True,True,9.077000004253932e-05,1.0670000165191595e-05,0.00012204000017845829,perturbed_saddle,50,0.8,2105.0,,quartic,0.0001
perturbed_quartic_n50_p0.8_eps1e-04_seed2105,4V-FB,41,1,True,False,49,0.04851935174165621,0.4619485798512441,-1,-0.005086119342489148,4.026115548866615e-14,6.656450856262732e-13,True,False,7.24199999240227e-05,1.0419999853183981e-05,0.00010094999993270903,perturbed_saddle,50,0.8,2105.0,,quartic,0.0001
perturbed_quartic_n50_p0.8_eps1e-04_seed2105,4V-FB,42,2,True,False,49,0.04851935374305585,0.4619485798512441,-1,-0.005086110187792592,4.026115548866615e-14,6.65645085626272e-13,True,False,6.175999988045078e-05,9.750000117492164e-06,8.77400000263151e-05,perturbed_saddle,50,0.8,2105.0,,quartic,0.0001
perturbed_quartic_n50_p0.8_eps1e-04_seed2105,4V-FB,44,4,True,False,49,0.04851935517064246,0.4619485798512441,-1,-0.005086103657799157,4.026115548866615e-14,6.656450856262715e-13,True,False,5.6780000022627064e-05,9.820000059335143e-06,8.257000013145444e-05,perturbed_saddle,50,0.8,2105.0,,quartic,0.0001
perturbed_quartic_n50_p0.8_eps1e-04_seed2105,4V-FB,48,8,True,False,49,0.04851935557830219,0.4619485798512441,-1,-0.005086101793101427,4.026115548866615e-14,6.656450856262716e-13,True,False,5.463000002237095e-05,1.001999999061809e-05,8.019999995667604e-05,perturbed_saddle,50,0.8,2105.0,,quartic,0.0001
perturbed_quartic_n50_p0.8_eps1e-04_seed2105,4V-FB,54,14,False,True,49,0.04851935560116555,0.4619485798512441,-1,-0.005086101688520195,4.026115548866615e-14,6.656450856262716e-13,True,False,5.551999993258505e-05,9.869999985312461e-06,8.09900000149355e-05,perturbed_saddle,50,0.8,2105.0,,quartic,0.0001
perturbed_quartic_n50_p0.8_eps1e-05_seed2101,4V-FB,2,1,True,False,50,-2.0797715305898423e-11,0.4619485798512441,-1,4.2116758541155264e-05,4.0261155498128885e-14,6.666666666666667e-13,True,True,9.097999986806826e-05,1.0940000038317521e-05,0.0001225900000463298,perturbed_saddle,50,0.8,2101.0,,quartic,1e-05
perturbed_quartic_n50_p0.8_eps1e-05_seed2101,4V-FB,40,1,True,False,49,0.04851935174146689,0.4619485798512441,-1,-0.00508611934335601,4.0261155498128885e-14,6.656450856262731e-13,True,False,7.320999998228217e-05,1.0689999953683582e-05,0.00010300000008101051,perturbed_saddle,50,0.8,2101.0,,quartic,1e-05
perturbed_quartic_n50_p0.8_eps1e-05_seed2101,4V-FB,41,2,True,False,49,0.0485193537429647,0.4619485798512441,-1,-0.0050861101882091475,4.0261155498128885e-14,6.65645085626272e-13,True,False,6.146999999145919e-05,9.989999853132758e-06,8.792000016910606e-05,perturbed_saddle,50,0.8,2101.0,,quartic,1e-05
perturbed_quartic_n50_p0.8_eps1e-05_seed2101,4V-FB,43,4,True,False,49,0.04851935517062132,0.4619485798512441,-1,-0.00508610365789508,4.0261155498128885e-14,6.656450856262715e-13,True,False,5.738999993809557e-05,9.990000080506434e-06,8.316999992530327e-05,perturbed_saddle,50,0.8,2101.0,,quartic,1e-05
perturbed_quartic_n50_p0.8_eps1e-05_seed2101,4V-FB,47,8,True,False,49,0.04851935557830105,0.4619485798512441,-1,-0.0050861017931067565,4.0261155498128885e-14,6.656450856262716e-13,True,False,5.45499999589083e-05,9.940000154529116e-06,8.026999989851902e-05,perturbed_saddle,50,0.8,2101.0,,quartic,1e-05
perturbed_quartic_n50_p0.8_eps1e-05_seed2101,4V-FB,53,14,False,True,49,0.048519355601165534,0.4619485798512441,-1,-0.005086101688520195,4.0261155498128885e-14,6.656450856262716e-13,True,False,5.519000001186214e-05,1.0010000096372096e-05,8.096000010482385e-05,perturbed_saddle,50,0.8,2101.0,,quartic,1e-05
perturbed_quartic_n50_p0.8_eps1e-05_seed2102,4V-FB,2,1,True,False,50,-3.554156965150537e-11,0.4619485798512441,-1,4.211575076062957e-05,4.026115549812393e-14,6.666666666666668e-13,True,True,9.13399999262765e-05,1.0820000170497224e-05,0.0001233600000887236,perturbed_saddle,50,0.8,2102.0,,quartic,1e-05
perturbed_quartic_n50_p0.8_eps1e-05_seed2102,4V-FB,40,1,True,False,49,0.04851935174141266,0.4619485798512441,-1,-0.0050861193436047,4.026115549812393e-14,6.656450856262731e-13,True,False,7.198999992397148e-05,1.0779999911392224e-05,0.00010216000009677373,perturbed_saddle,50,0.8,2102.0,,quartic,1e-05
perturbed_quartic_n50_p0.8_eps1e-05_seed2102,4V-FB,41,2,True,False,49,0.04851935374293859,0.4619485798512441,-1,-0.005086110188329052,4.026115549812393e-14,6.65645085626272e-13,True,False,6.194000002324174e-05,1.0109999948326731e-05,8.848000015859725e-05,perturbed_saddle,50,0.8,2102.0,,quartic,1e-05
perturbed_quartic_n50_p0.8_eps1e-05_seed2102,4V-FB,43,4,True,False,49,0.04851935517061527,0.4619485798512441,-1,-0.005086103657923502,4.026115549812393e-14,6.656450856262715e-13,True,False,5.652000004374713e-05,9.879999879558454e-06,8.23100001525745e-05,perturbed_saddle,50,0.8,2102.0,,quartic,1e-05
perturbed_quartic_n50_p0.8_eps1e-05_seed2102,4V-FB,47,8,True,False,49,0.04851935557830073,0.4619485798512441,-1,-0.005086101793108533,4.026115549812393e-14,6.656450856262715e-13,True,False,5.583999995906197e-05,9.629999794924515e-06,8.101999992504716e-05,perturbed_saddle,50,0.8,2102.0,,quartic,1e-05
perturbed_quartic_n50_p0.8_eps1e-05_seed2102,4V-FB,53,14,False,True,49,0.048519355601165534,0.4619485798512441,-1,-0.005086101688520195,4.026115549812393e-14,6.656450856262716e-13,True,False,6.032000010236516e-05,1.001999999061809e-05,8.617999992566183e-05,perturbed_saddle,50,0.8,2102.0,,quartic,1e-05
perturbed_quartic_n50_p0.8_eps1e-05_seed2103,4V-FB,2,1,True,False,50,-2.1707681287682038e-11,0.4619485798512441,-1,4.211597778436271e-05,4.0261155498124373e-14,6.666666666666667e-13,True,True,8.980999996310857e-05,1.0720000091168913e-05,0.00012087000004612491,perturbed_saddle,50,0.8,2103.0,,quartic,1e-05
perturbed_quartic_n50_p0.8_eps1e-05_seed2103,4V-FB,40,1,True,False,49,0.04851935174142494,0.4619485798512441,-1,-0.005086119343547857,4.0261155498124373e-14,6.656450856262732e-13,True,False,7.282000001396227e-05,1.0720000091168913e-05,0.00010198000018135644,perturbed_saddle,50,0.8,2103.0,,quartic,1e-05
perturbed_quartic_n50_p0.8_eps1e-05_seed2103,4V-FB,41,2,True,False,49,0.0485193537429445,0.4619485798512441,-1,-0.005086110188303294,4.0261155498124373e-14,6.656450856262719e-13,True,False,6.04100000600738e-05,1.0040000006483751e-05,8.654999987811607e-05,perturbed_saddle,50,0.8,2103.0,,quartic,1e-05
perturbed_quartic_n50_p0.8_eps1e-05_seed2103,4V-FB,43,4,True,False,49,0.048519355170616646,0.4619485798512441,-1,-0.005086103657917285,4.0261155498124373e-14,6.656450856262715e-13,True,False,5.5149999980130815e-05,9.890000001178123e-06,8.031000015762402e-05,perturbed_saddle,50,0.8,2103.0,,quartic,1e-05
perturbed_quartic_n50_p0.8_eps1e-05_seed2103,4V-FB,47,8,True,False,49,0.0485193555783008,0.4619485798512441,-1,-0.005086101793108533,4.0261155498124373e-14,6.656450856262715e-13,True,False,5.554999984269671e-05,9.879999879558454e-06,8.11600000361068e-05,perturbed_saddle,50,0.8,2103.0,,quartic,1e-05
perturbed_quartic_n50_p0.8_eps1e-05_seed2103,4V-FB,53,14,False,True,49,0.048519355601165534,0.4619485798512441,-1,-0.005086101688520195,4.0261155498124373e-14,6.656450856262716e-13,True,False,5.374000011215685e-05,9.820000059335143e-06,7.903999994596234e-05,perturbed_saddle,50,0.8,2103.0,,quartic,1e-05
perturbed_quartic_n50_p0.8_eps1e-05_seed2104,4V-FB,2,1,True,False,50,-1.749965882010997e-11,0.4619485798512441,-1,4.211639603290962e-05,4.0261155498126184e-14,6.666666666666668e-13,True,True,9.001000012176519e-05,1.0859999974854873e-05,0.00012162999996689905,perturbed_saddle,50,0.8,2104.0,,quartic,1e-05
perturbed_quartic_n50_p0.8_eps1e-05_seed2104,4V-FB,40,1,True,False,49,0.04851935174144744,0.4619485798512441,-1,-0.005086119343444828,4.0261155498126184e-14,6.656450856262731e-13,True,False,7.252000000335102e-05,1.0969999948429177e-05,0.00010218000011263939,perturbed_saddle,50,0.8,2104.0,,quartic,1e-05
perturbed_quartic_n50_p0.8_eps1e-05_seed2104,4V-FB,41,2,True,False,49,0.04851935374295533,0.4619485798512441,-1,-0.005086110188253556,4.0261155498126184e-14,6.656450856262719e-13,True,False,6.045000009180512e-05,9.970000064640772e-06,8.660999992571305e-05,perturbed_saddle,50,0.8,2104.0,,quartic,1e-05
perturbed_quartic_n50_p0.8_eps1e-05_seed2104,4V-FB,43,4,True,False,49,0.04851935517061916,0.4619485798512441,-1,-0.005086103657905738,4.0261155498126184e-14,6.656450856262715e-13,True,False,5.624999994324753e-05,1.0029999884864083e-05,8.167999999386666e-05,perturbed_saddle,50,0.8,2104.0,,quartic,1e-05
perturbed_quartic_n50_p0.8_eps1e-05_seed2104,4V-FB,47,8,True,False,49,0.048519355578300935,0.4619485798512441,-1,-0.0050861017931067565,4.0261155498126184e-14,6.656450856262715e-13,True,False,5.415000009634241e-05,9.850000196820474e-06,7.946000005176757e-05,perturbed_saddle,50,0.8,2104.0,,quartic,1e-05
perturbed_quartic_n50_p0.8_eps1e-05_seed2104,4V-FB,53,14,False,True,49,0.048519355601165534,0.4619485798512441,-1,-0.005086101688520195,4.0261155498126184e-14,6.656450856262716e-13,True,False,5.461000000650529e-05,9.990000080506434e-06,8.01000001047214e-05,perturbed_saddle,50,0.8,2104.0,,quartic,1e-05
perturbed_quartic_n50_p0.8_eps1e-05_seed2105,4V-FB,2,1,True,False,50,2.372549051801254e-11,0.4619485798512441,-1,4.211608621229601e-05,4.026115549812471e-14,6.666666666666667e-13,True,True,8.946000002651999e-05,1.0819999943123548e-05,0.00012070000002495362,perturbed_saddle,50,0.8,2105.0,,quartic,1e-05
perturbed_quartic_n50_p0.8_eps1e-05_seed2105,4V-FB,40,1,True,False,49,0.048519351741431044,0.4619485798512441,-1,-0.005086119343520323,4.026115549812471e-14,6.656450856262731e-13,True,False,7.16499998816289e-05,1.0510000038266298e-05,0.00010038999994321784,perturbed_saddle,50,0.8,2105.0,,quartic,1e-05
perturbed_quartic_n50_p0.8_eps1e-05_seed2105,4V-FB,41,2,True,False,49,0.04851935374294744,0.4619485798512441,-1,-0.005086110188289084,4.026115549812471e-14,6.656450856262719e-13,True,False,6.067000003895373e-05,9.849999969446799e-06,8.677999994688435e-05,perturbed_saddle,50,0.8,2105.0,,quartic,1e-05
perturbed_quartic_n50_p0.8_eps1e-05_seed2105,4V-FB,43,4,True,False,49,0.048519355170617326,0.4619485798512441,-1,-0.00508610365791462,4.026115549812471e-14,6.656450856262715e-13,True,False,6.255999983295624e-05,9.88000010693213e-06,8.86299999365292e-05,perturbed_saddle,50,0.8,2105.0,,quartic,1e-05
perturbed_quartic_n50_p0.8_eps1e-05_seed2105,4V-FB,47,8,True,False,49,0.04851935557830084,0.4619485798512441,-1,-0.005086101793107645,4.026115549812471e-14,6.656450856262715e-13,True,False,5.4729999874325586e-05,1.005000012810342e-05,8.015000003069872e-05,perturbed_saddle,50,0.8,2105.0,,quartic,1e-05
perturbed_quartic_n50_p0.8_eps1e-05_seed2105,4V-FB,53,14,False,True,49,0.048519355601165534,0.4619485798512441,-1,-0.005086101688520195,4.026115549812471e-14,6.656450856262716e-13,True,False,5.403999989539443e-05,9.760000011738157e-06,7.92200000887533e-05,perturbed_saddle,50,0.8,2105.0,,quartic,1e-05
