run_key,problem,method,status,m,n,p,lambda,initial_objective,iterations,final_objective,final_residual,support_size,raw_nonzero_count,classification_support_threshold,thresholded_tail_norm,lambda_min,relative_lambda_min,numerical_locmin,runtime_total,runtime_algorithm,diagnostic_time,verification_calls,scheduled_verifications,forced_final_verifications,accepted_corrections,eligible_iterations,mean_verify_support,max_verify_support,eig_time,probe_time,verification_time,verification_time_fraction,gamma,kappa0,sigma,eta_lower_bound,log10_theoretical_correction_bound,regime,seed,iteration_cap,timing_repeats,runtime_algorithm_min,runtime_algorithm_max,runtime_algorithm_q25,runtime_algorithm_q75,schedule,geometry,distance_to_saddle,F_saddle,objective_change_from_saddle,perturbation,initial_distance_to_saddle,escaped_radius_0p1,dirl_config,dirl_alpha,dirl_beta_factor,dirl_mu,dirl_epsilon0
ordinary_n50_p0.3_seed1101,random_gaussian_n50_m40_p0.3_seed1101,FB,converged,40,50,0.3,0.05,20.05402766656608,2024,2.0757952064858163,9.830519191276212e-12,26,26,0.044869644102013204,0.0,0.0560766177799537,0.01876560680940154,True,0.1589942069999779,0.1588053469999977,0.0001917700000149125,0,0,0,0,0,,,0.0,0.0,0.0,0.0,0.23712230871271595,,,,,ordinary,1101.0,10000.0,3.0,0.15042374800009384,0.17897700299999997,0.15461454750004577,0.16889117499999884,,,,,,,,,,,,,
ordinary_n50_p0.3_seed1101,random_gaussian_n50_m40_p0.3_seed1101,4V-FB,converged,40,50,0.3,0.05,20.05402766656608,2024,2.0757952064858163,9.830519191276212e-12,26,26,0.044869644102013204,0.0,0.0560766177799537,0.01876560680940154,True,0.17477143500002512,0.17458094500000243,0.00019049000002269167,11,10,1,0,686,26.0,26.0,0.0008625999998912448,0.00012343999992481258,0.0012504189999162918,0.007154595943645551,0.23712230871271595,7.54238759253568e-36,1.5713307484449333e-37,0.044869644102013204,43.4981235015154,ordinary,1101.0,10000.0,3.0,0.15793148700004167,0.7760276159999648,0.16625621600002205,0.47530428049998363,,,,,,,,,,,,,
ordinary_n50_p0.3_seed1102,random_gaussian_n50_m40_p0.3_seed1102,FB,converged,40,50,0.3,0.05,20.785731464921756,1796,2.5591978562276787,9.746275651542161e-12,25,25,0.04459873524938568,0.0,0.06033301523658607,0.021209754006675432,True,0.10453756399999747,0.10437689399998362,0.0001373900000771755,0,0,0,0,0,,,0.0,0.0,0.0,0.0,0.23469361564080307,,,,,ordinary,1102.0,10000.0,3.0,0.10395276399992781,0.10442176499998368,0.10416482899995572,0.10439932949998365,,,,,,,,,,,,,
ordinary_n50_p0.3_seed1102,random_gaussian_n50_m40_p0.3_seed1102,4V-FB,converged,40,50,0.3,0.05,20.785731464921756,1796,2.5591978562276787,9.746275651542161e-12,25,25,0.04459873524938568,0.0,0.06033301523658607,0.021209754006675432,True,0.11070801400012442,0.11056116400004612,0.00016364999999041174,11,10,1,0,647,25.0,25.0,0.0005663199997343327,0.00011386999995011138,0.0008657900001480812,0.00782341299446044,0.23469361564080307,4.847931957909663e-36,1.009985824564513e-37,0.04459873524938568,43.71615986197914,ordinary,1102.0,10000.0,3.0,0.11050288400008412,0.11150776399995266,0.11053202400006512,0.11103446399999939,,,,,,,,,,,,,
ordinary_n50_p0.3_seed1103,random_gaussian_n50_m40_p0.3_seed1103,FB,converged,40,50,0.3,0.05,16.472488919048764,1228,2.92323679036431,9.75014898300322e-12,23,23,0.040948258042140855,0.0,0.08209522852671962,0.024643877193641615,True,0.09182244699991315,0.09168286699991768,0.0001395799999954761,0,0,0,0,0,,,0.0,0.0,0.0,0.0,0.20297997094055717,,,,,ordinary,1103.0,10000.0,3.0,0.09162199599995802,0.09216180700002496,0.09165243149993785,0.09192233699997132,,,,,,,,,,,,,
ordinary_n50_p0.3_seed1103,random_gaussian_n50_m40_p0.3_seed1103,4V-FB,converged,40,50,0.3,0.05,16.472488919048764,1228,2.92323679036431,9.75014898300322e-12,23,23,0.040948258042140855,0.0,0.08209522852671962,0.024643877193641615,True,0.09685306599999421,0.09669383599998582,0.0001614500000641783,11,10,1,0,547,23.0,23.0,0.0005146100000956721,0.0001127700001006815,0.0008077399999137924,0.008339849560506847,0.20297997094055717,8.53686216970377e-35,1.7785129520216188e-36,0.040948258042140855,42.51776046618496,ordinary,1103.0,10000.0,3.0,0.09641061500008163,0.09691659600002822,0.09655222550003373,0.09680521600000702,,,,,,,,,,,,,
ordinary_n50_p0.3_seed1104,random_gaussian_n50_m40_p0.3_seed1104,FB,converged,40,50,0.3,0.05,24.00934363652954,1697,2.026596163887179,9.847931441278809e-12,23,23,0.043255367156028776,0.0,0.06703461307602772,0.021049419897158857,True,0.12689200099998743,0.12674889100003384,0.0001435899999933099,0,0,0,0,0,,,0.0,0.0,0.0,0.0,0.2228029604871557,,,,,ordinary,1104.0,10000.0,3.0,0.12649789199997485,0.1281038219999573,0.12662339150000435,0.12742635649999556,,,,,,,,,,,,,
ordinary_n50_p0.3_seed1104,random_gaussian_n50_m40_p0.3_seed1104,4V-FB,converged,40,50,0.3,0.05,24.00934363652954,1697,2.026596163887179,9.847931441278809e-12,23,23,0.043255367156028776,0.0,0.06703461307602772,0.021049419897158857,True,0.1333909400000266,0.13323045000004186,0.00016285000003790628,11,10,1,0,610,23.0,23.0,0.0005027799999197669,0.00011337999978877633,0.0007967000000235203,0.005972669508314143,0.2228029604871557,8.190400784866199e-37,1.7063334968471248e-38,0.043255367156028776,44.6041563602783,ordinary,1104.0,10000.0,3.0,0.13282137100009095,0.13398977999997896,0.1330259105000664,0.1336101150000104,,,,,,,,,,,,,
ordinary_n50_p0.3_seed1105,random_gaussian_n50_m40_p0.3_seed1105,FB,converged,40,50,0.3,0.05,21.84350878870708,2413,3.3334223375631007,9.862524273409882e-12,28,28,0.04314074466631058,0.0,0.04148555148301393,0.012915335525053563,True,0.1806502229999296,0.18049968299999364,0.00015053999993597245,0,0,0,0,0,,,0.0,0.0,0.0,0.0,0.22180020135374923,,,,,ordinary,1105.0,10000.0,3.0,0.18030139399991185,0.18286574299997937,0.18040053849995275,0.1816827129999865,,,,,,,,,,,,,
ordinary_n50_p0.3_seed1105,random_gaussian_n50_m40_p0.3_seed1105,4V-FB,converged,40,50,0.3,0.05,21.84350878870708,2413,3.3334223375631007,9.862524273409882e-12,28,28,0.04314074466631058,0.0,0.04148555148301393,0.012915335525053563,True,0.1899225119999528,0.18975843199996234,0.00016474999995352846,11,10,1,0,995,28.0,28.0,0.0005574399998522495,0.00011178000022482593,0.0008475900000348702,0.004478791599077586,0.22180020135374923,2.628365429096042e-36,5.475761310616754e-38,0.04314074466631058,44.06132734345258,ordinary,1105.0,10000.0,3.0,0.18908049200001642,0.1908733120000079,0.18941946199998938,0.19031587199998512,,,,,,,,,,,,,
ordinary_n50_p0.5_seed1101,random_gaussian_n50_m40_p0.5_seed1101,FB,converged,40,50,0.5,0.05,19.627368734434185,2397,2.019125229050991,9.85616758177884e-12,27,27,0.025997501807746817,0.0,0.04574023425702079,0.01575171122602789,True,0.18120223400001123,0.18105068399995616,0.00015155000005506736,0,0,0,0,0,,,0.0,0.0,0.0,0.0,0.23712230871271595,,,,,ordinary,1101.0,10000.0,3.0,0.18049672299991926,0.18393528299998252,0.1807737034999377,0.18249298349996934,,,,,,,,,,,,,
ordinary_n50_p0.5_seed1101,random_gaussian_n50_m40_p0.5_seed1101,4V-FB,converged,40,50,0.5,0.05,19.627368734434185,2397,2.019125229050991,9.85616758177884e-12,27,27,0.025997501807746817,0.0,0.04574023425702079,0.01575171122602789,True,0.19030750199988233,0.1901165319999336,0.00018152999996345898,11,10,1,0,841,27.0,27.0,0.0006202299999813476,0.00010423999992781319,0.0009126400001377988,0.00478869605868506,0.23712230871271595,6.527189524836518e-22,1.359831151007608e-23,0.025997501807746817,30.499650627453185,ordinary,1101.0,10000.0,3.0,0.18960477199993875,0.1904006219999701,0.18986065199993618,0.19025857699995186,,,,,,,,,,,,,
ordinary_n50_p0.5_seed1102,random_gaussian_n50_m40_p0.5_seed1102,FB,converged,40,50,0.5,0.05,20.363296318396497,2984,2.6720988783220148,9.860073911596886e-12,28,28,0.02581968013081209,0.0,0.03370758695400418,0.011238174167626508,True,0.22404455800005962,0.2238939080000364,0.0001506500000232336,0,0,0,0,0,,,0.0,0.0,0.0,0.0,0.23469361564080307,,,,,ordinary,1102.0,10000.0,3.0,0.22364820699999655,0.2248718780000445,0.22377105750001647,0.22438289300004044,,,,,,,,,,,,,
ordinary_n50_p0.5_seed1102,random_gaussian_n50_m40_p0.5_seed1102,4V-FB,converged,40,50,0.5,0.05,20.363296318396497,2984,2.6720988783220148,9.860073911596886e-12,28,28,0.02581968013081209,0.0,0.03370758695400418,0.011238174167626508,True,0.2348119460000362,0.2346494260000327,0.00016625000000658474,12,11,1,0,1155,28.0,28.0,0.0006219100002908817,0.00011067000014008954,0.0009256700000150886,0.003923493319086783,0.23469361564080307,5.044571322022995e-22,1.0509523587547906e-23,0.02581968013081209,30.639461621042763,ordinary,1102.0,10000.0,3.0,0.2345587350000642,0.23637776499992924,0.23460408050004844,0.23551359549998097,,,,,,,,,,,,,
ordinary_n50_p0.5_seed1103,random_gaussian_n50_m40_p0.5_seed1103,FB,converged,40,50,0.5,0.05,16.051727314066248,3332,2.683652639347684,9.903383718545536e-12,27,27,0.02343790544659763,0.0,0.03166202796922752,0.008402465644929092,True,0.250469833000011,0.2503217930000119,0.00014803999999912776,0,0,0,0,0,,,0.0,0.0,0.0,0.0,0.20297997094055717,,,,,ordinary,1103.0,10000.0,3.0,0.24935575400002108,0.25102763300003517,0.2498387735000165,0.25067471300002353,,,,,,,,,,,,,
ordinary_n50_p0.5_seed1103,random_gaussian_n50_m40_p0.5_seed1103,4V-FB,converged,40,50,0.5,0.05,16.051727314066248,3332,2.683652639347684,9.903383718545536e-12,27,27,0.02343790544659763,0.0,0.03166202796922752,0.008402465644929092,True,0.2623695519998819,0.26219088199991347,0.00016573000004882488,12,11,1,0,1426,27.0,27.0,0.0006262500000957516,0.00011096000002908113,0.0009365900001512273,0.003564383874493524,0.20297997094055717,2.667523179600942e-21,5.557339957501963e-23,0.02343790544659763,29.980979617223262,ordinary,1103.0,10000.0,3.0,0.2615238409999847,0.26325988099995357,0.2618573614999491,0.2627253814999335,,,,,,,,,,,,,
ordinary_n50_p0.5_seed1104,random_gaussian_n50_m40_p0.5_seed1104,FB,converged,40,50,0.5,0.05,23.581288143414387,2314,2.0946292228666454,9.798686459769352e-12,25,25,0.024940049552977732,0.0,0.04939630123771378,0.015525926349877433,True,0.17380764400002136,0.17366592400003356,0.00014289000000644592,0,0,0,0,0,,,0.0,0.0,0.0,0.0,0.2228029604871557,,,,,ordinary,1104.0,10000.0,3.0,0.1734346350000351,0.17470968500003892,0.17355027950003432,0.17418780450003624,,,,,,,,,,,,,
ordinary_n50_p0.5_seed1104,random_gaussian_n50_m40_p0.5_seed1104,4V-FB,converged,40,50,0.5,0.05,23.581288143414387,2314,2.0946292228666454,9.798686459769352e-12,25,25,0.024940049552977732,0.0,0.04939630123771378,0.015525926349877433,True,0.1831387629999881,0.1829761230000031,0.00016263999998500367,11,10,1,0,832,25.0,25.0,0.0005310899998676177,0.00010110000016538834,0.000806889999807936,0.004396323942718745,0.2228029604871557,1.806293381757409e-22,3.7631112119946024e-24,0.024940049552977732,31.209431223582392,ordinary,1104.0,10000.0,3.0,0.18254959299997608,0.18385085299996717,0.1827628579999896,0.18341348799998514,,,,,,,,,,,,,
ordinary_n50_p0.5_seed1105,random_gaussian_n50_m40_p0.5_seed1105,FB,converged,40,50,0.5,0.05,21.435113049284094,2359,2.489274057989382,9.868384432987464e-12,32,32,0.024865162279128793,0.0,0.04531290826317945,0.013220725080252163,True,0.17408565400000953,0.17392246400004296,0.0001558699999577584,0,0,0,0,0,,,0.0,0.0,0.0,0.0,0.22180020135374923,,,,,ordinary,1105.0,10000.0,3.0,0.1730305449999605,0.17418340500000795,0.17347650450000174,0.17405293450002546,,,,,,,,,,,,,
ordinary_n50_p0.5_seed1105,random_gaussian_n50_m40_p0.5_seed1105,4V-FB,converged,40,50,0.5,0.05,21.435113049284094,2359,2.489274057989382,9.868384432987464e-12,32,32,0.024865162279128793,0.0,0.04531290826317945,0.013220725080252163,True,0.18318660299996736,0.18301396299989392,0.00017264000007344293,11,10,1,0,910,32.0,32.0,0.0006114399997159126,0.00010259999987738411,0.0008876800001189622,0.004884834448577384,0.22180020135374923,3.522738835042872e-22,7.33903923967265e-24,0.024865162279128793,30.883121376814394,ordinary,1105.0,10000.0,3.0,0.18155081400004747,0.18361480299995492,0.1822823884999707,0.18331438299992442,,,,,,,,,,,,,
ordinary_n50_p0.8_seed1101,random_gaussian_n50_m40_p0.8_seed1101,FB,converged,40,50,0.8,0.05,19.250062908813586,6339,2.2028765573686515,9.929391765596469e-12,33,33,0.005785026415603991,0.0,0.015171314508869644,0.004384558847145801,True,0.47683045999997375,0.47666105999996944,0.0001730999999836058,0,0,0,0,0,,,0.0,0.0,0.0,0.0,0.23712230871271595,,,,,ordinary,1101.0,50000.0,3.0,0.4751751599999352,0.4831407090000539,0.4759181099999523,0.47990088450001167,,,,,,,,,,,,,
ordinary_n50_p0.8_seed1101,random_gaussian_n50_m40_p0.8_seed1101,4V-FB,converged,40,50,0.8,0.05,19.250062908813586,6339,2.2028765573686515,9.929391765596469e-12,33,33,0.005785026415603991,0.0,0.015171314508869644,0.004384558847145801,True,0.5006704869999794,0.5004860569999892,0.00018827999997483857,13,12,1,0,2549,33.0,33.0,0.0008499499999743421,0.000134120000097937,0.0012033000002702465,0.002403377134291313,0.23712230871271595,1.922497952613154e-14,4.005204067944071e-16,0.005785026415603991,25.632586119045307,ordinary,1101.0,50000.0,3.0,0.4982660670000314,0.5035832759999721,0.4993760620000103,0.5020346664999806,,,,,,,,,,,,,
ordinary_n50_p0.8_seed1102,random_gaussian_n50_m40_p0.8_seed1102,FB,converged,40,50,0.8,0.05,19.97992956750239,4459,2.8598587820709844,9.89763491350722e-12,32,32,0.005735607145322531,0.0,0.026212047386764307,0.00843798011891767,True,0.33541919100002815,0.33526115100005427,0.00015803999997388019,0,0,0,0,0,,,0.0,0.0,0.0,0.0,0.23469361564080307,,,,,ordinary,1102.0,50000.0,3.0,0.3347585110000182,0.3371709110000438,0.33500983100003623,0.33621603100004904,,,,,,,,,,,,,
ordinary_n50_p0.8_seed1102,random_gaussian_n50_m40_p0.8_seed1102,4V-FB,converged,40,50,0.8,0.05,19.97992956750239,4459,2.8598587820709844,9.89763491350722e-12,32,32,0.005735607145322531,0.0,0.026212047386764307,0.00843798011891767,True,0.3510696179999968,0.35088538799993785,0.00018423000005896029,12,11,1,0,1490,32.0,32.0,0.0006750199999032702,0.00012185999969460681,0.0009932599998592195,0.002832785211684022,0.23469361564080307,1.6566058555180693e-14,3.4512621989959777e-16,0.005735607145322531,25.7282984097578,ordinary,1102.0,50000.0,3.0,0.35026130899996133,0.3529859180000585,0.3505733484999496,0.3519356529999982,,,,,,,,,,,,,
ordinary_n50_p0.8_seed1103,random_gaussian_n50_m40_p0.8_seed1103,FB,converged,40,50,0.8,0.05,15.664467690992087,2853,2.652657399473015,9.90397393176527e-12,28,28,0.005082054549952968,0.0,0.04192390676776891,0.011207066069945436,True,0.21583903900000223,0.2156759490000013,0.00015876999998454266,0,0,0,0,0,,,0.0,0.0,0.0,0.0,0.20297997094055717,,,,,ordinary,1103.0,50000.0,3.0,0.2151660480000146,0.21616381800004092,0.21542099850000795,0.21591988350002111,,,,,,,,,,,,,
ordinary_n50_p0.8_seed1103,random_gaussian_n50_m40_p0.8_seed1103,4V-FB,converged,40,50,0.8,0.05,15.664467690992087,2853,2.652657399473015,9.90397393176527e-12,28,28,0.005082054549952968,0.0,0.04192390676776891,0.011207066069945436,True,0.22583039699998153,0.22565957699998762,0.0001687900000888476,12,11,1,0,1075,28.0,28.0,0.0006209199999602788,0.00012295000021822489,0.0009490300001289143,0.0041800219621260185,0.20297997094055717,4.3846067161366975e-14,9.134597325284786e-16,0.005082054549952968,25.41006894437469,ordinary,1103.0,50000.0,3.0,0.2255488369999057,0.22687117699990722,0.22560420699994665,0.22626537699994742,,,,,,,,,,,,,
ordinary_n50_p0.8_seed1104,random_gaussian_n50_m40_p0.8_seed1104,FB,converged,40,50,0.8,0.05,23.219093562611924,3617,2.146228373735404,9.890209989072126e-12,29,29,0.005492403877393048,0.0,0.0319794517400928,0.009423554318197313,True,0.27482697999994343,0.2746551999999838,0.00015704999998433777,0,0,0,0,0,,,0.0,0.0,0.0,0.0,0.2228029604871557,,,,,ordinary,1104.0,50000.0,3.0,0.27265422000004946,0.27747410899996794,0.2736547100000166,0.27606465449997586,,,,,,,,,,,,,
ordinary_n50_p0.8_seed1104,random_gaussian_n50_m40_p0.8_seed1104,4V-FB,converged,40,50,0.8,0.05,23.219093562611924,3617,2.146228373735404,9.890209989072126e-12,29,29,0.005492403877393048,0.0,0.0319794517400928,0.009423554318197313,True,0.2869168180000088,0.28674862799994116,0.0001694300000281146,12,11,1,0,1287,29.0,29.0,0.0006410300001107316,0.0001222999998162777,0.00096250900026007,0.003364644592995927,0.2228029604871557,9.0827173439462e-15,1.8922327799887916e-16,0.005492403877393048,26.12982083959173,ordinary,1104.0,50000.0,3.0,0.2858828480000284,0.28676717799999096,0.2863157379999848,0.28675790299996606,,,,,,,,,,,,,
ordinary_n50_p0.8_seed1105,random_gaussian_n50_m40_p0.8_seed1105,FB,converged,40,50,0.8,0.05,21.065861836426656,6358,2.6493972717160617,9.920269067126196e-12,33,33,0.005471796627982841,0.0,0.01915842482866685,0.0056475660730154085,True,0.48025744000005943,0.4800786200000857,0.00017902000001868146,0,0,0,0,0,,,0.0,0.0,0.0,0.0,0.22180020135374923,,,,,ordinary,1105.0,50000.0,3.0,0.4793788699998913,0.48209131000010075,0.4797287449999885,0.48108496500009323,,,,,,,,,,,,,
ordinary_n50_p0.8_seed1105,random_gaussian_n50_m40_p0.8_seed1105,4V-FB,converged,40,50,0.8,0.05,21.065861836426656,6358,2.6493972717160617,9.920269067126196e-12,33,33,0.005471796627982841,0.0,0.01915842482866685,0.0056475660730154085,True,0.5051481859999285,0.5049492459999101,0.00019247900002028473,13,12,1,0,2161,33.0,33.0,0.0008520799997313588,0.00013468999975430052,0.001207350000072438,0.0023866633172246773,0.22180020135374923,1.3405377034871649e-14,2.792786882264927e-16,0.005471796627982841,25.925021645746433,ordinary,1105.0,50000.0,3.0,0.4995953659999941,0.5056811360000211,0.5022723059999521,0.5053151909999656,,,,,,,,,,,,,
ordinary_n100_p0.3_seed1101,random_gaussian_n100_m80_p0.3_seed1101,FB,converged,80,100,0.3,0.05,47.44447685462522,1681,5.953100254624539,9.793247214535969e-12,48,48,0.042919537358617366,0.0,0.06269372177144908,0.021751925400300402,True,0.12857767199989212,0.12837794199992913,0.00020413999993706966,0,0,0,0,0,,,0.0,0.0,0.0,0.0,0.219870268576497,,,,,ordinary,1101.0,10000.0,3.0,0.1282752710000068,0.13001526099992589,0.12832660649996797,0.1291966014999275,,,,,,,,,,,,,
ordinary_n100_p0.3_seed1101,random_gaussian_n100_m80_p0.3_seed1101,4V-FB,converged,80,100,0.3,0.05,47.44447685462522,1681,5.953100254624539,9.793247214535969e-12,48,48,0.042919537358617366,0.0,0.06269372177144908,0.021751925400300402,True,0.13597325000000637,0.13575479999997242,0.00021992000006321177,11,10,1,0,660,48.0,48.0,0.0009435890001441294,0.00013455000009798823,0.0012671089999685137,0.009367348723511406,0.219870268576497,9.204683715500877e-41,1.9176424407293495e-42,0.042919537358617366,48.86279790168097,ordinary,1101.0,10000.0,3.0,0.13503861099991354,0.13591029000008348,0.13539670549994298,0.13583254500002795,,,,,,,,,,,,,
ordinary_n100_p0.3_seed1102,random_gaussian_n100_m80_p0.3_seed1102,FB,converged,80,100,0.3,0.05,35.28032883792947,7804,5.244109815406402,9.960377765034918e-12,50,50,0.04290552454900226,0.0,0.012059931987543952,0.00415165167145754,True,0.6027535719998696,0.6025150319999284,0.00023114999999052088,0,0,0,0,0,,,0.0,0.0,0.0,0.0,0.21974824718145045,,,,,ordinary,1102.0,10000.0,3.0,0.5975795319999406,0.6051669409999931,0.6000472819999345,0.6038409864999608,,,,,,,,,,,,,
ordinary_n100_p0.3_seed1102,random_gaussian_n100_m80_p0.3_seed1102,4V-FB,converged,80,100,0.3,0.05,35.28032883792947,7804,5.244109815406402,9.960377765034918e-12,50,50,0.04290552454900226,0.0,0.012059931987543952,0.00415165167145754,True,0.6268208780001032,0.6265742080000791,0.000233939999930044,13,12,1,0,3438,50.0,50.0,0.0011812999999847307,0.00016376999997191888,0.0015787599999157464,0.002518678071082831,0.21974824718145045,3.554100221689271e-39,7.404375461852648e-41,0.04290552454900226,47.14799132799093,ordinary,1102.0,10000.0,3.0,0.6264125989999911,0.6305336880000141,0.6264934035000351,0.6285539480000466,,,,,,,,,,,,,
ordinary_n100_p0.3_seed1103,random_gaussian_n100_m80_p0.3_seed1103,FB,converged,80,100,0.3,0.05,47.648327543248435,3004,5.220134124512306,9.866803374619506e-12,53,53,0.043364027314927105,0.0,0.03738783228046507,0.01163544785177621,True,0.23376616600000943,0.2335439859999724,0.00022629000000051747,0,0,0,0,0,,,0.0,0.0,0.0,0.0,0.2237552780401519,,,,,ordinary,1103.0,10000.0,3.0,0.23188350599991736,0.23488107499997568,0.23271374599994488,0.23421253049997404,,,,,,,,,,,,,
ordinary_n100_p0.3_seed1103,random_gaussian_n100_m80_p0.3_seed1103,4V-FB,converged,80,100,0.3,0.05,47.648327543248435,3004,5.220134124512306,9.866803374619506e-12,53,53,0.043364027314927105,0.0,0.03738783228046507,0.01163544785177621,True,0.24393003500006216,0.24369248499999685,0.0002403700000286335,12,11,1,0,1090,53.0,53.0,0.0011156200000641547,0.00014193999982126115,0.0014715600001409257,0.006032713438263356,0.2237552780401519,8.730602448267885e-41,1.8188755100558092e-42,0.043364027314927105,48.869726248750574,ordinary,1103.0,10000.0,3.0,0.2435650639999949,0.24525248399993416,0.24362877449999587,0.2444724844999655,,,,,,,,,,,,,
ordinary_n100_p0.3_seed1104,random_gaussian_n100_m80_p0.3_seed1104,FB,converged,80,100,0.3,0.05,38.3760465098416,2848,4.830042035850061,9.7992064607754e-12,50,50,0.04141769819904496,0.0,0.05013779325609775,0.017088074627770584,True,0.220708467999998,0.2204901280000513,0.00021417000004930742,0,0,0,0,0,,,0.0,0.0,0.0,0.0,0.20695174049081538,,,,,ordinary,1104.0,10000.0,3.0,0.21998724799993852,0.22205601699999988,0.2202386879999949,0.2212730725000256,,,,,,,,,,,,,
ordinary_n100_p0.3_seed1104,random_gaussian_n100_m80_p0.3_seed1104,4V-FB,converged,80,100,0.3,0.05,38.3760465098416,2848,4.830042035850061,9.7992064607754e-12,50,50,0.04141769819904496,0.0,0.05013779325609775,0.017088074627770584,True,0.23185790600007294,0.23162712600003488,0.00023078000003806665,11,10,1,0,880,50.0,50.0,0.0009704300001658339,0.0001319900002272334,0.0013069500000710832,0.005636857602218973,0.20695174049081538,1.2595705924980901e-39,2.624105401037688e-41,0.04141769819904496,47.69633511994331,ordinary,1104.0,10000.0,3.0,0.2308317460000353,0.2316378259999965,0.2312294360000351,0.23163247600001569,,,,,,,,,,,,,
ordinary_n100_p0.3_seed1105,random_gaussian_n100_m80_p0.3_seed1105,FB,converged,80,100,0.3,0.05,46.49983637521647,2812,5.331828613715636,9.931482090908588e-12,56,56,0.044133215799011846,0.0,0.02781645524415255,0.009062669741548152,True,0.2167903679999199,0.21655524799996329,0.00023511999995662336,0,0,0,0,0,,,0.0,0.0,0.0,0.0,0.23054432065010588,,,,,ordinary,1105.0,10000.0,3.0,0.2159985079999842,0.2262589569999136,0.21627687799997375,0.22140710249993845,,,,,,,,,,,,,
ordinary_n100_p0.3_seed1105,random_gaussian_n100_m80_p0.3_seed1105,4V-FB,converged,80,100,0.3,0.05,46.49983637521647,2812,5.331828613715636,9.931482090908588e-12,56,56,0.044133215799011846,0.0,0.02781645524415255,0.009062669741548152,True,0.22886503600000196,0.2286224059999995,0.0002441399999497662,12,11,1,0,1429,56.0,56.0,0.0011778699998785669,0.00014091999992160709,0.001535760000024311,0.006751202736133268,0.23054432065010588,1.1795901397349477e-40,2.457479457781141e-42,0.044133215799011846,48.69789923332126,ordinary,1105.0,10000.0,3.0,0.2272353270000167,0.22890499700008604,0.2279288665000081,0.22876370150004277,,,,,,,,,,,,,
ordinary_n100_p0.5_seed1101,random_gaussian_n100_m80_p0.5_seed1101,FB,converged,80,100,0.5,0.05,46.61347118308591,2466,5.27708456209272,9.855104430123325e-12,51,51,0.024720714094352007,0.0,0.044505063079326175,0.015805518878049592,True,0.19024090200002775,0.19003079200001594,0.00021011000001180946,0,0,0,0,0,,,0.0,0.0,0.0,0.0,0.219870268576497,,,,,ordinary,1101.0,10000.0,3.0,0.18965386200000012,0.19441207099998792,0.18984232700000803,0.19222143150000193,,,,,,,,,,,,,
ordinary_n100_p0.5_seed1101,random_gaussian_n100_m80_p0.5_seed1101,4V-FB,converged,80,100,0.5,0.05,46.61347118308591,2466,5.27708456209272,9.855104430123325e-12,51,51,0.024720714094352007,0.0,0.044505063079326175,0.015805518878049592,True,0.20051589000001968,0.2002853999999843,0.00023049000003538822,11,10,1,0,925,51.0,51.0,0.0010077799998953196,0.00011746000018320046,0.0013232099997821933,0.0065977298577531325,0.219870268576497,7.658630381744491e-25,1.595547996196769e-26,0.024720714094352007,33.893357524686905,ordinary,1101.0,10000.0,3.0,0.19936188099995888,0.20142298100006428,0.1998236404999716,0.2008541905000243,,,,,,,,,,,,,
ordinary_n100_p0.5_seed1102,random_gaussian_n100_m80_p0.5_seed1102,FB,converged,80,100,0.5,0.05,34.43011403597822,3788,4.621859175909046,9.837986057114358e-12,49,49,0.02471156707896033,0.0,0.0693156781099437,0.02404447444066465,True,0.2953434070000185,0.29510036700003184,0.00023595999994086014,0,0,0,0,0,,,0.0,0.0,0.0,0.0,0.21974824718145045,,,,,ordinary,1102.0,10000.0,3.0,0.29486857699998836,0.29646521699999084,0.2949844720000101,0.29578279200001134,,,,,,,,,,,,,
ordinary_n100_p0.5_seed1102,random_gaussian_n100_m80_p0.5_seed1102,4V-FB,converged,80,100,0.5,0.05,34.43011403597822,3788,4.621859175909046,9.837986057114358e-12,49,49,0.02471156707896033,0.0,0.0693156781099437,0.02404447444066465,True,0.31028443399998196,0.31003746399994725,0.0002354899999090776,11,10,1,0,599,49.0,49.0,0.0009766000000581698,0.00011840000024676556,0.0012856000003012014,0.004128144565190592,0.21974824718145045,6.385015041919314e-24,1.3302114670665238e-25,0.02471156707896033,32.841416625907335,ordinary,1102.0,10000.0,3.0,0.3086528649999991,0.3133960840000327,0.3093451644999732,0.31171677399999,,,,,,,,,,,,,
ordinary_n100_p0.5_seed1103,random_gaussian_n100_m80_p0.5_seed1103,FB,converged,80,100,0.5,0.05,46.80130638061269,2828,5.110292884332067,9.858596273693948e-12,54,54,0.025011065842966376,0.0,0.03718929467459106,0.011716713176833165,True,0.22029273800001192,0.22006512799998745,0.00022761000002446963,0,0,0,0,0,,,0.0,0.0,0.0,0.0,0.2237552780401519,,,,,ordinary,1103.0,10000.0,3.0,0.21960888800003886,0.222034127000029,0.21983700800001316,0.22104962750000823,,,,,,,,,,,,,
ordinary_n100_p0.5_seed1103,random_gaussian_n100_m80_p0.5_seed1103,4V-FB,converged,80,100,0.5,0.05,46.80130638061269,2828,5.110292884332067,9.858596273693948e-12,54,54,0.025011065842966376,0.0,0.03718929467459106,0.011716713176833165,True,0.23140776699995058,0.23116193699991072,0.00024115999997320614,12,11,1,0,1100,54.0,54.0,0.0011591100000032384,0.00012877000006028538,0.0014952400000538546,0.006458864398101023,0.2237552780401519,7.4460404874991705e-25,1.5512584348956606e-26,0.025011065842966376,33.887045021795586,ordinary,1103.0,10000.0,3.0,0.23114348699994025,0.2312614060000442,0.2311527119999255,0.23121167149997746,,,,,,,,,,,,,
ordinary_n100_p0.5_seed1104,random_gaussian_n100_m80_p0.5_seed1104,FB,converged,80,100,0.5,0.05,37.54148762487972,5643,4.972766644947515,9.956755036283119e-12,59,59,0.02374266123988096,0.0,0.018516048503655114,0.005639601164532291,True,0.4405859060000239,0.4403289560000303,0.0002529699999058721,0,0,0,0,0,,,0.0,0.0,0.0,0.0,0.20695174049081538,,,,,ordinary,1104.0,10000.0,3.0,0.4346408059999476,0.4418647149999515,0.43748488099998895,0.4410968354999909,,,,,,,,,,,,,
ordinary_n100_p0.5_seed1104,random_gaussian_n100_m80_p0.5_seed1104,4V-FB,converged,80,100,0.5,0.05,37.54148762487972,5643,4.972766644947515,9.956755036283119e-12,59,59,0.02374266123988096,0.0,0.018516048503655114,0.005639601164532291,True,0.4571063729999878,0.45683782299988707,0.00026855000010073127,13,12,1,0,2392,59.0,59.0,0.0013594499999953769,0.00013666999984707218,0.0017237200000863595,0.003760380199843679,0.20695174049081538,3.4845831860732046e-24,7.259548304319176e-26,0.02374266123988096,33.21148429453079,ordinary,1104.0,10000.0,3.0,0.45619464299988977,0.4583570329999702,0.4565162329998884,0.45759742799992864,,,,,,,,,,,,,
ordinary_n100_p0.5_seed1105,random_gaussian_n100_m80_p0.5_seed1105,FB,converged,80,100,0.5,0.05,45.680117462619975,3025,5.205946146539118,9.887340808904017e-12,56,56,0.025514454797122627,0.0,0.04262279742943279,0.013474929674878842,True,0.236192944999857,0.2359615450000092,0.00023262999980033783,0,0,0,0,0,,,0.0,0.0,0.0,0.0,0.23054432065010588,,,,,ordinary,1105.0,10000.0,3.0,0.23585034500001711,0.23805122500016296,0.23590594500001316,0.23700638500008608,,,,,,,,,,,,,
ordinary_n100_p0.5_seed1105,random_gaussian_n100_m80_p0.5_seed1105,4V-FB,converged,80,100,0.5,0.05,45.680117462619975,3025,5.205946146539118,9.887340808904017e-12,56,56,0.025514454797122627,0.0,0.04262279742943279,0.013474929674878842,True,0.24685597400025472,0.246611724000104,0.0002468999998654908,11,10,1,0,930,56.0,56.0,0.001090200000362529,0.00011723000034180586,0.001404699999739023,0.005708865713362811,0.23054432065010588,8.82349683447482e-25,1.8382285071822542e-26,0.025514454797122627,33.768182544777744,ordinary,1105.0,10000.0,3.0,0.2458070539998971,0.2466774639999585,0.24620938900000056,0.24664459400003125,,,,,,,,,,,,,
ordinary_n100_p0.8_seed1101,random_gaussian_n100_m80_p0.8_seed1101,FB,converged,80,100,0.8,0.05,45.86449852314074,6741,4.960862665602466,9.955159839051022e-12,63,63,0.00543209166359092,0.0,0.013303742494471815,0.004001617368514632,True,0.529478293000011,0.5292202030000226,0.0002637899999626825,0,0,0,0,0,,,0.0,0.0,0.0,0.0,0.219870268576497,,,,,ordinary,1101.0,50000.0,3.0,0.5263815629998589,0.529260382000075,0.5278008829999408,0.5292402925000488,,,,,,,,,,,,,
ordinary_n100_p0.8_seed1101,random_gaussian_n100_m80_p0.8_seed1101,4V-FB,converged,80,100,0.8,0.05,45.86449852314074,6741,4.960862665602466,9.955159839051022e-12,63,63,0.00543209166359092,0.0,0.013303742494471815,0.004001617368514632,True,0.5529723490001288,0.5527011690001018,0.0002711800000270159,13,12,1,0,3139,63.0,63.0,0.0015661800000543735,0.0001558799995109439,0.001966280000488041,0.00354709128437504,0.219870268576497,2.983076171039686e-16,6.214742022999346e-18,0.00543209166359092,27.928185184502993,ordinary,1101.0,50000.0,3.0,0.5501736000001074,0.5540648890000739,0.5514373845001046,0.5533830290000878,,,,,,,,,,,,,
ordinary_n100_p0.8_seed1102,random_gaussian_n100_m80_p0.8_seed1102,FB,converged,80,100,0.8,0.05,33.67103617423913,8285,4.601712388583795,9.959604236702241e-12,64,64,0.005429579340953217,0.0,0.011710769460521547,0.0035495388392701634,True,0.646455984999875,0.6461791049998737,0.0002674400000159949,0,0,0,0,0,,,0.0,0.0,0.0,0.0,0.21974824718145045,,,,,ordinary,1102.0,50000.0,3.0,0.6377184569998917,0.6467981749999581,0.6419487809998827,0.6464886399999159,,,,,,,,,,,,,
ordinary_n100_p0.8_seed1102,random_gaussian_n100_m80_p0.8_seed1102,4V-FB,converged,80,100,0.8,0.05,33.67103617423913,8285,4.601712388583795,9.959604236702241e-12,64,64,0.005429579340953217,0.0,0.011710769460521547,0.0035495388392701634,True,0.6664035019998664,0.6661179719999382,0.00028522000002340064,13,12,1,0,3565,64.0,64.0,0.0015722000000550906,0.00015532900010839512,0.001977440000473507,0.002945157212251127,0.21974824718145045,1.026936539225343e-15,2.1394511233861313e-17,0.005429579340953217,27.2578893770893,ordinary,1102.0,50000.0,3.0,0.6652852529998654,0.6713399019999997,0.6657016124999018,0.6687289369999689,,,,,,,,,,,,,
ordinary_n100_p0.8_seed1103,random_gaussian_n100_m80_p0.8_seed1103,FB,converged,80,100,0.8,0.05,46.04627282900751,4397,5.22052883581,9.94005088756822e-12,61,61,0.00551196021786109,0.0,0.02677309015617487,0.007975770065354432,True,0.34235896999985016,0.3421104799999739,0.00024848999987625575,0,0,0,0,0,,,0.0,0.0,0.0,0.0,0.2237552780401519,,,,,ordinary,1103.0,50000.0,3.0,0.3412574000001314,0.3450558990000445,0.34168394000005264,0.3435831895000092,,,,,,,,,,,,,
ordinary_n100_p0.8_seed1103,random_gaussian_n100_m80_p0.8_seed1103,4V-FB,converged,80,100,0.8,0.05,46.04627282900751,4397,5.22052883581,9.94005088756822e-12,61,61,0.00551196021786109,0.0,0.02677309015617487,0.007975770065354432,True,0.35889306800004306,0.3586251879999054,0.0002621000000999629,12,11,1,0,1528,61.0,61.0,0.0013912000003983849,0.00014005999992150464,0.0017496199998277007,0.004882049091307815,0.2237552780401519,2.936249674845019e-16,6.11718682259379e-18,0.00551196021786109,27.911418440393287,ordinary,1103.0,50000.0,3.0,0.3581185769999138,0.36047178700005134,0.3583718824999096,0.35954848749997836,,,,,,,,,,,,,
ordinary_n100_p0.8_seed1104,random_gaussian_n100_m80_p0.8_seed1104,FB,converged,80,100,0.8,0.05,36.80019123144097,15621,4.767442895733099,9.982545339505588e-12,67,67,0.005164788837464265,0.0,0.006328606201328082,0.001578376196435046,True,1.2114212330002374,1.2111221330001172,0.0002950599998712278,0,0,0,0,0,,,0.0,0.0,0.0,0.0,0.20695174049081538,,,,,ordinary,1104.0,50000.0,3.0,1.2088392129999193,1.2137931120000758,1.2099806730000182,1.2124576225000965,,,,,,,,,,,,,
ordinary_n100_p0.8_seed1104,random_gaussian_n100_m80_p0.8_seed1104,4V-FB,converged,80,100,0.8,0.05,36.80019123144097,15621,4.767442895733099,9.982545339505588e-12,67,67,0.005164788837464265,0.0,0.006328606201328082,0.001578376196435046,True,1.2607666660001087,1.2604747660000157,0.00029190000009293726,14,13,1,0,7014,67.0,67.0,0.0018195100001321407,0.00016735000031076197,0.0022649899995030864,0.0017948221067313054,0.20695174049081538,7.197304625845907e-16,1.4994384637178973e-17,0.005164788837464265,27.537711147964885,ordinary,1104.0,50000.0,3.0,1.257297546000018,1.2616601849999824,1.2588861560000169,1.261067475499999,,,,,,,,,,,,,
ordinary_n100_p0.8_seed1105,random_gaussian_n100_m80_p0.8_seed1105,FB,converged,80,100,0.8,0.05,44.93587200339014,8136,5.181698331037024,9.952053253711564e-12,64,64,0.005650978965839682,0.0,0.012137122613469565,0.0036469781370114824,True,0.6290595479999865,0.6287997479998921,0.0002621300000100746,0,0,0,0,0,,,0.0,0.0,0.0,0.0,0.23054432065010588,,,,,ordinary,1105.0,50000.0,3.0,0.6265006680000624,0.6297885080000469,0.6276502079999773,0.6292941279999695,,,,,,,,,,,,,
ordinary_n100_p0.8_seed1105,random_gaussian_n100_m80_p0.8_seed1105,4V-FB,converged,80,100,0.8,0.05,44.93587200339014,8136,5.181698331037024,9.952053253711564e-12,64,64,0.005650978965839682,0.0,0.012137122613469565,0.0036469781370114824,True,0.6554366740001569,0.6551650740000241,0.00027160000013282115,13,12,1,0,3281,64.0,64.0,0.0015658000002076733,0.00015133000033529243,0.001951629999666693,0.002977602683956964,0.23054432065010588,3.237412535358942e-16,6.7446094486644624e-18,0.005650978965839682,27.815141604150018,ordinary,1105.0,50000.0,3.0,0.6542670449998695,0.6573311040001499,0.6547160594999468,0.656248089000087,,,,,,,,,,,,,
ordinary_n200_p0.3_seed1101,random_gaussian_n200_m160_p0.3_seed1101,FB,converged,160,200,0.3,0.05,83.90253461898565,3557,11.364440780249618,9.910104360254503e-12,103,103,0.04374362098632958,0.0,0.0289990873765705,0.009185404806639607,True,0.29818983599989224,0.29771232600000985,0.0004775099998823862,0,0,0,0,0,,,0.0,0.0,0.0,0.0,0.22709522026163687,,,,,ordinary,1101.0,10000.0,3.0,0.2970631470000171,0.32918606200018985,0.2973877365000135,0.31344919400009985,,,,,,,,,,,,,
ordinary_n200_p0.3_seed1101,random_gaussian_n200_m160_p0.3_seed1101,4V-FB,converged,160,200,0.3,0.05,83.90253461898565,3557,11.364440780249618,9.910104360254503e-12,103,103,0.04374362098632958,0.0,0.0289990873765705,0.009185404806639607,True,0.31559337399994547,0.31511255399982474,0.00048638999987815623,12,11,1,0,1390,103.0,103.0,0.002845739999656871,0.0002169600002162042,0.003330909999931464,0.01058206305994494,0.22709522026163687,4.067954133070884e-44,8.474904443897675e-46,0.04374362098632958,52.43198135055951,ordinary,1101.0,10000.0,3.0,0.3142741139999998,0.31630568400009906,0.3146933339999123,0.3157091189999619,,,,,,,,,,,,,
ordinary_n200_p0.3_seed1102,random_gaussian_n200_m160_p0.3_seed1102,FB,converged,160,200,0.3,0.05,92.7846433375943,3181,11.313799192731853,9.805156684969393e-12,102,102,0.04305230901976332,0.0,0.04828914943914623,0.01551483626078525,True,0.2675289310000153,0.26706579100005,0.00046313999996527855,0,0,0,0,0,,,0.0,0.0,0.0,0.0,0.22102780751034698,,,,,ordinary,1102.0,10000.0,3.0,0.2664264809998258,0.27010863999998946,0.2667461359999379,0.26858721550001974,,,,,,,,,,,,,
ordinary_n200_p0.3_seed1102,random_gaussian_n200_m160_p0.3_seed1102,4V-FB,converged,160,200,0.3,0.05,92.7846433375943,3181,11.313799192731853,9.805156684969393e-12,102,102,0.04305230901976332,0.0,0.04828914943914623,0.01551483626078525,True,0.28164679900010015,0.28117132900001707,0.0004881600000317121,11,10,1,0,798,102.0,102.0,0.0026101099997504207,0.00020077999965906201,0.0030581299997720635,0.010790364195330642,0.22102780751034698,1.1759714446960498e-44,2.449940509783437e-46,0.04305230901976332,53.04233476831745,ordinary,1102.0,10000.0,3.0,0.2804255490000287,0.31518526399986513,0.2807984390000229,0.2981782964999411,,,,,,,,,,,,,
ordinary_n200_p0.3_seed1103,random_gaussian_n200_m160_p0.3_seed1103,FB,converged,160,200,0.3,0.05,88.28033464453486,4095,10.741998290586555,9.909963036358337e-12,101,101,0.04198938935406901,0.0,0.02659651539772151,0.008824901814630871,True,0.34183830999995735,0.3413844300000619,0.0004549600000700593,0,0,0,0,0,,,0.0,0.0,0.0,0.0,0.211831334680872,,,,,ordinary,1103.0,10000.0,3.0,0.34088504999999714,0.3756813150000653,0.3411347400000295,0.3585328725000636,,,,,,,,,,,,,
ordinary_n200_p0.3_seed1103,random_gaussian_n200_m160_p0.3_seed1103,4V-FB,converged,160,200,0.3,0.05,88.28033464453486,4095,10.741998290586555,9.909963036358337e-12,101,101,0.04198938935406901,0.0,0.02659651539772151,0.008824901814630871,True,0.3606728170000224,0.36018786699992233,0.00048483000000487664,12,11,1,0,1623,101.0,101.0,0.0027721699998437543,0.0002171999999518448,0.003259248999938791,0.009036580652371671,0.211831334680872,2.1724330581177982e-44,4.5259022044120796e-46,0.04198938935406901,52.79760057008388,ordinary,1103.0,10000.0,3.0,0.3597538970000187,0.3602587370000947,0.3599708819999705,0.3602233020000085,,,,,,,,,,,,,
ordinary_n200_p0.3_seed1104,random_gaussian_n200_m160_p0.3_seed1104,FB,converged,160,200,0.3,0.05,84.88045425554523,2824,9.334167781206673,9.902798004874266e-12,105,105,0.043080714987524686,0.0,0.03729014958802801,0.012310217988460484,True,0.23409112599983928,0.23361352599999918,0.0004775999998400948,0,0,0,0,0,,,0.0,0.0,0.0,0.0,0.22127578328272948,,,,,ordinary,1104.0,10000.0,3.0,0.23350387599998612,0.23670273500010808,0.23355870099999265,0.23515813050005363,,,,,,,,,,,,,
ordinary_n200_p0.3_seed1104,random_gaussian_n200_m160_p0.3_seed1104,4V-FB,converged,160,200,0.3,0.05,84.88045425554523,2824,9.334167781206673,9.902798004874266e-12,105,105,0.043080714987524686,0.0,0.03729014958802801,0.012310217988460484,True,0.24851969399992413,0.24803211400012515,0.000491280000005645,12,11,1,0,1110,105.0,105.0,0.002921520000199962,0.00020986000026823604,0.003393530000721512,0.013545727283628666,0.22127578328272948,3.5262015822359414e-44,7.346253296324878e-46,0.043080714987524686,52.5256101867699,ordinary,1104.0,10000.0,3.0,0.24782515300012165,0.27853596900013144,0.2479286335001234,0.2632840415001283,,,,,,,,,,,,,
ordinary_n200_p0.3_seed1105,random_gaussian_n200_m160_p0.3_seed1105,FB,converged,160,200,0.3,0.05,102.02174314114133,2764,12.539149483684803,9.851387489042133e-12,97,97,0.042765985128747894,0.0,0.03686889349232881,0.012132092180317142,True,0.23011751600006392,0.22968038599992724,0.00043713000013667624,0,0,0,0,0,,,0.0,0.0,0.0,0.0,0.21853468161604234,,,,,ordinary,1105.0,10000.0,3.0,0.22869005699999434,0.26222344200004954,0.2291852214999608,0.2459519139999884,,,,,,,,,,,,,
ordinary_n200_p0.3_seed1105,random_gaussian_n200_m160_p0.3_seed1105,4V-FB,converged,160,200,0.3,0.05,102.02174314114133,2764,12.539149483684803,9.851387489042133e-12,97,97,0.042765985128747894,0.0,0.03686889349232881,0.012132092180317142,True,0.2429618850001134,0.24250606500004324,0.00045582000007016177,12,11,1,0,1130,97.0,97.0,0.002632970000149726,0.00020842999970227538,0.0031078799995611917,0.01281918324110815,0.21853468161604234,3.6480287637660815e-45,7.60005992451267e-47,0.042765985128747894,53.60348180061462,ordinary,1105.0,10000.0,3.0,0.24190683400001944,0.24316791399996873,0.24220644950003134,0.24283698950000598,,,,,,,,,,,,,
ordinary_n200_p0.5_seed1101,random_gaussian_n200_m160_p0.5_seed1101,FB,converged,160,200,0.5,0.05,82.2534166377396,3843,10.316289336821278,9.887532016274196e-12,108,108,0.02525934024704209,0.0,0.027136412340324365,0.008438333603480628,True,0.3252358530003221,0.32473893300016243,0.0004969200001596619,0,0,0,0,0,,,0.0,0.0,0.0,0.0,0.22709522026163687,,,,,ordinary,1101.0,10000.0,3.0,0.32294128200010164,0.3544310680001672,0.32384010750013204,0.3395850005001648,,,,,,,,,,,,,
ordinary_n200_p0.5_seed1101,random_gaussian_n200_m160_p0.5_seed1101,4V-FB,converged,160,200,0.5,0.05,82.2534166377396,3843,10.316289336821278,9.887532016274196e-12,108,108,0.02525934024704209,0.0,0.027136412340324365,0.008438333603480628,True,0.3423549899998761,0.34184660999994776,0.0005083799999283656,12,11,1,0,1486,108.0,108.0,0.003056869000147344,0.0001856999995197839,0.003499169000178881,0.010220879211312641,0.22709522026163687,7.1882580632152e-27,1.4975537631698333e-28,0.02525934024704209,36.13008351206879,ordinary,1101.0,10000.0,3.0,0.33963791099995433,0.3422516900000119,0.34074226049995104,0.3420491499999798,,,,,,,,,,,,,
ordinary_n200_p0.5_seed1102,random_gaussian_n200_m160_p0.5_seed1102,FB,converged,160,200,0.5,0.05,91.10694573269518,4613,10.393627733340423,9.916788851541781e-12,111,111,0.02480740199946789,0.0,0.023242455206966543,0.0071778266366546726,True,0.3916724430000613,0.3911573130001216,0.0005193700001200341,0,0,0,0,0,,,0.0,0.0,0.0,0.0,0.22102780751034698,,,,,ordinary,1102.0,10000.0,3.0,0.3903890330000195,0.39480741200009106,0.39077317300007053,0.3929823625001063,,,,,,,,,,,,,
ordinary_n200_p0.5_seed1102,random_gaussian_n200_m160_p0.5_seed1102,4V-FB,converged,160,200,0.5,0.05,91.10694573269518,4613,10.393627733340423,9.916788851541781e-12,111,111,0.02480740199946789,0.0,0.023242455206966543,0.0071778266366546726,True,0.4119868499999484,0.411452029999964,0.0005427999999483291,12,11,1,0,1781,111.0,111.0,0.0031855700001415244,0.00019418900023993046,0.003638928999862401,0.00882384716877985,0.22102780751034698,3.51431656413472e-27,7.321492841947334e-29,0.02480740199946789,36.5166267080103,ordinary,1102.0,10000.0,3.0,0.41044288900002357,0.44387136499994995,0.4109474594999938,0.42766169749995697,,,,,,,,,,,,,
ordinary_n200_p0.5_seed1103,random_gaussian_n200_m160_p0.5_seed1103,FB,converged,160,200,0.5,0.05,86.57787441063543,3418,8.959684105647051,9.889659485655108e-12,101,101,0.024114419345269422,0.0,0.035845285945781145,0.011151608751371313,True,0.28954152799997246,0.289086387999987,0.0004551399999854766,0,0,0,0,0,,,0.0,0.0,0.0,0.0,0.211831334680872,,,,,ordinary,1103.0,10000.0,3.0,0.28690983799992864,0.319122833000165,0.2879981129999578,0.304104610500076,,,,,,,,,,,,,
ordinary_n200_p0.5_seed1103,random_gaussian_n200_m160_p0.5_seed1103,4V-FB,converged,160,200,0.5,0.05,86.57787441063543,3418,8.959684105647051,9.889659485655108e-12,101,101,0.024114419345269422,0.0,0.035845285945781145,0.011151608751371313,True,0.3041378650000297,0.30365766499994606,0.0004843100000471168,12,11,1,0,1192,101.0,101.0,0.0028071390006516594,0.00019028999986403505,0.00325330900022891,0.01069682329830451,0.211831334680872,5.021724198188568e-27,1.046192541289285e-28,0.024114419345269422,36.388688063948145,ordinary,1103.0,10000.0,3.0,0.303626536000138,0.3044030850001036,0.30364210050004203,0.30403037500002483,,,,,,,,,,,,,
ordinary_n200_p0.5_seed1104,random_gaussian_n200_m160_p0.5_seed1104,FB,converged,160,200,0.5,0.05,83.20071664115382,4342,9.074816345944951,9.888711385050375e-12,109,109,0.024825953164407256,0.0,0.028619399171823625,0.00914410244130583,True,0.3703290959997503,0.3698256359998595,0.000501968999969904,0,0,0,0,0,,,0.0,0.0,0.0,0.0,0.22127578328272948,,,,,ordinary,1104.0,10000.0,3.0,0.369222986000068,0.3709495559999141,0.36952431099996375,0.3703875959998868,,,,,,,,,,,,,
ordinary_n200_p0.5_seed1104,random_gaussian_n200_m160_p0.5_seed1104,4V-FB,converged,160,200,0.5,0.05,83.20071664115382,4342,9.074816345944951,9.888711385050375e-12,109,109,0.024825953164407256,0.0,0.028619399171823625,0.00914410244130583,True,0.3899620929998946,0.389437222999959,0.0005248699999356177,12,11,1,0,1440,109.0,109.0,0.003095569000379328,0.00020917000051667856,0.0035568799999055045,0.009102958867714828,0.22127578328272948,6.634555306139246e-27,1.382199022112343e-28,0.024825953164407256,36.19993275875121,ordinary,1104.0,10000.0,3.0,0.3892886329999783,0.41998758900012945,0.38936292799996863,0.4047124060000442,,,,,,,,,,,,,
ordinary_n200_p0.5_seed1105,random_gaussian_n200_m160_p0.5_seed1105,FB,converged,160,200,0.5,0.05,100.37091071499684,6375,11.415023178224601,9.953792226552763e-12,114,114,0.024620502939776627,0.0,0.015455308565224939,0.004685583398004125,True,0.5365195610002047,0.5359984610001902,0.0005318400001215196,0,0,0,0,0,,,0.0,0.0,0.0,0.0,0.21853468161604234,,,,,ordinary,1105.0,10000.0,3.0,0.5353403920000801,0.5682467369999813,0.5356694265001352,0.5521225990000858,,,,,,,,,,,,,
ordinary_n200_p0.5_seed1105,random_gaussian_n200_m160_p0.5_seed1105,4V-FB,converged,160,200,0.5,0.05,100.37091071499684,6375,11.415023178224601,9.953792226552763e-12,114,114,0.024620502939776627,0.0,0.015455308565224939,0.004685583398004125,True,0.5655479170000035,0.5649970869999379,0.0005508300000656163,13,12,1,0,2704,114.0,114.0,0.003561438000360795,0.00021066999943286646,0.004056678000097236,0.007167425483487548,0.21853468161604234,1.7842111279477182e-27,3.717106516557746e-29,0.024620502939776627,36.866215177158914,ordinary,1105.0,10000.0,3.0,0.5646854970000277,0.5658362070000749,0.5648412919999828,0.5654166470000064,,,,,,,,,,,,,
ordinary_n200_p0.8_seed1101,random_gaussian_n200_m160_p0.8_seed1101,FB,converged,160,200,0.8,0.05,80.79322436700852,7172,9.962765005698671,9.914402101130027e-12,119,119,0.005580438531157142,0.0,0.01888360118452474,0.005446714125982379,True,0.6289502680001533,0.6283665580001525,0.0005837100000007922,0,0,0,0,0,,,0.0,0.0,0.0,0.0,0.22709522026163687,,,,,ordinary,1101.0,50000.0,3.0,0.6246542189999218,0.6538182740000593,0.6265103885000372,0.6410924160001059,,,,,,,,,,,,,
ordinary_n200_p0.8_seed1101,random_gaussian_n200_m160_p0.8_seed1101,4V-FB,converged,160,200,0.8,0.05,80.79322436700852,7172,9.962765005698671,9.914402101130027e-12,119,119,0.005580438531157142,0.0,0.01888360118452474,0.005446714125982379,True,0.6496942450000915,0.6490995950000524,0.0005946500000391097,13,12,1,0,2119,119.0,119.0,0.003979190000109156,0.0002442499999233405,0.004516579999744863,0.006961272927154808,0.22709522026163687,1.548968759729574e-17,3.2270182494366126e-19,0.005580438531157142,29.411900204374973,ordinary,1101.0,50000.0,3.0,0.6482192949999899,0.651076453999849,0.6486594450000212,0.6500880244999507,,,,,,,,,,,,,
ordinary_n200_p0.8_seed1102,random_gaussian_n200_m160_p0.8_seed1102,FB,converged,160,200,0.8,0.05,89.61955124492526,9504,11.333435536322993,9.969005310549435e-12,125,125,0.005455912925153494,0.0,0.011061250838300753,0.0034138442494500865,True,0.8231359989999874,0.8225254989999939,0.00061189000007289,0,0,0,0,0,,,0.0,0.0,0.0,0.0,0.22102780751034698,,,,,ordinary,1102.0,50000.0,3.0,0.8200520499999584,0.8291127789998427,0.8212887744999762,0.8258191389999183,,,,,,,,,,,,,
ordinary_n200_p0.8_seed1102,random_gaussian_n200_m160_p0.8_seed1102,4V-FB,converged,160,200,0.8,0.05,89.61955124492526,9504,11.333435536322993,9.969005310549435e-12,125,125,0.005455912925153494,0.0,0.011061250838300753,0.0034138442494500865,True,0.8585894939997161,0.8579647449998902,0.0006418100001610583,13,12,1,0,3754,125.0,125.0,0.004478490000110469,0.00024661000065862027,0.005027410000593591,0.005855429207703831,0.22102780751034698,1.0231317819833026e-17,2.131524545798547e-19,0.005455912925153494,29.67624270480789,ordinary,1102.0,50000.0,3.0,0.8560147350001444,0.8921699190000254,0.8569897400000173,0.8750673319999578,,,,,,,,,,,,,
ordinary_n200_p0.8_seed1103,random_gaussian_n200_m160_p0.8_seed1103,FB,converged,160,200,0.8,0.05,85.07331054078965,7208,9.5301527327496,9.908115080743055e-12,113,113,0.005266072527804785,0.0,0.024160508789294807,0.007633203752152422,True,0.6246376690000943,0.624097638999956,0.0005400300001383584,0,0,0,0,0,,,0.0,0.0,0.0,0.0,0.211831334680872,,,,,ordinary,1103.0,50000.0,3.0,0.6197131690000788,0.6251427889999377,0.6219054040000174,0.6246202139999468,,,,,,,,,,,,,
ordinary_n200_p0.8_seed1103,random_gaussian_n200_m160_p0.8_seed1103,4V-FB,converged,160,200,0.8,0.05,85.07331054078965,7208,9.5301527327496,9.908115080743055e-12,113,113,0.005266072527804785,0.0,0.024160508789294807,0.007633203752152422,True,0.6497880550000446,0.6492416250000588,0.0005592699999397155,12,11,1,0,1792,113.0,113.0,0.0033285100003013213,0.00022612000088884088,0.003835810000055062,0.005905310532701264,0.211831334680872,1.2599962804583475e-17,2.6249922509548907e-19,0.005266072527804785,29.624717962764834,ordinary,1103.0,50000.0,3.0,0.6471596450001016,0.6497121250001783,0.6482006350000802,0.6494768750001185,,,,,,,,,,,,,
ordinary_n200_p0.8_seed1104,random_gaussian_n200_m160_p0.8_seed1104,FB,converged,160,200,0.8,0.05,81.72373332947755,16441,9.742419225345746,9.98278849581979e-12,125,125,0.0054610133685532,0.0,0.006265386100315046,0.0018756535167738983,True,1.3851540380001097,1.3845312979999562,0.0006315499999800522,0,0,0,0,0,,,0.0,0.0,0.0,0.0,0.22127578328272948,,,,,ordinary,1104.0,50000.0,3.0,1.38035628800003,1.3889119160000973,1.382443792999993,1.3867216070000268,,,,,,,,,,,,,
ordinary_n200_p0.8_seed1104,random_gaussian_n200_m160_p0.8_seed1104,4V-FB,converged,160,200,0.8,0.05,81.72373332947755,16441,9.742419225345746,9.98278849581979e-12,125,125,0.0054610133685532,0.0,0.006265386100315046,0.0018756535167738983,True,1.438500558999749,1.4378647489998002,0.0006358099999488331,14,13,1,0,6624,125.0,125.0,0.0049093180000454595,0.0002493300000878662,0.005482527999674858,0.0037982306150229437,0.22127578328272948,1.4796182624449515e-17,3.0825380467603155e-19,0.0054610133685532,29.47434679357935,ordinary,1104.0,50000.0,3.0,1.4340707499998189,1.4535603570000148,1.4359677494998095,1.4457125529999075,,,,,,,,,,,,,
ordinary_n200_p0.8_seed1105,random_gaussian_n200_m160_p0.8_seed1105,FB,converged,160,200,0.8,0.05,98.85508413917138,9631,11.725444975170753,9.975091979517725e-12,121,121,0.005404580319208607,0.0,0.010702038230073383,0.003127403838604973,True,0.8288373989996671,0.8282417189998341,0.0006005799998547445,0,0,0,0,0,,,0.0,0.0,0.0,0.0,0.21853468161604234,,,,,ordinary,1105.0,50000.0,3.0,0.8229703990000417,0.8342894580000575,0.8256060589999379,0.8312655884999458,,,,,,,,,,,,,
ordinary_n200_p0.8_seed1105,random_gaussian_n200_m160_p0.8_seed1105,4V-FB,converged,160,200,0.8,0.05,98.85508413917138,9631,11.725444975170753,9.975091979517725e-12,121,121,0.005404580319208607,0.0,0.010702038230073383,0.003127403838604973,True,0.8693304930002341,0.8687271130002046,0.0005979499999284599,13,12,1,0,3922,121.0,121.0,0.00406137799973294,0.0002458990002196515,0.004617917999894416,0.005304896166374376,0.21853468161604234,6.911093296178339e-18,1.4398111033704873e-19,0.005404580319208607,29.905645590037913,ordinary,1105.0,50000.0,3.0,0.8625129639999614,0.8730371419999301,0.865620038500083,0.8708821275000673,,,,,,,,,,,,,
ordinary_n400_p0.3_seed1101,random_gaussian_n400_m320_p0.3_seed1101,FB,converged,320,400,0.3,0.05,163.94191385601346,2620,25.869923737332936,9.877088316172376e-12,190,190,0.042830202836561644,0.0,0.04044563284906008,0.013512468601306525,True,0.3066745749997608,0.3052861049998228,0.0013884699999380246,0,0,0,0,0,,,0.0,0.0,0.0,0.0,0.2190928352606302,,,,,ordinary,1101.0,10000.0,3.0,0.29984800600004746,0.32821957200008,0.3025670554999351,0.3167528384999514,,,,,,,,,,,,,
ordinary_n400_p0.3_seed1101,random_gaussian_n400_m320_p0.3_seed1101,4V-FB,converged,320,400,0.3,0.05,163.94191385601346,2620,25.869923737332936,9.877088316172376e-12,190,190,0.042830202836561644,0.0,0.04044563284906008,0.013512468601306525,True,0.3236860719998731,0.3222807519998696,0.0014160799998990115,12,11,1,0,1030,190.0,190.0,0.010642766000046322,0.00046304999978019623,0.011549176000471562,0.03581091175582217,0.2190928352606302,5.2528544969783334e-48,1.0943446868704861e-49,0.042830202836561644,56.64853534242016,ordinary,1101.0,10000.0,3.0,0.32108830299989677,0.3243874429999778,0.3216845274998832,0.3233340974999237,,,,,,,,,,,,,
ordinary_n400_p0.3_seed1102,random_gaussian_n400_m320_p0.3_seed1102,FB,converged,320,400,0.3,0.05,184.9248456253893,3440,21.802385907091335,9.908852543970569e-12,207,207,0.042799600075832105,0.0,0.027048443649042974,0.008656113352199778,True,0.4238197780000519,0.4221296580001308,0.001691390000132742,0,0,0,0,0,,,0.0,0.0,0.0,0.0,0.21882677565505285,,,,,ordinary,1102.0,10000.0,3.0,0.3998896319999403,0.43519842600017,0.41100964500003556,0.4286640420001504,,,,,,,,,,,,,
ordinary_n400_p0.3_seed1102,random_gaussian_n400_m320_p0.3_seed1102,4V-FB,converged,320,400,0.3,0.05,184.9248456253893,3440,21.802385907091335,9.908852543970569e-12,207,207,0.042799600075832105,0.0,0.027048443649042974,0.008656113352199778,True,0.5545941889999995,0.5085398159999386,0.03521761499996501,12,11,1,0,1534,207.0,207.0,0.01551402799987045,0.0005883500002710207,0.01668078799957584,0.031565685478998726,0.21882677565505285,1.189315595690253e-48,2.477740824354694e-50,0.042799600075832105,57.34718054455983,ordinary,1102.0,10000.0,3.0,0.49301225700014584,0.5252591729999949,0.5007760365000422,0.5168994944999667,,,,,,,,,,,,,
ordinary_n400_p0.3_seed1103,random_gaussian_n400_m320_p0.3_seed1103,FB,converged,320,400,0.3,0.05,193.0352413354909,3789,21.52999104673465,9.886524703348915e-12,203,203,0.042717506393024324,0.0,0.03852488238572547,0.012241335298263373,True,0.4604806730001201,0.45855453300009685,0.0017665499999566237,0,0,0,0,0,,,0.0,0.0,0.0,0.0,0.2181137129859333,,,,,ordinary,1103.0,10000.0,3.0,0.45816791299989745,0.4603630020001219,0.45836122299999715,0.4594587675001094,,,,,,,,,,,,,
ordinary_n400_p0.3_seed1103,random_gaussian_n400_m320_p0.3_seed1103,4V-FB,converged,320,400,0.3,0.05,193.0352413354909,3789,21.52999104673465,9.886524703348915e-12,203,203,0.042717506393024324,0.0,0.03852488238572547,0.012241335298263373,True,0.549793869000041,0.5323669619999691,0.019876557000088724,11,10,1,0,1012,203.0,203.0,0.01355676800017136,0.000543069999821455,0.014634327999829111,0.026617845023346413,0.2181137129859333,7.004663513605204e-49,1.459304898667751e-50,0.042717506393024324,57.59906699016477,ordinary,1103.0,10000.0,3.0,0.49081887900001675,0.5329414420000376,0.5115929204999929,0.5326542020000034,,,,,,,,,,,,,
ordinary_n400_p0.3_seed1104,random_gaussian_n400_m320_p0.3_seed1104,FB,converged,320,400,0.3,0.05,169.58190989207742,4470,20.146748707578283,9.911535156274918e-12,197,197,0.042338543199365475,0.0,0.023645666222898026,0.007516161610157567,True,0.4905108579998796,0.4890166479999607,0.001489339999807271,0,0,0,0,0,,,0.0,0.0,0.0,0.0,0.21483448771107289,,,,,ordinary,1104.0,10000.0,3.0,0.4883148380001785,0.4963345769999705,0.4886657430000696,0.4926756124999656,,,,,,,,,,,,,
ordinary_n400_p0.3_seed1104,random_gaussian_n400_m320_p0.3_seed1104,4V-FB,converged,320,400,0.3,0.05,169.58190989207742,4470,20.146748707578283,9.911535156274918e-12,197,197,0.042338543199365475,0.0,0.023645666222898026,0.007516161610157567,True,0.5220133740001529,0.5204994640000677,0.0015132890000586485,12,11,1,0,1788,197.0,197.0,0.011349128999881941,0.00045748000002276967,0.012240469000062149,0.02336004709275555,0.21483448771107289,3.461183359573818e-48,7.210798665778788e-50,0.042338543199365475,56.86445251014749,ordinary,1104.0,10000.0,3.0,0.5204059640000196,0.5512609390000307,0.5204527140000437,0.5358802015000492,,,,,,,,,,,,,
ordinary_n400_p0.3_seed1105,random_gaussian_n400_m320_p0.3_seed1105,FB,converged,320,400,0.3,0.05,157.48911182732297,3601,19.275551738124214,9.896373347232625e-12,197,197,0.04216363951269321,0.0,0.030265753167938808,0.009794430624419348,True,0.41746895800019956,0.41597908900007496,0.0014988100001573912,0,0,0,0,0,,,0.0,0.0,0.0,0.0,0.21332792461639027,,,,,ordinary,1105.0,10000.0,3.0,0.41366242000003695,0.4405608850001954,0.41482075450005595,0.4282699870001352,,,,,,,,,,,,,
ordinary_n400_p0.3_seed1105,random_gaussian_n400_m320_p0.3_seed1105,4V-FB,converged,320,400,0.3,0.05,157.48911182732297,3601,19.275551738124214,9.896373347232625e-12,197,197,0.04216363951269321,0.0,0.030265753167938808,0.009794430624419348,True,0.4439717959999143,0.4424487460000819,0.0015259100000548642,12,11,1,0,1412,197.0,197.0,0.011322979999931704,0.0005016199997953663,0.012285599999586339,0.027668711196802007,0.21332792461639027,8.619501117798503e-48,1.7957293995413546e-49,0.04216363951269321,56.44325727450272,ordinary,1105.0,10000.0,3.0,0.4412162660000831,0.44378479500005596,0.4418325060000825,0.4431167705000689,,,,,,,,,,,,,
ordinary_n400_p0.5_seed1101,random_gaussian_n400_m320_p0.5_seed1101,FB,converged,320,400,0.5,0.05,160.59751188055606,5200,23.242436450692885,9.913657847258957e-12,197,197,0.024662406831297785,0.0,0.019738916209985788,0.00646431660647863,True,0.580717593999907,0.5792309139999361,0.0015010800000254676,0,0,0,0,0,,,0.0,0.0,0.0,0.0,0.2190928352606302,,,,,ordinary,1101.0,10000.0,3.0,0.577080874999865,0.6051055809998616,0.5781558944999006,0.5921682474998988,,,,,,,,,,,,,
ordinary_n400_p0.5_seed1101,random_gaussian_n400_m320_p0.5_seed1101,4V-FB,converged,320,400,0.5,0.05,160.59751188055606,5200,23.242436450692885,9.913657847258957e-12,197,197,0.024662406831297785,0.0,0.019738916209985788,0.00646431660647863,True,0.6106248810001489,0.6091093110001111,0.0015250099997956568,13,12,1,0,2108,197.0,197.0,0.012351696999530759,0.0004504300002281525,0.013244058999816843,0.021687794605820692,0.2190928352606302,3.3227649819539374e-29,6.92242704573737e-31,0.024662406831297785,38.79733859462261,ordinary,1101.0,10000.0,3.0,0.608925089999957,0.6108271900000091,0.609017200500034,0.6099682505000601,,,,,,,,,,,,,
ordinary_n400_p0.5_seed1102,random_gaussian_n400_m320_p0.5_seed1102,FB,converged,320,400,0.5,0.05,181.60354296222152,6285,19.104222052524506,9.933723713333073e-12,221,221,0.024642436608805746,0.0,0.01773089696205745,0.005408334953459309,True,0.7637959479998244,0.7616406479999114,0.002077638999935516,0,0,0,0,0,,,0.0,0.0,0.0,0.0,0.21882677565505285,,,,,ordinary,1102.0,10000.0,3.0,0.7526914489999399,0.7645388579999235,0.7571660484999256,0.7630897529999174,,,,,,,,,,,,,
ordinary_n400_p0.5_seed1102,random_gaussian_n400_m320_p0.5_seed1102,4V-FB,converged,320,400,0.5,0.05,181.60354296222152,6285,19.104222052524506,9.933723713333073e-12,221,221,0.024642436608805746,0.0,0.01773089696205745,0.005408334953459309,True,0.9618740779999371,0.890543758999911,0.07657656899982612,13,12,1,0,2351,221.0,221.0,0.01961535900045419,0.0005518399996162771,0.020752798999865263,0.02081334579286804,0.21882677565505285,1.405403706793388e-29,2.927924389152892e-31,0.024642436608805746,39.22582986764218,ordinary,1102.0,10000.0,3.0,0.8095320410000113,0.8980798980001055,0.8500378999999612,0.8943118285000082,,,,,,,,,,,,,
ordinary_n400_p0.5_seed1103,random_gaussian_n400_m320_p0.5_seed1103,FB,converged,320,400,0.5,0.05,189.64361263226814,6294,19.30081857009621,9.942602024035104e-12,218,218,0.024588874734062943,0.0,0.01617750071905552,0.0047952376864764685,True,0.7327401219997682,0.7307394729998578,0.0020006489999104815,0,0,0,0,0,,,0.0,0.0,0.0,0.0,0.2181137129859333,,,,,ordinary,1103.0,10000.0,3.0,0.72281457400004,0.7310931120000532,0.7267770234999489,0.7309162924999555,,,,,,,,,,,,,
ordinary_n400_p0.5_seed1103,random_gaussian_n400_m320_p0.5_seed1103,4V-FB,converged,320,400,0.5,0.05,189.64361263226814,6294,19.30081857009621,9.942602024035104e-12,218,218,0.024588874734062943,0.0,0.01617750071905552,0.0047952376864764685,True,0.9288941830000113,0.8729509419999886,0.059111950999977125,13,12,1,0,2586,218.0,218.0,0.018810558000041055,0.0005121200001667603,0.019876668000733844,0.02148858359705651,0.2181137129859333,1.0377763650234056e-29,2.1620340937987615e-31,0.024588874734062943,39.380121063728936,ordinary,1103.0,10000.0,3.0,0.8621747830000004,0.892455148999943,0.8675628624999945,0.8827030454999658,,,,,,,,,,,,,
ordinary_n400_p0.5_seed1104,random_gaussian_n400_m320_p0.5_seed1104,FB,converged,320,400,0.5,0.05,166.23544833339022,5812,18.31784329484128,9.915322708501419e-12,211,211,0.02434179913031204,0.0,0.021619168535251074,0.006757719933177196,True,0.6993233079999754,0.6974430479999683,0.001802369999950315,0,0,0,0,0,,,0.0,0.0,0.0,0.0,0.21483448771107289,,,,,ordinary,1104.0,10000.0,3.0,0.6883557890000702,0.7120718650000981,0.6928994185000192,0.7047574565000332,,,,,,,,,,,,,
ordinary_n400_p0.5_seed1104,random_gaussian_n400_m320_p0.5_seed1104,4V-FB,converged,320,400,0.5,0.05,166.23544833339022,5812,18.31784329484128,9.915322708501419e-12,211,211,0.02434179913031204,0.0,0.021619168535251074,0.006757719933177196,True,0.8225368280000112,0.7840380239999831,0.0413551940000616,12,11,1,0,1803,211.0,211.0,0.016304427999557447,0.0005108699999709643,0.01735985799973605,0.020531659950573183,0.21483448771107289,2.609791665630525e-29,5.437065970063593e-31,0.02434179913031204,38.93994833939153,ordinary,1104.0,10000.0,3.0,0.749280360000057,0.8041613419998157,0.7666591920000201,0.7940996829998994,,,,,,,,,,,,,
ordinary_n400_p0.5_seed1105,random_gaussian_n400_m320_p0.5_seed1105,FB,converged,320,400,0.5,0.05,154.16942906214172,5710,17.889002898436235,9.949624855149812e-12,201,201,0.024227865057242344,0.0,0.017856426057226513,0.005824095757839005,True,0.6653423029999885,0.6636446530001194,0.0016976499998690997,0,0,0,0,0,,,0.0,0.0,0.0,0.0,0.21332792461639027,,,,,ordinary,1105.0,10000.0,3.0,0.6632184120001057,0.6873211290001109,0.6634315325001126,0.6754828910001152,,,,,,,,,,,,,
ordinary_n400_p0.5_seed1105,random_gaussian_n400_m320_p0.5_seed1105,4V-FB,converged,320,400,0.5,0.05,154.16942906214172,5710,17.889002898436235,9.949624855149812e-12,201,201,0.024227865057242344,0.0,0.017856426057226513,0.005824095757839005,True,0.7761181360001501,0.7648247780000474,0.011293358000102671,13,12,1,0,2399,201.0,201.0,0.01577271800010749,0.0005098299998280709,0.016816687000073216,0.021115473650680946,0.21332792461639027,4.4226590833097235e-29,9.21387309022859e-31,0.024227865057242344,38.686295453619934,ordinary,1105.0,10000.0,3.0,0.6955027270000755,0.7850346749999062,0.7301637525000615,0.7749297264999768,,,,,,,,,,,,,
ordinary_n400_p0.8_seed1101,random_gaussian_n400_m320_p0.8_seed1101,FB,converged,320,400,0.8,0.05,157.6224150900555,12091,20.678066243108553,9.979090424884054e-12,244,244,0.005416080952916516,0.0,0.007567494919153322,0.0022236807389964647,True,1.4671839040001942,1.4645906840000862,0.0025897200000599696,0,0,0,0,0,,,0.0,0.0,0.0,0.0,0.2190928352606302,,,,,ordinary,1101.0,50000.0,3.0,1.4525455259999944,1.4709609029998774,1.4585681050000403,1.4677757934999818,,,,,,,,,,,,,
ordinary_n400_p0.8_seed1101,random_gaussian_n400_m320_p0.8_seed1101,4V-FB,converged,320,400,0.8,0.05,157.6224150900555,12091,20.678066243108553,9.979090424884054e-12,244,244,0.005416080952916516,0.0,0.007567494919153322,0.0022236807389964647,True,1.7558341320002455,1.6451838080001835,0.11581347300011657,14,13,1,0,5530,244.0,244.0,0.026088815000775867,0.0006859000000076776,0.027472424999814393,0.015581303559962071,0.2190928352606302,5.346153112292301e-19,1.1137818983942293e-20,0.005416080952916516,31.216077234085233,ordinary,1101.0,50000.0,3.0,1.6394074690001617,1.6473525480000717,1.6422956385001726,1.6462681780001276,,,,,,,,,,,,,
ordinary_n400_p0.8_seed1102,random_gaussian_n400_m320_p0.8_seed1102,FB,converged,320,400,0.8,0.05,178.62122020367354,7628,19.455180203512764,9.941998219786275e-12,234,234,0.005410599462787564,0.0,0.01680828735201196,0.004866998392252744,True,0.9011878570001954,0.8988648070001091,0.0023377999998501764,0,0,0,0,0,,,0.0,0.0,0.0,0.0,0.21882677565505285,,,,,ordinary,1102.0,50000.0,3.0,0.8886886589998539,0.9048442970001815,0.8937767329999815,0.9018545520001453,,,,,,,,,,,,,
ordinary_n400_p0.8_seed1102,random_gaussian_n400_m320_p0.8_seed1102,4V-FB,converged,320,400,0.8,0.05,178.62122020367354,7628,19.455180203512764,9.941998219786275e-12,234,234,0.005410599462787564,0.0,0.01680828735201196,0.004866998392252744,True,1.1503898619998836,1.0506040559998837,0.10093029499989825,13,12,1,0,2488,234.0,234.0,0.022221085999717616,0.000604080000130125,0.02345086600007562,0.02035341236219623,0.21882677565505285,3.2417624552557976e-19,6.7536717817829114e-21,0.005410599462787564,31.48941156080285,ordinary,1102.0,50000.0,3.0,1.0394433970000136,1.0649469630000112,1.0450237264999487,1.0577755094999475,,,,,,,,,,,,,
ordinary_n400_p0.8_seed1103,random_gaussian_n400_m320_p0.8_seed1103,FB,converged,320,400,0.8,0.05,186.64753472150062,8016,20.226588608238345,9.971332563968105e-12,238,238,0.00539590311423445,0.0,0.012873829873722846,0.0037651005701491804,True,0.979566246000104,0.9771969060000174,0.002369979999912175,0,0,0,0,0,,,0.0,0.0,0.0,0.0,0.2181137129859333,,,,,ordinary,1103.0,50000.0,3.0,0.9667152179999903,0.97799738599997,0.9719560620000038,0.9775971459999937,,,,,,,,,,,,,
ordinary_n400_p0.8_seed1103,random_gaussian_n400_m320_p0.8_seed1103,4V-FB,converged,320,400,0.8,0.05,186.64753472150062,8016,20.226588608238345,9.971332563968105e-12,238,238,0.00539590311423445,0.0,0.012873829873722846,0.0037651005701491804,True,1.1965206840000064,1.0923715900000843,0.10414909399992212,13,12,1,0,3264,238.0,238.0,0.023249037999448774,0.0006536099997447309,0.024567457999637554,0.020065988019254858,0.2181137129859333,2.7190950776425494e-19,5.6647814117553115e-21,0.00539590311423445,31.589582529249324,ordinary,1103.0,50000.0,3.0,1.0408221370000774,1.1240917439999976,1.0665968635000809,1.108231667000041,,,,,,,,,,,,,
ordinary_n400_p0.8_seed1104,random_gaussian_n400_m320_p0.8_seed1104,FB,converged,320,400,0.8,0.05,163.2743854392164,10141,19.5482928605569,9.958799122188786e-12,234,234,0.005328214104971342,0.0,0.012896450428954641,0.0037913011260128577,True,1.1803825559998131,1.177992106999909,0.0023108000000320317,0,0,0,0,0,,,0.0,0.0,0.0,0.0,0.21483448771107289,,,,,ordinary,1104.0,50000.0,3.0,1.1645901489998778,1.195572613999957,1.1712911279998934,1.186782360499933,,,,,,,,,,,,,
ordinary_n400_p0.8_seed1104,random_gaussian_n400_m320_p0.8_seed1104,4V-FB,converged,320,400,0.8,0.05,163.2743854392164,10141,19.5482928605569,9.958799122188786e-12,234,234,0.005328214104971342,0.0,0.012896450428954641,0.0037913011260128577,True,1.4308958100000382,1.3313852750000024,0.09951053500003582,13,12,1,0,3265,234.0,234.0,0.022189877000528213,0.000592310000456564,0.02337977599927399,0.016236567606000438,0.21483448771107289,4.643453586040732e-19,9.673861637584859e-21,0.005328214104971342,31.32099151474189,ordinary,1104.0,50000.0,3.0,1.2286320589998923,1.3405487329998778,1.2800086669999473,1.33596700399994,,,,,,,,,,,,,
ordinary_n400_p0.8_seed1105,random_gaussian_n400_m320_p0.8_seed1105,FB,converged,320,400,0.8,0.05,151.181218549599,26767,17.807166111702255,9.988032312684287e-12,243,243,0.005297058358363723,0.0,0.0029426170272298484,0.0008945894264244304,True,3.168453924000005,3.1660817649999444,0.0023900090000097407,0,0,0,0,0,,,0.0,0.0,0.0,0.0,0.21332792461639027,,,,,ordinary,1105.0,50000.0,3.0,3.1570730060000187,3.1673742140001195,3.1615773854999816,3.166727989500032,,,,,,,,,,,,,
ordinary_n400_p0.8_seed1105,random_gaussian_n400_m320_p0.8_seed1105,4V-FB,converged,320,400,0.8,0.05,151.181218549599,26767,17.807166111702255,9.988032312684287e-12,243,243,0.005297058358363723,0.0,0.0029426170272298484,0.0008945894264244304,True,3.4902601559999766,3.3746464729999843,0.1156136829999923,15,14,1,0,14609,243.0,243.0,0.02834383400045226,0.0006981300000461488,0.029759474000229602,0.008520827306988076,0.21332792461639027,6.31716058737583e-19,1.3160751223699646e-20,0.005297058358363723,31.164078131179817,ordinary,1105.0,50000.0,3.0,3.36425803599991,3.3764906930000507,3.3694522544999472,3.3755685830000175,,,,,,,,,,,,,
schedule_ablation_powers_of_two,random_gaussian_n100_m80_p0.5_seed1101,4V-FB,converged,80,100,0.5,0.05,46.61347118308591,2466,5.27708456209272,9.855104430123325e-12,51,51,0.024720714094352007,0.0,0.044505063079326175,0.015805518878049592,True,0.20011406100002205,0.19988484100008463,0.00023901000008663686,11,10,1,0,925,51.0,51.0,0.000987820000091233,0.00011758000027839444,0.001294988999461566,0.0068698808383911856,0.219870268576497,7.658630381744491e-25,1.595547996196769e-26,0.024720714094352007,33.893357524686905,schedule_ablation,,,3.0,,,,,powers_of_two,,,,,,,,,,,,
schedule_ablation_every_eligible,random_gaussian_n100_m80_p0.5_seed1101,4V-FB,converged,80,100,0.5,0.05,46.61347118308591,2466,5.27708456209272,9.855104430123325e-12,51,51,0.024720714094352007,0.0,0.044505063079326175,0.015805518878049592,True,0.29991204599969024,0.2996769759997733,0.00023849999979574932,925,925,0,0,925,51.0,51.0,0.07170277899808752,0.009315790000982815,0.09513250700047138,0.31770055927406676,0.219870268576497,7.658630381744491e-25,1.595547996196769e-26,0.024720714094352007,33.893357524686905,schedule_ablation,,,3.0,,,,,every_eligible,,,,,,,,,,,,
exact_strict_n20_p0.3,exact_strict_n20_p0.3,FB,converged,20,20,0.3,0.1,2.0299003322259135,1,2.0299003322259135,0.0,20,20,0.3092532037787764,0.0,-0.010500000000000023,-0.03750000000000009,False,0.00022232999981497414,9.655999997448816e-05,0.00012576999984048598,0,0,0,0,0,,,0.0,0.0,0.0,0.0,3.1561461794019934,,,,,exact,,,,,,,,,strict,4.965068306494546e-16,2.0299003322259135,0.0,,,,,,,,
exact_strict_n20_p0.3,exact_strict_n20_p0.3,4V-FB,converged,20,20,0.3,0.1,2.0299003322259135,38,1.9635112010491282,4.790904047749073e-12,19,19,0.3092532037787764,0.0,0.14932432023868222,0.5333011437095794,True,0.0038059099999827595,0.003638570000020991,0.00016733999996176863,6,5,1,1,16,19.166666666666668,20.0,0.0003105499997673178,5.945000020801672e-05,0.00047470999993493024,0.12472969669200812,3.1561461794019934,3.6094160501614086e-19,7.519616771169602e-21,0.3092532037787764,22.470022176837,exact,,,,,,,,,strict,1.419113467331191,2.0299003322259135,-0.06638913117678524,,,,,,,,
exact_strict_n20_p0.5,exact_strict_n20_p0.5,FB,converged,20,20,0.5,0.1,2.111111111111111,1,2.111111111111111,0.0,20,20,0.2814042998265344,0.0,-0.012500000000000011,-0.06250000000000007,False,0.0002368499997373874,0.00010439999982736481,0.0001324499999100226,0,0,0,0,0,,,0.0,0.0,0.0,0.0,4.222222222222222,,,,,exact,,,,,,,,,strict,4.965068306494546e-16,2.111111111111111,0.0,,,,,,,,
exact_strict_n20_p0.5,exact_strict_n20_p0.5,4V-FB,converged,20,20,0.5,0.1,2.111111111111111,38,2.065011551463048,3.567356936167399e-12,19,19,0.2814042998265344,0.0,0.11003888387539197,0.55019441937696,True,0.0043865589998404175,0.004219708999926297,0.00016684999991412042,6,5,1,1,16,19.166666666666668,20.0,0.0002117600001838582,5.399999963628943e-05,0.0003637499999058491,0.08292376779135589,4.222222222222222,2.4971540725324565e-12,5.202404317775951e-14,0.2814042998265344,15.81098407358339,exact,,,,,,,,,strict,1.428069641118275,2.111111111111111,-0.04609955964806334,,,,,,,,
exact_strict_n20_p0.8,exact_strict_n20_p0.8,FB,converged,20,20,0.8,0.1,2.666666666666667,1,2.666666666666667,1.4279577729502957e-16,20,20,0.23097428992562205,0.0,-0.007999999999999997,-0.09999999999999995,False,0.00023499999997511622,0.00010386999997535895,0.00013112999999975727,0,0,0,0,0,,,0.0,0.0,0.0,0.0,9.895833333333337,,,,,exact,,,,,,,,,strict,4.965068306494546e-16,2.666666666666667,0.0,,,,,,,,
exact_strict_n20_p0.8,exact_strict_n20_p0.8,4V-FB,converged,20,20,0.8,0.1,2.666666666666667,40,2.6487152535322664,3.2675841011559385e-12,19,19,0.23097428992562205,0.0,0.04524758524969302,0.5655948156211626,True,0.004608318999999028,0.004446759000074962,0.00016155999992406578,6,5,1,1,16,19.166666666666668,20.0,0.00020211000014569436,5.68000002658664e-05,0.0003567500002645829,0.07741434572230312,9.895833333333337,4.07628920933142e-09,8.492269186107126e-11,0.23097428992562205,13.042690417786277,exact,,,,,,,,,strict,1.451586055032074,2.666666666666667,-0.017951413134400518,,,,,,,,
exact_strict_n50_p0.3,exact_strict_n50_p0.3,FB,converged,50,50,0.3,0.1,5.074750830564784,1,5.074750830564784,0.0,50,50,0.3092532037787764,0.0,-0.010500000000000023,-0.03750000000000009,False,0.000251500000103988,8.834999994178361e-05,0.00016315000016220438,0,0,0,0,0,,,0.0,0.0,0.0,0.0,3.1561461794019934,,,,,exact,,,,,,,,,strict,7.850462293418876e-16,5.074750830564784,0.0,,,,,,,,
exact_strict_n50_p0.3,exact_strict_n50_p0.3,4V-FB,converged,50,50,0.3,0.1,5.074750830564784,38,5.008361699388,4.790904047749073e-12,49,49,0.3092532037787764,0.0,0.14932432023868222,0.5333011437095794,True,0.003910549000011088,0.003736938999963968,0.00017361000004711968,6,5,1,1,16,49.166666666666664,50.0,0.0004384399999253219,6.271000006563554e-05,0.0006152099997507321,0.15732062166948624,3.1561461794019934,1.7848908680136098e-24,3.71852264169502e-26,0.3092532037787764,28.17378746312857,exact,,,,,,,,,strict,1.419113467331191,5.074750830564784,-0.06638913117678413,,,,,,,,
exact_strict_n50_p0.5,exact_strict_n50_p0.5,FB,converged,50,50,0.5,0.1,5.277777777777778,1,5.277777777777778,0.0,50,50,0.2814042998265344,0.0,-0.012500000000000011,-0.06250000000000007,False,0.00026669999988371274,0.00010438000003887282,0.0001623199998448399,0,0,0,0,0,,,0.0,0.0,0.0,0.0,4.222222222222222,,,,,exact,,,,,,,,,strict,7.850462293418876e-16,5.277777777777778,0.0,,,,,,,,
exact_strict_n50_p0.5,exact_strict_n50_p0.5,4V-FB,converged,50,50,0.5,0.1,5.277777777777778,38,5.231678218129714,3.567356936167399e-12,49,49,0.2814042998265344,0.0,0.11003888387539197,0.55019441937696,True,0.0045719990000634425,0.004380109000067023,0.00019188999999641965,6,5,1,1,16,49.166666666666664,50.0,0.0003870700002153171,5.736999992222991e-05,0.0005460699999275676,0.11943790887093153,4.222222222222222,1.6426176302987705e-15,3.422120063122439e-17,0.2814042998265344,19.390832941255965,exact,,,,,,,,,strict,1.428069641118275,5.277777777777778,-0.04609955964806378,,,,,,,,
exact_strict_n50_p0.8,exact_strict_n50_p0.8,FB,converged,50,50,0.8,0.1,6.666666666666667,1,6.666666666666668,2.3318452786461733e-16,50,50,0.23097428992562205,0.0,-0.007999999999999997,-0.09999999999999995,False,0.00028239999983270536,0.0001183399999717949,0.00016405999986091047,0,0,0,0,0,,,0.0,0.0,0.0,0.0,9.895833333333337,,,,,exact,,,,,,,,,strict,7.850462293418876e-16,6.666666666666667,8.881784197001252e-16,,,,,,,,
exact_strict_n50_p0.8,exact_strict_n50_p0.8,4V-FB,converged,50,50,0.8,0.1,6.666666666666667,40,6.648715253532268,3.2675841063561698e-12,49,49,0.23097428992562205,0.0,0.04524758524969302,0.5655948156211626,True,0.004819938999844453,0.004627438999932565,0.00019249999991188815,6,5,1,1,16,49.166666666666664,50.0,0.00038009900003999064,6.046999988029711e-05,0.0005421190003289666,0.11247424507788618,9.895833333333337,4.243780639042561e-11,8.841209664672001e-13,0.23097428992562205,15.42314248858413,exact,,,,,,,,,strict,1.451586055032074,6.666666666666667,-0.01795141313439874,,,,,,,,
exact_quartic_n20_p0.3,exact_quartic_n20_p0.3,FB,converged,20,20,0.3,0.1,2.0299003322259135,1,2.0299003322259135,0.0,20,20,0.3092532037787764,0.0,0.0,0.0,False,0.0001874399999906018,8.084000000962988e-05,0.00010659999998097192,0,0,0,0,0,,,0.0,0.0,0.0,0.0,3.1561461794019934,,,,,exact,,,,,,,,,quartic,4.965068306494546e-16,2.0299003322259135,0.0,,,,,,,,
exact_quartic_n20_p0.3,exact_quartic_n20_p0.3,4V-FB,converged,20,20,0.3,0.1,2.0299003322259135,37,1.973724570930954,2.8303747649709675e-12,19,19,0.3092532037787764,0.0,0.15418504719435572,0.5506608828369848,True,0.0033999089996541443,0.0032669999998233834,0.00013290899983076088,6,5,1,1,16,19.166666666666668,20.0,0.00019237000014982186,5.583000006481598e-05,0.00034381000000394124,0.1011232947819825,3.1561461794019934,3.6094160501614086e-19,7.519616771169602e-21,0.3092532037787764,22.470022176837,exact,,,,,,,,,quartic,1.3715321824940596,2.0299003322259135,-0.05617576129495938,,,,,,,,
exact_quartic_n20_p0.5,exact_quartic_n20_p0.5,FB,converged,20,20,0.5,0.1,2.111111111111111,1,2.111111111111111,0.0,20,20,0.2814042998265344,0.0,-2.0816681711721685e-17,-1.0408340855860845e-16,False,0.00022468999986813287,9.99199999114353e-05,0.00012476999995669757,0,0,0,0,0,,,0.0,0.0,0.0,0.0,4.222222222222222,,,,,exact,,,,,,,,,quartic,4.965068306494546e-16,2.111111111111111,0.0,,,,,,,,
exact_quartic_n20_p0.5,exact_quartic_n20_p0.5,4V-FB,converged,20,20,0.5,0.1,2.111111111111111,37,2.0770700887391613,4.1931721253113685e-12,19,19,0.2814042998265344,0.0,0.11553371466234529,0.5776685733117266,True,0.004129460000058316,0.003976920000013706,0.00015254000004460977,6,5,1,1,15,19.166666666666668,20.0,0.00018800000020746666,5.144000010659511e-05,0.00033290999976998137,0.08061828901727587,4.222222222222222,2.4971540725324565e-12,5.202404317775951e-14,0.2814042998265344,15.81098407358339,exact,,,,,,,,,quartic,1.352487749778311,2.111111111111111,-0.034041022371949836,,,,,,,,
exact_quartic_n20_p0.8,exact_quartic_n20_p0.8,FB,converged,20,20,0.8,0.1,2.666666666666667,1,2.666666666666667,1.4279577729502957e-16,20,20,0.23097428992562205,0.0,-1.3877787807814457e-17,-1.734723475976807e-16,False,0.0002315299998372211,0.00010344999986955372,0.0001280799999676674,0,0,0,0,0,,,0.0,0.0,0.0,0.0,9.895833333333337,,,,,exact,,,,,,,,,quartic,4.965068306494546e-16,2.666666666666667,0.0,,,,,,,,
exact_quartic_n20_p0.8,exact_quartic_n20_p0.8,4V-FB,converged,20,20,0.8,0.1,2.666666666666667,52,2.6564508562627154,3.1725583595880038e-12,19,19,0.23097428992562205,0.0,0.048519355601165534,0.606491945014569,True,0.005963800000017727,0.0058117300000049,0.00015207000001282722,6,5,1,1,15,19.166666666666668,20.0,0.00019787000019277912,5.7370000149603584e-05,0.00035406000051807496,0.0593681881547038,9.895833333333337,4.07628920933142e-09,8.492269186107126e-11,0.23097428992562205,13.042690417786277,exact,,,,,,,,,quartic,1.3349128574734062,2.666666666666667,-0.010215810403951586,,,,,,,,
exact_quartic_n50_p0.3,exact_quartic_n50_p0.3,FB,converged,50,50,0.3,0.1,5.074750830564784,1,5.074750830564784,0.0,50,50,0.3092532037787764,0.0,0.0,0.0,False,0.000242350000235092,8.497000021634449e-05,0.00015738000001874752,0,0,0,0,0,,,0.0,0.0,0.0,0.0,3.1561461794019934,,,,,exact,,,,,,,,,quartic,7.850462293418876e-16,5.074750830564784,0.0,,,,,,,,
exact_quartic_n50_p0.3,exact_quartic_n50_p0.3,4V-FB,converged,50,50,0.3,0.1,5.074750830564784,37,5.018575069269825,2.8303747649709675e-12,49,49,0.3092532037787764,0.0,0.15418504719435572,0.5506608828369848,True,0.0037453899999491114,0.0035719899999548943,0.00017339999999421707,6,5,1,1,16,49.166666666666664,50.0,0.0003844299999400391,6.0880000091856346e-05,0.0005478699997638614,0.14627849163139361,3.1561461794019934,1.7848908680136098e-24,3.71852264169502e-26,0.3092532037787764,28.17378746312857,exact,,,,,,,,,quartic,1.3715321824940596,5.074750830564784,-0.05617576129495916,,,,,,,,
exact_quartic_n50_p0.5,exact_quartic_n50_p0.5,FB,converged,50,50,0.5,0.1,5.277777777777778,1,5.277777777777778,0.0,50,50,0.2814042998265344,0.0,-2.0816681711721685e-17,-1.0408340855860845e-16,False,0.0002641690000473318,0.00010296999994352518,0.0001611990001038066,0,0,0,0,0,,,0.0,0.0,0.0,0.0,4.222222222222222,,,,,exact,,,,,,,,,quartic,7.850462293418876e-16,5.277777777777778,0.0,,,,,,,,
exact_quartic_n50_p0.5,exact_quartic_n50_p0.5,4V-FB,converged,50,50,0.5,0.1,5.277777777777778,37,5.243736755405828,4.1931721253113685e-12,49,49,0.2814042998265344,0.0,0.11553371466234529,0.5776685733117266,True,0.004475759999877482,0.004275209999832441,0.0002005500000450411,6,5,1,1,15,49.166666666666664,50.0,0.0003776699995796662,5.691000001206703e-05,0.0005401500000061787,0.12068341466498754,4.222222222222222,1.6426176302987705e-15,3.422120063122439e-17,0.2814042998265344,19.390832941255965,exact,,,,,,,,,quartic,1.352487749778311,5.277777777777778,-0.034041022371949836,,,,,,,,
exact_quartic_n50_p0.8,exact_quartic_n50_p0.8,FB,converged,50,50,0.8,0.1,6.666666666666667,1,6.666666666666668,2.3318452786461733e-16,50,50,0.23097428992562205,0.0,-1.3877787807814457e-17,-1.734723475976807e-16,False,0.0002803399997901579,0.00010345999999117339,0.0001768799997989845,0,0,0,0,0,,,0.0,0.0,0.0,0.0,9.895833333333337,,,,,exact,,,,,,,,,quartic,7.850462293418876e-16,6.666666666666667,8.881784197001252e-16,,,,,,,,
exact_quartic_n50_p0.8,exact_quartic_n50_p0.8,4V-FB,converged,50,50,0.8,0.1,6.666666666666667,52,6.656450856262715,3.172558364943995e-12,49,49,0.23097428992562205,0.0,0.048519355601165534,0.606491945014569,True,0.006311949000291861,0.0061208290001104615,0.00019112000018139952,6,5,1,1,15,49.166666666666664,50.0,0.0003911300000254414,6.188000020301843e-05,0.0005562400001508649,0.08812491991382451,9.895833333333337,4.243780639042561e-11,8.841209664672001e-13,0.23097428992562205,15.42314248858413,exact,,,,,,,,,quartic,1.3349128574734062,6.666666666666667,-0.010215810403951586,,,,,,,,
perturbed_strict_n20_p0.5_eps1e-03_seed3101,exact_strict_n20_p0.5,FB,converged,20,20,0.5,0.1,2.1111112110205226,207,2.065011551463048,3.5172917210358815e-12,19,19,0.2814042998265344,0.0,0.11003888387539482,0.5501944193769742,True,0.019514747000130228,0.019346957000152543,0.0001677899999776855,0,0,0,0,0,,,0.0,0.0,0.0,0.0,4.222222222222222,,,,,perturbed_saddle,3101.0,,,,,,,,strict,1.4280696411185878,2.111111111111111,-0.04609955964806334,0.001,0.000999999999999974,True,,,,,
perturbed_strict_n20_p0.5_eps1e-03_seed3101,exact_strict_n20_p0.5,DIRL1,converged,20,20,0.5,0.1,2.1111112110205226,1368,2.065011551463047,2.4901008837531957e-15,19,20,0.2814042998265344,3.7868516723754573e-45,0.11003888387559405,0.5501944193779701,True,0.03644946400004301,0.017522579000342375,0.018926884999700633,0,0,0,0,0,,,0.0,0.0,0.0,0.0,4.222222222222222,,,,,perturbed_saddle,3101.0,,,,,,,,strict,1.4280696411405713,2.111111111111111,-0.046099559648064226,0.001,0.000999999999999974,True,,,,,
perturbed_strict_n20_p0.5_eps1e-03_seed3101,exact_strict_n20_p0.5,DIRL2,converged,20,20,0.5,0.1,2.1111112110205226,1400,2.0650115514630745,1.1237332632945423e-12,19,20,0.2814042998265344,7.046613716782137e-26,0.11003888387553037,0.5501944193776518,True,0.02054095700009384,0.019039566999708768,0.0015013900003850722,0,0,0,0,0,,,0.0,0.0,0.0,0.0,4.222222222222222,,,,,perturbed_saddle,3101.0,,,,,,,,strict,1.4280696411335458,2.111111111111111,-0.04609955964803669,0.001,0.000999999999999974,True,,,,,
perturbed_strict_n20_p0.5_eps1e-03_seed3101,exact_strict_n20_p0.5,4V-FB,converged,20,20,0.5,0.1,2.1111112110205226,207,2.065011551463048,3.5172917210358815e-12,19,19,0.2814042998265344,0.0,0.11003888387539482,0.5501944193769742,True,0.02100228699987383,0.020830446999980268,0.0001718399998935638,5,4,1,0,15,19.0,19.0,0.00021728999990955344,4.5509999836212955e-05,0.0003470999999990454,0.0165267715845008,4.222222222222222,2.4971532463223202e-12,5.202402596504834e-14,0.2814042998265344,15.810984237827597,perturbed_saddle,3101.0,,,,,,,,strict,1.4280696411185878,2.111111111111111,-0.04609955964806334,0.001,0.000999999999999974,True,,,,,
perturbed_strict_n20_p0.5_eps1e-03_seed3102,exact_strict_n20_p0.5,FB,converged,20,20,0.5,0.1,2.111111208877594,179,2.065011551463048,3.5544199162909773e-12,19,19,0.2814042998265344,0.0,0.1100388838753927,0.5501944193769637,True,0.016761337000161802,0.016615187000070364,0.00014615000009143841,0,0,0,0,0,,,0.0,0.0,0.0,0.0,4.222222222222222,,,,,perturbed_saddle,3102.0,,,,,,,,strict,1.4280696411183558,2.111111111111111,-0.04609955964806334,0.001,0.0010000000000000295,True,,,,,
perturbed_strict_n20_p0.5_eps1e-03_seed3102,exact_strict_n20_p0.5,DIRL1,converged,20,20,0.5,0.1,2.111111208877594,1368,2.065011551463047,2.4901008837531957e-15,19,20,0.2814042998265344,3.9484768509857897e-59,0.11003888387559405,0.5501944193779701,True,0.04992256300010922,0.018312537998554035,0.031610025001555186,0,0,0,0,0,,,0.0,0.0,0.0,0.0,4.222222222222222,,,,,perturbed_saddle,3102.0,,,,,,,,strict,1.4280696411405713,2.111111111111111,-0.046099559648064226,0.001,0.0010000000000000295,True,,,,,
perturbed_strict_n20_p0.5_eps1e-03_seed3102,exact_strict_n20_p0.5,DIRL2,converged,20,20,0.5,0.1,2.111111208877594,1248,2.0650115514630496,1.1307275177174808e-13,19,20,0.2814042998265344,3.242508487913709e-28,0.11003888387558762,0.5501944193779381,True,0.018545196999866675,0.017145209000318573,0.0013999879995481024,0,0,0,0,0,,,0.0,0.0,0.0,0.0,4.222222222222222,,,,,perturbed_saddle,3102.0,,,,,,,,strict,1.428069641139862,2.111111111111111,-0.04609955964806156,0.001,0.0010000000000000295,True,,,,,
perturbed_strict_n20_p0.5_eps1e-03_seed3102,exact_strict_n20_p0.5,4V-FB,converged,20,20,0.5,0.1,2.111111208877594,179,2.065011551463048,3.5544199162909773e-12,19,19,0.2814042998265344,0.0,0.1100388838753927,0.5501944193769637,True,0.017856687999938003,0.0176874180001505,0.00016926999978750246,5,4,1,0,15,19.0,19.0,0.00017456999989917676,4.553999974632461e-05,0.0003105999996932951,0.01739404304394933,4.222222222222222,2.4971532640434612e-12,5.202402633423878e-14,0.2814042998265344,15.81098423430477,perturbed_saddle,3102.0,,,,,,,,strict,1.4280696411183558,2.111111111111111,-0.04609955964806334,0.001,0.0010000000000000295,True,,,,,
perturbed_strict_n20_p0.5_eps1e-03_seed3103,exact_strict_n20_p0.5,FB,converged,20,20,0.5,0.1,2.1111111945814014,162,2.065011551463048,3.4681731171148337e-12,19,19,0.2814042998265344,0.0,0.11003888387539759,0.5501944193769881,True,0.015084538000110115,0.01494486800015693,0.00013966999995318474,0,0,0,0,0,,,0.0,0.0,0.0,0.0,4.222222222222222,,,,,perturbed_saddle,3103.0,,,,,,,,strict,1.4280696411188953,2.111111111111111,-0.04609955964806334,0.001,0.0010000000000000434,True,,,,,
perturbed_strict_n20_p0.5_eps1e-03_seed3103,exact_strict_n20_p0.5,DIRL1,converged,20,20,0.5,0.1,2.1111111945814014,1368,2.065011551463047,2.4901008837531957e-15,19,20,0.2814042998265344,6.675515160353008e-68,0.11003888387559405,0.5501944193779701,True,0.049899792999895,0.017869646000008288,0.03203014699988671,0,0,0,0,0,,,0.0,0.0,0.0,0.0,4.222222222222222,,,,,perturbed_saddle,3103.0,,,,,,,,strict,1.4280696411405713,2.111111111111111,-0.046099559648064226,0.001,0.0010000000000000434,True,,,,,
perturbed_strict_n20_p0.5_eps1e-03_seed3103,exact_strict_n20_p0.5,DIRL2,converged,20,20,0.5,0.1,2.1111111945814014,1100,2.0650115514631646,3.987336889690997e-12,19,20,0.2814042998265344,1.3724776317912127e-24,0.11003888387536818,0.5501944193768409,True,0.01637264700002561,0.015177637000078903,0.0011950099999467056,0,0,0,0,0,,,0.0,0.0,0.0,0.0,4.222222222222222,,,,,perturbed_saddle,3103.0,,,,,,,,strict,1.4280696411156508,2.111111111111111,-0.04609955964794654,0.001,0.0010000000000000434,True,,,,,
perturbed_strict_n20_p0.5_eps1e-03_seed3103,exact_strict_n20_p0.5,4V-FB,converged,20,20,0.5,0.1,2.1111111945814014,162,2.065011551463048,3.4681731171148337e-12,19,19,0.2814042998265344,0.0,0.11003888387539759,0.5501944193769881,True,0.016222738000124082,0.016067408000026262,0.00015533000009781972,5,4,1,0,15,19.0,19.0,0.00017225999999936903,4.478000005292415e-05,0.0002983400001994596,0.0183902372211878,4.222222222222222,2.4971533822671335e-12,5.2024028797231946e-14,0.2814042998265344,15.810984210802811,perturbed_saddle,3103.0,,,,,,,,strict,1.4280696411188953,2.111111111111111,-0.04609955964806334,0.001,0.0010000000000000434,True,,,,,
perturbed_strict_n20_p0.5_eps1e-03_seed3104,exact_strict_n20_p0.5,FB,converged,20,20,0.5,0.1,2.1111111984572473,164,2.065011551463048,3.5310701730993873e-12,19,19,0.2814042998265344,0.0,0.11003888387539403,0.5501944193769702,True,0.015475607999860586,0.015333037999880617,0.000142569999979969,0,0,0,0,0,,,0.0,0.0,0.0,0.0,4.222222222222222,,,,,perturbed_saddle,3104.0,,,,,,,,strict,1.4280696411185019,2.111111111111111,-0.04609955964806334,0.001,0.0009999999999999256,True,,,,,
perturbed_strict_n20_p0.5_eps1e-03_seed3104,exact_strict_n20_p0.5,DIRL1,converged,20,20,0.5,0.1,2.1111111984572473,1368,2.065011551463047,2.4901008837531957e-15,19,20,0.2814042998265344,9.908978898405523e-67,0.11003888387559405,0.5501944193779701,True,0.049798562999967544,0.01781484700063629,0.03198371599933125,0,0,0,0,0,,,0.0,0.0,0.0,0.0,4.222222222222222,,,,,perturbed_saddle,3104.0,,,,,,,,strict,1.4280696411405713,2.111111111111111,-0.046099559648064226,0.001,0.0009999999999999256,True,,,,,
perturbed_strict_n20_p0.5_eps1e-03_seed3104,exact_strict_n20_p0.5,DIRL2,converged,20,20,0.5,0.1,2.1111111984572473,1153,2.0650115514630496,1.0465649433963185e-13,19,20,0.2814042998265344,2.7033102863314115e-28,0.11003888387558809,0.5501944193779404,True,0.017119817999855513,0.015821377999373,0.0012984400004825147,0,0,0,0,0,,,0.0,0.0,0.0,0.0,4.222222222222222,,,,,perturbed_saddle,3104.0,,,,,,,,strict,1.4280696411399145,2.111111111111111,-0.04609955964806156,0.001,0.0009999999999999256,True,,,,,
perturbed_strict_n20_p0.5_eps1e-03_seed3104,exact_strict_n20_p0.5,4V-FB,converged,20,20,0.5,0.1,2.1111111984572473,164,2.065011551463048,3.5310701730993873e-12,19,19,0.2814042998265344,0.0,0.11003888387539403,0.5501944193769702,True,0.016413606999776675,0.01625922699986404,0.00015437999991263496,5,4,1,0,15,19.0,19.0,0.00016825000011522206,4.469999976208783e-05,0.00029376999964370043,0.01789795501060172,4.222222222222222,2.4971533502154717e-12,5.2024028129488996e-14,0.2814042998265344,15.810984217174436,perturbed_saddle,3104.0,,,,,,,,strict,1.4280696411185019,2.111111111111111,-0.04609955964806334,0.001,0.0009999999999999256,True,,,,,
perturbed_strict_n20_p0.5_eps1e-03_seed3105,exact_strict_n20_p0.5,FB,converged,20,20,0.5,0.1,2.1111112111115493,272,2.065011551463048,3.596491525645194e-12,19,19,0.2814042998265344,0.0,0.11003888387539032,0.5501944193769517,True,0.025204016000088814,0.025065265999955955,0.00013875000013285899,0,0,0,0,0,,,0.0,0.0,0.0,0.0,4.222222222222222,,,,,perturbed_saddle,3105.0,,,,,,,,strict,1.4280696411180924,2.111111111111111,-0.04609955964806334,0.001,0.0010000000000000482,True,,,,,
perturbed_strict_n20_p0.5_eps1e-03_seed3105,exact_strict_n20_p0.5,DIRL1,converged,20,20,0.5,0.1,2.1111112111115493,1500,2.0650115514631175,8.0430510592561e-13,19,20,0.2814042998265344,4.848927789168055e-25,0.11003888387554847,0.5501944193777423,True,0.019763837000027706,0.018190066999750343,0.0015737700002773636,0,0,0,0,0,,,0.0,0.0,0.0,0.0,4.222222222222222,,,,,perturbed_saddle,3105.0,,,,,,,,strict,1.4280696411355416,2.111111111111111,-0.046099559647993615,0.001,0.0010000000000000482,True,,,,,
perturbed_strict_n20_p0.5_eps1e-03_seed3105,exact_strict_n20_p0.5,DIRL2,converged,20,20,0.5,0.1,2.1111112111115493,1800,2.0650115514631815,4.4688464686836116e-12,19,20,0.2814042998265344,1.7930721924404495e-24,0.11003888387534091,0.5501944193767045,True,0.025666646999980003,0.02381543699948452,0.0018512100004954846,0,0,0,0,0,,,0.0,0.0,0.0,0.0,4.222222222222222,,,,,perturbed_saddle,3105.0,,,,,,,,strict,1.4280696411126415,2.111111111111111,-0.04609955964792967,0.001,0.0010000000000000482,True,,,,,
perturbed_strict_n20_p0.5_eps1e-03_seed3105,exact_strict_n20_p0.5,4V-FB,converged,20,20,0.5,0.1,2.1111112111115493,41,2.065011551463048,3.567356936167399e-12,19,19,0.2814042998265344,0.0,0.11003888387539197,0.55019441937696,True,0.004520439999851078,0.004368350000049759,0.0001520899998013192,6,5,1,1,16,19.166666666666668,20.0,0.00020998000036343,5.407000003287976e-05,0.0003618200000801153,0.08004088099654794,4.222222222222222,2.4971532455695645e-12,5.2024025949365924e-14,0.2814042998265344,15.81098423797724,perturbed_saddle,3105.0,,,,,,,,strict,1.428069641118275,2.111111111111111,-0.04609955964806334,0.001,0.0010000000000000482,True,,,,,
perturbed_strict_n20_p0.5_eps1e-05_seed3101,exact_strict_n20_p0.5,FB,converged,20,20,0.5,0.1,2.111111111121102,287,2.065011551463048,3.5777696594825677e-12,19,19,0.2814042998265344,0.0,0.11003888387539139,0.550194419376957,True,0.026577875999919343,0.026438875999929223,0.00013899999999011925,0,0,0,0,0,,,0.0,0.0,0.0,0.0,4.222222222222222,,,,,perturbed_saddle,3101.0,,,,,,,,strict,1.4280696411182108,2.111111111111111,-0.04609955964806334,1e-05,9.999999999856485e-06,True,,,,,
perturbed_strict_n20_p0.5_eps1e-05_seed3101,exact_strict_n20_p0.5,DIRL1,converged,20,20,0.5,0.1,2.111111111121102,1598,2.0650115514630545,9.498609231181355e-14,19,20,0.2814042998265344,4.720473720670919e-27,0.11003888387558865,0.5501944193779432,True,0.021024686999908226,0.019354497999529485,0.0016701890003787412,0,0,0,0,0,,,0.0,0.0,0.0,0.0,4.222222222222222,,,,,perturbed_saddle,3101.0,,,,,,,,strict,1.4280696411399751,2.111111111111111,-0.046099559648056676,1e-05,9.999999999856485e-06,True,,,,,
perturbed_strict_n20_p0.5_eps1e-05_seed3101,exact_strict_n20_p0.5,DIRL2,converged,20,20,0.5,0.1,2.111111111121102,1900,2.0650115514631193,2.6129628209006353e-12,19,20,0.2814042998265344,5.095044603954174e-25,0.11003888387544604,0.5501944193772301,True,0.02711312600013116,0.025175167000725196,0.0019379589994059643,0,0,0,0,0,,,0.0,0.0,0.0,0.0,4.222222222222222,,,,,perturbed_saddle,3101.0,,,,,,,,strict,1.4280696411242397,2.111111111111111,-0.04609955964799184,1e-05,9.999999999856485e-06,True,,,,,
perturbed_strict_n20_p0.5_eps1e-05_seed3101,exact_strict_n20_p0.5,4V-FB,converged,20,20,0.5,0.1,2.111111111121102,40,2.065011551463048,3.567356936167399e-12,19,19,0.2814042998265344,0.0,0.11003888387539197,0.55019441937696,True,0.004404449000048771,0.0042529889999514126,0.00015146000009735872,6,5,1,1,16,19.166666666666668,20.0,0.00020390999975461455,5.24599997788755e-05,0.000351290000253357,0.07975799021613535,4.222222222222222,2.497154072449839e-12,5.202404317603831e-14,0.2814042998265344,15.810984073599814,perturbed_saddle,3101.0,,,,,,,,strict,1.428069641118275,2.111111111111111,-0.04609955964806334,1e-05,9.999999999856485e-06,True,,,,,
perturbed_strict_n20_p0.5_eps1e-05_seed3102,exact_strict_n20_p0.5,FB,converged,20,20,0.5,0.1,2.111111111120888,259,2.065011551463048,3.6133201693868803e-12,19,19,0.2814042998265344,0.0,0.11003888387538938,0.550194419376947,True,0.02405878600006872,0.023919945999978154,0.00013884000009056763,0,0,0,0,0,,,0.0,0.0,0.0,0.0,4.222222222222222,,,,,perturbed_saddle,3102.0,,,,,,,,strict,1.4280696411179883,2.111111111111111,-0.04609955964806334,1e-05,9.999999999985434e-06,True,,,,,
perturbed_strict_n20_p0.5_eps1e-05_seed3102,exact_strict_n20_p0.5,DIRL1,converged,20,20,0.5,0.1,2.111111111120888,1453,2.065011551463055,1.0287379564834669e-13,19,20,0.2814042998265344,5.6336669061879914e-27,0.11003888387558819,0.5501944193779409,True,0.019153447000007873,0.017587186999890037,0.0015662600001178362,0,0,0,0,0,,,0.0,0.0,0.0,0.0,4.222222222222222,,,,,perturbed_saddle,3102.0,,,,,,,,strict,1.4280696411399252,2.111111111111111,-0.04609955964805623,1e-05,9.999999999985434e-06,True,,,,,
perturbed_strict_n20_p0.5_eps1e-05_seed3102,exact_strict_n20_p0.5,DIRL2,converged,20,20,0.5,0.1,2.111111111120888,1757,2.0650115514630496,1.1149780176398699e-13,19,20,0.2814042998265344,3.143936828059852e-28,0.1100388838755877,0.5501944193779384,True,0.024940127000036227,0.02310122699987005,0.001838900000166177,0,0,0,0,0,,,0.0,0.0,0.0,0.0,4.222222222222222,,,,,perturbed_saddle,3102.0,,,,,,,,strict,1.428069641139871,2.111111111111111,-0.04609955964806156,1e-05,9.999999999985434e-06,True,,,,,
perturbed_strict_n20_p0.5_eps1e-05_seed3102,exact_strict_n20_p0.5,4V-FB,converged,20,20,0.5,0.1,2.111111111120888,40,2.065011551463048,3.567356936167399e-12,19,19,0.2814042998265344,0.0,0.11003888387539197,0.55019441937696,True,0.004430519000152344,0.004278009000017846,0.00015251000013449811,6,5,1,1,16,19.166666666666668,20.0,0.00019629000007626018,5.2209999921615236e-05,0.00034375999985059025,0.07758910408436799,4.222222222222222,2.4971540724516064e-12,5.2024043176075136e-14,0.2814042998265344,15.810984073599462,perturbed_saddle,3102.0,,,,,,,,strict,1.428069641118275,2.111111111111111,-0.04609955964806334,1e-05,9.999999999985434e-06,True,,,,,
perturbed_strict_n20_p0.5_eps1e-05_seed3103,exact_strict_n20_p0.5,FB,converged,20,20,0.5,0.1,2.1111111111194583,242,2.065011551463048,3.5303339199356883e-12,19,19,0.2814042998265344,0.0,0.11003888387539407,0.5501944193769704,True,0.022466405999921335,0.022327586000074007,0.0001388199998473283,0,0,0,0,0,,,0.0,0.0,0.0,0.0,4.222222222222222,,,,,perturbed_saddle,3103.0,,,,,,,,strict,1.4280696411185063,2.111111111111111,-0.04609955964806334,1e-05,1.000000000002935e-05,True,,,,,
perturbed_strict_n20_p0.5_eps1e-05_seed3103,exact_strict_n20_p0.5,DIRL1,converged,20,20,0.5,0.1,2.1111111111194583,1368,2.0650115514630514,5.779541875315203e-14,19,20,0.2814042998265344,1.6249252189328703e-27,0.11003888387559076,0.5501944193779535,True,0.018520508000165137,0.01658630899964919,0.001934199000515946,0,0,0,0,0,,,0.0,0.0,0.0,0.0,4.222222222222222,,,,,perturbed_saddle,3103.0,,,,,,,,strict,1.4280696411402074,2.111111111111111,-0.046099559648059785,1e-05,1.000000000002935e-05,True,,,,,
perturbed_strict_n20_p0.5_eps1e-05_seed3103,exact_strict_n20_p0.5,DIRL2,converged,20,20,0.5,0.1,2.1111111111194583,1600,2.0650115514633622,9.264063297500755e-12,19,20,0.2814042998265344,9.90588736160352e-24,0.11003888387506933,0.5501944193753466,True,0.022879855999690335,0.021219586999905005,0.0016602689997853304,0,0,0,0,0,,,0.0,0.0,0.0,0.0,4.222222222222222,,,,,perturbed_saddle,3103.0,,,,,,,,strict,1.4280696410826754,2.111111111111111,-0.04609955964774892,1e-05,1.000000000002935e-05,True,,,,,
perturbed_strict_n20_p0.5_eps1e-05_seed3103,exact_strict_n20_p0.5,4V-FB,converged,20,20,0.5,0.1,2.1111111111194583,40,2.065011551463048,3.567356936167399e-12,19,19,0.2814042998265344,0.0,0.11003888387539197,0.55019441937696,True,0.004441300000053161,0.004289620000008654,0.00015168000004450732,6,5,1,1,16,19.166666666666668,20.0,0.00019920999966416275,5.306000025484536e-05,0.00034945999982483045,0.07868416900921972,4.222222222222222,2.4971540724634293e-12,5.2024043176321444e-14,0.2814042998265344,15.810984073597114,perturbed_saddle,3103.0,,,,,,,,strict,1.4280696411182752,2.111111111111111,-0.04609955964806334,1e-05,1.000000000002935e-05,True,,,,,
perturbed_strict_n20_p0.5_eps1e-05_seed3104,exact_strict_n20_p0.5,FB,converged,20,20,0.5,0.1,2.111111111119845,244,2.065011551463048,3.59091703740576e-12,19,19,0.2814042998265344,0.0,0.11003888387539065,0.5501944193769533,True,0.022694406999789862,0.022555416999921363,0.00013898999986849958,0,0,0,0,0,,,0.0,0.0,0.0,0.0,4.222222222222222,,,,,perturbed_saddle,3104.0,,,,,,,,strict,1.4280696411181284,2.111111111111111,-0.04609955964806334,1e-05,1.0000000000001539e-05,True,,,,,
perturbed_strict_n20_p0.5_eps1e-05_seed3104,exact_strict_n20_p0.5,DIRL1,converged,20,20,0.5,0.1,2.111111111119845,1375,2.065011551463055,9.772761467998746e-14,19,20,0.2814042998265344,5.0682429192300185e-27,0.11003888387558848,0.5501944193779423,True,0.01831099700007144,0.01681748800024252,0.0014935089998289186,0,0,0,0,0,,,0.0,0.0,0.0,0.0,4.222222222222222,,,,,perturbed_saddle,3104.0,,,,,,,,strict,1.428069641139957,2.111111111111111,-0.04609955964805623,1e-05,1.0000000000001539e-05,True,,,,,
perturbed_strict_n20_p0.5_eps1e-05_seed3104,exact_strict_n20_p0.5,DIRL2,converged,20,20,0.5,0.1,2.111111111119845,1661,2.0650115514630496,1.1349606169597413e-13,19,20,0.2814042998265344,3.270719336739094e-28,0.11003888387558759,0.5501944193779379,True,0.02369922699995186,0.02194089800036636,0.0017583289995855012,0,0,0,0,0,,,0.0,0.0,0.0,0.0,4.222222222222222,,,,,perturbed_saddle,3104.0,,,,,,,,strict,1.428069641139859,2.111111111111111,-0.04609955964806156,1e-05,1.0000000000001539e-05,True,,,,,
perturbed_strict_n20_p0.5_eps1e-05_seed3104,exact_strict_n20_p0.5,4V-FB,converged,20,20,0.5,0.1,2.111111111119845,40,2.065011551463048,3.567356936167399e-12,19,19,0.2814042998265344,0.0,0.11003888387539197,0.55019441937696,True,0.004397018999725333,0.0042465889998766215,0.0001504299998487113,6,5,1,1,16,19.166666666666668,20.0,0.0002002700000502955,5.3739999884783174e-05,0.0003505399995447078,0.07972219350578309,4.222222222222222,2.4971540724602296e-12,5.202404317625478e-14,0.2814042998265344,15.81098407359775,perturbed_saddle,3104.0,,,,,,,,strict,1.4280696411182752,2.111111111111111,-0.04609955964806334,1e-05,1.0000000000001539e-05,True,,,,,
perturbed_strict_n20_p0.5_eps1e-05_seed3105,exact_strict_n20_p0.5,FB,converged,20,20,0.5,0.1,2.111111111121111,353,2.065011551463048,3.4708025926994723e-12,19,19,0.2814042998265344,0.0,0.11003888387539744,0.5501944193769873,True,0.03258244499988905,0.03244423499995719,0.00013820999993185978,0,0,0,0,0,,,0.0,0.0,0.0,0.0,4.222222222222222,,,,,perturbed_saddle,3105.0,,,,,,,,strict,1.4280696411188785,2.111111111111111,-0.04609955964806334,1e-05,1.0000000000027155e-05,True,,,,,
perturbed_strict_n20_p0.5_eps1e-05_seed3105,exact_strict_n20_p0.5,DIRL1,converged,20,20,0.5,0.1,2.111111111121111,1900,2.0650115514635003,4.521120518424548e-12,19,20,0.2814042998265344,2.0480909414479987e-23,0.11003888387533796,0.5501944193766898,True,0.024781727000117826,0.022850467000125718,0.0019312599999921076,0,0,0,0,0,,,0.0,0.0,0.0,0.0,4.222222222222222,,,,,perturbed_saddle,3105.0,,,,,,,,strict,1.428069641112315,2.111111111111111,-0.04609955964761081,1e-05,1.0000000000027155e-05,True,,,,,
perturbed_strict_n20_p0.5_eps1e-05_seed3105,exact_strict_n20_p0.5,DIRL2,converged,20,20,0.5,0.1,2.111111111121111,2348,2.0650115514630496,1.0771163945056763e-13,19,20,0.2814042998265344,2.893987821199801e-28,0.11003888387558793,0.5501944193779396,True,0.033360965999918335,0.030945686000450223,0.0024152799994681118,0,0,0,0,0,,,0.0,0.0,0.0,0.0,4.222222222222222,,,,,perturbed_saddle,3105.0,,,,,,,,strict,1.428069641139895,2.111111111111111,-0.04609955964806156,1e-05,1.0000000000027155e-05,True,,,,,
perturbed_strict_n20_p0.5_eps1e-05_seed3105,exact_strict_n20_p0.5,4V-FB,converged,20,20,0.5,0.1,2.111111111121111,40,2.065011551463048,3.567356936167399e-12,19,19,0.2814042998265344,0.0,0.11003888387539197,0.55019441937696,True,0.004390969000041878,0.004240269000092667,0.0001506999999492109,6,5,1,1,16,19.166666666666668,20.0,0.00019455000051493698,5.2590000223062816e-05,0.00034070000015162805,0.07759107389470951,4.222222222222222,2.497154072449762e-12,5.20240431760367e-14,0.2814042998265344,15.81098407359983,perturbed_saddle,3105.0,,,,,,,,strict,1.428069641118275,2.111111111111111,-0.04609955964806334,1e-05,1.0000000000027155e-05,True,,,,,
perturbed_quartic_n20_p0.3_eps1e-02_seed2101,exact_quartic_n20_p0.3,FB,max_iter,20,20,0.3,0.1,2.0299121200881474,10000,2.0299003322253295,6.26692522229994e-10,20,20,0.3092532037787764,0.0,-4.393078613801338e-07,-1.5689566477861922e-06,False,0.7343434220001654,0.734200532000159,0.00014289000000644592,0,0,0,0,0,,,0.0,0.0,0.0,0.0,3.1561461794019934,,,,,perturbed_saddle,2101.0,,,,,,,,quartic,0.003996001825944134,2.0299003322259135,-5.839773109528323e-13,0.01,0.009999999999999938,False,,,,,
perturbed_quartic_n20_p0.3_eps1e-02_seed2101,exact_quartic_n20_p0.3,DIRL1,max_iter,20,20,0.3,0.1,2.0299121200881474,10000,2.029900332225367,5.962869227535532e-10,20,20,0.3092532037787764,0.0,-4.249808619599671e-07,-1.517788792714168e-06,False,0.1325741199998447,0.12482751099923917,0.007746609000605531,0,0,0,0,0,,,0.0,0.0,0.0,0.0,3.1561461794019934,,,,,perturbed_saddle,2101.0,,,,,,,,quartic,0.003930302598495893,2.0299003322259135,-5.466738173254271e-13,0.01,0.009999999999999938,False,,,,,
perturbed_quartic_n20_p0.3_eps1e-02_seed2101,exact_quartic_n20_p0.3,DIRL2,max_iter,20,20,0.3,0.1,2.0299121200881474,10000,2.029900332225338,6.193563444184124e-10,20,20,0.3092532037787764,0.0,-4.3587251501164825e-07,-1.5566875536130294e-06,False,0.14599298899997848,0.13823490100025992,0.007758087999718555,0,0,0,0,0,,,0.0,0.0,0.0,0.0,3.1561461794019934,,,,,perturbed_saddle,2101.0,,,,,,,,quartic,0.003980347391016282,2.0299003322259135,-5.755396159656812e-13,0.01,0.009999999999999938,False,,,,,
perturbed_quartic_n20_p0.3_eps1e-02_seed2101,exact_quartic_n20_p0.3,4V-FB,converged,20,20,0.3,0.1,2.0299121200881474,41,1.973724570930954,2.8151784996722245e-12,19,19,0.3092532037787764,0.0,0.15418504719435627,0.5506608828369868,True,0.004005199000175708,0.0038447090000772732,0.0001604900000984344,6,5,1,1,16,19.166666666666668,20.0,0.000248799999781113,5.878999968444987e-05,0.000416039999890927,0.10387498845192844,3.1561461794019934,3.6091575569356416e-19,7.51907824361592e-21,0.3092532037787764,22.47005580252928,perturbed_saddle,2101.0,,,,,,,,quartic,1.3715321824941256,2.0299003322259135,-0.05617576129495938,0.01,0.009999999999999938,True,,,,,
perturbed_quartic_n20_p0.3_eps1e-02_seed2102,exact_quartic_n20_p0.3,FB,converged,20,20,0.3,0.1,2.0299143147192207,8,2.0299003322259135,5.290607801781036e-13,20,20,0.3092532037787764,0.0,-3.721765798325727e-09,-1.329202070830556e-08,False,0.000769930000160457,0.0006460500001139735,0.00012388000004648347,0,0,0,0,0,,,0.0,0.0,0.0,0.0,3.1561461794019934,,,,,perturbed_saddle,2102.0,,,,,,,,quartic,0.00036780593190673485,2.0299003322259135,0.0,0.01,0.009999999999999926,False,,,,,
perturbed_quartic_n20_p0.3_eps1e-02_seed2102,exact_quartic_n20_p0.3,DIRL1,converged,20,20,0.3,0.1,2.0299143147192207,1400,2.0299003322259135,4.706384320046498e-13,20,20,0.3092532037787764,0.0,-3.6294148381132985e-09,-1.2962195850404636e-08,False,0.018341116999863516,0.017143306999969354,0.0011978099998941616,0,0,0,0,0,,,0.0,0.0,0.0,0.0,3.1561461794019934,,,,,perturbed_saddle,2102.0,,,,,,,,quartic,0.0003632140387758349,2.0299003322259135,0.0,0.01,0.009999999999999926,False,,,,,
perturbed_quartic_n20_p0.3_eps1e-02_seed2102,exact_quartic_n20_p0.3,DIRL2,converged,20,20,0.3,0.1,2.0299143147192207,300,2.0299003322259135,4.88965798153553e-13,20,20,0.3092532037787764,0.0,-3.723179292647316e-09,-1.3297068902311843e-08,False,0.004379558999971778,0.004019058999801928,0.00036050000016984995,0,0,0,0,0,,,0.0,0.0,0.0,0.0,3.1561461794019934,,,,,perturbed_saddle,2102.0,,,,,,,,quartic,0.0003678758623663348,2.0299003322259135,0.0,0.01,0.009999999999999926,False,,,,,
perturbed_quartic_n20_p0.3_eps1e-02_seed2102,exact_quartic_n20_p0.3,4V-FB,converged,20,20,0.3,0.1,2.0299143147192207,41,1.9737245709309539,2.8289677033692323e-12,19,19,0.3092532037787764,0.0,0.15418504719435575,0.5506608828369849,True,0.003746140000203013,0.0036075000000437285,0.00013864000015928468,6,5,1,1,16,19.166666666666668,20.0,0.00019998999982817622,5.7570000308260205e-05,0.0003569700004391052,0.09529008537314677,3.1561461794019934,3.6091094336029874e-19,7.51897798667289e-21,0.3092532037787764,22.47006206284464,perturbed_saddle,2102.0,,,,,,,,quartic,1.3715321824940658,2.0299003322259135,-0.0561757612949596,0.01,0.009999999999999926,True,,,,,
perturbed_quartic_n20_p0.3_eps1e-02_seed2103,exact_quartic_n20_p0.3,FB,max_iter,20,20,0.3,0.1,2.029914024734014,10000,2.029900332225903,3.185112901166353e-11,20,20,0.3092532037787764,0.0,-6.027632945548866e-08,-2.1527260519817383e-07,False,0.7352005810000719,0.735052110999959,0.00014847000011286582,0,0,0,0,0,,,0.0,0.0,0.0,0.0,3.1561461794019934,,,,,perturbed_saddle,2103.0,,,,,,,,quartic,0.0014801894727061932,2.0299003322259135,-1.0658141036401503e-14,0.01,0.010000000000000047,False,,,,,
perturbed_quartic_n20_p0.3_eps1e-02_seed2103,exact_quartic_n20_p0.3,DIRL1,max_iter,20,20,0.3,0.1,2.029914024734014,10000,2.0299003322259033,3.06213556120347e-11,20,20,0.3092532037787764,0.0,-5.871459442252647e-08,-2.0969498008045165e-07,False,0.12858171099992433,0.12091103100101463,0.007670679998909691,0,0,0,0,0,,,0.0,0.0,0.0,0.0,3.1561461794019934,,,,,perturbed_saddle,2103.0,,,,,,,,quartic,0.0014608881194041635,2.0299003322259135,-1.021405182655144e-14,0.01,0.010000000000000047,False,,,,,
perturbed_quartic_n20_p0.3_eps1e-02_seed2103,exact_quartic_n20_p0.3,DIRL2,max_iter,20,20,0.3,0.1,2.029914024734014,10000,2.0299003322259024,3.181332385298939e-11,20,20,0.3092532037787764,0.0,-6.022847677533694e-08,-2.1510170276906046e-07,False,0.14217701899997337,0.13450015899820755,0.007676860001765817,0,0,0,0,0,,,0.0,0.0,0.0,0.0,3.1561461794019934,,,,,perturbed_saddle,2103.0,,,,,,,,quartic,0.0014796018143813058,2.0299003322259135,-1.1102230246251565e-14,0.01,0.010000000000000047,False,,,,,
perturbed_quartic_n20_p0.3_eps1e-02_seed2103,exact_quartic_n20_p0.3,4V-FB,converged,20,20,0.3,0.1,2.029914024734014,41,1.9737245709309543,2.824746518564026e-12,19,19,0.3092532037787764,0.0,0.1541850471943559,0.5506608828369854,True,0.0037839599999642815,0.0036324400000466994,0.00015151999991758203,6,5,1,1,16,19.166666666666668,20.0,0.00022108999996817147,5.644000020765816e-05,0.000377250000155982,0.09969714271808978,3.1561461794019934,3.6091157922877934e-19,7.518991233932903e-21,0.3092532037787764,22.47006123564502,perturbed_saddle,2103.0,,,,,,,,quartic,1.3715321824940843,2.0299003322259135,-0.05617576129495916,0.01,0.010000000000000047,True,,,,,
perturbed_quartic_n20_p0.3_eps1e-02_seed2104,exact_quartic_n20_p0.3,FB,max_iter,20,20,0.3,0.1,2.0299132382775413,10000,2.0299003322257723,2.1585896623556874e-10,20,20,0.3092532037787764,0.0,-2.1586274173701625e-07,-7.709383633464867e-07,False,0.7351077619998705,0.7349599519998264,0.00014781000004404632,0,0,0,0,0,,,0.0,0.0,0.0,0.0,3.1561461794019934,,,,,perturbed_saddle,2104.0,,,,,,,,quartic,0.0028011195160744713,2.0299003322259135,-1.412203687323199e-13,0.01,0.01000000000000017,False,,,,,
perturbed_quartic_n20_p0.3_eps1e-02_seed2104,exact_quartic_n20_p0.3,DIRL1,max_iter,20,20,0.3,0.1,2.0299132382775413,10000,2.0299003322257807,2.0663133693310668e-10,20,20,0.3092532037787764,0.0,-2.0966616397222193e-07,-7.488077284722211e-07,False,0.12998121000009633,0.12230049999948278,0.007680710000613544,0,0,0,0,0,,,0.0,0.0,0.0,0.0,3.1561461794019934,,,,,perturbed_saddle,2104.0,,,,,,,,quartic,0.002760622469147826,2.0299003322259135,-1.3278267374516872e-13,0.01,0.01000000000000017,False,,,,,
perturbed_quartic_n20_p0.3_eps1e-02_seed2104,exact_quartic_n20_p0.3,DIRL2,max_iter,20,20,0.3,0.1,2.0299132382775413,10000,2.0299003322257736,2.1463915293808232e-10,20,20,0.3092532037787764,0.0,-2.1504868889798967e-07,-7.680310317785345e-07,False,0.1440904890002912,0.136386810999511,0.007703678000780201,0,0,0,0,0,,,0.0,0.0,0.0,0.0,3.1561461794019934,,,,,perturbed_saddle,2104.0,,,,,,,,quartic,0.002795832894490317,2.0299003322259135,-1.3988810110276972e-13,0.01,0.01000000000000017,False,,,,,
perturbed_quartic_n20_p0.3_eps1e-02_seed2104,exact_quartic_n20_p0.3,4V-FB,converged,20,20,0.3,0.1,2.0299132382775413,41,1.9737245709309539,2.819751449877865e-12,19,19,0.3092532037787764,0.0,0.1541850471943561,0.5506608828369861,True,0.0038651590002700686,0.003722740000057456,0.00014241900021261245,6,5,1,1,16,19.166666666666668,20.0,0.00023089000023901463,5.679999981111905e-05,0.0003887000000304397,0.10056507377918482,3.1561461794019934,3.6091330374658055e-19,7.519027161387095e-21,0.3092532037787764,22.47005899223172,perturbed_saddle,2104.0,,,,,,,,quartic,1.371532182494106,2.0299003322259135,-0.0561757612949596,0.01,0.01000000000000017,True,,,,,
perturbed_quartic_n20_p0.3_eps1e-02_seed2105,exact_quartic_n20_p0.3,FB,max_iter,20,20,0.3,0.1,2.0299138519357234,10000,2.029900332225887,6.24054996444106e-11,20,20,0.3092532037787764,0.0,-9.437975151405098e-08,-3.370705411216107e-07,False,0.7360746019999169,0.735930862000032,0.0001437399998849287,0,0,0,0,0,,,0.0,0.0,0.0,0.0,3.1561461794019934,,,,,perturbed_saddle,2105.0,,,,,,,,quartic,0.0018521795379748017,2.0299003322259135,-2.6645352591003757e-14,0.01,0.01000000000000002,False,,,,,
perturbed_quartic_n20_p0.3_eps1e-02_seed2105,exact_quartic_n20_p0.3,DIRL1,max_iter,20,20,0.3,0.1,2.0299138519357234,10000,2.029900332225888,5.991150368504286e-11,20,20,0.3092532037787764,0.0,-9.184814693530274e-08,-3.280290961975098e-07,False,0.1296349009999176,0.12193430099978286,0.0077006000001347275,0,0,0,0,0,,,0.0,0.0,0.0,0.0,3.1561461794019934,,,,,perturbed_saddle,2105.0,,,,,,,,quartic,0.0018271697082110753,2.0299003322259135,-2.531308496145357e-14,0.01,0.01000000000000002,False,,,,,
perturbed_quartic_n20_p0.3_eps1e-02_seed2105,exact_quartic_n20_p0.3,DIRL2,max_iter,20,20,0.3,0.1,2.0299138519357234,10000,2.0299003322258864,6.220276303852205e-11,20,20,0.3092532037787764,0.0,-9.417519283849707e-08,-3.363399744232038e-07,False,0.1420968489999268,0.13441967200287763,0.007677176997049173,0,0,0,0,0,,,0.0,0.0,0.0,0.0,3.1561461794019934,,,,,perturbed_saddle,2105.0,,,,,,,,quartic,0.001850171267230851,2.0299003322259135,-2.708944180085382e-14,0.01,0.01000000000000002,False,,,,,
perturbed_quartic_n20_p0.3_eps1e-02_seed2105,exact_quartic_n20_p0.3,4V-FB,converged,20,20,0.3,0.1,2.0299138519357234,41,1.973724570930954,2.8232691038822036e-12,19,19,0.3092532037787764,0.0,0.15418504719435597,0.5506608828369857,True,0.003883789000155957,0.003716058999998495,0.0001677300001574622,6,5,1,1,16,19.166666666666668,20.0,0.00023309999983212037,5.708000003323832e-05,0.0003967799998463306,0.10216311952848045,3.1561461794019934,3.609119581348451e-19,7.518999127809273e-21,0.3092532037787764,22.470060742727817,perturbed_saddle,2105.0,,,,,,,,quartic,1.3715321824940903,2.0299003322259135,-0.05617576129495938,0.01,0.01000000000000002,True,,,,,
perturbed_quartic_n20_p0.3_eps1e-03_seed2101,exact_quartic_n20_p0.3,FB,converged,20,20,0.3,0.1,2.0299004500914313,7,2.029900332225914,7.085403446692676e-13,20,20,0.3092532037787764,0.0,-4.349927001934262e-09,-1.5535453578335364e-08,False,0.0006875299998228002,0.0005654399999457382,0.00012208999987706193,0,0,0,0,0,,,0.0,0.0,0.0,0.0,3.1561461794019934,,,,,perturbed_saddle,2101.0,,,,,,,,quartic,0.00039763552570566923,2.0299003322259135,4.440892098500626e-16,0.001,0.0010000000000000135,False,,,,,
perturbed_quartic_n20_p0.3_eps1e-03_seed2101,exact_quartic_n20_p0.3,DIRL1,converged,20,20,0.3,0.1,2.0299004500914313,1400,2.0299003322259135,5.945323868127761e-13,20,20,0.3092532037787764,0.0,-4.241272263949547e-09,-1.514740094267695e-08,False,0.018154097000206093,0.01696288800030743,0.001191208999898663,0,0,0,0,0,,,0.0,0.0,0.0,0.0,3.1561461794019934,,,,,perturbed_saddle,2101.0,,,,,,,,quartic,0.00039263805631772875,2.0299003322259135,0.0,0.001,0.0010000000000000135,False,,,,,
perturbed_quartic_n20_p0.3_eps1e-03_seed2101,exact_quartic_n20_p0.3,DIRL2,converged,20,20,0.3,0.1,2.0299004500914313,300,2.0299003322259135,6.174629306092441e-13,20,20,0.3092532037787764,0.0,-4.349854185181634e-09,-1.5535193518505834e-08,False,0.004358579999689027,0.004006899999694724,0.0003516799999943032,0,0,0,0,0,,,0.0,0.0,0.0,0.0,3.1561461794019934,,,,,perturbed_saddle,2101.0,,,,,,,,quartic,0.000397632308405579,2.0299003322259135,0.0,0.001,0.0010000000000000135,False,,,,,
perturbed_quartic_n20_p0.3_eps1e-03_seed2101,exact_quartic_n20_p0.3,4V-FB,converged,20,20,0.3,0.1,2.0299004500914313,40,1.9737245709309539,2.8288973502891455e-12,19,19,0.3092532037787764,0.0,0.15418504719435577,0.550660882836985,True,0.003638928999862401,0.0035056990000157384,0.0001332299998466624,6,5,1,1,16,19.166666666666668,20.0,0.00019231000010222488,5.579000003308465e-05,0.0003438300000198069,0.09448659208047427,3.1561461794019934,3.6094134654174574e-19,7.51961138628637e-21,0.3092532037787764,22.470022513057515,perturbed_saddle,2101.0,,,,,,,,quartic,1.3715321824940663,2.0299003322259135,-0.0561757612949596,0.001,0.0010000000000000135,True,,,,,
perturbed_quartic_n20_p0.3_eps1e-03_seed2102,exact_quartic_n20_p0.3,FB,converged,20,20,0.3,0.1,2.0299004720379603,7,2.029900332225914,3.783254985030546e-13,20,20,0.3092532037787764,0.0,-3.722076813428288e-11,-1.3293131476528462e-10,False,0.0006846200001291436,0.0005634500000724074,0.00012117000005673617,0,0,0,0,0,,,0.0,0.0,0.0,0.0,3.1561461794019934,,,,,perturbed_saddle,2102.0,,,,,,,,quartic,3.6780416979710983e-05,2.0299003322259135,4.440892098500626e-16,0.001,0.0010000000000000406,False,,,,,
perturbed_quartic_n20_p0.3_eps1e-03_seed2102,exact_quartic_n20_p0.3,DIRL1,converged,20,20,0.3,0.1,2.0299004720379603,1368,2.0299003322259135,2.318184698036015e-15,20,20,0.3092532037787764,0.0,-3.628777833775132e-11,-1.2959920834911184e-10,False,0.04429547300014747,0.017239077997828645,0.027056395002318823,0,0,0,0,0,,,0.0,0.0,0.0,0.0,3.1561461794019934,,,,,perturbed_saddle,2102.0,,,,,,,,quartic,3.631821920618496e-05,2.0299003322259135,0.0,0.001,0.0010000000000000406,False,,,,,
perturbed_quartic_n20_p0.3_eps1e-03_seed2102,exact_quartic_n20_p0.3,DIRL2,converged,20,20,0.3,0.1,2.0299004720379603,263,2.0299003322259135,1.3394827380988402e-15,20,20,0.3092532037787764,0.0,-3.721714603166504e-11,-1.3291837868451799e-10,False,0.014802987999928519,0.0037986590004948084,0.01100432899943371,0,0,0,0,0,,,0.0,0.0,0.0,0.0,3.1561461794019934,,,,,perturbed_saddle,2102.0,,,,,,,,quartic,3.678035601466916e-05,2.0299003322259135,0.0,0.001,0.0010000000000000406,False,,,,,
perturbed_quartic_n20_p0.3_eps1e-03_seed2102,exact_quartic_n20_p0.3,4V-FB,converged,20,20,0.3,0.1,2.0299004720379603,40,1.973724570930954,2.830234058810794e-12,19,19,0.3092532037787764,0.0,0.15418504719435572,0.5506608828369848,True,0.0036532399999487097,0.0035171399999853747,0.000136099999963335,6,5,1,1,16,19.166666666666668,20.0,0.0001889899999696354,5.562000001191336e-05,0.00034133999974983453,0.09343486870685387,3.1561461794019934,3.609412984139016e-19,7.51961038362295e-21,0.3092532037787764,22.47002257566168,perturbed_saddle,2102.0,,,,,,,,quartic,1.37153218249406,2.0299003322259135,-0.05617576129495938,0.001,0.0010000000000000406,True,,,,,
perturbed_quartic_n20_p0.3_eps1e-03_seed2103,exact_quartic_n20_p0.3,FB,converged,20,20,0.3,0.1,2.029900469161587,7,2.0299003322259135,3.757889160109663e-13,20,20,0.3092532037787764,0.0,-6.019425652370458e-10,-2.149794875846435e-09,False,0.0006859200000235433,0.0005661699999564007,0.00011975000006714254,0,0,0,0,0,,,0.0,0.0,0.0,0.0,3.1561461794019934,,,,,perturbed_saddle,2103.0,,,,,,,,quartic,0.0001479179170994763,2.0299003322259135,0.0,0.001,0.0009999999999999575,False,,,,,
perturbed_quartic_n20_p0.3_eps1e-03_seed2103,exact_quartic_n20_p0.3,DIRL1,converged,20,20,0.3,0.1,2.029900469161587,1368,2.0299003322259135,3.067825900154599e-14,20,20,0.3092532037787764,0.0,-5.869048719242542e-10,-2.0960888283009076e-09,False,0.044364143999928274,0.01740264800150726,0.026961495998421015,0,0,0,0,0,,,0.0,0.0,0.0,0.0,3.1561461794019934,,,,,perturbed_saddle,2103.0,,,,,,,,quartic,0.00014605895931281578,2.0299003322259135,0.0,0.001,0.0009999999999999575,False,,,,,
perturbed_quartic_n20_p0.3_eps1e-03_seed2103,exact_quartic_n20_p0.3,DIRL2,converged,20,20,0.3,0.1,2.029900469161587,263,2.0299003322259135,3.1804378027612216e-14,20,20,0.3092532037787764,0.0,-6.01934030397544e-10,-2.149764394276943e-09,False,0.014887708000060229,0.0037921290004305774,0.011095578999629652,0,0,0,0,0,,,0.0,0.0,0.0,0.0,3.1561461794019934,,,,,perturbed_saddle,2103.0,,,,,,,,quartic,0.00014791723847756716,2.0299003322259135,0.0,0.001,0.0009999999999999575,False,,,,,
perturbed_quartic_n20_p0.3_eps1e-03_seed2103,exact_quartic_n20_p0.3,4V-FB,converged,20,20,0.3,0.1,2.029900469161587,40,1.973724570930954,2.8298119403302735e-12,19,19,0.3092532037787764,0.0,0.15418504719435572,0.5506608828369848,True,0.003651259999969625,0.0035183400000278198,0.00013291999994180514,6,5,1,1,16,19.166666666666668,20.0,0.0002035399998021603,5.579000026045833e-05,0.0003571600002487685,0.09781828745467036,3.1561461794019934,3.6094130472167143e-19,7.519610515034821e-21,0.3092532037787764,22.470022567456603,perturbed_saddle,2103.0,,,,,,,,quartic,1.371532182494062,2.0299003322259135,-0.05617576129495938,0.001,0.0009999999999999575,True,,,,,
perturbed_quartic_n20_p0.3_eps1e-03_seed2104,exact_quartic_n20_p0.3,FB,converged,20,20,0.3,0.1,2.0299004612935887,7,2.029900332225914,4.220395208572731e-13,20,20,0.3092532037787764,0.0,-2.148152641878731e-09,-7.671973720995077e-09,False,0.0006675800000266463,0.0005478400000811234,0.00011973999994552287,0,0,0,0,0,,,0.0,0.0,0.0,0.0,3.1561461794019934,,,,,perturbed_saddle,2104.0,,,,,,,,quartic,0.0002794323530100855,2.0299003322259135,4.440892098500626e-16,0.001,0.0009999999999999027,False,,,,,
perturbed_quartic_n20_p0.3_eps1e-03_seed2104,exact_quartic_n20_p0.3,DIRL1,converged,20,20,0.3,0.1,2.0299004612935887,1400,2.0299003322259135,2.062890964078018e-13,20,20,0.3092532037787764,0.0,-2.0944879719486664e-09,-7.48031418553095e-09,False,0.018191247000004296,0.017002116999947248,0.0011891300000570482,0,0,0,0,0,,,0.0,0.0,0.0,0.0,3.1561461794019934,,,,,perturbed_saddle,2104.0,,,,,,,,quartic,0.00027592005525714654,2.0299003322259135,0.0,0.001,0.0009999999999999027,False,,,,,
perturbed_quartic_n20_p0.3_eps1e-03_seed2104,exact_quartic_n20_p0.3,DIRL2,converged,20,20,0.3,0.1,2.0299004612935887,300,2.0299003322259135,2.1428880395638536e-13,20,20,0.3092532037787764,0.0,-2.148107150490297e-09,-7.67181125175106e-09,False,0.004372759000034421,0.004015379000065877,0.0003573799999685434,0,0,0,0,0,,,0.0,0.0,0.0,0.0,3.1561461794019934,,,,,perturbed_saddle,2104.0,,,,,,,,quartic,0.00027942953125742356,2.0299003322259135,0.0,0.001,0.0009999999999999027,False,,,,,
perturbed_quartic_n20_p0.3_eps1e-03_seed2104,exact_quartic_n20_p0.3,4V-FB,converged,20,20,0.3,0.1,2.0299004612935887,40,1.973724570930954,2.829319468769666e-12,19,19,0.3092532037787764,0.0,0.15418504719435575,0.5506608828369849,True,0.0036484800000380346,0.003512799999953131,0.00013568000008490344,6,5,1,1,16,19.166666666666668,20.0,0.00019356000007064722,5.648000001201581e-05,0.00034804999950210913,0.0953958907540896,3.1561461794019934,3.6094132197587014e-19,7.519610874497295e-21,0.3092532037787764,22.470022545012533,perturbed_saddle,2104.0,,,,,,,,quartic,1.3715321824940643,2.0299003322259135,-0.05617576129495938,0.001,0.0009999999999999027,True,,,,,
perturbed_quartic_n20_p0.3_eps1e-03_seed2105,exact_quartic_n20_p0.3,FB,converged,20,20,0.3,0.1,2.029900467432246,7,2.0299003322259135,3.7727400049085576e-13,20,20,0.3092532037787764,0.0,-9.417964880187313e-10,-3.363558885780983e-09,False,0.0006869989999813697,0.0005667800000992429,0.00012021899988212681,0,0,0,0,0,,,0.0,0.0,0.0,0.0,3.1561461794019934,,,,,perturbed_saddle,2105.0,,,,,,,,quartic,0.00018502209126373075,2.0299003322259135,0.0,0.001,0.0009999999999999567,False,,,,,
perturbed_quartic_n20_p0.3_eps1e-03_seed2105,exact_quartic_n20_p0.3,DIRL1,converged,20,20,0.3,0.1,2.029900467432246,1368,2.0299003322259135,5.998809987073162e-14,20,20,0.3092532037787764,0.0,-9.182471311097729e-10,-3.27945403967776e-09,False,0.04415960399978758,0.017284946997278894,0.026874657002508684,0,0,0,0,0,,,0.0,0.0,0.0,0.0,3.1561461794019934,,,,,perturbed_saddle,2105.0,,,,,,,,quartic,0.00018269393750012012,2.0299003322259135,0.0,0.001,0.0009999999999999567,False,,,,,
perturbed_quartic_n20_p0.3_eps1e-03_seed2105,exact_quartic_n20_p0.3,DIRL2,converged,20,20,0.3,0.1,2.029900467432246,263,2.0299003322259135,6.219317728811973e-14,20,20,0.3092532037787764,0.0,-9.417207985640275e-10,-3.363288566300098e-09,False,0.014855227999987619,0.003819459001761061,0.011035768998226558,0,0,0,0,0,,,0.0,0.0,0.0,0.0,3.1561461794019934,,,,,perturbed_saddle,2105.0,,,,,,,,quartic,0.0001850143527261065,2.0299003322259135,0.0,0.001,0.0009999999999999567,False,,,,,
perturbed_quartic_n20_p0.3_eps1e-03_seed2105,exact_quartic_n20_p0.3,4V-FB,converged,20,20,0.3,0.1,2.029900467432246,40,1.973724570930954,2.8296712341701e-12,19,19,0.3092532037787764,0.0,0.15418504719435572,0.5506608828369848,True,0.0036420989999896847,0.0035088689999156486,0.00013323000007403607,6,5,1,1,16,19.166666666666668,20.0,0.00019591000045693363,6.150000012894452e-05,0.00035196999965592113,0.0966393279416397,3.1561461794019934,3.6094130851404536e-19,7.519610594042612e-21,0.3092532037787764,22.470022562523525,perturbed_saddle,2105.0,,,,,,,,quartic,1.3715321824940625,2.0299003322259135,-0.05617576129495938,0.001,0.0009999999999999567,True,,,,,
perturbed_quartic_n20_p0.3_eps1e-04_seed2101,exact_quartic_n20_p0.3,FB,converged,20,20,0.3,0.1,2.029900333404556,7,2.029900332225914,3.474231416687999e-14,20,20,0.3092532037787764,0.0,-4.349945403880895e-11,-1.5535519299574496e-10,False,0.0006705400001010275,0.0005501600001025508,0.0001203799999984767,0,0,0,0,0,,,0.0,0.0,0.0,0.0,3.1561461794019934,,,,,perturbed_saddle,2101.0,,,,,,,,quartic,3.97635382210635e-05,2.0299003322259135,4.440892098500626e-16,0.0001,0.00010000000000003328,False,,,,,
perturbed_quartic_n20_p0.3_eps1e-04_seed2101,exact_quartic_n20_p0.3,DIRL1,converged,20,20,0.3,0.1,2.029900333404556,1368,2.0299003322259135,2.350782664868762e-15,20,20,0.3092532037787764,0.0,-4.241208773070326e-11,-1.514717418953688e-10,False,0.0444252529998721,0.0172839369988651,0.027141316001007,0,0,0,0,0,,,0.0,0.0,0.0,0.0,3.1561461794019934,,,,,perturbed_saddle,2101.0,,,,,,,,quartic,3.9263521202791714e-05,2.0299003322259135,0.0,0.0001,0.00010000000000003328,False,,,,,
perturbed_quartic_n20_p0.3_eps1e-04_seed2101,exact_quartic_n20_p0.3,DIRL2,converged,20,20,0.3,0.1,2.029900333404556,263,2.029900332225914,1.4803431578015493e-15,20,20,0.3092532037787764,0.0,-4.349734461506216e-11,-1.553476593395077e-10,False,0.015350258000125905,0.003847698999379645,0.01150255900074626,0,0,0,0,0,,,0.0,0.0,0.0,0.0,3.1561461794019934,,,,,perturbed_saddle,2101.0,,,,,,,,quartic,3.976268472296368e-05,2.0299003322259135,4.440892098500626e-16,0.0001,0.00010000000000003328,False,,,,,
perturbed_quartic_n20_p0.3_eps1e-04_seed2101,exact_quartic_n20_p0.3,4V-FB,converged,20,20,0.3,0.1,2.029900333404556,39,1.973724570930954,2.830234058810794e-12,19,19,0.3092532037787764,0.0,0.15418504719435572,0.5506608828369848,True,0.003565159999880052,0.003429180000011911,0.00013597999986814102,6,5,1,1,16,19.166666666666668,20.0,0.00019004999990102078,5.621000013888988e-05,0.00034408999999868684,0.09651460243306431,3.1561461794019934,3.6094160243142356e-19,7.519616717321324e-21,0.3092532037787764,22.470022180199173,perturbed_saddle,2101.0,,,,,,,,quartic,1.3715321824940603,2.0299003322259135,-0.05617576129495938,0.0001,0.00010000000000003328,True,,,,,
perturbed_quartic_n20_p0.3_eps1e-04_seed2102,exact_quartic_n20_p0.3,FB,converged,20,20,0.3,0.1,2.0299003336240213,7,2.0299003322259135,3.7804978928679464e-14,20,20,0.3092532037787764,0.0,-3.7252145812516346e-13,-1.3304337790184297e-12,False,0.0006737200001225574,0.000553450000097655,0.0001202700000249024,0,0,0,0,0,,,0.0,0.0,0.0,0.0,3.1561461794019934,,,,,perturbed_saddle,2102.0,,,,,,,,quartic,3.678039947540645e-06,2.0299003322259135,0.0,0.0001,9.999999999998643e-05,False,,,,,
perturbed_quartic_n20_p0.3_eps1e-04_seed2102,exact_quartic_n20_p0.3,DIRL1,converged,20,20,0.3,0.1,2.0299003336240213,1368,2.0299003322259135,2.3444576776263852e-15,20,20,0.3092532037787764,0.0,-3.6282088444750116e-13,-1.2957888730267898e-12,False,0.04454552399988643,0.01740760800157659,0.027137915998309836,0,0,0,0,0,,,0.0,0.0,0.0,0.0,3.1561461794019934,,,,,perturbed_saddle,2102.0,,,,,,,,quartic,3.631790466511827e-06,2.0299003322259135,0.0,0.0001,9.999999999998643e-05,False,,,,,
perturbed_quartic_n20_p0.3_eps1e-04_seed2102,exact_quartic_n20_p0.3,DIRL2,converged,20,20,0.3,0.1,2.0299003336240213,263,2.029900332225914,1.366915265782852e-15,20,20,0.3092532037787764,0.0,-3.7214675785435247e-13,-1.3290955637655445e-12,False,0.015398826999899029,0.0038479579980048584,0.01155086900189417,0,0,0,0,0,,,0.0,0.0,0.0,0.0,3.1561461794019934,,,,,perturbed_saddle,2102.0,,,,,,,,quartic,3.6779634424304523e-06,2.0299003322259135,4.440892098500626e-16,0.0001,9.999999999998643e-05,False,,,,,
perturbed_quartic_n20_p0.3_eps1e-04_seed2102,exact_quartic_n20_p0.3,4V-FB,converged,20,20,0.3,0.1,2.0299003336240213,39,1.973724570930954,2.8303747649709675e-12,19,19,0.3092532037787764,0.0,0.15418504719435572,0.5506608828369848,True,0.0035624300001018128,0.003427460000011706,0.00013497000009010662,6,5,1,1,16,19.166666666666668,20.0,0.0001921900000070309,5.672000042977743e-05,0.00034516000027906557,0.09688892140174012,3.1561461794019934,3.6094160195014464e-19,7.51961670729468e-21,0.3092532037787764,22.47002218082521,perturbed_saddle,2102.0,,,,,,,,quartic,1.3715321824940598,2.0299003322259135,-0.05617576129495938,0.0001,9.999999999998643e-05,True,,,,,
perturbed_quartic_n20_p0.3_eps1e-04_seed2103,exact_quartic_n20_p0.3,FB,converged,20,20,0.3,0.1,2.0299003335952803,7,2.029900332225914,3.744776887647823e-14,20,20,0.3092532037787764,0.0,-6.019698628456638e-12,-2.1498923673059266e-11,False,0.0006694599999264028,0.0005502299998170201,0.00011923000010938267,0,0,0,0,0,,,0.0,0.0,0.0,0.0,3.1561461794019934,,,,,perturbed_saddle,2103.0,,,,,,,,quartic,1.4791785581033025e-05,2.0299003322259135,4.440892098500626e-16,0.0001,9.999999999996748e-05,False,,,,,
perturbed_quartic_n20_p0.3_eps1e-04_seed2103,exact_quartic_n20_p0.3,DIRL1,converged,20,20,0.3,0.1,2.0299003335952803,1368,2.0299003322259135,2.3117705247152354e-15,20,20,0.3092532037787764,0.0,-5.868902586136926e-12,-2.096036637906045e-11,False,0.0442191530000855,0.017156788003148904,0.027062364996936594,0,0,0,0,0,,,0.0,0.0,0.0,0.0,3.1561461794019934,,,,,perturbed_saddle,2103.0,,,,,,,,quartic,1.4605784564333619e-05,2.0299003322259135,0.0,0.0001,9.999999999996748e-05,False,,,,,
perturbed_quartic_n20_p0.3_eps1e-04_seed2103,exact_quartic_n20_p0.3,DIRL2,converged,20,20,0.3,0.1,2.0299003335952803,263,2.0299003322259135,1.3619273347600235e-15,20,20,0.3092532037787764,0.0,-6.019143516944325e-12,-2.1496941131944017e-11,False,0.01547868800003016,0.003848780000453189,0.011629907999576972,0,0,0,0,0,,,0.0,0.0,0.0,0.0,3.1561461794019934,,,,,perturbed_saddle,2103.0,,,,,,,,quartic,1.4791473536226005e-05,2.0299003322259135,0.0,0.0001,9.999999999996748e-05,False,,,,,
perturbed_quartic_n20_p0.3_eps1e-04_seed2103,exact_quartic_n20_p0.3,4V-FB,converged,20,20,0.3,0.1,2.0299003335952803,39,1.973724570930954,2.8303044118908807e-12,19,19,0.3092532037787764,0.0,0.15418504719435572,0.5506608828369848,True,0.0035934589998305455,0.0034493489999931626,0.00014410999983738293,6,5,1,1,16,19.166666666666668,20.0,0.00018934000013359764,5.631000021821819e-05,0.0003418200005853578,0.09512283307016353,3.1561461794019934,3.6094160201317277e-19,7.519616708607766e-21,0.3092532037787764,22.47002218074323,perturbed_saddle,2103.0,,,,,,,,quartic,1.3715321824940598,2.0299003322259135,-0.05617576129495938,0.0001,9.999999999996748e-05,True,,,,,
perturbed_quartic_n20_p0.3_eps1e-04_seed2104,exact_quartic_n20_p0.3,FB,converged,20,20,0.3,0.1,2.0299003335165975,7,2.0299003322259135,3.6291570046552825e-14,20,20,0.3092532037787764,0.0,-2.1481705303472154e-11,-7.672037608382874e-11,False,0.0006852400001662318,0.000564990000157195,0.00012025000000903674,0,0,0,0,0,,,0.0,0.0,0.0,0.0,3.1561461794019934,,,,,perturbed_saddle,2104.0,,,,,,,,quartic,2.794322688169729e-05,2.0299003322259135,0.0,0.0001,9.999999999998877e-05,False,,,,,
perturbed_quartic_n20_p0.3_eps1e-04_seed2104,exact_quartic_n20_p0.3,DIRL1,converged,20,20,0.3,0.1,2.0299003335165975,1368,2.0299003322259135,2.2964650634583987e-15,20,20,0.3092532037787764,0.0,-2.094460715973412e-11,-7.480216842762185e-11,False,0.04436157300006016,0.01723307799829854,0.02712849500176162,0,0,0,0,0,,,0.0,0.0,0.0,0.0,3.1561461794019934,,,,,perturbed_saddle,2104.0,,,,,,,,quartic,2.7591845056494132e-05,2.0299003322259135,0.0,0.0001,9.999999999998877e-05,False,,,,,
perturbed_quartic_n20_p0.3_eps1e-04_seed2104,exact_quartic_n20_p0.3,DIRL2,converged,20,20,0.3,0.1,2.0299003335165975,263,2.029900332225914,1.3614729803404535e-15,20,20,0.3092532037787764,0.0,-2.1480553447084105e-11,-7.671626231101466e-11,False,0.01541679800016027,0.003817058999402434,0.011599739000757836,0,0,0,0,0,,,0.0,0.0,0.0,0.0,3.1561461794019934,,,,,perturbed_saddle,2104.0,,,,,,,,quartic,2.79426217731665e-05,2.0299003322259135,4.440892098500626e-16,0.0001,9.999999999998877e-05,False,,,,,
perturbed_quartic_n20_p0.3_eps1e-04_seed2104,exact_quartic_n20_p0.3,4V-FB,converged,20,20,0.3,0.1,2.0299003335165975,39,1.973724570930954,2.830234058810794e-12,19,19,0.3092532037787764,0.0,0.15418504719435572,0.5506608828369848,True,0.0035600689998318558,0.0034268990000327904,0.0001331699997990654,6,5,1,1,16,19.166666666666668,20.0,0.00019163000001753971,5.55999999960477e-05,0.00034286999994037615,0.09630993105936152,3.1561461794019934,3.6094160218572083e-19,7.519616712202517e-21,0.3092532037787764,22.470022180518782,perturbed_saddle,2104.0,,,,,,,,quartic,1.37153218249406,2.0299003322259135,-0.05617576129495938,0.0001,9.999999999998877e-05,True,,,,,
perturbed_quartic_n20_p0.3_eps1e-04_seed2105,exact_quartic_n20_p0.3,FB,converged,20,20,0.3,0.1,2.0299003335779866,7,2.0299003322259135,3.7302129237794715e-14,20,20,0.3092532037787764,0.0,-9.417702728775623e-12,-3.363465260276989e-11,False,0.0006855000001451117,0.0005647500001941808,0.00012074999995093094,0,0,0,0,0,,,0.0,0.0,0.0,0.0,3.1561461794019934,,,,,perturbed_saddle,2105.0,,,,,,,,quartic,1.850221682944967e-05,2.0299003322259135,0.0,0.0001,9.99999999999731e-05,False,,,,,
perturbed_quartic_n20_p0.3_eps1e-04_seed2105,exact_quartic_n20_p0.3,DIRL1,converged,20,20,0.3,0.1,2.0299003335779866,1368,2.029900332225914,2.323516316619449e-15,20,20,0.3092532037787764,0.0,-9.182557492160015e-12,-3.2794848186285763e-11,False,0.04466664400024456,0.017557677000922922,0.027108966999321638,0,0,0,0,0,,,0.0,0.0,0.0,0.0,3.1561461794019934,,,,,perturbed_saddle,2105.0,,,,,,,,quartic,1.8269529501539556e-05,2.0299003322259135,4.440892098500626e-16,0.0001,9.99999999999731e-05,False,,,,,
perturbed_quartic_n20_p0.3_eps1e-04_seed2105,exact_quartic_n20_p0.3,DIRL2,converged,20,20,0.3,0.1,2.0299003335779866,263,2.0299003322259135,1.39602565407759e-15,20,20,0.3092532037787764,0.0,-9.41753619532193e-12,-3.363405784043546e-11,False,0.015403947000095286,0.0038357480004833633,0.011568198999611923,0,0,0,0,0,,,0.0,0.0,0.0,0.0,3.1561461794019934,,,,,perturbed_saddle,2105.0,,,,,,,,quartic,1.8501757587140087e-05,2.0299003322259135,0.0,0.0001,9.99999999999731e-05,False,,,,,
perturbed_quartic_n20_p0.3_eps1e-04_seed2105,exact_quartic_n20_p0.3,4V-FB,converged,20,20,0.3,0.1,2.0299003335779866,39,1.973724570930954,2.8303044118908807e-12,19,19,0.3092532037787764,0.0,0.15418504719435572,0.5506608828369848,True,0.0035893099998247635,0.003441759999986971,0.0001475499998377927,6,5,1,1,16,19.166666666666668,20.0,0.00019276000011814176,5.656000030285213e-05,0.0003467400001682108,0.09660352552026415,3.1561461794019934,3.6094160205109674e-19,7.519616709397848e-21,0.3092532037787764,22.470022180693896,perturbed_saddle,2105.0,,,,,,,,quartic,1.3715321824940598,2.0299003322259135,-0.05617576129495938,0.0001,9.99999999999731e-05,True,,,,,
perturbed_quartic_n20_p0.3_eps1e-05_seed2101,exact_quartic_n20_p0.3,FB,converged,20,20,0.3,0.1,2.0299003322377,6,2.029900332225914,6.486214418489518e-14,20,20,0.3092532037787764,0.0,-4.35457225833602e-13,-1.5552043779771258e-12,False,0.0006108690001838113,0.0004910390000532061,0.00011983000013060519,0,0,0,0,0,,,0.0,0.0,0.0,0.0,3.1561461794019934,,,,,perturbed_saddle,2101.0,,,,,,,,quartic,3.976353690573388e-06,2.0299003322259135,4.440892098500626e-16,1e-05,9.999999999984248e-06,False,,,,,
perturbed_quartic_n20_p0.3_eps1e-05_seed2101,exact_quartic_n20_p0.3,DIRL1,converged,20,20,0.3,0.1,2.0299003322377,1368,2.029900332225914,2.316849876310766e-15,20,20,0.3092532037787764,0.0,-4.2407743983119417e-13,-1.5145622851114076e-12,False,0.04492612399985774,0.017284868002207077,0.02764125599765066,0,0,0,0,0,,,0.0,0.0,0.0,0.0,3.1561461794019934,,,,,perturbed_saddle,2101.0,,,,,,,,quartic,3.92634974416581e-06,2.0299003322259135,4.440892098500626e-16,1e-05,9.999999999984248e-06,False,,,,,
perturbed_quartic_n20_p0.3_eps1e-05_seed2101,exact_quartic_n20_p0.3,DIRL2,converged,20,20,0.3,0.1,2.0299003322377,263,2.029900332225914,1.3884711067798838e-15,20,20,0.3092532037787764,0.0,-4.349576254725207e-13,-1.553420090973288e-12,False,0.015595386999848415,0.0038490590009132575,0.011746327998935158,0,0,0,0,0,,,0.0,0.0,0.0,0.0,3.1561461794019934,,,,,perturbed_saddle,2101.0,,,,,,,,quartic,3.976263106679628e-06,2.0299003322259135,4.440892098500626e-16,1e-05,9.999999999984248e-06,False,,,,,
perturbed_quartic_n20_p0.3_eps1e-05_seed2101,exact_quartic_n20_p0.3,4V-FB,converged,20,20,0.3,0.1,2.0299003322377,39,1.973724570930954,2.8303747649709675e-12,19,19,0.3092532037787764,0.0,0.15418504719435572,0.5506608828369848,True,0.0036089099999117025,0.0034730699999272474,0.00013583999998445506,6,5,1,1,16,19.166666666666668,20.0,0.00019944000018767838,5.633000000671018e-05,0.0003527300000314426,0.09773865240199194,3.1561461794019934,3.6094160499029276e-19,7.5196167706311e-21,0.3092532037787764,22.47002217687063,perturbed_saddle,2101.0,,,,,,,,quartic,1.3715321824940598,2.0299003322259135,-0.05617576129495938,1e-05,9.999999999984248e-06,True,,,,,
perturbed_quartic_n20_p0.3_eps1e-05_seed2102,exact_quartic_n20_p0.3,FB,converged,20,20,0.3,0.1,2.0299003322398943,6,2.0299003322259135,7.070520425200364e-14,20,20,0.3092532037787764,0.0,-4.385380947269368e-15,-1.5662074811676064e-14,False,0.0006096300000990595,0.0004786500001046079,0.00013097999999445165,0,0,0,0,0,,,0.0,0.0,0.0,0.0,3.1561461794019934,,,,,perturbed_saddle,2102.0,,,,,,,,quartic,3.6780397733395933e-07,2.0299003322259135,0.0,1e-05,1.0000000000001451e-05,False,,,,,
perturbed_quartic_n20_p0.3_eps1e-05_seed2102,exact_quartic_n20_p0.3,DIRL1,converged,20,20,0.3,0.1,2.0299003322398943,1368,2.0299003322259135,2.3306946551985862e-15,20,20,0.3092532037787764,0.0,-3.566591466608315e-15,-1.2737826666458268e-14,False,0.04470905299990591,0.017425355999648673,0.027283697000257234,0,0,0,0,0,,,0.0,0.0,0.0,0.0,3.1561461794019934,,,,,perturbed_saddle,2102.0,,,,,,,,quartic,3.6317873349623707e-07,2.0299003322259135,0.0,1e-05,1.0000000000001451e-05,False,,,,,
perturbed_quartic_n20_p0.3_eps1e-05_seed2102,exact_quartic_n20_p0.3,DIRL2,converged,20,20,0.3,0.1,2.0299003322398943,263,2.0299003322259135,1.3817710301714956e-15,20,20,0.3092532037787764,0.0,-3.7192471324942744e-15,-1.3283025473193835e-14,False,0.01546171800009688,0.0038419599998178455,0.011619758000279035,0,0,0,0,0,,,0.0,0.0,0.0,0.0,3.1561461794019934,,,,,perturbed_saddle,2102.0,,,,,,,,quartic,3.677956236569568e-07,2.0299003322259135,0.0,1e-05,1.0000000000001451e-05,False,,,,,
perturbed_quartic_n20_p0.3_eps1e-05_seed2102,exact_quartic_n20_p0.3,4V-FB,converged,20,20,0.3,0.1,2.0299003322398943,39,1.973724570930954,2.8303747649709675e-12,19,19,0.3092532037787764,0.0,0.15418504719435572,0.5506608828369848,True,0.003595929000084652,0.0034623090000422962,0.00013362000004235597,6,5,1,1,16,19.166666666666668,20.0,0.0001966799998172064,5.635000002257584e-05,0.0003517800003010052,0.09782729311193962,3.1561461794019934,3.609416049854812e-19,7.519616770530858e-21,0.3092532037787764,22.47002217687688,perturbed_saddle,2102.0,,,,,,,,quartic,1.3715321824940596,2.0299003322259135,-0.05617576129495938,1e-05,1.0000000000001451e-05,True,,,,,
perturbed_quartic_n20_p0.3_eps1e-05_seed2103,exact_quartic_n20_p0.3,FB,converged,20,20,0.3,0.1,2.0299003322396074,6,2.0299003322259135,7.001351935149856e-14,20,20,0.3092532037787764,0.0,-6.075695502261169e-14,-2.169891250807531e-13,False,0.0006100699999933568,0.0004893600000741571,0.00012070999991919962,0,0,0,0,0,,,0.0,0.0,0.0,0.0,3.1561461794019934,,,,,perturbed_saddle,2103.0,,,,,,,,quartic,1.4791784975837823e-06,2.0299003322259135,0.0,1e-05,1.0000000000030841e-05,False,,,,,
perturbed_quartic_n20_p0.3_eps1e-05_seed2103,exact_quartic_n20_p0.3,DIRL1,converged,20,20,0.3,0.1,2.0299003322396074,1368,2.0299003322259135,2.3444576776263852e-15,20,20,0.3092532037787764,0.0,-5.866140906363171e-14,-2.0950503237011323e-13,False,0.044960642999967604,0.017460777001133465,0.02749986599883414,0,0,0,0,0,,,0.0,0.0,0.0,0.0,3.1561461794019934,,,,,perturbed_saddle,2103.0,,,,,,,,quartic,1.460577378517473e-06,2.0299003322259135,0.0,1e-05,1.0000000000030841e-05,False,,,,,
perturbed_quartic_n20_p0.3_eps1e-05_seed2103,exact_quartic_n20_p0.3,DIRL2,converged,20,20,0.3,0.1,2.0299003322396074,263,2.0299003322259135,1.366915265782852e-15,20,20,0.3092532037787764,0.0,-6.017408793468348e-14,-2.1490745690958386e-13,False,0.015407798000069306,0.0038549800003693235,0.011552817999699982,0,0,0,0,0,,,0.0,0.0,0.0,0.0,3.1561461794019934,,,,,perturbed_saddle,2103.0,,,,,,,,quartic,1.47914485521265e-06,2.0299003322259135,0.0,1e-05,1.0000000000030841e-05,False,,,,,
perturbed_quartic_n20_p0.3_eps1e-05_seed2103,exact_quartic_n20_p0.3,4V-FB,converged,20,20,0.3,0.1,2.0299003322396074,39,1.973724570930954,2.8303747649709675e-12,19,19,0.3092532037787764,0.0,0.15418504719435572,0.5506608828369848,True,0.0036036290002812166,0.0034648990001642233,0.00013873000011699332,6,5,1,1,16,19.166666666666668,20.0,0.00020041999982822745,5.723999970541627e-05,0.0003553200001533696,0.09860060514710074,3.1561461794019934,3.609416049861106e-19,7.519616770543971e-21,0.3092532037787764,22.470022176876064,perturbed_saddle,2103.0,,,,,,,,quartic,1.3715321824940596,2.0299003322259135,-0.05617576129495938,1e-05,1.0000000000030841e-05,True,,,,,
perturbed_quartic_n20_p0.3_eps1e-05_seed2104,exact_quartic_n20_p0.3,FB,converged,20,20,0.3,0.1,2.02990033223882,6,2.029900332225913,6.788634785803436e-14,20,20,0.3092532037787764,0.0,-2.152167333235866e-13,-7.686311904413733e-13,False,0.0006115300000146817,0.00047741999992467754,0.00013411000009000418,0,0,0,0,0,,,0.0,0.0,0.0,0.0,3.1561461794019934,,,,,perturbed_saddle,2104.0,,,,,,,,quartic,2.7943226085403053e-06,2.0299003322259135,-4.440892098500626e-16,1e-05,1.0000000000060132e-05,False,,,,,
perturbed_quartic_n20_p0.3_eps1e-05_seed2104,exact_quartic_n20_p0.3,DIRL1,converged,20,20,0.3,0.1,2.02990033223882,1368,2.0299003322259135,2.305070114922007e-15,20,20,0.3092532037787764,0.0,-2.0938806244430452e-13,-7.47814508729659e-13,False,0.044336363999946116,0.017330477002815314,0.0270058869971308,0,0,0,0,0,,,0.0,0.0,0.0,0.0,3.1561461794019934,,,,,perturbed_saddle,2104.0,,,,,,,,quartic,2.7591830728594274e-06,2.0299003322259135,0.0,1e-05,1.0000000000060132e-05,False,,,,,
perturbed_quartic_n20_p0.3_eps1e-05_seed2104,exact_quartic_n20_p0.3,DIRL2,converged,20,20,0.3,0.1,2.02990033223882,263,2.0299003322259135,1.366915265782852e-15,20,20,0.3092532037787764,0.0,-2.1480039968935216e-13,-7.67144284604829e-13,False,0.015316767000058462,0.003797848999283815,0.011518918000774647,0,0,0,0,0,,,0.0,0.0,0.0,0.0,3.1561461794019934,,,,,perturbed_saddle,2104.0,,,,,,,,quartic,2.7942588986630843e-06,2.0299003322259135,0.0,1e-05,1.0000000000060132e-05,False,,,,,
perturbed_quartic_n20_p0.3_eps1e-05_seed2104,exact_quartic_n20_p0.3,4V-FB,converged,20,20,0.3,0.1,2.02990033223882,39,1.973724570930954,2.8303747649709675e-12,19,19,0.3092532037787764,0.0,0.15418504719435572,0.5506608828369848,True,0.0035672299998168455,0.0034316799999487557,0.0001355499998680898,6,5,1,1,16,19.166666666666668,20.0,0.00019501000019772619,5.5709999969622004e-05,0.0003472299997611117,0.09733883146837735,3.1561461794019934,3.6094160498783705e-19,7.519616770579939e-21,0.3092532037787764,22.47002217687382,perturbed_saddle,2104.0,,,,,,,,quartic,1.3715321824940598,2.0299003322259135,-0.05617576129495938,1e-05,1.0000000000060132e-05,True,,,,,
perturbed_quartic_n20_p0.3_eps1e-05_seed2105,exact_quartic_n20_p0.3,FB,converged,20,20,0.3,0.1,2.0299003322394342,6,2.029900332225913,6.946895544122261e-14,20,20,0.3092532037787764,0.0,-9.361955655151633e-14,-3.3435555911255465e-13,False,0.0005942089999280142,0.00047468899992964,0.00011951999999837426,0,0,0,0,0,,,0.0,0.0,0.0,0.0,3.1561461794019934,,,,,perturbed_saddle,2105.0,,,,,,,,quartic,1.8502217612448547e-06,2.0299003322259135,-4.440892098500626e-16,1e-05,9.999999999974734e-06,False,,,,,
perturbed_quartic_n20_p0.3_eps1e-05_seed2105,exact_quartic_n20_p0.3,DIRL1,converged,20,20,0.3,0.1,2.0299003322394342,1368,2.0299003322259135,2.3245811729157808e-15,20,20,0.3092532037787764,0.0,-9.178768856088482e-14,-3.2781317343173145e-13,False,0.04423276399984388,0.017254538998940916,0.026978225000902967,0,0,0,0,0,,,0.0,0.0,0.0,0.0,3.1561461794019934,,,,,perturbed_saddle,2105.0,,,,,,,,quartic,1.826954353062356e-06,2.0299003322259135,0.0,1e-05,9.999999999974734e-06,False,,,,,
perturbed_quartic_n20_p0.3_eps1e-05_seed2105,exact_quartic_n20_p0.3,DIRL2,converged,20,20,0.3,0.1,2.0299003322394342,263,2.029900332225914,1.3942517961132658e-15,20,20,0.3092532037787764,0.0,-9.414691248821327e-14,-3.3623897317219025e-13,False,0.015349078000099325,0.003816328999846519,0.011532749000252807,0,0,0,0,0,,,0.0,0.0,0.0,0.0,3.1561461794019934,,,,,perturbed_saddle,2105.0,,,,,,,,quartic,1.8501789901991655e-06,2.0299003322259135,4.440892098500626e-16,1e-05,9.999999999974734e-06,False,,,,,
perturbed_quartic_n20_p0.3_eps1e-05_seed2105,exact_quartic_n20_p0.3,4V-FB,converged,20,20,0.3,0.1,2.0299003322394342,39,1.973724570930954,2.8303747649709675e-12,19,19,0.3092532037787764,0.0,0.15418504719435572,0.5506608828369848,True,0.003563019000011991,0.0034298890000172833,0.00013312999999470776,6,5,1,1,16,19.166666666666668,20.0,0.00018879000003835245,5.64499996471568e-05,0.00034114000004592526,0.09574464802033814,3.1561461794019934,3.6094160498649006e-19,7.519616770551876e-21,0.3092532037787764,22.470022176875574,perturbed_saddle,2105.0,,,,,,,,quartic,1.3715321824940596,2.0299003322259135,-0.05617576129495938,1e-05,9.999999999974734e-06,True,,,,,
perturbed_quartic_n20_p0.5_eps1e-02_seed2101,exact_quartic_n20_p0.5,FB,max_iter,20,20,0.5,0.1,2.111119531502716,10000,2.1111111111104957,6.874067716745443e-10,20,20,0.2814042998265344,0.0,-4.6055107303516474e-07,-2.302755365175824e-06,False,0.9338940629997978,0.9337413329999436,0.00015272999985427305,0,0,0,0,0,,,0.0,0.0,0.0,0.0,4.222222222222222,,,,,perturbed_saddle,2101.0,,,,,,,,quartic,0.004005088025583072,2.111111111111111,-6.155076448521868e-13,0.01,0.009999999999999938,False,,,,,
perturbed_quartic_n20_p0.5_eps1e-02_seed2101,exact_quartic_n20_p0.5,DIRL1,max_iter,20,20,0.5,0.1,2.111119531502716,10000,2.111111111110553,6.388509125704637e-10,20,20,0.2814042998265344,0.0,-4.385993597477711e-07,-2.1929967987388554e-06,False,0.13613614900009452,0.1264637520018823,0.009672396998212207,0,0,0,0,0,,,0.0,0.0,0.0,0.0,4.222222222222222,,,,,perturbed_saddle,2101.0,,,,,,,,quartic,0.003908474937201318,2.111111111111111,-5.582201367815287e-13,0.01,0.009999999999999938,False,,,,,
perturbed_quartic_n20_p0.5_eps1e-02_seed2101,exact_quartic_n20_p0.5,DIRL2,max_iter,20,20,0.5,0.1,2.111119531502716,10000,2.11111111111051,6.753633843997265e-10,20,20,0.2814042998265344,0.0,-4.5515543935226166e-07,-2.2757771967613083e-06,False,0.14782479899986356,0.13819479100061471,0.009630007999248846,0,0,0,0,0,,,0.0,0.0,0.0,0.0,4.222222222222222,,,,,perturbed_saddle,2101.0,,,,,,,,quartic,0.0039815586754500506,2.111111111111111,-6.012967901369848e-13,0.01,0.009999999999999938,False,,,,,
perturbed_quartic_n20_p0.5_eps1e-02_seed2101,exact_quartic_n20_p0.5,4V-FB,converged,20,20,0.5,0.1,2.111119531502716,41,2.0770700887391613,4.167666212140375e-12,19,19,0.2814042998265344,0.0,0.11553371466234685,0.5776685733117344,True,0.00466669900015404,0.0045085490000928985,0.00015815000006114133,6,5,1,1,15,19.166666666666668,20.0,0.0002209300005233672,6.0820000271633035e-05,0.000378530000716637,0.0811130095821784,4.222222222222222,2.4970844404198363e-12,5.202259250874659e-14,0.2814042998265344,15.81099791610132,perturbed_saddle,2101.0,,,,,,,,quartic,1.3524877497784535,2.111111111111111,-0.034041022371949836,0.01,0.009999999999999938,True,,,,,
perturbed_quartic_n20_p0.5_eps1e-02_seed2102,exact_quartic_n20_p0.5,FB,converged,20,20,0.5,0.1,2.1111210990883023,8,2.1111111111111107,5.734597561133366e-13,20,20,0.2814042998265344,0.0,-3.884075533422404e-09,-1.9420377667110178e-08,False,0.0009316900000158057,0.0007915000001048611,0.0001401899999109446,0,0,0,0,0,,,0.0,0.0,0.0,0.0,4.222222222222222,,,,,perturbed_saddle,2102.0,,,,,,,,quartic,0.0003678069780999834,2.111111111111111,-4.440892098500626e-16,0.01,0.009999999999999926,False,,,,,
perturbed_quartic_n20_p0.5_eps1e-02_seed2102,exact_quartic_n20_p0.5,DIRL1,converged,20,20,0.5,0.1,2.1111210990883023,1400,2.1111111111111107,5.037116722193501e-13,20,20,0.2814042998265344,0.0,-3.743152988955334e-09,-1.8715764944776666e-08,False,0.018602886999815382,0.017126686999063168,0.0014762000007522147,0,0,0,0,0,,,0.0,0.0,0.0,0.0,4.222222222222222,,,,,perturbed_saddle,2102.0,,,,,,,,quartic,0.0003610730523603673,2.111111111111111,-4.440892098500626e-16,0.01,0.009999999999999926,False,,,,,
perturbed_quartic_n20_p0.5_eps1e-02_seed2102,exact_quartic_n20_p0.5,DIRL2,converged,20,20,0.5,0.1,2.1111210990883023,300,2.1111111111111107,5.329193988957386e-13,20,20,0.2814042998265344,0.0,-3.886481962644961e-09,-1.9432409813224805e-08,False,0.004441428999825803,0.004013508999832993,0.0004279199999928096,0,0,0,0,0,,,0.0,0.0,0.0,0.0,4.222222222222222,,,,,perturbed_saddle,2102.0,,,,,,,,quartic,0.0003679210323809787,2.111111111111111,-4.440892098500626e-16,0.01,0.009999999999999926,False,,,,,
perturbed_quartic_n20_p0.5_eps1e-02_seed2102,exact_quartic_n20_p0.5,4V-FB,converged,20,20,0.5,0.1,2.1111210990883023,41,2.0770700887391613,4.1907530077735015e-12,19,19,0.2814042998265344,0.0,0.11553371466234544,0.5776685733117273,True,0.004585679999991044,0.004430979999824558,0.00015470000016648555,6,5,1,1,15,19.166666666666668,20.0,0.00021336000054361648,5.3649999699700857e-05,0.00036545999955706066,0.07969592286373546,4.222222222222222,2.4970714775745868e-12,5.202232244947056e-14,0.2814042998265344,15.811000493093148,perturbed_saddle,2102.0,,,,,,,,quartic,1.3524877497783243,2.111111111111111,-0.034041022371949836,0.01,0.009999999999999926,True,,,,,
perturbed_quartic_n20_p0.5_eps1e-02_seed2103,exact_quartic_n20_p0.5,FB,max_iter,20,20,0.5,0.1,2.1111208910792185,10000,2.1111111111110996,3.473230309597053e-11,20,20,0.2814042998265344,0.0,-6.294408035761867e-08,-3.147204017880934e-07,False,0.923633973999813,0.9234805849998793,0.00015338899993366795,0,0,0,0,0,,,0.0,0.0,0.0,0.0,4.222222222222222,,,,,perturbed_saddle,2103.0,,,,,,,,quartic,0.0014806531311613844,2.111111111111111,-1.1546319456101628e-14,0.01,0.010000000000000047,False,,,,,
perturbed_quartic_n20_p0.5_eps1e-02_seed2103,exact_quartic_n20_p0.5,DIRL1,max_iter,20,20,0.5,0.1,2.1111208910792185,10000,2.1111111111111005,3.2777638894556867e-11,20,20,0.2814042998265344,0.0,-6.055974644675333e-08,-3.0279873223376663e-07,False,0.13409326099986174,0.12447664399974201,0.009616617000119732,0,0,0,0,0,,,0.0,0.0,0.0,0.0,4.222222222222222,,,,,perturbed_saddle,2103.0,,,,,,,,quartic,0.0014523387533605994,2.111111111111111,-1.0658141036401503e-14,0.01,0.010000000000000047,False,,,,,
perturbed_quartic_n20_p0.5_eps1e-02_seed2103,exact_quartic_n20_p0.5,DIRL2,max_iter,20,20,0.5,0.1,2.1111208910792185,10000,2.1111111111110996,3.467238438359682e-11,20,20,0.2814042998265344,0.0,-6.287164278778734e-08,-3.143582139389367e-07,False,0.14789212800019413,0.13828933199965832,0.009602796000535818,0,0,0,0,0,,,0.0,0.0,0.0,0.0,4.222222222222222,,,,,perturbed_saddle,2103.0,,,,,,,,quartic,0.0014798009247831798,2.111111111111111,-1.1546319456101628e-14,0.01,0.010000000000000047,False,,,,,
perturbed_quartic_n20_p0.5_eps1e-02_seed2103,exact_quartic_n20_p0.5,4V-FB,converged,20,20,0.5,0.1,2.1111208910792185,41,2.0770700887391618,4.183758602718363e-12,19,19,0.2814042998265344,0.0,0.11553371466234587,0.5776685733117295,True,0.0046030290000089735,0.004440428999942014,0.00016260000006695918,6,5,1,1,15,19.166666666666668,20.0,0.00021217000016804377,5.3099999831829336e-05,0.00036178000004838395,0.07859607229232722,4.222222222222222,2.4970731976609734e-12,5.202235828460361e-14,0.2814042998265344,15.811000151142098,perturbed_saddle,2103.0,,,,,,,,quartic,1.352487749778364,2.111111111111111,-0.03404102237194939,0.01,0.010000000000000047,True,,,,,
perturbed_quartic_n20_p0.5_eps1e-02_seed2104,exact_quartic_n20_p0.5,FB,max_iter,20,20,0.5,0.1,2.111120329452591,10000,2.1111111111109633,2.359518355370375e-10,20,20,0.2814042998265344,0.0,-2.2577852043514923e-07,-1.1288926021757464e-06,False,0.9230047739999918,0.9228501939999205,0.00015458000007129158,0,0,0,0,0,,,0.0,0.0,0.0,0.0,4.222222222222222,,,,,perturbed_saddle,2104.0,,,,,,,,quartic,0.00280424582398376,2.111111111111111,-1.4788170688007085e-13,0.01,0.01000000000000017,False,,,,,
perturbed_quartic_n20_p0.5_eps1e-02_seed2104,exact_quartic_n20_p0.5,DIRL1,max_iter,20,20,0.5,0.1,2.111120329452591,10000,2.1111111111109753,2.2125792893126042e-10,20,20,0.2814042998265344,0.0,-2.1630481059770057e-07,-1.0815240529885028e-06,False,0.13263639100000546,0.12303289400028916,0.009603496999716299,0,0,0,0,0,,,0.0,0.0,0.0,0.0,4.222222222222222,,,,,perturbed_saddle,2104.0,,,,,,,,quartic,0.0027447824826334626,2.111111111111111,-1.3589129821411916e-13,0.01,0.01000000000000017,False,,,,,
perturbed_quartic_n20_p0.5_eps1e-02_seed2104,exact_quartic_n20_p0.5,DIRL2,max_iter,20,20,0.5,0.1,2.111120329452591,10000,2.1111111111109646,2.3395961353055896e-10,20,20,0.2814042998265344,0.0,-2.2450572647464417e-07,-1.1225286323732209e-06,False,0.1446541879997767,0.13505242000042017,0.009601767999356525,0,0,0,0,0,,,0.0,0.0,0.0,0.0,4.222222222222222,,,,,perturbed_saddle,2104.0,,,,,,,,quartic,0.002796330596076372,2.111111111111111,-1.4654943925052066e-13,0.01,0.01000000000000017,False,,,,,
perturbed_quartic_n20_p0.5_eps1e-02_seed2104,exact_quartic_n20_p0.5,4V-FB,converged,20,20,0.5,0.1,2.111120329452591,41,2.0770700887391613,4.1752916913358266e-12,19,19,0.2814042998265344,0.0,0.1155337146623464,0.5776685733117322,True,0.004553170000235696,0.004385710000178733,0.0001674600000569626,6,5,1,1,15,19.166666666666668,20.0,0.0002023700001245743,5.259999966256146e-05,0.0003485999995973543,0.07656204349481988,4.222222222222222,2.4970778419183554e-12,5.202245503996574e-14,0.2814042998265344,15.81099922787064,perturbed_saddle,2104.0,,,,,,,,quartic,1.3524877497784114,2.111111111111111,-0.034041022371949836,0.01,0.01000000000000017,True,,,,,
perturbed_quartic_n20_p0.5_eps1e-02_seed2105,exact_quartic_n20_p0.5,FB,max_iter,20,20,0.5,0.1,2.1111207677025523,10000,2.1111111111110827,6.808536337579265e-11,20,20,0.2814042998265344,0.0,-9.859057400335436e-08,-4.929528700167719e-07,False,0.920491353999978,0.9203405339999335,0.00015082000004440488,0,0,0,0,0,,,0.0,0.0,0.0,0.0,4.222222222222222,,,,,perturbed_saddle,2105.0,,,,,,,,quartic,0.001853076450959542,2.111111111111111,-2.842170943040401e-14,0.01,0.01000000000000002,False,,,,,
perturbed_quartic_n20_p0.5_eps1e-02_seed2105,exact_quartic_n20_p0.5,DIRL1,max_iter,20,20,0.5,0.1,2.1111207677025523,10000,2.111111111111085,6.41203684796395e-11,20,20,0.2814042998265344,0.0,-9.472475603206076e-08,-4.736237801603038e-07,False,0.13497652000000926,0.12537085300027684,0.00960566699973242,0,0,0,0,0,,,0.0,0.0,0.0,0.0,4.222222222222222,,,,,perturbed_saddle,2105.0,,,,,,,,quartic,0.001816382953885381,2.111111111111111,-2.6201263381153694e-14,0.01,0.01000000000000002,False,,,,,
perturbed_quartic_n20_p0.5_eps1e-02_seed2105,exact_quartic_n20_p0.5,DIRL2,max_iter,20,20,0.5,0.1,2.1111207677025523,10000,2.1111111111110827,6.774730476513951e-11,20,20,0.2814042998265344,0.0,-9.826393566197966e-08,-4.913196783098983e-07,False,0.14693614899965723,0.13727087999859577,0.00966526900106146,0,0,0,0,0,,,0.0,0.0,0.0,0.0,4.222222222222222,,,,,perturbed_saddle,2105.0,,,,,,,,quartic,0.0018500042641349755,2.111111111111111,-2.842170943040401e-14,0.01,0.01000000000000002,False,,,,,
perturbed_quartic_n20_p0.5_eps1e-02_seed2105,exact_quartic_n20_p0.5,4V-FB,converged,20,20,0.5,0.1,2.1111207677025523,41,2.0770700887391613,4.181339485180495e-12,19,19,0.2814042998265344,0.0,0.11553371466234602,0.5776685733117303,True,0.004528529000026538,0.004374239000071611,0.00015428999995492632,6,5,1,1,15,19.166666666666668,20.0,0.0002043000001776818,5.1880000000892323e-05,0.00034984999979315035,0.07725466697709128,4.222222222222222,2.4970742178984214e-12,5.2022379539550444e-14,0.2814042998265344,15.810999948320264,perturbed_saddle,2105.0,,,,,,,,quartic,1.3524877497783772,2.111111111111111,-0.034041022371949836,0.01,0.01000000000000002,True,,,,,
perturbed_quartic_n20_p0.5_eps1e-03_seed2101,exact_quartic_n20_p0.5,FB,converged,20,20,0.5,0.1,2.1111111953012576,7,2.1111111111111116,7.583833045011709e-13,20,20,0.2814042998265344,0.0,-4.539607460773976e-09,-2.2698037303866146e-08,False,0.0008407399998304754,0.0007001999999829422,0.00014053999984753318,0,0,0,0,0,,,0.0,0.0,0.0,0.0,4.222222222222222,,,,,perturbed_saddle,2101.0,,,,,,,,quartic,0.0003976356092698402,2.111111111111111,4.440892098500626e-16,0.001,0.0010000000000000135,False,,,,,
perturbed_quartic_n20_p0.5_eps1e-03_seed2101,exact_quartic_n20_p0.5,DIRL1,converged,20,20,0.5,0.1,2.1111111953012576,1400,2.111111111111111,6.361875105380711e-13,20,20,0.2814042998265344,0.0,-4.3738154348327285e-09,-2.186907717416364e-08,False,0.01859695700022712,0.017125268000199867,0.0014716890000272542,0,0,0,0,0,,,0.0,0.0,0.0,0.0,4.222222222222222,,,,,perturbed_saddle,2101.0,,,,,,,,quartic,0.00039030715343345225,2.111111111111111,0.0,0.001,0.0010000000000000135,False,,,,,
perturbed_quartic_n20_p0.5_eps1e-03_seed2101,exact_quartic_n20_p0.5,DIRL2,converged,20,20,0.5,0.1,2.1111111953012576,300,2.1111111111111107,6.726659577102313e-13,20,20,0.2814042998265344,0.0,-4.5394734499160094e-09,-2.2697367249580047e-08,False,0.004450938999980281,0.004020599000114089,0.00043033999986619165,0,0,0,0,0,,,0.0,0.0,0.0,0.0,4.222222222222222,,,,,perturbed_saddle,2101.0,,,,,,,,quartic,0.000397629890273052,2.111111111111111,-4.440892098500626e-16,0.001,0.0010000000000000135,False,,,,,
perturbed_quartic_n20_p0.5_eps1e-03_seed2101,exact_quartic_n20_p0.5,4V-FB,converged,20,20,0.5,0.1,2.1111111953012576,40,2.0770700887391613,4.190647828750116e-12,19,19,0.2814042998265344,0.0,0.11553371466234544,0.5776685733117273,True,0.004442720000042755,0.004288190000124814,0.00015452999991794059,6,5,1,1,15,19.166666666666668,20.0,0.00019808999991255405,6.253000015021826e-05,0.0003564399999049783,0.08023012926800431,4.222222222222222,2.4971533763142168e-12,5.202402867321285e-14,0.2814042998265344,15.810984211986206,perturbed_saddle,2101.0,,,,,,,,quartic,1.3524877497783252,2.111111111111111,-0.034041022371949836,0.001,0.0010000000000000135,True,,,,,
perturbed_quartic_n20_p0.5_eps1e-03_seed2102,exact_quartic_n20_p0.5,FB,converged,20,20,0.5,0.1,2.1111112109773416,7,2.111111111111111,3.811047408549617e-13,20,20,0.2814042998265344,0.0,-3.884511462493023e-11,-1.9422557312461818e-10,False,0.0008352499999091378,0.0006961199999295786,0.00013912999997955922,0,0,0,0,0,,,0.0,0.0,0.0,0.0,4.222222222222222,,,,,perturbed_saddle,2102.0,,,,,,,,quartic,3.678042738893347e-05,2.111111111111111,0.0,0.001,0.0010000000000000406,False,,,,,
perturbed_quartic_n20_p0.5_eps1e-03_seed2102,exact_quartic_n20_p0.5,DIRL1,converged,20,20,0.5,0.1,2.1111112109773416,1368,2.1111111111111103,2.5700349627010404e-15,20,20,0.2814042998265344,0.0,-3.7421829524042494e-11,-1.8710914762021242e-10,False,0.04897693300017636,0.017274906999546147,0.03170202600063021,0,0,0,0,0,,,0.0,0.0,0.0,0.0,4.222222222222222,,,,,perturbed_saddle,2102.0,,,,,,,,quartic,3.610264886569391e-05,2.111111111111111,-8.881784197001252e-16,0.001,0.0010000000000000406,False,,,,,
perturbed_quartic_n20_p0.5_eps1e-03_seed2102,exact_quartic_n20_p0.5,DIRL2,converged,20,20,0.5,0.1,2.1111112109773416,263,2.1111111111111107,1.3374185944009307e-15,20,20,0.2814042998265344,0.0,-3.883985494335107e-11,-1.9419927471675535e-10,False,0.01589585800002169,0.0037824199994247465,0.012113438000596943,0,0,0,0,0,,,0.0,0.0,0.0,0.0,4.222222222222222,,,,,perturbed_saddle,2102.0,,,,,,,,quartic,3.678028919732373e-05,2.111111111111111,-4.440892098500626e-16,0.001,0.0010000000000000406,False,,,,,
perturbed_quartic_n20_p0.5_eps1e-03_seed2102,exact_quartic_n20_p0.5,4V-FB,converged,20,20,0.5,0.1,2.1111112109773416,40,2.0770700887391613,4.192961767264598e-12,19,19,0.2814042998265344,0.0,0.1155337146623453,0.5776685733117266,True,0.004424448999998276,0.004268378999995548,0.0001560700000027282,6,5,1,1,15,19.166666666666668,20.0,0.00019487999998091254,6.259000019781524e-05,0.0003518700004860875,0.07952854705438454,4.222222222222222,2.497153246679408e-12,5.2024025972487665e-14,0.2814042998265344,15.81098423775661,perturbed_saddle,2102.0,,,,,,,,quartic,1.3524877497783123,2.111111111111111,-0.034041022371949836,0.001,0.0010000000000000406,True,,,,,
perturbed_quartic_n20_p0.5_eps1e-03_seed2103,exact_quartic_n20_p0.5,FB,converged,20,20,0.5,0.1,2.1111112089219133,7,2.1111111111111116,3.787872852610093e-13,20,20,0.2814042998265344,0.0,-6.28191595963834e-10,-3.1409579798187147e-09,False,0.0008395599998038961,0.0007000199998401513,0.00013953999996374478,0,0,0,0,0,,,0.0,0.0,0.0,0.0,4.222222222222222,,,,,perturbed_saddle,2103.0,,,,,,,,quartic,0.00014791795345203956,2.111111111111111,4.440892098500626e-16,0.001,0.0009999999999999575,False,,,,,
perturbed_quartic_n20_p0.5_eps1e-03_seed2103,exact_quartic_n20_p0.5,DIRL1,converged,20,20,0.5,0.1,2.1111112089219133,1368,2.1111111111111107,3.2895485729491924e-14,20,20,0.2814042998265344,0.0,-6.052464987527095e-10,-3.026232493763547e-09,False,0.049021441999911985,0.01727220500083604,0.03174923699907595,0,0,0,0,0,,,0.0,0.0,0.0,0.0,4.222222222222222,,,,,perturbed_saddle,2103.0,,,,,,,,quartic,0.00014519192973372623,2.111111111111111,-4.440892098500626e-16,0.001,0.0009999999999999575,False,,,,,
perturbed_quartic_n20_p0.5_eps1e-03_seed2103,exact_quartic_n20_p0.5,DIRL2,converged,20,20,0.5,0.1,2.1111112089219133,263,2.111111111111111,3.459854342036064e-14,20,20,0.2814042998265344,0.0,-6.281765455029564e-10,-3.140882727514782e-09,False,0.015961688000061258,0.0037930799999230658,0.012168608000138192,0,0,0,0,0,,,0.0,0.0,0.0,0.0,4.222222222222222,,,,,perturbed_saddle,2103.0,,,,,,,,quartic,0.00014791668662749076,2.111111111111111,0.0,0.001,0.0009999999999999575,False,,,,,
perturbed_quartic_n20_p0.5_eps1e-03_seed2103,exact_quartic_n20_p0.5,4V-FB,converged,20,20,0.5,0.1,2.1111112089219133,40,2.0770700887391618,4.192225514100899e-12,19,19,0.2814042998265344,0.0,0.11553371466234535,0.5776685733117269,True,0.0044421889999739506,0.004286309000008259,0.00015587999996569124,6,5,1,1,15,19.166666666666668,20.0,0.00019432999988566735,5.2590000223062816e-05,0.00034148999998251384,0.07687426176250411,4.222222222222222,2.4971532636769613e-12,5.202402632660336e-14,0.2814042998265344,15.810984234377626,perturbed_saddle,2103.0,,,,,,,,quartic,1.3524877497783165,2.111111111111111,-0.03404102237194939,0.001,0.0009999999999999575,True,,,,,
perturbed_quartic_n20_p0.5_eps1e-03_seed2104,exact_quartic_n20_p0.5,FB,converged,20,20,0.5,0.1,2.1111112033020416,7,2.111111111111111,4.343564968938733e-13,20,20,0.2814042998265344,0.0,-2.2418239695176645e-09,-1.1209119847587186e-08,False,0.0008245599999554543,0.0006847199999810982,0.00013983999997435603,0,0,0,0,0,,,0.0,0.0,0.0,0.0,4.222222222222222,,,,,perturbed_saddle,2104.0,,,,,,,,quartic,0.00027943240246142847,2.111111111111111,0.0,0.001,0.0009999999999999027,False,,,,,
perturbed_quartic_n20_p0.5_eps1e-03_seed2104,exact_quartic_n20_p0.5,DIRL1,converged,20,20,0.5,0.1,2.1111112033020416,1400,2.1111111111111107,2.207831278998113e-13,20,20,0.2814042998265344,0.0,-2.1599395813587385e-09,-1.0799697906793691e-08,False,0.018561107000095944,0.0170705769999131,0.0014905300001828437,0,0,0,0,0,,,0.0,0.0,0.0,0.0,4.222222222222222,,,,,perturbed_saddle,2104.0,,,,,,,,quartic,0.00027428187087120834,2.111111111111111,-4.440892098500626e-16,0.001,0.0009999999999999027,False,,,,,
perturbed_quartic_n20_p0.5_eps1e-03_seed2104,exact_quartic_n20_p0.5,DIRL2,converged,20,20,0.5,0.1,2.1111112033020416,300,2.111111111111111,2.334588008947913e-13,20,20,0.2814042998265344,0.0,-2.2417419934250837e-09,-1.1208709967125419e-08,False,0.0044289600000411156,0.004001749999815729,0.00042721000022538647,0,0,0,0,0,,,0.0,0.0,0.0,0.0,4.222222222222222,,,,,perturbed_saddle,2104.0,,,,,,,,quartic,0.0002794274789173686,2.111111111111111,0.0,0.001,0.0009999999999999027,False,,,,,
perturbed_quartic_n20_p0.5_eps1e-03_seed2104,exact_quartic_n20_p0.5,4V-FB,converged,20,20,0.5,0.1,2.1111112033020416,40,2.0770700887391613,4.1913840819138145e-12,19,19,0.2814042998265344,0.0,0.1155337146623454,0.5776685733117272,True,0.00443448900000476,0.0042829389999496925,0.00015155000005506736,6,5,1,1,15,19.166666666666668,20.0,0.00019771000006585382,5.2729999652001425e-05,0.00034613999991961464,0.07805634424152211,4.222222222222222,2.497153310151001e-12,5.202402729481252e-14,0.2814042998265344,15.810984225138945,perturbed_saddle,2104.0,,,,,,,,quartic,1.352487749778321,2.111111111111111,-0.034041022371949836,0.001,0.0009999999999999027,True,,,,,
perturbed_quartic_n20_p0.5_eps1e-03_seed2105,exact_quartic_n20_p0.5,FB,converged,20,20,0.5,0.1,2.1111112076867196,7,2.1111111111111116,3.8084269494977253e-13,20,20,0.2814042998265344,0.0,-9.828616670537471e-10,-4.914308335268156e-09,False,0.0008306999998239917,0.0006815499998538144,0.0001491499999701773,0,0,0,0,0,,,0.0,0.0,0.0,0.0,4.222222222222222,,,,,perturbed_saddle,2105.0,,,,,,,,quartic,0.00018502204528045586,2.111111111111111,4.440892098500626e-16,0.001,0.0009999999999999567,False,,,,,
perturbed_quartic_n20_p0.5_eps1e-03_seed2105,exact_quartic_n20_p0.5,DIRL1,converged,20,20,0.5,0.1,2.1111112076867196,1368,2.1111111111111107,6.417657908215267e-14,20,20,0.2814042998265344,0.0,-9.46928792322499e-10,-4.734643961612493e-09,False,0.04834830300001158,0.01726491799968244,0.031083385000329145,0,0,0,0,0,,,0.0,0.0,0.0,0.0,4.222222222222222,,,,,perturbed_saddle,2105.0,,,,,,,,quartic,0.00018160800012070278,2.111111111111111,-4.440892098500626e-16,0.001,0.0009999999999999567,False,,,,,
perturbed_quartic_n20_p0.5_eps1e-03_seed2105,exact_quartic_n20_p0.5,DIRL2,converged,20,20,0.5,0.1,2.1111112076867196,263,2.111111111111111,6.778033239404601e-14,20,20,0.2814042998265344,0.0,-9.827294117359386e-10,-4.913647058679693e-09,False,0.015904527999964557,0.0037726600014593714,0.012131867998505186,0,0,0,0,0,,,0.0,0.0,0.0,0.0,4.222222222222222,,,,,perturbed_saddle,2105.0,,,,,,,,quartic,0.00018500918167340446,2.111111111111111,0.0,0.001,0.0009999999999999567,False,,,,,
perturbed_quartic_n20_p0.5_eps1e-03_seed2105,exact_quartic_n20_p0.5,4V-FB,converged,20,20,0.5,0.1,2.1111112076867196,40,2.0770700887391618,4.1919099770307426e-12,19,19,0.2814042998265344,0.0,0.11553371466234535,0.5776685733117269,True,0.004402698999911081,0.004250148999972225,0.00015254999993885576,6,5,1,1,15,19.166666666666668,20.0,0.00019035999980587803,5.263999992166646e-05,0.0003379199999926641,0.07675291906157765,4.222222222222222,2.497153273891507e-12,5.202402653940639e-14,0.2814042998265344,15.810984232347055,perturbed_saddle,2105.0,,,,,,,,quartic,1.3524877497783179,2.111111111111111,-0.03404102237194939,0.001,0.0009999999999999567,True,,,,,
perturbed_quartic_n20_p0.5_eps1e-04_seed2101,exact_quartic_n20_p0.5,FB,converged,20,20,0.5,0.1,2.111111111952999,7,2.111111111111111,3.5084260203055855e-14,20,20,0.2814042998265344,0.0,-4.539632558753226e-11,-2.269816279376576e-10,False,0.0008313099997394602,0.0006925399998181092,0.00013876999992135097,0,0,0,0,0,,,0.0,0.0,0.0,0.0,4.222222222222222,,,,,perturbed_saddle,2101.0,,,,,,,,quartic,3.9763539001002704e-05,2.111111111111111,0.0,0.0001,0.00010000000000003328,False,,,,,
perturbed_quartic_n20_p0.5_eps1e-04_seed2101,exact_quartic_n20_p0.5,DIRL1,converged,20,20,0.5,0.1,2.111111111952999,1368,2.1111111111111107,2.5784954533917765e-15,20,20,0.2814042998265344,0.0,-4.3737173605062907e-11,-2.1868586802531446e-10,False,0.04903848300023128,0.017232887998488877,0.031805595001742404,0,0,0,0,0,,,0.0,0.0,0.0,0.0,4.222222222222222,,,,,perturbed_saddle,2101.0,,,,,,,,quartic,3.9030303815662146e-05,2.111111111111111,-4.440892098500626e-16,0.0001,0.00010000000000003328,False,,,,,
perturbed_quartic_n20_p0.5_eps1e-04_seed2101,exact_quartic_n20_p0.5,DIRL2,converged,20,20,0.5,0.1,2.111111111952999,263,2.1111111111111107,1.5178247805626365e-15,20,20,0.2814042998265344,0.0,-4.5392675729338805e-11,-2.2696337864669403e-10,False,0.016588657000056628,0.003790789999129629,0.012797867000926999,0,0,0,0,0,,,0.0,0.0,0.0,0.0,4.222222222222222,,,,,perturbed_saddle,2101.0,,,,,,,,quartic,3.9762100392561224e-05,2.111111111111111,-4.440892098500626e-16,0.0001,0.00010000000000003328,False,,,,,
perturbed_quartic_n20_p0.5_eps1e-04_seed2101,exact_quartic_n20_p0.5,4V-FB,converged,20,20,0.5,0.1,2.111111111952999,39,2.0770700887391613,4.192961767264598e-12,19,19,0.2814042998265344,0.0,0.1155337146623453,0.5776685733117266,True,0.0043253599999388825,0.004171219999989262,0.0001541399999496207,6,5,1,1,15,19.166666666666668,20.0,0.00018883999996432976,5.1900000016757986e-05,0.00033421000034650206,0.07726755700131883,4.222222222222222,2.497154065570384e-12,5.202404303271633e-14,0.2814042998265344,15.810984074967397,perturbed_saddle,2101.0,,,,,,,,quartic,1.3524877497783125,2.111111111111111,-0.034041022371949836,0.0001,0.00010000000000003328,True,,,,,
perturbed_quartic_n20_p0.5_eps1e-04_seed2102,exact_quartic_n20_p0.5,FB,converged,20,20,0.5,0.1,2.11111111210976,7,2.1111111111111107,3.8083975839152736e-14,20,20,0.2814042998265344,0.0,-3.8891112552619234e-13,-1.944555627630929e-12,False,0.0008195999998861225,0.0006809199999224802,0.00013867999996364233,0,0,0,0,0,,,0.0,0.0,0.0,0.0,4.222222222222222,,,,,perturbed_saddle,2102.0,,,,,,,,quartic,3.678040051951856e-06,2.111111111111111,-4.440892098500626e-16,0.0001,9.999999999998643e-05,False,,,,,
perturbed_quartic_n20_p0.5_eps1e-04_seed2102,exact_quartic_n20_p0.5,DIRL1,converged,20,20,0.5,0.1,2.11111111210976,1368,2.1111111111111107,2.525391938419426e-15,20,20,0.2814042998265344,0.0,-3.7414515929867775e-13,-1.870725796493388e-12,False,0.048829773000306886,0.017180898001697642,0.031648874998609244,0,0,0,0,0,,,0.0,0.0,0.0,0.0,4.222222222222222,,,,,perturbed_saddle,2102.0,,,,,,,,quartic,3.6102188582781684e-06,2.111111111111111,-4.440892098500626e-16,0.0001,9.999999999998643e-05,False,,,,,
perturbed_quartic_n20_p0.5_eps1e-04_seed2102,exact_quartic_n20_p0.5,DIRL2,converged,20,20,0.5,0.1,2.11111111210976,263,2.111111111111111,1.371366684463771e-15,20,20,0.2814042998265344,0.0,-3.8834213622607194e-13,-1.9417106811303597e-12,False,0.0166133779998745,0.0037656899992271065,0.012847688000647395,0,0,0,0,0,,,0.0,0.0,0.0,0.0,4.222222222222222,,,,,perturbed_saddle,2102.0,,,,,,,,quartic,3.6779109825797862e-06,2.111111111111111,0.0,0.0001,9.999999999998643e-05,False,,,,,
perturbed_quartic_n20_p0.5_eps1e-04_seed2102,exact_quartic_n20_p0.5,4V-FB,converged,20,20,0.5,0.1,2.11111111210976,39,2.0770700887391613,4.1931721253113685e-12,19,19,0.2814042998265344,0.0,0.11553371466234529,0.5776685733117266,True,0.004310749000069336,0.004159178999998403,0.00015157000007093302,6,5,1,1,15,19.166666666666668,20.0,0.0001914100000703911,5.188999989513832e-05,0.00033722999978635926,0.07823002447624186,4.222222222222222,2.497154064274038e-12,5.2024043005709125e-14,0.2814042998265344,15.8109840752251,perturbed_saddle,2102.0,,,,,,,,quartic,1.352487749778311,2.111111111111111,-0.034041022371949836,0.0001,9.999999999998643e-05,True,,,,,
perturbed_quartic_n20_p0.5_eps1e-04_seed2103,exact_quartic_n20_p0.5,FB,converged,20,20,0.5,0.1,2.11111111208923,7,2.111111111111111,3.7681917275445444e-14,20,20,0.2814042998265344,0.0,-6.282301068250007e-12,-3.141150534124958e-11,False,0.0008349199997610413,0.0006958899998608103,0.0001390299999002309,0,0,0,0,0,,,0.0,0.0,0.0,0.0,4.222222222222222,,,,,perturbed_saddle,2103.0,,,,,,,,quartic,1.4791785941844103e-05,2.111111111111111,0.0,0.0001,9.999999999996748e-05,False,,,,,
perturbed_quartic_n20_p0.5_eps1e-04_seed2103,exact_quartic_n20_p0.5,DIRL1,converged,20,20,0.5,0.1,2.11111111208923,1368,2.1111111111111107,2.526486840676989e-15,20,20,0.2814042998265344,0.0,-6.0522628575476745e-12,-3.026131428773836e-11,False,0.04919416299981094,0.017368566000641295,0.03182559699916965,0,0,0,0,0,,,0.0,0.0,0.0,0.0,4.222222222222222,,,,,perturbed_saddle,2103.0,,,,,,,,quartic,1.4519030239060856e-05,2.111111111111111,-4.440892098500626e-16,0.0001,9.999999999996748e-05,False,,,,,
perturbed_quartic_n20_p0.5_eps1e-04_seed2103,exact_quartic_n20_p0.5,DIRL2,converged,20,20,0.5,0.1,2.11111111208923,263,2.111111111111111,1.3685908911073188e-15,20,20,0.2814042998265344,0.0,-6.281405950936403e-12,-3.1407029754682014e-11,False,0.016763656999955856,0.0038141589989209024,0.012949498001034954,0,0,0,0,0,,,0.0,0.0,0.0,0.0,4.222222222222222,,,,,perturbed_saddle,2103.0,,,,,,,,quartic,1.4791259721588335e-05,2.111111111111111,0.0,0.0001,9.999999999996748e-05,False,,,,,
perturbed_quartic_n20_p0.5_eps1e-04_seed2103,exact_quartic_n20_p0.5,4V-FB,converged,20,20,0.5,0.1,2.11111111208923,39,2.0770700887391613,4.193066946287983e-12,19,19,0.2814042998265344,0.0,0.1155337146623453,0.5776685733117266,True,0.004315109000117445,0.00416306900001473,0.00015204000010271557,6,5,1,1,15,19.166666666666668,20.0,0.0001893700000437093,5.202000056669931e-05,0.0003363000002991612,0.07793545893974127,4.222222222222222,2.497154064443809e-12,5.2024043009246024e-14,0.2814042998265344,15.810984075191351,perturbed_saddle,2103.0,,,,,,,,quartic,1.3524877497783117,2.111111111111111,-0.034041022371949836,0.0001,9.999999999996748e-05,True,,,,,
perturbed_quartic_n20_p0.5_eps1e-04_seed2104,exact_quartic_n20_p0.5,FB,converged,20,20,0.5,0.1,2.1111111120330284,7,2.111111111111111,3.6695714328499174e-14,20,20,0.2814042998265344,0.0,-2.2418504552756957e-11,-1.1209252276378366e-10,False,0.0008303399999931571,0.0006912799999554409,0.00013906000003771624,0,0,0,0,0,,,0.0,0.0,0.0,0.0,4.222222222222222,,,,,perturbed_saddle,2104.0,,,,,,,,quartic,2.7943227356362025e-05,2.111111111111111,0.0,0.0001,9.999999999998877e-05,False,,,,,
perturbed_quartic_n20_p0.5_eps1e-04_seed2104,exact_quartic_n20_p0.5,DIRL1,converged,20,20,0.5,0.1,2.1111111120330284,1368,2.1111111111111103,2.5205961489612117e-15,20,20,0.2814042998265344,0.0,-2.1598993427129898e-11,-1.0799496713564945e-10,False,0.04909154300003138,0.017362627998636526,0.03172891500139485,0,0,0,0,0,,,0.0,0.0,0.0,0.0,4.222222222222222,,,,,perturbed_saddle,2104.0,,,,,,,,quartic,2.7427953894117483e-05,2.111111111111111,-8.881784197001252e-16,0.0001,9.999999999998877e-05,False,,,,,
perturbed_quartic_n20_p0.5_eps1e-04_seed2104,exact_quartic_n20_p0.5,DIRL2,converged,20,20,0.5,0.1,2.1111111120330284,263,2.1111111111111107,1.3592125302454166e-15,20,20,0.2814042998265344,0.0,-2.2416561662463863e-11,-1.1208280831231932e-10,False,0.01665598699992188,0.0038110379994122923,0.012844949000509587,0,0,0,0,0,,,0.0,0.0,0.0,0.0,4.222222222222222,,,,,perturbed_saddle,2104.0,,,,,,,,quartic,2.7942207696162346e-05,2.111111111111111,-4.440892098500626e-16,0.0001,9.999999999998877e-05,False,,,,,
perturbed_quartic_n20_p0.5_eps1e-04_seed2104,exact_quartic_n20_p0.5,4V-FB,converged,20,20,0.5,0.1,2.1111111120330284,39,2.0770700887391613,4.193066946287983e-12,19,19,0.2814042998265344,0.0,0.1155337146623453,0.5776685733117266,True,0.004331749999892054,0.004175260000010894,0.00015648999988115975,6,5,1,1,15,19.166666666666668,20.0,0.00019281999993836507,5.305999980009801e-05,0.00034098000014637364,0.07871645412474652,4.222222222222222,2.4971540649085763e-12,5.202404301892867e-14,0.2814042998265344,15.81098407509896,perturbed_saddle,2104.0,,,,,,,,quartic,1.3524877497783119,2.111111111111111,-0.034041022371949836,0.0001,9.999999999998877e-05,True,,,,,
perturbed_quartic_n20_p0.5_eps1e-04_seed2105,exact_quartic_n20_p0.5,FB,converged,20,20,0.5,0.1,2.111111112076877,7,2.111111111111111,3.745539142180804e-14,20,20,0.2814042998265344,0.0,-9.828249325494198e-12,-4.9141246627470416e-11,False,0.0008276989999558282,0.000688369000044986,0.00013932999991084216,0,0,0,0,0,,,0.0,0.0,0.0,0.0,4.222222222222222,,,,,perturbed_saddle,2105.0,,,,,,,,quartic,1.8502216364160244e-05,2.111111111111111,0.0,0.0001,9.99999999999731e-05,False,,,,,
perturbed_quartic_n20_p0.5_eps1e-04_seed2105,exact_quartic_n20_p0.5,DIRL1,converged,20,20,0.5,0.1,2.111111112076877,1368,2.1111111111111107,2.5315446037863466e-15,20,20,0.2814042998265344,0.0,-9.469439121723155e-12,-4.7347195608615765e-11,False,0.048791853000238916,0.017175857999745858,0.03161599500049306,0,0,0,0,0,,,0.0,0.0,0.0,0.0,4.222222222222222,,,,,perturbed_saddle,2105.0,,,,,,,,quartic,1.816099911915352e-05,2.111111111111111,-4.440892098500626e-16,0.0001,9.99999999999731e-05,False,,,,,
perturbed_quartic_n20_p0.5_eps1e-04_seed2105,exact_quartic_n20_p0.5,DIRL2,converged,20,20,0.5,0.1,2.111111112076877,263,2.111111111111111,1.3685908911073188e-15,20,20,0.2814042998265344,0.0,-9.827832991859964e-12,-4.913916495929982e-11,False,0.01671474800014039,0.0038060699987454427,0.012908678001394946,0,0,0,0,0,,,0.0,0.0,0.0,0.0,4.222222222222222,,,,,perturbed_saddle,2105.0,,,,,,,,quartic,1.8501445324804245e-05,2.111111111111111,0.0,0.0001,9.99999999999731e-05,False,,,,,
perturbed_quartic_n20_p0.5_eps1e-04_seed2105,exact_quartic_n20_p0.5,4V-FB,converged,20,20,0.5,0.1,2.111111112076877,39,2.0770700887391613,4.193066946287983e-12,19,19,0.2814042998265344,0.0,0.1155337146623453,0.5776685733117266,True,0.004337929000257645,0.00418614900013381,0.00015178000012383563,6,5,1,1,15,19.166666666666668,20.0,0.00019477000023471192,5.2700000424010796e-05,0.00034117000041078427,0.07864812918572917,4.222222222222222,2.497154064545965e-12,5.202404301137427e-14,0.2814042998265344,15.810984075171044,perturbed_saddle,2105.0,,,,,,,,quartic,1.3524877497783117,2.111111111111111,-0.034041022371949836,0.0001,9.99999999999731e-05,True,,,,,
perturbed_quartic_n20_p0.5_eps1e-05_seed2101,exact_quartic_n20_p0.5,FB,converged,20,20,0.5,0.1,2.1111111111195298,6,2.111111111111111,6.264801594685517e-14,20,20,0.2814042998265344,0.0,-4.5458081743277035e-13,-2.272904087163785e-12,False,0.0007426600002418127,0.0006037800001195137,0.00013888000012229895,0,0,0,0,0,,,0.0,0.0,0.0,0.0,4.222222222222222,,,,,perturbed_saddle,2101.0,,,,,,,,quartic,3.97635369858094e-06,2.111111111111111,0.0,1e-05,9.999999999984248e-06,False,,,,,
perturbed_quartic_n20_p0.5_eps1e-05_seed2101,exact_quartic_n20_p0.5,DIRL1,converged,20,20,0.5,0.1,2.1111111111195298,1368,2.1111111111111103,2.54394118874566e-15,20,20,0.2814042998265344,0.0,-4.3730297161204135e-13,-2.186514858060206e-12,False,0.04898374200024591,0.0172390570025982,0.03174468499764771,0,0,0,0,0,,,0.0,0.0,0.0,0.0,4.222222222222222,,,,,perturbed_saddle,2101.0,,,,,,,,quartic,3.903026906224277e-06,2.111111111111111,-8.881784197001252e-16,1e-05,9.999999999984248e-06,False,,,,,
perturbed_quartic_n20_p0.5_eps1e-05_seed2101,exact_quartic_n20_p0.5,DIRL2,converged,20,20,0.5,0.1,2.1111111111195298,263,2.1111111111111107,1.361499698876697e-15,20,20,0.2814042998265344,0.0,-4.5390080583018744e-13,-2.269504029150937e-12,False,0.01671908799994526,0.0037966199995480565,0.012922468000397203,0,0,0,0,0,,,0.0,0.0,0.0,0.0,4.222222222222222,,,,,perturbed_saddle,2101.0,,,,,,,,quartic,3.97620127086485e-06,2.111111111111111,-4.440892098500626e-16,1e-05,9.999999999984248e-06,False,,,,,
perturbed_quartic_n20_p0.5_eps1e-05_seed2101,exact_quartic_n20_p0.5,4V-FB,converged,20,20,0.5,0.1,2.1111111111195298,39,2.0770700887391613,4.1931721253113685e-12,19,19,0.2814042998265344,0.0,0.11553371466234529,0.5776685733117266,True,0.004318839000006847,0.004164739000088957,0.00015409999991788936,6,5,1,1,15,19.166666666666668,20.0,0.00019708999980139197,5.224999995334656e-05,0.00034358999982941896,0.0795561028852602,4.222222222222222,2.4971540724628396e-12,5.2024043176309156e-14,0.2814042998265344,15.81098407359723,perturbed_saddle,2101.0,,,,,,,,quartic,1.352487749778311,2.111111111111111,-0.034041022371949836,1e-05,9.999999999984248e-06,True,,,,,
perturbed_quartic_n20_p0.5_eps1e-05_seed2102,exact_quartic_n20_p0.5,FB,converged,20,20,0.5,0.1,2.1111111111210974,6,2.111111111111111,6.824619368384518e-14,20,20,0.2814042998265344,0.0,-4.78089789979208e-15,-2.3904489498959676e-14,False,0.000725700000202778,0.0005881900001440954,0.00013751000005868264,0,0,0,0,0,,,0.0,0.0,0.0,0.0,4.222222222222222,,,,,perturbed_saddle,2102.0,,,,,,,,quartic,3.678039782760658e-07,2.111111111111111,0.0,1e-05,1.0000000000001451e-05,False,,,,,
perturbed_quartic_n20_p0.5_eps1e-05_seed2102,exact_quartic_n20_p0.5,DIRL1,converged,20,20,0.5,0.1,2.1111111111210974,1368,2.1111111111111107,2.54394118874566e-15,20,20,0.2814042998265344,0.0,-3.684552662974738e-15,-1.8422763314873685e-14,False,0.048841613000149664,0.01731119800047054,0.031530414999679124,0,0,0,0,0,,,0.0,0.0,0.0,0.0,4.222222222222222,,,,,perturbed_saddle,2102.0,,,,,,,,quartic,3.610214247309039e-07,2.111111111111111,-4.440892098500626e-16,1e-05,1.0000000000001451e-05,False,,,,,
perturbed_quartic_n20_p0.5_eps1e-05_seed2102,exact_quartic_n20_p0.5,DIRL2,converged,20,20,0.5,0.1,2.1111111111210974,263,2.1111111111111107,1.352072152363016e-15,20,20,0.2814042998265344,0.0,-3.8719027983802334e-15,-1.9359513991901167e-14,False,0.016619757000171376,0.0037974990020757105,0.012822257998095665,0,0,0,0,0,,,0.0,0.0,0.0,0.0,4.222222222222222,,,,,perturbed_saddle,2102.0,,,,,,,,quartic,3.6778992280824865e-07,2.111111111111111,-4.440892098500626e-16,1e-05,1.0000000000001451e-05,False,,,,,
perturbed_quartic_n20_p0.5_eps1e-05_seed2102,exact_quartic_n20_p0.5,4V-FB,converged,20,20,0.5,0.1,2.1111111111210974,39,2.0770700887391613,4.1931721253113685e-12,19,19,0.2814042998265344,0.0,0.11553371466234529,0.5776685733117266,True,0.004310329999725582,0.004155949999812947,0.00015437999991263496,6,5,1,1,15,19.166666666666668,20.0,0.00019726999994418293,5.240999985289818e-05,0.0003444999997554987,0.0799242748878697,4.222222222222222,2.4971540724498737e-12,5.202404317603904e-14,0.2814042998265344,15.810984073599808,perturbed_saddle,2102.0,,,,,,,,quartic,1.352487749778311,2.111111111111111,-0.034041022371949836,1e-05,1.0000000000001451e-05,True,,,,,
perturbed_quartic_n20_p0.5_eps1e-05_seed2103,exact_quartic_n20_p0.5,FB,converged,20,20,0.5,0.1,2.1111111111208927,6,2.111111111111111,6.749375198866501e-14,20,20,0.2814042998265344,0.0,-6.359496262930975e-14,-3.1797481314654056e-13,False,0.0007485300000098505,0.0006081999999878462,0.00014033000002200424,0,0,0,0,0,,,0.0,0.0,0.0,0.0,4.222222222222222,,,,,perturbed_saddle,2103.0,,,,,,,,quartic,1.4791785011165077e-06,2.111111111111111,0.0,1e-05,1.0000000000030841e-05,False,,,,,
perturbed_quartic_n20_p0.5_eps1e-05_seed2103,exact_quartic_n20_p0.5,DIRL1,converged,20,20,0.5,0.1,2.1111111111208927,1368,2.1111111111111103,2.5299053560834087e-15,20,20,0.2814042998265344,0.0,-6.045164369083977e-14,-3.0225821845419877e-13,False,0.048953822999919794,0.01727989699952559,0.031673926000394204,0,0,0,0,0,,,0.0,0.0,0.0,0.0,4.222222222222222,,,,,perturbed_saddle,2103.0,,,,,,,,quartic,1.4519014351681132e-06,2.111111111111111,-8.881784197001252e-16,1e-05,1.0000000000030841e-05,False,,,,,
perturbed_quartic_n20_p0.5_eps1e-05_seed2103,exact_quartic_n20_p0.5,DIRL2,converged,20,20,0.5,0.1,2.1111111111208927,263,2.111111111111111,1.3756455300703423e-15,20,20,0.2814042998265344,0.0,-6.279698983036042e-14,-3.139849491518021e-13,False,0.01672749800013662,0.0037817200009158114,0.012945777999220809,0,0,0,0,0,,,0.0,0.0,0.0,0.0,4.222222222222222,,,,,perturbed_saddle,2103.0,,,,,,,,quartic,1.479121888999233e-06,2.111111111111111,0.0,1e-05,1.0000000000030841e-05,False,,,,,
perturbed_quartic_n20_p0.5_eps1e-05_seed2103,exact_quartic_n20_p0.5,4V-FB,converged,20,20,0.5,0.1,2.1111111111208927,39,2.0770700887391613,4.1931721253113685e-12,19,19,0.2814042998265344,0.0,0.11553371466234529,0.5776685733117266,True,0.0043438290001631685,0.004190569000002142,0.00015326000016102626,6,5,1,1,15,19.166666666666668,20.0,0.0002009800000450923,5.236000015429454e-05,0.00034945999982483045,0.08044975983440038,4.222222222222222,2.497154072451569e-12,5.2024043176074353e-14,0.2814042998265344,15.810984073599471,perturbed_saddle,2103.0,,,,,,,,quartic,1.352487749778311,2.111111111111111,-0.034041022371949836,1e-05,1.0000000000030841e-05,True,,,,,
perturbed_quartic_n20_p0.5_eps1e-05_seed2104,exact_quartic_n20_p0.5,FB,converged,20,20,0.5,0.1,2.1111111111203305,6,2.111111111111111,6.556273489150919e-14,20,20,0.2814042998265344,0.0,-2.247160790780356e-13,-1.1235803953901578e-12,False,0.000728579999986323,0.0005906300000333431,0.00013794999995297985,0,0,0,0,0,,,0.0,0.0,0.0,0.0,4.222222222222222,,,,,perturbed_saddle,2104.0,,,,,,,,quartic,2.794322613093607e-06,2.111111111111111,0.0,1e-05,1.0000000000060132e-05,False,,,,,
perturbed_quartic_n20_p0.5_eps1e-05_seed2104,exact_quartic_n20_p0.5,DIRL1,converged,20,20,0.5,0.1,2.1111111111203305,1368,2.1111111111111103,2.5391804337858597e-15,20,20,0.2814042998265344,0.0,-2.1592450050178513e-13,-1.0796225025089253e-12,False,0.049731542000017726,0.017478198000389966,0.03225334399962776,0,0,0,0,0,,,0.0,0.0,0.0,0.0,4.222222222222222,,,,,perturbed_saddle,2104.0,,,,,,,,quartic,2.7427932804119663e-06,2.111111111111111,-8.881784197001252e-16,1e-05,1.0000000000060132e-05,False,,,,,
perturbed_quartic_n20_p0.5_eps1e-05_seed2104,exact_quartic_n20_p0.5,DIRL2,converged,20,20,0.5,0.1,2.1111111111203305,263,2.1111111111111107,1.384662968040696e-15,20,20,0.2814042998265344,0.0,-2.241470897779152e-13,-1.120735448889576e-12,False,0.01707130800014056,0.0038233200002650847,0.013247987999875477,0,0,0,0,0,,,0.0,0.0,0.0,0.0,4.222222222222222,,,,,perturbed_saddle,2104.0,,,,,,,,quartic,2.7942154102421892e-06,2.111111111111111,-4.440892098500626e-16,1e-05,1.0000000000060132e-05,False,,,,,
perturbed_quartic_n20_p0.5_eps1e-05_seed2104,exact_quartic_n20_p0.5,4V-FB,converged,20,20,0.5,0.1,2.1111111111203305,39,2.0770700887391613,4.1931721253113685e-12,19,19,0.2814042998265344,0.0,0.11553371466234529,0.5776685733117266,True,0.004367108999986158,0.004212138999946546,0.00015497000003961148,6,5,1,1,15,19.166666666666668,20.0,0.00019398000017645245,5.3900000239082146e-05,0.00034303000006730144,0.07854853177889279,4.222222222222222,2.497154072456217e-12,5.202404317617119e-14,0.2814042998265344,15.810984073598547,perturbed_saddle,2104.0,,,,,,,,quartic,1.352487749778311,2.111111111111111,-0.034041022371949836,1e-05,1.0000000000060132e-05,True,,,,,
perturbed_quartic_n20_p0.5_eps1e-05_seed2105,exact_quartic_n20_p0.5,FB,converged,20,20,0.5,0.1,2.111111111120769,6,2.111111111111111,6.710963638826942e-14,20,20,0.2814042998265344,0.0,-9.750533713770437e-14,-4.875266856885117e-13,False,0.0007386200002201804,0.0006015300000399293,0.00013709000018025108,0,0,0,0,0,,,0.0,0.0,0.0,0.0,4.222222222222222,,,,,perturbed_saddle,2105.0,,,,,,,,quartic,1.8502217561420697e-06,2.111111111111111,0.0,1e-05,9.999999999974734e-06,False,,,,,
perturbed_quartic_n20_p0.5_eps1e-05_seed2105,exact_quartic_n20_p0.5,DIRL1,converged,20,20,0.5,0.1,2.111111111120769,1368,2.1111111111111107,2.54394118874566e-15,20,20,0.2814042998265344,0.0,-9.463263506148678e-14,-4.731631753074337e-13,False,0.04935338299992509,0.017550297001434956,0.03180308599849013,0,0,0,0,0,,,0.0,0.0,0.0,0.0,4.222222222222222,,,,,perturbed_saddle,2105.0,,,,,,,,quartic,1.8161019665448908e-06,2.111111111111111,-4.440892098500626e-16,1e-05,9.999999999974734e-06,False,,,,,
perturbed_quartic_n20_p0.5_eps1e-05_seed2105,exact_quartic_n20_p0.5,DIRL2,converged,20,20,0.5,0.1,2.111111111120769,263,2.111111111111111,1.371366684463771e-15,20,20,0.2814042998265344,0.0,-9.826861546713417e-14,-4.913430773356708e-13,False,0.017024386999992203,0.003967378000425015,0.013057008999567188,0,0,0,0,0,,,0.0,0.0,0.0,0.0,4.222222222222222,,,,,perturbed_saddle,2105.0,,,,,,,,quartic,1.8501498175672722e-06,2.111111111111111,0.0,1e-05,9.999999999974734e-06,False,,,,,
perturbed_quartic_n20_p0.5_eps1e-05_seed2105,exact_quartic_n20_p0.5,4V-FB,converged,20,20,0.5,0.1,2.111111111120769,39,2.0770700887391613,4.1931721253113685e-12,19,19,0.2814042998265344,0.0,0.11553371466234529,0.5776685733117266,True,0.00443940900004236,0.004281498999944233,0.00015791000009812706,6,5,1,1,15,19.166666666666668,20.0,0.00021266000021569198,5.278000003272609e-05,0.00036107000005358714,0.08133289815156519,4.222222222222222,2.4971540724525887e-12,5.2024043176095596e-14,0.2814042998265344,15.810984073599268,perturbed_saddle,2105.0,,,,,,,,quartic,1.352487749778311,2.111111111111111,-0.034041022371949836,1e-05,9.999999999974734e-06,True,,,,,
perturbed_quartic_n20_p0.8_eps1e-02_seed2101,exact_quartic_n20_p0.8,FB,max_iter,20,20,0.8,0.1,2.6666700349950165,10000,2.666666666666364,3.58301097555572e-10,20,20,0.23097428992562205,0.0,-2.2553657192184162e-07,-2.81920714902302e-06,False,0.9228310439998495,0.922684813999922,0.0001462299999275274,0,0,0,0,0,,,0.0,0.0,0.0,0.0,9.895833333333337,,,,,perturbed_saddle,2101.0,,,,,,,,quartic,0.004011377538016598,2.666666666666667,-3.028688411177427e-13,0.01,0.009999999999999938,False,,,,,
perturbed_quartic_n20_p0.8_eps1e-02_seed2101,exact_quartic_n20_p0.8,DIRL1,max_iter,20,20,0.8,0.1,2.6666700349950165,10000,2.6666666666663996,3.264739758725636e-10,20,20,0.23097428992562205,0.0,-2.1197445415274685e-07,-2.6496806769093348e-06,False,0.1335943810001936,0.12400201300010849,0.009592368000085116,0,0,0,0,0,,,0.0,0.0,0.0,0.0,9.895833333333337,,,,,perturbed_saddle,2101.0,,,,,,,,quartic,0.003888902168781124,2.666666666666667,-2.673417043297377e-13,0.01,0.009999999999999938,False,,,,,
perturbed_quartic_n20_p0.8_eps1e-02_seed2101,exact_quartic_n20_p0.8,DIRL2,max_iter,20,20,0.8,0.1,2.6666700349950165,10000,2.6666666666663734,3.5024474566971806e-10,20,20,0.23097428992562205,0.0,-2.2214232850772953e-07,-2.7767791063466174e-06,False,0.1473551579999821,0.13775816900101745,0.009596988998964662,0,0,0,0,0,,,0.0,0.0,0.0,0.0,9.895833333333337,,,,,perturbed_saddle,2101.0,,,,,,,,quartic,0.003981079594646041,2.666666666666667,-2.935429677108914e-13,0.01,0.009999999999999938,False,,,,,
perturbed_quartic_n20_p0.8_eps1e-02_seed2101,exact_quartic_n20_p0.8,4V-FB,converged,20,20,0.8,0.1,2.6666700349950165,55,2.6564508562627154,3.2219672575643154e-12,19,19,0.23097428992562205,0.0,0.04851935560116104,0.6064919450145129,True,0.006373338999992484,0.00621510899986788,0.00015823000012460398,6,5,1,1,15,19.166666666666668,20.0,0.00022334000027512957,5.6919999906313024e-05,0.00037986000029377465,0.059601411488424294,9.895833333333337,4.076268769788258e-09,8.492226603725538e-11,0.23097428992562205,13.042693144020967,perturbed_saddle,2101.0,,,,,,,,quartic,1.3349128574727809,2.666666666666667,-0.010215810403951586,0.01,0.009999999999999938,True,,,,,
perturbed_quartic_n20_p0.8_eps1e-02_seed2102,exact_quartic_n20_p0.8,FB,converged,20,20,0.8,0.1,2.6666706620264824,8,2.666666666666667,3.1305466406223543e-13,20,20,0.23097428992562205,0.0,-1.896125787631542e-09,-2.370157234538958e-08,False,0.000933180000174616,0.0007933300000786403,0.0001398500000959757,0,0,0,0,0,,,0.0,0.0,0.0,0.0,9.895833333333337,,,,,perturbed_saddle,2102.0,,,,,,,,quartic,0.0003678080573404921,2.666666666666667,0.0,0.01,0.009999999999999926,False,,,,,
perturbed_quartic_n20_p0.8_eps1e-02_seed2102,exact_quartic_n20_p0.8,DIRL1,converged,20,20,0.8,0.1,2.6666706620264824,1400,2.666666666666667,2.5732712718546927e-13,20,20,0.23097428992562205,0.0,-1.8084865480161305e-09,-2.2606081850201618e-08,False,0.018551846999798727,0.017075227000077575,0.0014766199997211515,0,0,0,0,0,,,0.0,0.0,0.0,0.0,9.895833333333337,,,,,perturbed_saddle,2102.0,,,,,,,,quartic,0.00035920764927440616,2.666666666666667,0.0,0.01,0.009999999999999926,False,,,,,
perturbed_quartic_n20_p0.8_eps1e-02_seed2102,exact_quartic_n20_p0.8,DIRL2,converged,20,20,0.8,0.1,2.6666706620264824,300,2.666666666666667,2.7661995307154796e-13,20,20,0.23097428992562205,0.0,-1.8981245776539257e-09,-2.3726557220674055e-08,False,0.004434188999766775,0.003996158999825639,0.00043802999994113634,0,0,0,0,0,,,0.0,0.0,0.0,0.0,9.895833333333337,,,,,perturbed_saddle,2102.0,,,,,,,,quartic,0.0003680020928616834,2.666666666666667,0.0,0.01,0.009999999999999926,False,,,,,
perturbed_quartic_n20_p0.8_eps1e-02_seed2102,exact_quartic_n20_p0.8,4V-FB,converged,20,20,0.8,0.1,2.6666706620264824,56,2.6564508562627154,3.1644806106001974e-12,19,19,0.23097428992562205,0.0,0.04851935560116627,0.6064919450145783,True,0.00630178899996281,0.006146509000018341,0.00015527999994446873,6,5,1,1,15,19.166666666666668,20.0,0.0001921200002925616,6.183999971653975e-05,0.0003500700001950463,0.05555089200814439,9.895833333333337,4.076264964877409e-09,8.492218676827935e-11,0.23097428992562205,13.042693651523052,perturbed_saddle,2102.0,,,,,,,,quartic,1.3349128574735085,2.666666666666667,-0.010215810403951586,0.01,0.009999999999999926,True,,,,,
perturbed_quartic_n20_p0.8_eps1e-02_seed2103,exact_quartic_n20_p0.8,FB,max_iter,20,20,0.8,0.1,2.6666705785160145,10000,2.666666666666661,1.8030410833621838e-11,20,20,0.23097428992562205,0.0,-3.0741107753112784e-08,-3.8426384691390975e-07,False,0.9244904639999731,0.9243418539999766,0.00014860999999655178,0,0,0,0,0,,,0.0,0.0,0.0,0.0,9.895833333333337,,,,,perturbed_saddle,2103.0,,,,,,,,quartic,0.0014809735978756045,2.666666666666667,-5.773159728050814e-15,0.01,0.010000000000000047,False,,,,,
perturbed_quartic_n20_p0.8_eps1e-02_seed2103,exact_quartic_n20_p0.8,DIRL1,max_iter,20,20,0.8,0.1,2.6666705785160145,10000,2.6666666666666616,1.6743346252452002e-11,20,20,0.23097428992562205,0.0,-2.9260201442338207e-08,-3.6575251802922743e-07,False,0.13609583000015846,0.1264167750005072,0.009679054999651271,0,0,0,0,0,,,0.0,0.0,0.0,0.0,9.895833333333337,,,,,perturbed_saddle,2103.0,,,,,,,,quartic,0.0014448615654755487,2.666666666666667,-5.329070518200751e-15,0.01,0.010000000000000047,False,,,,,
perturbed_quartic_n20_p0.8_eps1e-02_seed2103,exact_quartic_n20_p0.8,DIRL2,max_iter,20,20,0.8,0.1,2.6666705785160145,10000,2.666666666666661,1.7995665544838292e-11,20,20,0.23097428992562205,0.0,-3.0701601379246046e-08,-3.8377001724057537e-07,False,0.14394885899992005,0.13435876100174937,0.009590097998170677,0,0,0,0,0,,,0.0,0.0,0.0,0.0,9.895833333333337,,,,,perturbed_saddle,2103.0,,,,,,,,quartic,0.001480021720884672,2.666666666666667,-5.773159728050814e-15,0.01,0.010000000000000047,False,,,,,
perturbed_quartic_n20_p0.8_eps1e-02_seed2103,exact_quartic_n20_p0.8,4V-FB,converged,20,20,0.8,0.1,2.6666705785160145,56,2.656450856262715,3.1397537234211186e-12,19,19,0.23097428992562205,0.0,0.04851935560116851,0.6064919450146062,True,0.006361949000165623,0.006208599000046888,0.0001533500001187349,6,5,1,1,15,19.166666666666668,20.0,0.0002025999999659689,5.682000005435839e-05,0.00035751000018535706,0.05619504340195903,9.895833333333337,4.076265471629848e-09,8.492219732562183e-11,0.23097428992562205,13.042693583931975,perturbed_saddle,2103.0,,,,,,,,quartic,1.3349128574738207,2.666666666666667,-0.01021581040395203,0.01,0.010000000000000047,True,,,,,
perturbed_quartic_n20_p0.8_eps1e-02_seed2104,exact_quartic_n20_p0.8,FB,max_iter,20,20,0.8,0.1,2.6666703539100722,10000,2.666666666666594,1.2269185930939224e-10,20,20,0.23097428992562205,0.0,-1.103894046727838e-07,-1.3798675584097973e-06,False,0.932560692999914,0.9323874729998352,0.00017322000007879979,0,0,0,0,0,,,0.0,0.0,0.0,0.0,9.895833333333337,,,,,perturbed_saddle,2104.0,,,,,,,,quartic,0.002806404250316346,2.666666666666667,-7.283063041541027e-14,0.01,0.01000000000000017,False,,,,,
perturbed_quartic_n20_p0.8_eps1e-02_seed2104,exact_quartic_n20_p0.8,DIRL1,max_iter,20,20,0.8,0.1,2.6666703539100722,10000,2.6666666666666017,1.1303934880165126e-10,20,20,0.23097428992562205,0.0,-1.0452090451473772e-07,-1.3065113064342211e-06,False,0.13226704999988215,0.12263643099845467,0.009630619001427476,0,0,0,0,0,,,0.0,0.0,0.0,0.0,9.895833333333337,,,,,perturbed_saddle,2104.0,,,,,,,,quartic,0.0027307893707502555,2.666666666666667,-6.52811138479592e-14,0.01,0.01000000000000017,False,,,,,
perturbed_quartic_n20_p0.8_eps1e-02_seed2104,exact_quartic_n20_p0.8,DIRL2,max_iter,20,20,0.8,0.1,2.6666703539100722,10000,2.6666666666665955,1.213719014903149e-10,20,20,0.23097428992562205,0.0,-1.0959609299601714e-07,-1.3699511624502134e-06,False,0.14322727899980237,0.1335876909995477,0.009639588000254662,0,0,0,0,0,,,0.0,0.0,0.0,0.0,9.895833333333337,,,,,perturbed_saddle,2104.0,,,,,,,,quartic,0.002796302381254024,2.666666666666667,-7.149836278586008e-14,0.01,0.01000000000000017,False,,,,,
perturbed_quartic_n20_p0.8_eps1e-02_seed2104,exact_quartic_n20_p0.8,4V-FB,converged,20,20,0.8,0.1,2.6666703539100722,55,2.6564508562627154,3.245572235162973e-12,19,19,0.23097428992562205,0.0,0.048519355601158894,0.606491945014486,True,0.006322389000160911,0.006148829000039768,0.00017356000012114237,6,5,1,1,15,19.166666666666668,20.0,0.00022335000039674924,5.7189999552065274e-05,0.0003910600000835984,0.06185320138853297,9.895833333333337,4.076266834568468e-09,8.492222572017641e-11,0.23097428992562205,13.042693402142088,perturbed_saddle,2104.0,,,,,,,,quartic,1.3349128574724833,2.666666666666667,-0.010215810403951586,0.01,0.01000000000000017,True,,,,,
perturbed_quartic_n20_p0.8_eps1e-02_seed2105,exact_quartic_n20_p0.8,FB,max_iter,20,20,0.8,0.1,2.666670529183062,10000,2.6666666666666528,3.535710091314915e-11,20,20,0.23097428992562205,0.0,-4.8161584179085004e-08,-6.020198022385624e-07,False,0.9239604740000686,0.9237923640000645,0.00016811000000416243,0,0,0,0,0,,,0.0,0.0,0.0,0.0,9.895833333333337,,,,,perturbed_saddle,2105.0,,,,,,,,quartic,0.0018536926038474374,2.666666666666667,-1.4210854715202004e-14,0.01,0.01000000000000002,False,,,,,
perturbed_quartic_n20_p0.8_eps1e-02_seed2105,exact_quartic_n20_p0.8,DIRL1,max_iter,20,20,0.8,0.1,2.666670529183062,10000,2.666666666666654,3.2748210279887763e-11,20,20,0.23097428992562205,0.0,-4.576226569560915e-08,-5.720283211951142e-07,False,0.13144659100021272,0.1218818120009928,0.009564778999219925,0,0,0,0,0,,,0.0,0.0,0.0,0.0,9.895833333333337,,,,,perturbed_saddle,2105.0,,,,,,,,quartic,0.0018069291815918215,2.666666666666667,-1.2878587085651816e-14,0.01,0.01000000000000002,False,,,,,
perturbed_quartic_n20_p0.8_eps1e-02_seed2105,exact_quartic_n20_p0.8,DIRL2,max_iter,20,20,0.8,0.1,2.666670529183062,10000,2.6666666666666536,3.511358378036034e-11,20,20,0.23097428992562205,0.0,-4.794015903697435e-08,-5.992519879621791e-07,False,0.1435962190000737,0.1340225790004297,0.009573639999644001,0,0,0,0,0,,,0.0,0.0,0.0,0.0,9.895833333333337,,,,,perturbed_saddle,2105.0,,,,,,,,quartic,0.0018494265852225485,2.666666666666667,-1.3322676295501878e-14,0.01,0.01000000000000002,False,,,,,
perturbed_quartic_n20_p0.8_eps1e-02_seed2105,exact_quartic_n20_p0.8,4V-FB,converged,20,20,0.8,0.1,2.666670529183062,56,2.6564508562627154,3.131384277942266e-12,19,19,0.23097428992562205,0.0,0.048519355601169274,0.6064919450146158,True,0.006370129000060842,0.006216169000026639,0.0001539600000342034,6,5,1,1,15,19.166666666666668,20.0,0.00021009999977650295,5.673000032402342e-05,0.0003652400000646594,0.057336358504069686,9.895833333333337,4.0762657709886905e-09,8.492220356226439e-11,0.23097428992562205,13.042693544003239,perturbed_saddle,2105.0,,,,,,,,quartic,1.3349128574739266,2.666666666666667,-0.010215810403951586,0.01,0.01000000000000002,True,,,,,
perturbed_quartic_n20_p0.8_eps1e-03_seed2101,exact_quartic_n20_p0.8,FB,converged,20,20,0.8,0.1,2.666666700342897,7,2.6666666666666674,4.166918170553938e-13,20,20,0.23097428992562205,0.0,-2.2161308205204122e-09,-2.7701635256496222e-08,False,0.0008412800002588483,0.0007004300000517105,0.00014085000020713778,0,0,0,0,0,,,0.0,0.0,0.0,0.0,9.895833333333337,,,,,perturbed_saddle,2101.0,,,,,,,,quartic,0.0003976356934779377,2.666666666666667,4.440892098500626e-16,0.001,0.0010000000000000135,False,,,,,
perturbed_quartic_n20_p0.8_eps1e-03_seed2101,exact_quartic_n20_p0.8,DIRL1,converged,20,20,0.8,0.1,2.666666700342897,1400,2.6666666666666665,3.2491689902293816e-13,20,20,0.23097428992562205,0.0,-2.1130309377226375e-09,-2.6412886721532956e-08,False,0.018480488000022888,0.01700766800013298,0.0014728199998899072,0,0,0,0,0,,,0.0,0.0,0.0,0.0,9.895833333333337,,,,,perturbed_saddle,2101.0,,,,,,,,quartic,0.00038827627824778636,2.666666666666667,-4.440892098500626e-16,0.001,0.0010000000000000135,False,,,,,
perturbed_quartic_n20_p0.8_eps1e-03_seed2101,exact_quartic_n20_p0.8,DIRL2,converged,20,20,0.8,0.1,2.666666700342897,300,2.666666666666667,3.4893809749966913e-13,20,20,0.23097428992562205,0.0,-2.2160002513538224e-09,-2.7700003141922763e-08,False,0.004448608999837234,0.004015188999801467,0.00043342000003576686,0,0,0,0,0,,,0.0,0.0,0.0,0.0,9.895833333333337,,,,,perturbed_saddle,2101.0,,,,,,,,quartic,0.0003976242208288018,2.666666666666667,0.0,0.001,0.0010000000000000135,False,,,,,
perturbed_quartic_n20_p0.8_eps1e-03_seed2101,exact_quartic_n20_p0.8,4V-FB,converged,20,20,0.8,0.1,2.666666700342897,55,2.6564508562627154,3.163829903042848e-12,19,19,0.23097428992562205,0.0,0.048519355601166325,0.6064919450145789,True,0.006213578999904712,0.0060600589999921795,0.0001535199999125325,6,5,1,1,15,19.166666666666668,20.0,0.00019247999966864882,5.654999995385879e-05,0.0003441199999087985,0.05538193043237653,9.895833333333337,4.076289004978155e-09,8.492268760371156e-11,0.23097428992562205,13.042690445042933,perturbed_saddle,2101.0,,,,,,,,quartic,1.3349128574735165,2.666666666666667,-0.010215810403951586,0.001,0.0010000000000000135,True,,,,,
perturbed_quartic_n20_p0.8_eps1e-03_seed2102,exact_quartic_n20_p0.8,FB,converged,20,20,0.8,0.1,2.6666667066133285,7,2.6666666666666665,2.4802005310865654e-13,20,20,0.23097428992562205,0.0,-1.8964746439920077e-11,-2.37059330498922e-10,False,0.000824500000135231,0.0006861500000923115,0.00013835000004291942,0,0,0,0,0,,,0.0,0.0,0.0,0.0,9.895833333333337,,,,,perturbed_saddle,2102.0,,,,,,,,quartic,3.678043814570719e-05,2.666666666666667,-4.440892098500626e-16,0.001,0.0010000000000000406,False,,,,,
perturbed_quartic_n20_p0.8_eps1e-03_seed2102,exact_quartic_n20_p0.8,DIRL1,converged,20,20,0.8,0.1,2.6666667066133285,1368,2.666666666666667,1.4009052750717047e-15,20,20,0.23097428992562205,0.0,-1.8078850916314337e-11,-2.25985636453929e-10,False,0.047416142999963995,0.017407108000725202,0.030009034999238793,0,0,0,0,0,,,0.0,0.0,0.0,0.0,9.895833333333337,,,,,perturbed_saddle,2102.0,,,,,,,,quartic,3.5914833285274545e-05,2.666666666666667,0.0,0.001,0.0010000000000000406,False,,,,,
perturbed_quartic_n20_p0.8_eps1e-03_seed2102,exact_quartic_n20_p0.8,DIRL2,converged,20,20,0.8,0.1,2.6666667066133285,263,2.666666666666667,1.5267454113853112e-15,20,20,0.23097428992562205,0.0,-1.8960465142381366e-11,-2.370058142797666e-10,False,0.008274647999996887,0.0036627890008276154,0.0046118589991692716,0,0,0,0,0,,,0.0,0.0,0.0,0.0,9.895833333333337,,,,,perturbed_saddle,2102.0,,,,,,,,quartic,3.678005768325675e-05,2.666666666666667,0.0,0.001,0.0010000000000000406,False,,,,,
perturbed_quartic_n20_p0.8_eps1e-03_seed2102,exact_quartic_n20_p0.8,4V-FB,converged,20,20,0.8,0.1,2.6666667066133285,55,2.656450856262715,3.1716832701143227e-12,19,19,0.23097428992562205,0.0,0.04851935560116561,0.60649194501457,True,0.006308088999730899,0.006138568999858762,0.0001695199998721364,6,5,1,1,15,19.166666666666668,20.0,0.00019359999987500487,5.7109999943349976e-05,0.00035043000002588087,0.055552481907092645,9.895833333333337,4.076288966928081e-09,8.492268681100169e-11,0.23097428992562205,13.042690450118055,perturbed_saddle,2102.0,,,,,,,,quartic,1.3349128574734168,2.666666666666667,-0.01021581040395203,0.001,0.0010000000000000406,True,,,,,
perturbed_quartic_n20_p0.8_eps1e-03_seed2103,exact_quartic_n20_p0.8,FB,converged,20,20,0.8,0.1,2.6666667057908504,7,2.6666666666666674,2.4611291444644006e-13,20,20,0.23097428992562205,0.0,-3.066696757647591e-10,-3.8333709470584004e-09,False,0.0008388499998090992,0.0006983599998875434,0.00014048999992155586,0,0,0,0,0,,,0.0,0.0,0.0,0.0,9.895833333333337,,,,,perturbed_saddle,2103.0,,,,,,,,quartic,0.0001479179909111365,2.666666666666667,4.440892098500626e-16,0.001,0.0009999999999999575,False,,,,,
perturbed_quartic_n20_p0.8_eps1e-03_seed2103,exact_quartic_n20_p0.8,DIRL1,converged,20,20,0.8,0.1,2.6666667057908504,1368,2.6666666666666674,1.6748002130899658e-14,20,20,0.23097428992562205,0.0,-2.9240050311574173e-10,-3.6550062889467683e-09,False,0.04689163299985921,0.017434228001093288,0.029457404998765924,0,0,0,0,0,,,0.0,0.0,0.0,0.0,9.895833333333337,,,,,perturbed_saddle,2103.0,,,,,,,,quartic,0.00014443652678370795,2.666666666666667,4.440892098500626e-16,0.001,0.0009999999999999575,False,,,,,
perturbed_quartic_n20_p0.8_eps1e-03_seed2103,exact_quartic_n20_p0.8,DIRL2,converged,20,20,0.8,0.1,2.6666667057908504,263,2.666666666666667,1.7969783773009458e-14,20,20,0.23097428992562205,0.0,-3.0665491326797856e-10,-3.8331864158497245e-09,False,0.008247129000210407,0.0036417700000583864,0.004605359000152021,0,0,0,0,0,,,0.0,0.0,0.0,0.0,9.895833333333337,,,,,perturbed_saddle,2103.0,,,,,,,,quartic,0.0001479152366901118,2.666666666666667,0.0,0.001,0.0009999999999999575,False,,,,,
perturbed_quartic_n20_p0.8_eps1e-03_seed2103,exact_quartic_n20_p0.8,4V-FB,converged,20,20,0.8,0.1,2.6666667057908504,55,2.6564508562627154,3.1693048218012435e-12,19,19,0.23097428992562205,0.0,0.048519355601165826,0.6064919450145727,True,0.006240398999807439,0.00607436899986169,0.0001660299999457493,6,5,1,1,15,19.166666666666668,20.0,0.00019395000003896712,5.7279999964521267e-05,0.00036494000005404814,0.05848023500825975,9.895833333333337,4.076288971919022e-09,8.492268691497963e-11,0.23097428992562205,13.042690449452362,perturbed_saddle,2103.0,,,,,,,,quartic,1.3349128574734472,2.666666666666667,-0.010215810403951586,0.001,0.0009999999999999575,True,,,,,
perturbed_quartic_n20_p0.8_eps1e-03_seed2104,exact_quartic_n20_p0.8,FB,converged,20,20,0.8,0.1,2.6666667035429463,7,2.666666666666667,2.6729181979269025e-13,20,20,0.23097428992562205,0.0,-1.0944066590468093e-09,-1.3680083238082397e-08,False,0.0008339200001046265,0.0006956300001093041,0.00013828999999532243,0,0,0,0,0,,,0.0,0.0,0.0,0.0,9.895833333333337,,,,,perturbed_saddle,2104.0,,,,,,,,quartic,0.0002794324528212717,2.666666666666667,0.0,0.001,0.0009999999999999027,False,,,,,
perturbed_quartic_n20_p0.8_eps1e-03_seed2104,exact_quartic_n20_p0.8,DIRL1,converged,20,20,0.8,0.1,2.6666667035429463,1400,2.6666666666666665,1.127638258917828e-13,20,20,0.23097428992562205,0.0,-1.0434859087915527e-09,-1.3043573859894402e-08,False,0.018608466999921802,0.01713667699959842,0.0014717900003233808,0,0,0,0,0,,,0.0,0.0,0.0,0.0,9.895833333333337,,,,,perturbed_saddle,2104.0,,,,,,,,quartic,0.00027285457691900004,2.666666666666667,-4.440892098500626e-16,0.001,0.0009999999999999027,False,,,,,
perturbed_quartic_n20_p0.8_eps1e-03_seed2104,exact_quartic_n20_p0.8,DIRL2,converged,20,20,0.8,0.1,2.6666667035429463,300,2.6666666666666665,1.2112408484125747e-13,20,20,0.23097428992562205,0.0,-1.094329345890932e-09,-1.3679116823636643e-08,False,0.0044579389998489205,0.004030479000221021,0.0004274599996278994,0,0,0,0,0,,,0.0,0.0,0.0,0.0,9.895833333333337,,,,,perturbed_saddle,2104.0,,,,,,,,quartic,0.00027942288061677225,2.666666666666667,-4.440892098500626e-16,0.001,0.0009999999999999027,False,,,,,
perturbed_quartic_n20_p0.8_eps1e-03_seed2104,exact_quartic_n20_p0.8,4V-FB,converged,20,20,0.8,0.1,2.6666667035429463,55,2.656450856262715,3.166410295080614e-12,19,19,0.23097428992562205,0.0,0.04851935560116609,0.606491945014576,True,0.006201288999818644,0.006048028999884991,0.00015325999993365258,6,5,1,1,15,19.166666666666668,20.0,0.00019642999973257247,5.711999983759597e-05,0.0003509799998937524,0.05659791051570355,9.895833333333337,4.076288985559696e-09,8.492268719916034e-11,0.23097428992562205,13.042690447632967,perturbed_saddle,2104.0,,,,,,,,quartic,1.3349128574734839,2.666666666666667,-0.01021581040395203,0.001,0.0009999999999999027,True,,,,,
perturbed_quartic_n20_p0.8_eps1e-03_seed2105,exact_quartic_n20_p0.8,FB,converged,20,20,0.8,0.1,2.6666667052967905,7,2.6666666666666665,2.4641227790540446e-13,20,20,0.23097428992562205,0.0,-4.79808252157321e-10,-5.997603151965124e-09,False,0.0008326899999246962,0.0006945299999188137,0.00013816000000588247,0,0,0,0,0,,,0.0,0.0,0.0,0.0,9.895833333333337,,,,,perturbed_saddle,2105.0,,,,,,,,quartic,0.00018502199754267,2.666666666666667,-4.440892098500626e-16,0.001,0.0009999999999999567,False,,,,,
perturbed_quartic_n20_p0.8_eps1e-03_seed2105,exact_quartic_n20_p0.8,DIRL1,converged,20,20,0.8,0.1,2.6666667052967905,1368,2.6666666666666674,3.2760781814732415e-14,20,20,0.23097428992562205,0.0,-4.574641498944487e-10,-5.718301873680604e-09,False,0.045823983000218504,0.01717422700107818,0.028649755999140325,0,0,0,0,0,,,0.0,0.0,0.0,0.0,9.895833333333337,,,,,perturbed_saddle,2105.0,,,,,,,,quartic,0.00018066187081316126,2.666666666666667,4.440892098500626e-16,0.001,0.0009999999999999567,False,,,,,
perturbed_quartic_n20_p0.8_eps1e-03_seed2105,exact_quartic_n20_p0.8,DIRL2,converged,20,20,0.8,0.1,2.6666667052967905,263,2.666666666666667,3.519343632958082e-14,20,20,0.23097428992562205,0.0,-4.796934759132565e-10,-5.996168448915697e-09,False,0.008251088999941203,0.0036510599991288473,0.004600029000812356,0,0,0,0,0,,,0.0,0.0,0.0,0.0,9.895833333333337,,,,,perturbed_saddle,2105.0,,,,,,,,quartic,0.00018499920865996163,2.666666666666667,0.0,0.001,0.0009999999999999567,False,,,,,
perturbed_quartic_n20_p0.8_eps1e-03_seed2105,exact_quartic_n20_p0.8,4V-FB,converged,20,20,0.8,0.1,2.6666667052967905,55,2.656450856262715,3.1684521705191973e-12,19,19,0.23097428992562205,0.0,0.0485193556011659,0.6064919450145737,True,0.006216128999994908,0.00606218899997657,0.00015394000001833774,6,5,1,1,15,19.166666666666668,20.0,0.00019431999999142135,5.639999994855316e-05,0.00034580999977151805,0.05563108483942359,9.895833333333337,4.076288974917063e-09,8.492268697743881e-11,0.23097428992562205,13.042690449052483,perturbed_saddle,2105.0,,,,,,,,quartic,1.3349128574734577,2.666666666666667,-0.01021581040395203,0.001,0.0009999999999999567,True,,,,,
perturbed_quartic_n20_p0.8_eps1e-04_seed2101,exact_quartic_n20_p0.8,FB,converged,20,20,0.8,0.1,2.666666667003422,6,2.666666666666667,3.833280680457535e-13,20,20,0.23097428992562205,0.0,-2.2165748403413232e-11,-2.7707185504251506e-10,False,0.0007444600000781065,0.0006044500000825792,0.00014000999999552732,0,0,0,0,0,,,0.0,0.0,0.0,0.0,9.895833333333337,,,,,perturbed_saddle,2101.0,,,,,,,,quartic,3.976353979932719e-05,2.666666666666667,0.0,0.0001,0.00010000000000003328,False,,,,,
perturbed_quartic_n20_p0.8_eps1e-04_seed2101,exact_quartic_n20_p0.8,DIRL1,converged,20,20,0.8,0.1,2.666666667003422,1368,2.666666666666667,1.4214200367493702e-15,20,20,0.23097428992562205,0.0,-2.1129702154620844e-11,-2.641212769327603e-10,False,0.04688590299997486,0.017271247997769024,0.029614655002205836,0,0,0,0,0,,,0.0,0.0,0.0,0.0,9.895833333333337,,,,,perturbed_saddle,2101.0,,,,,,,,quartic,3.882711326571379e-05,2.666666666666667,0.0,0.0001,0.00010000000000003328,False,,,,,
perturbed_quartic_n20_p0.8_eps1e-04_seed2101,exact_quartic_n20_p0.8,DIRL2,converged,20,20,0.8,0.1,2.666666667003422,263,2.666666666666667,8.518389877368605e-16,20,20,0.23097428992562205,0.0,-2.2158316848042148e-11,-2.769789606005267e-10,False,0.0093463379998866,0.0036363989986512024,0.005709939001235398,0,0,0,0,0,,,0.0,0.0,0.0,0.0,9.895833333333337,,,,,perturbed_saddle,2101.0,,,,,,,,quartic,3.976091785906554e-05,2.666666666666667,0.0,0.0001,0.00010000000000003328,False,,,,,
perturbed_quartic_n20_p0.8_eps1e-04_seed2101,exact_quartic_n20_p0.8,4V-FB,converged,20,20,0.8,0.1,2.666666667003422,54,2.656450856262715,3.1716832701143227e-12,19,19,0.23097428992562205,0.0,0.04851935560116561,0.60649194501457,True,0.006091239999932441,0.005936679999877015,0.00015456000005542592,6,5,1,1,15,19.166666666666668,20.0,0.0001919399994676496,5.626999973173952e-05,0.0003436800000145013,0.05642200931473938,9.895833333333337,4.076289207287931e-09,8.492269181849856e-11,0.23097428992562205,13.04269041805884,perturbed_saddle,2101.0,,,,,,,,quartic,1.3349128574734168,2.666666666666667,-0.01021581040395203,0.0001,0.00010000000000003328,True,,,,,
perturbed_quartic_n20_p0.8_eps1e-04_seed2102,exact_quartic_n20_p0.8,FB,converged,20,20,0.8,0.1,2.666666667066126,6,2.6666666666666665,4.1745916483370475e-13,20,20,0.23097428992562205,0.0,-1.9615559176955344e-13,-2.4519448971180435e-12,False,0.0007448899998507841,0.0006049999999504507,0.00013988999990033335,0,0,0,0,0,,,0.0,0.0,0.0,0.0,9.895833333333337,,,,,perturbed_saddle,2102.0,,,,,,,,quartic,3.678040159663033e-06,2.666666666666667,-4.440892098500626e-16,0.0001,9.999999999998643e-05,False,,,,,
perturbed_quartic_n20_p0.8_eps1e-04_seed2102,exact_quartic_n20_p0.8,DIRL1,converged,20,20,0.8,0.1,2.666666667066126,1368,2.666666666666667,1.3906249172122898e-15,20,20,0.23097428992562205,0.0,-1.8073736951507158e-13,-2.2592171189383927e-12,False,0.04709585299997343,0.017460576998246324,0.029635276001727107,0,0,0,0,0,,,0.0,0.0,0.0,0.0,9.895833333333337,,,,,perturbed_saddle,2102.0,,,,,,,,quartic,3.591424625532977e-06,2.666666666666667,0.0,0.0001,9.999999999998643e-05,False,,,,,
perturbed_quartic_n20_p0.8_eps1e-04_seed2102,exact_quartic_n20_p0.8,DIRL2,converged,20,20,0.8,0.1,2.666666667066126,263,2.6666666666666665,7.831700363549806e-16,20,20,0.23097428992562205,0.0,-1.8956711200779353e-13,-2.369588900097418e-12,False,0.009481768999876294,0.0036564699996688432,0.005825299000207451,0,0,0,0,0,,,0.0,0.0,0.0,0.0,9.895833333333337,,,,,perturbed_saddle,2102.0,,,,,,,,quartic,3.6778045058177145e-06,2.666666666666667,-4.440892098500626e-16,0.0001,9.999999999998643e-05,False,,,,,
perturbed_quartic_n20_p0.8_eps1e-04_seed2102,exact_quartic_n20_p0.8,4V-FB,converged,20,20,0.8,0.1,2.666666667066126,54,2.656450856262715,3.1724686068214723e-12,19,19,0.23097428992562205,0.0,0.04851935560116554,0.6064919450145692,True,0.006150368999897182,0.005984988999898633,0.00016537999999854947,6,5,1,1,15,19.166666666666668,20.0,0.00019897000015589583,5.66099997740821e-05,0.00036134000015408674,0.05875094651396158,9.895833333333337,4.0762892069074296e-09,8.492269181057144e-11,0.23097428992562205,13.042690418109588,perturbed_saddle,2102.0,,,,,,,,quartic,1.3349128574734073,2.666666666666667,-0.01021581040395203,0.0001,9.999999999998643e-05,True,,,,,
perturbed_quartic_n20_p0.8_eps1e-04_seed2103,exact_quartic_n20_p0.8,FB,converged,20,20,0.8,0.1,2.6666666670579144,6,2.666666666666667,4.1319993324795734e-13,20,20,0.23097428992562205,0.0,-3.07229242046958e-12,-3.8403655255851385e-11,False,0.0007440299998506816,0.0006042099998921913,0.00013981999995849037,0,0,0,0,0,,,0.0,0.0,0.0,0.0,9.895833333333337,,,,,perturbed_saddle,2103.0,,,,,,,,quartic,1.4791786313883195e-05,2.666666666666667,0.0,0.0001,9.999999999996748e-05,False,,,,,
perturbed_quartic_n20_p0.8_eps1e-04_seed2103,exact_quartic_n20_p0.8,DIRL1,converged,20,20,0.8,0.1,2.6666666670579144,1368,2.6666666666666674,1.3777122764905709e-15,20,20,0.23097428992562205,0.0,-2.9238798882058603e-12,-3.654849860257322e-11,False,0.04704472299999907,0.017355367997652138,0.02968935500234693,0,0,0,0,0,,,0.0,0.0,0.0,0.0,9.895833333333337,,,,,perturbed_saddle,2103.0,,,,,,,,quartic,1.4443445576896725e-05,2.666666666666667,4.440892098500626e-16,0.0001,9.999999999996748e-05,False,,,,,
perturbed_quartic_n20_p0.8_eps1e-04_seed2103,exact_quartic_n20_p0.8,DIRL2,converged,20,20,0.8,0.1,2.6666666670579144,263,2.6666666666666665,7.624033955131667e-16,20,20,0.23097428992562205,0.0,-3.066241704985373e-12,-3.832802131231714e-11,False,0.009676417999799014,0.0036680879998129967,0.006008329999986017,0,0,0,0,0,,,0.0,0.0,0.0,0.0,9.895833333333337,,,,,perturbed_saddle,2103.0,,,,,,,,quartic,1.4790826321356553e-05,2.666666666666667,-4.440892098500626e-16,0.0001,9.999999999996748e-05,False,,,,,
perturbed_quartic_n20_p0.8_eps1e-04_seed2103,exact_quartic_n20_p0.8,4V-FB,converged,20,20,0.8,0.1,2.6666666670579144,54,2.656450856262715,3.172132033946979e-12,19,19,0.23097428992562205,0.0,0.04851935560116556,0.6064919450145694,True,0.006150188999754391,0.0059938889999102685,0.0001562999998441228,6,5,1,1,15,19.166666666666668,20.0,0.00020218999998178333,5.738999993809557e-05,0.0003571399995507818,0.058069760061852445,9.895833333333337,4.076289206957261e-09,8.492269181160961e-11,0.23097428992562205,13.042690418102943,perturbed_saddle,2103.0,,,,,,,,quartic,1.3349128574734106,2.666666666666667,-0.01021581040395203,0.0001,9.999999999996748e-05,True,,,,,
perturbed_quartic_n20_p0.8_eps1e-04_seed2104,exact_quartic_n20_p0.8,FB,converged,20,20,0.8,0.1,2.6666666670354333,6,2.666666666666667,4.011426804940944e-13,20,20,0.23097428992562205,0.0,-1.094794740974514e-11,-1.3684934262176845e-10,False,0.0007391399999505666,0.0005900399999063666,0.0001491000000442,0,0,0,0,0,,,0.0,0.0,0.0,0.0,9.895833333333337,,,,,perturbed_saddle,2104.0,,,,,,,,quartic,2.7943227845634422e-05,2.666666666666667,0.0,0.0001,9.999999999998877e-05,False,,,,,
perturbed_quartic_n20_p0.8_eps1e-04_seed2104,exact_quartic_n20_p0.8,DIRL1,converged,20,20,0.8,0.1,2.6666666670354333,1368,2.666666666666667,1.3808606071813183e-15,20,20,0.23097428992562205,0.0,-1.0434594160946276e-11,-1.3043242701182834e-10,False,0.04701207299967791,0.017404656999815415,0.029607415999862496,0,0,0,0,0,,,0.0,0.0,0.0,0.0,9.895833333333337,,,,,perturbed_saddle,2104.0,,,,,,,,quartic,2.728516384944787e-05,2.666666666666667,0.0,0.0001,9.999999999998877e-05,False,,,,,
perturbed_quartic_n20_p0.8_eps1e-04_seed2104,exact_quartic_n20_p0.8,DIRL2,converged,20,20,0.8,0.1,2.6666666670354333,263,2.666666666666667,7.921190152356496e-16,20,20,0.23097428992562205,0.0,-1.0942555889181804e-11,-1.3678194861477248e-10,False,0.00956313899973793,0.003625700000611687,0.005937438999126243,0,0,0,0,0,,,0.0,0.0,0.0,0.0,9.895833333333337,,,,,perturbed_saddle,2104.0,,,,,,,,quartic,2.7941370460875317e-05,2.666666666666667,0.0,0.0001,9.999999999998877e-05,False,,,,,
perturbed_quartic_n20_p0.8_eps1e-04_seed2104,exact_quartic_n20_p0.8,4V-FB,converged,20,20,0.8,0.1,2.6666666670354333,54,2.656450856262715,3.1719076520306515e-12,19,19,0.23097428992562205,0.0,0.04851935560116559,0.6064919450145697,True,0.006127479000042513,0.005973299000061161,0.000154179999981352,6,5,1,1,15,19.166666666666668,20.0,0.00019649000000754313,5.644000020765816e-05,0.0003502300000945979,0.05715727464625632,9.895833333333337,4.07628920709368e-09,8.492269181445167e-11,0.23097428992562205,13.042690418084746,perturbed_saddle,2104.0,,,,,,,,quartic,1.3349128574734144,2.666666666666667,-0.01021581040395203,0.0001,9.999999999998877e-05,True,,,,,
perturbed_quartic_n20_p0.8_eps1e-04_seed2105,exact_quartic_n20_p0.8,FB,converged,20,20,0.8,0.1,2.6666666670529726,6,2.666666666666667,4.1056994283351337e-13,20,20,0.23097428992562205,0.0,-4.792312380264008e-12,-5.990390475327674e-11,False,0.0007440399997449276,0.0006048299999292794,0.0001392099998156482,0,0,0,0,0,,,0.0,0.0,0.0,0.0,9.895833333333337,,,,,perturbed_saddle,2105.0,,,,,,,,quartic,1.8502215883092652e-05,2.666666666666667,0.0,0.0001,9.99999999999731e-05,False,,,,,
perturbed_quartic_n20_p0.8_eps1e-04_seed2105,exact_quartic_n20_p0.8,DIRL1,converged,20,20,0.8,0.1,2.6666666670529726,1368,2.6666666666666674,1.3803135872441599e-15,20,20,0.23097428992562205,0.0,-4.574729484119189e-12,-5.718411855148981e-11,False,0.047115592999944056,0.017419225998764887,0.02969636700117917,0,0,0,0,0,,,0.0,0.0,0.0,0.0,9.895833333333337,,,,,perturbed_saddle,2105.0,,,,,,,,quartic,1.806644212677638e-05,2.666666666666667,4.440892098500626e-16,0.0001,9.99999999999731e-05,False,,,,,
perturbed_quartic_n20_p0.8_eps1e-04_seed2105,exact_quartic_n20_p0.8,DIRL2,converged,20,20,0.8,0.1,2.6666666670529726,263,2.666666666666667,7.831700363549806e-16,20,20,0.23097428992562205,0.0,-4.797381242260812e-12,-5.996726552826011e-11,False,0.009619628999871566,0.00367120000032628,0.0059484289995452855,0,0,0,0,0,,,0.0,0.0,0.0,0.0,9.895833333333337,,,,,perturbed_saddle,2105.0,,,,,,,,quartic,1.8500821632432493e-05,2.666666666666667,0.0,0.0001,9.99999999999731e-05,False,,,,,
perturbed_quartic_n20_p0.8_eps1e-04_seed2105,exact_quartic_n20_p0.8,4V-FB,converged,20,20,0.8,0.1,2.6666666670529726,54,2.656450856262715,3.172132033946979e-12,19,19,0.23097428992562205,0.0,0.04851935560116557,0.6064919450145695,True,0.006157209000093644,0.006003368999927261,0.0001538400001663831,6,5,1,1,15,19.166666666666668,20.0,0.00019747999976971187,5.662000012307544e-05,0.00035363000029065006,0.057433489797937956,9.895833333333337,4.076289206987249e-09,8.492269181223436e-11,0.23097428992562205,13.042690418098942,perturbed_saddle,2105.0,,,,,,,,quartic,1.3349128574734115,2.666666666666667,-0.01021581040395203,0.0001,9.99999999999731e-05,True,,,,,
perturbed_quartic_n20_p0.8_eps1e-05_seed2101,exact_quartic_n20_p0.8,FB,converged,20,20,0.8,0.1,2.6666666666700345,6,2.6666666666666674,3.831663367697179e-14,20,20,0.23097428992562205,0.0,-2.2206542160674303e-13,-2.7758177700841372e-12,False,0.0007364499999766849,0.0005964699998912693,0.00013998000008541567,0,0,0,0,0,,,0.0,0.0,0.0,0.0,9.895833333333337,,,,,perturbed_saddle,2101.0,,,,,,,,quartic,3.976353705175432e-06,2.666666666666667,4.440892098500626e-16,1e-05,9.999999999984248e-06,False,,,,,
perturbed_quartic_n20_p0.8_eps1e-05_seed2101,exact_quartic_n20_p0.8,DIRL1,converged,20,20,0.8,0.1,2.6666666666700345,1368,2.6666666666666674,1.4000065098062456e-15,20,20,0.23097428992562205,0.0,-2.1124768601055166e-13,-2.6405960751318933e-12,False,0.04734277300008216,0.017375637000441202,0.02996713599964096,0,0,0,0,0,,,0.0,0.0,0.0,0.0,9.895833333333337,,,,,perturbed_saddle,2101.0,,,,,,,,quartic,3.882706883848297e-06,2.666666666666667,4.440892098500626e-16,1e-05,9.999999999984248e-06,False,,,,,
perturbed_quartic_n20_p0.8_eps1e-05_seed2101,exact_quartic_n20_p0.8,DIRL2,converged,20,20,0.8,0.1,2.6666666666700345,263,2.666666666666667,8.080864810588695e-16,20,20,0.23097428992562205,0.0,-2.215519434578539e-13,-2.769399293223172e-12,False,0.009712838000041302,0.0036596489997009485,0.006053189000340353,0,0,0,0,0,,,0.0,0.0,0.0,0.0,9.895833333333337,,,,,perturbed_saddle,2101.0,,,,,,,,quartic,3.976076832480583e-06,2.666666666666667,0.0,1e-05,9.999999999984248e-06,False,,,,,
perturbed_quartic_n20_p0.8_eps1e-05_seed2101,exact_quartic_n20_p0.8,4V-FB,converged,20,20,0.8,0.1,2.6666666666700345,53,2.656450856262715,3.1724237304382065e-12,19,19,0.23097428992562205,0.0,0.04851935560116554,0.6064919450145692,True,0.006055169000092064,0.005885819000013726,0.00016935000007833878,6,5,1,1,15,19.166666666666668,20.0,0.00020386999972288322,5.798000006507209e-05,0.0003606000000218046,0.05955242537678501,9.895833333333337,4.076289209310985e-09,8.492269186064552e-11,0.23097428992562205,13.042690417789004,perturbed_saddle,2101.0,,,,,,,,quartic,1.3349128574734073,2.666666666666667,-0.01021581040395203,1e-05,9.999999999984248e-06,True,,,,,
perturbed_quartic_n20_p0.8_eps1e-05_seed2102,exact_quartic_n20_p0.8,FB,converged,20,20,0.8,0.1,2.666666666670662,6,2.666666666666667,4.1767645071093574e-14,20,20,0.23097428992562205,0.0,-2.5604518505417673e-15,-3.20056481317703e-14,False,0.0007407000000512198,0.0006008200000451325,0.00013988000000608736,0,0,0,0,0,,,0.0,0.0,0.0,0.0,9.895833333333337,,,,,perturbed_saddle,2102.0,,,,,,,,quartic,3.6780397945377226e-07,2.666666666666667,0.0,1e-05,1.0000000000001451e-05,False,,,,,
perturbed_quartic_n20_p0.8_eps1e-05_seed2102,exact_quartic_n20_p0.8,DIRL1,converged,20,20,0.8,0.1,2.666666666670662,1368,2.666666666666667,1.3839563027878784e-15,20,20,0.23097428992562205,0.0,-1.7590096046404824e-15,-2.198762005800601e-14,False,0.04687128300020049,0.0173558470005446,0.029515435999655892,0,0,0,0,0,,,0.0,0.0,0.0,0.0,9.895833333333337,,,,,perturbed_saddle,2102.0,,,,,,,,quartic,3.591418902859821e-07,2.666666666666667,0.0,1e-05,1.0000000000001451e-05,False,,,,,
perturbed_quartic_n20_p0.8_eps1e-05_seed2102,exact_quartic_n20_p0.8,DIRL2,converged,20,20,0.8,0.1,2.666666666670662,263,2.666666666666667,8.022241909407991e-16,20,20,0.23097428992562205,0.0,-1.870031907102998e-15,-2.3375398838787463e-14,False,0.009645859000102064,0.0036519000007046998,0.005993958999397364,0,0,0,0,0,,,0.0,0.0,0.0,0.0,9.895833333333337,,,,,perturbed_saddle,2102.0,,,,,,,,quartic,3.677784433912555e-07,2.666666666666667,0.0,1e-05,1.0000000000001451e-05,False,,,,,
perturbed_quartic_n20_p0.8_eps1e-05_seed2102,exact_quartic_n20_p0.8,4V-FB,converged,20,20,0.8,0.1,2.666666666670662,53,2.656450856262715,3.172513483204738e-12,19,19,0.23097428992562205,0.0,0.048519355601165534,0.606491945014569,True,0.0060354190002271935,0.005879549000155748,0.00015587000007144525,6,5,1,1,15,19.166666666666668,20.0,0.0001963700003670965,5.662999978994776e-05,0.0003506699995341478,0.05810201404756611,9.895833333333337,4.076289209307177e-09,8.492269186056619e-11,0.23097428992562205,13.04269041778951,perturbed_saddle,2102.0,,,,,,,,quartic,1.3349128574734064,2.666666666666667,-0.01021581040395203,1e-05,1.0000000000001451e-05,True,,,,,
perturbed_quartic_n20_p0.8_eps1e-05_seed2103,exact_quartic_n20_p0.8,FB,converged,20,20,0.8,0.1,2.666666666670579,6,2.666666666666667,4.1300924990165065e-14,20,20,0.23097428992562205,0.0,-3.123890035539034e-14,-3.904862544423606e-13,False,0.0007398999998713407,0.0006015799999659066,0.0001383199999054341,0,0,0,0,0,,,0.0,0.0,0.0,0.0,9.895833333333337,,,,,perturbed_saddle,2103.0,,,,,,,,quartic,1.479178504649256e-06,2.666666666666667,0.0,1e-05,1.0000000000030841e-05,False,,,,,
perturbed_quartic_n20_p0.8_eps1e-05_seed2103,exact_quartic_n20_p0.8,DIRL1,converged,20,20,0.8,0.1,2.666666666670579,1368,2.666666666666667,1.3906249172122898e-15,20,20,0.23097428992562205,0.0,-2.919192665373771e-14,-3.6489908317172107e-13,False,0.047685852999848066,0.017946758997368306,0.02973909400247976,0,0,0,0,0,,,0.0,0.0,0.0,0.0,9.895833333333337,,,,,perturbed_saddle,2103.0,,,,,,,,quartic,1.4443425121956948e-06,2.666666666666667,0.0,1e-05,1.0000000000030841e-05,False,,,,,
perturbed_quartic_n20_p0.8_eps1e-05_seed2103,exact_quartic_n20_p0.8,DIRL2,converged,20,20,0.8,0.1,2.666666666670579,263,2.6666666666666665,8.003391892578945e-16,20,20,0.23097428992562205,0.0,-3.063174713879846e-14,-3.8289683923498054e-13,False,0.009819189000154438,0.003791000001001521,0.006028188999152917,0,0,0,0,0,,,0.0,0.0,0.0,0.0,9.895833333333337,,,,,perturbed_saddle,2103.0,,,,,,,,quartic,1.4790756624940779e-06,2.666666666666667,-4.440892098500626e-16,1e-05,1.0000000000030841e-05,False,,,,,
perturbed_quartic_n20_p0.8_eps1e-05_seed2103,exact_quartic_n20_p0.8,4V-FB,converged,20,20,0.8,0.1,2.666666666670579,53,2.6564508562627154,3.172513483204738e-12,19,19,0.23097428992562205,0.0,0.048519355601165534,0.606491945014569,True,0.006104559000050358,0.005945609000036711,0.00015895000001364679,6,5,1,1,15,19.166666666666668,20.0,0.00020622000010916963,5.651000014950114e-05,0.000358929999947577,0.05879704003919302,9.895833333333337,4.076289209307682e-09,8.492269186057671e-11,0.23097428992562205,13.042690417789444,perturbed_saddle,2103.0,,,,,,,,quartic,1.3349128574734064,2.666666666666667,-0.010215810403951586,1e-05,1.0000000000030841e-05,True,,,,,
perturbed_quartic_n20_p0.8_eps1e-05_seed2104,exact_quartic_n20_p0.8,FB,converged,20,20,0.8,0.1,2.6666666666703547,6,2.666666666666667,4.009444767085457e-14,20,20,0.23097428992562205,0.0,-1.0983922105189947e-13,-1.3729902631486974e-12,False,0.0007278200000655488,0.0005887800000436982,0.00013904000002185057,0,0,0,0,0,,,0.0,0.0,0.0,0.0,9.895833333333337,,,,,perturbed_saddle,2104.0,,,,,,,,quartic,2.794322618588981e-06,2.666666666666667,0.0,1e-05,1.0000000000060132e-05,False,,,,,
perturbed_quartic_n20_p0.8_eps1e-05_seed2104,exact_quartic_n20_p0.8,DIRL1,converged,20,20,0.8,0.1,2.6666666666703547,1368,2.6666666666666674,1.3860919339107245e-15,20,20,0.23097428992562205,0.0,-1.043019837165815e-13,-1.3037747964572676e-12,False,0.046705013000064355,0.017218755996282198,0.029486257003782157,0,0,0,0,0,,,0.0,0.0,0.0,0.0,9.895833333333337,,,,,perturbed_saddle,2104.0,,,,,,,,quartic,2.728513711698127e-06,2.666666666666667,4.440892098500626e-16,1e-05,1.0000000000060132e-05,False,,,,,
perturbed_quartic_n20_p0.8_eps1e-05_seed2104,exact_quartic_n20_p0.8,DIRL2,converged,20,20,0.8,0.1,2.6666666666703547,263,2.666666666666667,7.939442681040893e-16,20,20,0.23097428992562205,0.0,-1.0940554018290527e-13,-1.367569252286315e-12,False,0.009598898000149347,0.003616038000473054,0.005982859999676293,0,0,0,0,0,,,0.0,0.0,0.0,0.0,9.895833333333337,,,,,perturbed_saddle,2104.0,,,,,,,,quartic,2.7941279047502476e-06,2.666666666666667,0.0,1e-05,1.0000000000060132e-05,False,,,,,
perturbed_quartic_n20_p0.8_eps1e-05_seed2104,exact_quartic_n20_p0.8,4V-FB,converged,20,20,0.8,0.1,2.6666666666703547,53,2.656450856262715,3.1724686068214723e-12,19,19,0.23097428992562205,0.0,0.048519355601165534,0.606491945014569,True,0.005986119999761286,0.005832869999949253,0.0001532499998120329,6,5,1,1,15,19.166666666666668,20.0,0.00019328000007590163,5.612999962067988e-05,0.00034475000006750633,0.057591561826567834,9.895833333333337,4.076289209309042e-09,8.492269186060504e-11,0.23097428992562205,13.042690417789261,perturbed_saddle,2104.0,,,,,,,,quartic,1.334912857473407,2.666666666666667,-0.01021581040395203,1e-05,1.0000000000060132e-05,True,,,,,
perturbed_quartic_n20_p0.8_eps1e-05_seed2105,exact_quartic_n20_p0.8,FB,converged,20,20,0.8,0.1,2.6666666666705297,6,2.666666666666667,4.105857237944766e-14,20,20,0.23097428992562205,0.0,-4.740999259844614e-14,-5.926249074805536e-13,False,0.0007413599998926657,0.0006020900000294205,0.00013926999986324518,0,0,0,0,0,,,0.0,0.0,0.0,0.0,9.895833333333337,,,,,perturbed_saddle,2105.0,,,,,,,,quartic,1.8502217526093936e-06,2.666666666666667,0.0,1e-05,9.999999999974734e-06,False,,,,,
perturbed_quartic_n20_p0.8_eps1e-05_seed2105,exact_quartic_n20_p0.8,DIRL1,converged,20,20,0.8,0.1,2.6666666666705297,1368,2.6666666666666674,1.3906249172122898e-15,20,20,0.23097428992562205,0.0,-4.570302469808496e-14,-5.712878087260615e-13,False,0.04683623300002182,0.0172138870004801,0.02962234599954172,0,0,0,0,0,,,0.0,0.0,0.0,0.0,9.895833333333337,,,,,perturbed_saddle,2105.0,,,,,,,,quartic,1.8066468473848875e-06,2.666666666666667,4.440892098500626e-16,1e-05,9.999999999974734e-06,False,,,,,
perturbed_quartic_n20_p0.8_eps1e-05_seed2105,exact_quartic_n20_p0.8,DIRL2,converged,20,20,0.8,0.1,2.6666666666705297,263,2.666666666666666,7.911650377535508e-16,20,20,0.23097428992562205,0.0,-4.79512263229509e-14,-5.99390329036886e-13,False,0.009641418999990492,0.003623129999368757,0.006018289000621735,0,0,0,0,0,,,0.0,0.0,0.0,0.0,9.895833333333337,,,,,perturbed_saddle,2105.0,,,,,,,,quartic,1.8500911820718882e-06,2.666666666666667,-8.881784197001252e-16,1e-05,9.999999999974734e-06,False,,,,,
perturbed_quartic_n20_p0.8_eps1e-05_seed2105,exact_quartic_n20_p0.8,4V-FB,converged,20,20,0.8,0.1,2.6666666666705297,53,2.656450856262715,3.172513483204738e-12,19,19,0.23097428992562205,0.0,0.048519355601165534,0.606491945014569,True,0.00600481900005434,0.00584787899992989,0.0001569400001244503,6,5,1,1,15,19.166666666666668,20.0,0.000193139999964842,5.635000002257584e-05,0.0003456900003584451,0.05756876274793908,9.895833333333337,4.076289209307979e-09,8.492269186058289e-11,0.23097428992562205,13.042690417789403,perturbed_saddle,2105.0,,,,,,,,quartic,1.3349128574734066,2.666666666666667,-0.01021581040395203,1e-05,9.999999999974734e-06,True,,,,,
perturbed_quartic_n50_p0.3_eps1e-02_seed2101,exact_quartic_n50_p0.3,FB,max_iter,50,50,0.3,0.1,5.074764098754464,10000,5.074750830564721,1.1804593624467543e-10,50,50,0.3092532037787764,0.0,-1.4435476076990472e-07,-5.155527170353741e-07,False,0.7511744989999443,0.7510014389999924,0.0001730599999518745,0,0,0,0,0,,,0.0,0.0,0.0,0.0,3.1561461794019934,,,,,perturbed_saddle,2101.0,,,,,,,,quartic,0.002290650674346758,5.074750830564784,-6.306066779870889e-14,0.01,0.009999999999999884,False,,,,,
perturbed_quartic_n50_p0.3_eps1e-02_seed2101,exact_quartic_n50_p0.3,DIRL1,max_iter,50,50,0.3,0.1,5.074764098754464,10000,5.074750830564724,1.1321367960698145e-10,50,50,0.3092532037787764,0.0,-1.4038788292980442e-07,-5.013852961778729e-07,False,0.1367708099999163,0.1289356909999242,0.007835118999992119,0,0,0,0,0,,,0.0,0.0,0.0,0.0,3.1561461794019934,,,,,perturbed_saddle,2101.0,,,,,,,,quartic,0.0022589579785406238,5.074750830564784,-5.950795411990839e-14,0.01,0.009999999999999884,False,,,,,
perturbed_quartic_n50_p0.3_eps1e-02_seed2101,exact_quartic_n50_p0.3,DIRL2,max_iter,50,50,0.3,0.1,5.074764098754464,10000,5.074750830564721,1.175960704076325e-10,50,50,0.3092532037787764,0.0,-1.4398773837132062e-07,-5.142419227547164e-07,False,0.147233167999957,0.13939383900128632,0.00783932899867068,0,0,0,0,0,,,0.0,0.0,0.0,0.0,3.1561461794019934,,,,,perturbed_saddle,2101.0,,,,,,,,quartic,0.0022877368771692915,5.074750830564784,-6.306066779870889e-14,0.01,0.009999999999999884,False,,,,,
perturbed_quartic_n50_p0.3_eps1e-02_seed2101,exact_quartic_n50_p0.3,4V-FB,converged,50,50,0.3,0.1,5.074764098754464,41,5.018575069269825,2.8216509830402076e-12,49,49,0.3092532037787764,0.0,0.15418504719435602,0.5506608828369859,True,0.0040791299998090835,0.0039027299999361276,0.00017639999987295596,6,5,1,1,16,49.166666666666664,50.0,0.0004097000003184803,6.172000007609313e-05,0.0005750400000579248,0.14097123653446655,3.1561461794019934,1.784833313291664e-24,3.7184027360243e-26,0.3092532037787764,28.173802602885928,perturbed_saddle,2101.0,,,,,,,,quartic,1.3715321824940976,5.074750830564784,-0.05617576129495916,0.01,0.009999999999999884,True,,,,,
perturbed_quartic_n50_p0.3_eps1e-02_seed2102,exact_quartic_n50_p0.3,FB,converged,50,50,0.3,0.1,5.074764822221011,8,5.074750830564785,2.5333851569555876e-13,50,50,0.3092532037787764,0.0,-1.7083677389395646e-09,-6.101313353355399e-09,False,0.0008090500000434986,0.000648120000050767,0.0001609299999927316,0,0,0,0,0,,,0.0,0.0,0.0,0.0,3.1561461794019934,,,,,perturbed_saddle,2102.0,,,,,,,,quartic,0.00024919243359635573,5.074750830564784,8.881784197001252e-16,0.01,0.009999999999999985,False,,,,,
perturbed_quartic_n50_p0.3_eps1e-02_seed2102,exact_quartic_n50_p0.3,DIRL1,converged,50,50,0.3,0.1,5.074764822221011,1368,5.074750830564784,1.4637763098054268e-13,50,50,0.3092532037787764,0.0,-1.665876603329508e-09,-5.949559297605385e-09,False,0.04065360300000975,0.017974195998931464,0.02267940700107829,0,0,0,0,0,,,0.0,0.0,0.0,0.0,3.1561461794019934,,,,,perturbed_saddle,2102.0,,,,,,,,quartic,0.000246074012570288,5.074750830564784,0.0,0.01,0.009999999999999985,False,,,,,
perturbed_quartic_n50_p0.3_eps1e-02_seed2102,exact_quartic_n50_p0.3,DIRL2,converged,50,50,0.3,0.1,5.074764822221011,263,5.074750830564784,1.5208541187060556e-13,50,50,0.3092532037787764,0.0,-1.7087810055826935e-09,-6.102789305652477e-09,False,0.014095737999923585,0.0039286199992147885,0.010167118000708797,0,0,0,0,0,,,0.0,0.0,0.0,0.0,3.1561461794019934,,,,,perturbed_saddle,2102.0,,,,,,,,quartic,0.0002492226658665481,5.074750830564784,0.0,0.01,0.009999999999999985,False,,,,,
perturbed_quartic_n50_p0.3_eps1e-02_seed2102,exact_quartic_n50_p0.3,4V-FB,converged,50,50,0.3,0.1,5.074764822221011,41,5.018575069269825,2.8293898218497527e-12,49,49,0.3092532037787764,0.0,0.15418504719435575,0.5506608828369849,True,0.0040480200000274635,0.0038716399999429996,0.00017638000008446397,6,5,1,1,16,49.166666666666664,50.0,0.0003957899998567882,6.225999982234498e-05,0.0005603699999028322,0.13843064013987835,3.1561461794019934,1.784830175097864e-24,3.7183961981205503e-26,0.3092532037787764,28.173803428401172,perturbed_saddle,2102.0,,,,,,,,quartic,1.371532182494064,5.074750830564784,-0.05617576129495916,0.01,0.009999999999999985,True,,,,,
perturbed_quartic_n50_p0.3_eps1e-02_seed2103,exact_quartic_n50_p0.3,FB,converged,50,50,0.3,0.1,5.074764760274899,8,5.074750830564785,3.530696547579585e-12,50,50,0.3092532037787764,0.0,-1.389406475982291e-08,-4.962165985650858e-08,False,0.0008098190000964678,0.0006495499999346066,0.00016026900016186119,0,0,0,0,0,,,0.0,0.0,0.0,0.0,3.1561461794019934,,,,,perturbed_saddle,2103.0,,,,,,,,quartic,0.0007106551252076015,5.074750830564784,8.881784197001252e-16,0.01,0.009999999999999988,False,,,,,
perturbed_quartic_n50_p0.3_eps1e-02_seed2103,exact_quartic_n50_p0.3,DIRL1,converged,50,50,0.3,0.1,5.074764760274899,1400,5.074750830564783,3.3940006573118362e-12,50,50,0.3092532037787764,0.0,-1.3547943253366945e-08,-4.838551161916766e-08,False,0.01909470800001145,0.01784540800031209,0.0012492999996993603,0,0,0,0,0,,,0.0,0.0,0.0,0.0,3.1561461794019934,,,,,perturbed_saddle,2103.0,,,,,,,,quartic,0.0007017475939197058,5.074750830564784,-8.881784197001252e-16,0.01,0.009999999999999988,False,,,,,
perturbed_quartic_n50_p0.3_eps1e-02_seed2103,exact_quartic_n50_p0.3,DIRL2,converged,50,50,0.3,0.1,5.074764760274899,300,5.074750830564783,3.5257046490993228e-12,50,50,0.3092532037787764,0.0,-1.3895892186921444e-08,-4.962818638186229e-08,False,0.004563978999840401,0.004164168999750473,0.0003998100000899285,0,0,0,0,0,,,0.0,0.0,0.0,0.0,3.1561461794019934,,,,,perturbed_saddle,2103.0,,,,,,,,quartic,0.0007107018794871651,5.074750830564784,-8.881784197001252e-16,0.01,0.009999999999999988,False,,,,,
perturbed_quartic_n50_p0.3_eps1e-02_seed2103,exact_quartic_n50_p0.3,4V-FB,converged,50,50,0.3,0.1,5.074764760274899,41,5.018575069269824,2.8276309948475836e-12,49,49,0.3092532037787764,0.0,0.1541850471943558,0.5506608828369851,True,0.00404326900002161,0.0038701290000062727,0.00017314000001533714,6,5,1,1,16,49.166666666666664,50.0,0.00039133899963417207,6.1019999975542305e-05,0.0005544889997963764,0.13713878542174981,3.1561461794019934,1.78483044380239e-24,3.718396757921645e-26,0.3092532037787764,28.173803357717247,perturbed_saddle,2103.0,,,,,,,,quartic,1.3715321824940714,5.074750830564784,-0.05617576129496005,0.01,0.009999999999999988,True,,,,,
perturbed_quartic_n50_p0.3_eps1e-02_seed2104,exact_quartic_n50_p0.3,FB,max_iter,50,50,0.3,0.1,5.074764491479187,10000,5.0747508305647715,3.707738950244233e-11,50,50,0.3092532037787764,0.0,-6.670151150856007e-08,-2.3821968395914314e-07,False,0.7459300700002132,0.7457613400001719,0.0001687300000412506,0,0,0,0,0,,,0.0,0.0,0.0,0.0,3.1561461794019934,,,,,perturbed_saddle,2104.0,,,,,,,,quartic,0.0015570827869013,5.074750830564784,-1.2434497875801753e-14,0.01,0.009999999999999985,False,,,,,
perturbed_quartic_n50_p0.3_eps1e-02_seed2104,exact_quartic_n50_p0.3,DIRL1,max_iter,50,50,0.3,0.1,5.074764491479187,10000,5.0747508305647715,3.5634400113411436e-11,50,50,0.3092532037787764,0.0,-6.49594677770704e-08,-2.3199809920382283e-07,False,0.13945647999980793,0.13153324000086286,0.007923239998945064,0,0,0,0,0,,,0.0,0.0,0.0,0.0,3.1561461794019934,,,,,perturbed_saddle,2104.0,,,,,,,,quartic,0.0015366151435175775,5.074750830564784,-1.2434497875801753e-14,0.01,0.009999999999999985,False,,,,,
perturbed_quartic_n50_p0.3_eps1e-02_seed2104,exact_quartic_n50_p0.3,DIRL2,max_iter,50,50,0.3,0.1,5.074764491479187,10000,5.07475083056477,3.7014164256486985e-11,50,50,0.3092532037787764,0.0,-6.66256567277701e-08,-2.3794877402775034e-07,False,0.1478813779997381,0.14004373100056,0.007837646999178105,0,0,0,0,0,,,0.0,0.0,0.0,0.0,3.1561461794019934,,,,,perturbed_saddle,2104.0,,,,,,,,quartic,0.0015561971695301916,5.074750830564784,-1.4210854715202004e-14,0.01,0.009999999999999985,False,,,,,
perturbed_quartic_n50_p0.3_eps1e-02_seed2104,exact_quartic_n50_p0.3,4V-FB,converged,50,50,0.3,0.1,5.074764491479187,41,5.018575069269825,2.824394753163592e-12,49,49,0.3092532037787764,0.0,0.15418504719435594,0.5506608828369856,True,0.0040846789997885935,0.00390915999992103,0.00017551899986756325,6,5,1,1,16,49.166666666666664,50.0,0.0004128199998376658,6.195999981173372e-05,0.0005797300002541306,0.14192792145579494,3.1561461794019934,1.7848316097618593e-24,3.7183991870038733e-26,0.3092532037787764,28.173803051006516,perturbed_saddle,2104.0,,,,,,,,quartic,1.3715321824940856,5.074750830564784,-0.05617576129495916,0.01,0.009999999999999985,True,,,,,
perturbed_quartic_n50_p0.3_eps1e-02_seed2105,exact_quartic_n50_p0.3,FB,converged,50,50,0.3,0.1,5.074764706891576,8,5.074750830564782,8.15943682829827e-12,50,50,0.3092532037787764,0.0,-2.4307953067070898e-08,-8.681411809667922e-08,False,0.0008154199999808043,0.000653329999977359,0.0001620900000034453,0,0,0,0,0,,,0.0,0.0,0.0,0.0,3.1561461794019934,,,,,perturbed_saddle,2105.0,,,,,,,,quartic,0.000939979479203648,5.074750830564784,-1.7763568394002505e-15,0.01,0.009999999999999978,False,,,,,
perturbed_quartic_n50_p0.3_eps1e-02_seed2105,exact_quartic_n50_p0.3,DIRL1,converged,50,50,0.3,0.1,5.074764706891576,1400,5.074750830564781,7.852288600336017e-12,50,50,0.3092532037787764,0.0,-2.3698823084505882e-08,-8.463865387323528e-08,False,0.01905131699982121,0.017801586999439678,0.0012497300003815326,0,0,0,0,0,,,0.0,0.0,0.0,0.0,3.1561461794019934,,,,,perturbed_saddle,2105.0,,,,,,,,quartic,0.0009281273379169217,5.074750830564784,-2.6645352591003757e-15,0.01,0.009999999999999978,False,,,,,
perturbed_quartic_n50_p0.3_eps1e-02_seed2105,exact_quartic_n50_p0.3,DIRL2,converged,50,50,0.3,0.1,5.074764706891576,300,5.074750830564782,8.154029336644983e-12,50,50,0.3092532037787764,0.0,-2.4302223539107715e-08,-8.679365549681326e-08,False,0.004573029999846767,0.004177470000058747,0.0003955599997880199,0,0,0,0,0,,,0.0,0.0,0.0,0.0,3.1561461794019934,,,,,perturbed_saddle,2105.0,,,,,,,,quartic,0.0009398686799572018,5.074750830564784,-1.7763568394002505e-15,0.01,0.009999999999999978,False,,,,,
perturbed_quartic_n50_p0.3_eps1e-02_seed2105,exact_quartic_n50_p0.3,4V-FB,converged,50,50,0.3,0.1,5.074764706891576,41,5.018575069269825,2.8267867578865424e-12,49,49,0.3092532037787764,0.0,0.15418504719435583,0.5506608828369851,True,0.004058388999965246,0.0038834790000237263,0.00017490999994151935,6,5,1,1,16,49.166666666666664,50.0,0.0003900800002156757,6.190999965838273e-05,0.000554689999717084,0.13667738595827905,3.1561461794019934,1.7848306753640204e-24,3.718397240341709e-26,0.3092532037787764,28.173803296803932,perturbed_saddle,2105.0,,,,,,,,quartic,1.3715321824940752,5.074750830564784,-0.05617576129495916,0.01,0.009999999999999978,True,,,,,
perturbed_quartic_n50_p0.3_eps1e-03_seed2101,exact_quartic_n50_p0.3,FB,converged,50,50,0.3,0.1,5.074750963243119,7,5.074750830564784,3.8691483600384265e-13,50,50,0.3092532037787764,0.0,-1.4388562286082873e-09,-5.138772245029345e-09,False,0.0007199900001069182,0.0005605000001196458,0.0001594899999872723,0,0,0,0,0,,,0.0,0.0,0.0,0.0,3.1561461794019934,,,,,perturbed_saddle,2101.0,,,,,,,,quartic,0.00022869297563875407,5.074750830564784,0.0,0.001,0.0010000000000000232,False,,,,,
perturbed_quartic_n50_p0.3_eps1e-03_seed2101,exact_quartic_n50_p0.3,DIRL1,converged,50,50,0.3,0.1,5.074750963243119,1368,5.074750830564783,1.1320969778340282e-13,50,50,0.3092532037787764,0.0,-1.4029052503028439e-09,-5.010375893938728e-09,False,0.0426863930001673,0.01795365799762294,0.02473273500254436,0,0,0,0,0,,,0.0,0.0,0.0,0.0,3.1561461794019934,,,,,perturbed_saddle,2101.0,,,,,,,,quartic,0.00022581797597799223,5.074750830564784,-8.881784197001252e-16,0.001,0.0010000000000000232,False,,,,,
perturbed_quartic_n50_p0.3_eps1e-03_seed2101,exact_quartic_n50_p0.3,DIRL2,converged,50,50,0.3,0.1,5.074750963243119,263,5.074750830564784,1.1749384063139117e-13,50,50,0.3092532037787764,0.0,-1.438813221343871e-09,-5.1386186476566815e-09,False,0.01506252800004404,0.003960660000302596,0.011101867999741444,0,0,0,0,0,,,0.0,0.0,0.0,0.0,3.1561461794019934,,,,,perturbed_saddle,2101.0,,,,,,,,quartic,0.00022868966853612874,5.074750830564784,0.0,0.001,0.0010000000000000232,False,,,,,
perturbed_quartic_n50_p0.3_eps1e-03_seed2101,exact_quartic_n50_p0.3,4V-FB,converged,50,50,0.3,0.1,5.074750963243119,40,5.018575069269825,2.8294601749298395e-12,49,49,0.3092532037787764,0.0,0.15418504719435575,0.5506608828369849,True,0.003950809999878402,0.0037771099998735735,0.00017370000000482833,6,5,1,1,16,49.166666666666664,50.0,0.0003903100000570703,6.106000000727363e-05,0.0005527499999971042,0.139908018865528,3.1561461794019934,1.7848902924719066e-24,3.7185214426498053e-26,0.3092532037787764,28.173787614522276,perturbed_saddle,2101.0,,,,,,,,quartic,1.3715321824940636,5.074750830564784,-0.05617576129495916,0.001,0.0010000000000000232,True,,,,,
perturbed_quartic_n50_p0.3_eps1e-03_seed2102,exact_quartic_n50_p0.3,FB,converged,50,50,0.3,0.1,5.074750970478201,7,5.074750830564784,3.7851810838410836e-13,50,50,0.3092532037787764,0.0,-1.7085916015346925e-11,-6.102112862623548e-11,False,0.0007307000000764674,0.000559999999950378,0.00017070000012608944,0,0,0,0,0,,,0.0,0.0,0.0,0.0,3.1561461794019934,,,,,perturbed_saddle,2102.0,,,,,,,,quartic,2.4919162657799708e-05,5.074750830564784,0.0,0.001,0.0009999999999999814,False,,,,,
perturbed_quartic_n50_p0.3_eps1e-03_seed2102,exact_quartic_n50_p0.3,DIRL1,converged,50,50,0.3,0.1,5.074750970478201,1368,5.074750830564784,3.6901850371642425e-15,50,50,0.3092532037787764,0.0,-1.6656773182965878e-11,-5.948847565344956e-11,False,0.04398922399991534,0.0179886470002657,0.02600057699964964,0,0,0,0,0,,,0.0,0.0,0.0,0.0,3.1561461794019934,,,,,perturbed_saddle,2102.0,,,,,,,,quartic,2.460594602727526e-05,5.074750830564784,0.0,0.001,0.0009999999999999814,False,,,,,
perturbed_quartic_n50_p0.3_eps1e-03_seed2102,exact_quartic_n50_p0.3,DIRL2,converged,50,50,0.3,0.1,5.074750970478201,263,5.074750830564783,1.8372798122737344e-15,50,50,0.3092532037787764,0.0,-1.7083265357875632e-11,-6.101166199241296e-11,False,0.015251597999849764,0.003940339998507625,0.01131125800134214,0,0,0,0,0,,,0.0,0.0,0.0,0.0,3.1561461794019934,,,,,perturbed_saddle,2102.0,,,,,,,,quartic,2.4918950396764564e-05,5.074750830564784,-8.881784197001252e-16,0.001,0.0009999999999999814,False,,,,,
perturbed_quartic_n50_p0.3_eps1e-03_seed2102,exact_quartic_n50_p0.3,4V-FB,converged,50,50,0.3,0.1,5.074750970478201,40,5.018575069269825,2.830234058810794e-12,49,49,0.3092532037787764,0.0,0.15418504719435572,0.5506608828369848,True,0.00396206000004895,0.003788160000112839,0.00017389999993611127,6,5,1,1,16,49.166666666666664,50.0,0.0003916999999091786,6.082999993850535e-05,0.0005540099998597725,0.13982877590266876,3.1561461794019934,1.7848902610870516e-24,3.7185213772646907e-26,0.3092532037787764,28.173787622777922,perturbed_saddle,2102.0,,,,,,,,quartic,1.37153218249406,5.074750830564784,-0.05617576129495916,0.001,0.0009999999999999814,True,,,,,
perturbed_quartic_n50_p0.3_eps1e-03_seed2103,exact_quartic_n50_p0.3,FB,converged,50,50,0.3,0.1,5.074750969858162,7,5.074750830564784,3.776399438559445e-13,50,50,0.3092532037787764,0.0,-1.3894145556303528e-10,-4.962194841536635e-10,False,0.0007371200001671241,0.0005694000001312816,0.00016772000003584253,0,0,0,0,0,,,0.0,0.0,0.0,0.0,3.1561461794019934,,,,,perturbed_saddle,2103.0,,,,,,,,quartic,7.106536381229087e-05,5.074750830564784,0.0,0.001,0.0009999999999999454,False,,,,,
perturbed_quartic_n50_p0.3_eps1e-03_seed2103,exact_quartic_n50_p0.3,DIRL1,converged,50,50,0.3,0.1,5.074750969858162,1368,5.074750830564784,4.967246324706889e-15,50,50,0.3092532037787764,0.0,-1.354685391641297e-10,-4.838162113004632e-10,False,0.044482472999789024,0.01809226699924693,0.026390206000542094,0,0,0,0,0,,,0.0,0.0,0.0,0.0,3.1561461794019934,,,,,perturbed_saddle,2103.0,,,,,,,,quartic,7.017195563448734e-05,5.074750830564784,0.0,0.001,0.0009999999999999454,False,,,,,
perturbed_quartic_n50_p0.3_eps1e-03_seed2103,exact_quartic_n50_p0.3,DIRL2,converged,50,50,0.3,0.1,5.074750969858162,263,5.074750830564784,3.990328464994797e-15,50,50,0.3092532037787764,0.0,-1.3893607098136584e-10,-4.96200253504878e-10,False,0.01548581799988824,0.003973619999214861,0.01151219800067338,0,0,0,0,0,,,0.0,0.0,0.0,0.0,3.1561461794019934,,,,,perturbed_saddle,2103.0,,,,,,,,quartic,7.106436013257056e-05,5.074750830564784,0.0,0.001,0.0009999999999999454,False,,,,,
perturbed_quartic_n50_p0.3_eps1e-03_seed2103,exact_quartic_n50_p0.3,4V-FB,converged,50,50,0.3,0.1,5.074750969858162,40,5.018575069269825,2.8300933526506207e-12,49,49,0.3092532037787764,0.0,0.15418504719435572,0.5506608828369848,True,0.00403211899993039,0.0038314290000016626,0.00020068999992872705,6,5,1,1,16,49.166666666666664,50.0,0.0003934400001526228,6.143999962660018e-05,0.0005574899996645399,0.13826228830899198,3.1561461794019934,1.7848902637767e-24,3.718521382868125e-26,0.3092532037787764,28.17378762207042,perturbed_saddle,2103.0,,,,,,,,quartic,1.371532182494061,5.074750830564784,-0.05617576129495916,0.001,0.0009999999999999454,True,,,,,
perturbed_quartic_n50_p0.3_eps1e-03_seed2104,exact_quartic_n50_p0.3,FB,converged,50,50,0.3,0.1,5.074750967175418,7,5.074750830564784,3.7592867003939745e-13,50,50,0.3092532037787764,0.0,-6.660116624868095e-10,-2.3786130803099193e-09,False,0.0007366199999978562,0.0005755199999839533,0.0001611000000139029,0,0,0,0,0,,,0.0,0.0,0.0,0.0,3.1561461794019934,,,,,perturbed_saddle,2104.0,,,,,,,,quartic,0.00015559114298375419,5.074750830564784,0.0,0.001,0.001000000000000069,False,,,,,
perturbed_quartic_n50_p0.3_eps1e-03_seed2104,exact_quartic_n50_p0.3,DIRL1,converged,50,50,0.3,0.1,5.074750967175418,1368,5.074750830564784,3.578443217779298e-14,50,50,0.3092532037787764,0.0,-6.493692805698004e-10,-2.319176002035001e-09,False,0.044082512999921164,0.018168508003100214,0.02591400499682095,0,0,0,0,0,,,0.0,0.0,0.0,0.0,3.1561461794019934,,,,,perturbed_saddle,2104.0,,,,,,,,quartic,0.0001536350177004325,5.074750830564784,0.0,0.001,0.001000000000000069,False,,,,,
perturbed_quartic_n50_p0.3_eps1e-03_seed2104,exact_quartic_n50_p0.3,DIRL2,converged,50,50,0.3,0.1,5.074750967175418,263,5.074750830564783,3.703334613539331e-14,50,50,0.3092532037787764,0.0,-6.659894163929536e-10,-2.378533629974834e-09,False,0.015277248000074906,0.00393908899991402,0.011338159000160886,0,0,0,0,0,,,0.0,0.0,0.0,0.0,3.1561461794019934,,,,,perturbed_saddle,2104.0,,,,,,,,quartic,0.00015558868205812365,5.074750830564784,-8.881784197001252e-16,0.001,0.001000000000000069,False,,,,,
perturbed_quartic_n50_p0.3_eps1e-03_seed2104,exact_quartic_n50_p0.3,4V-FB,converged,50,50,0.3,0.1,5.074750967175418,40,5.018575069269825,2.8298119403302735e-12,49,49,0.3092532037787764,0.0,0.15418504719435572,0.5506608828369848,True,0.003978719000087949,0.0038053590001254634,0.00017335999996248574,6,5,1,1,16,49.166666666666664,50.0,0.0003973899997617991,6.110999993325095e-05,0.0005616900000404712,0.14117357873930156,3.1561461794019934,1.7848902754141013e-24,3.718521407112711e-26,0.3092532037787764,28.173787619009254,perturbed_saddle,2104.0,,,,,,,,quartic,1.3715321824940623,5.074750830564784,-0.05617576129495916,0.001,0.001000000000000069,True,,,,,
perturbed_quartic_n50_p0.3_eps1e-03_seed2105,exact_quartic_n50_p0.3,FB,converged,50,50,0.3,0.1,5.0747509693278205,7,5.074750830564785,3.770888012720365e-13,50,50,0.3092532037787764,0.0,-2.43078709938338e-10,-8.681382497797309e-10,False,0.0007307400001081987,0.0005715600000257837,0.00015918000008241506,0,0,0,0,0,,,0.0,0.0,0.0,0.0,3.1561461794019934,,,,,perturbed_saddle,2105.0,,,,,,,,quartic,9.399812978443852e-05,5.074750830564784,8.881784197001252e-16,0.001,0.0009999999999999755,False,,,,,
perturbed_quartic_n50_p0.3_eps1e-03_seed2105,exact_quartic_n50_p0.3,DIRL1,converged,50,50,0.3,0.1,5.0747509693278205,1368,5.074750830564783,8.682835661756132e-15,50,50,0.3092532037787764,0.0,-2.370031115805915e-10,-8.464396842163981e-10,False,0.04409277399986422,0.018068088001200522,0.0260246859986637,0,0,0,0,0,,,0.0,0.0,0.0,0.0,3.1561461794019934,,,,,perturbed_saddle,2105.0,,,,,,,,quartic,9.281569155785209e-05,5.074750830564784,-8.881784197001252e-16,0.001,0.0009999999999999755,False,,,,,
perturbed_quartic_n50_p0.3_eps1e-03_seed2105,exact_quartic_n50_p0.3,DIRL2,converged,50,50,0.3,0.1,5.0747509693278205,263,5.074750830564783,8.375858464089623e-15,50,50,0.3092532037787764,0.0,-2.430644574502594e-10,-8.680873480366406e-10,False,0.015304357999866625,0.003995628999746259,0.011308729000120366,0,0,0,0,0,,,0.0,0.0,0.0,0.0,3.1561461794019934,,,,,perturbed_saddle,2105.0,,,,,,,,quartic,9.39950712040563e-05,5.074750830564784,-8.881784197001252e-16,0.001,0.0009999999999999755,False,,,,,
perturbed_quartic_n50_p0.3_eps1e-03_seed2105,exact_quartic_n50_p0.3,4V-FB,converged,50,50,0.3,0.1,5.0747509693278205,40,5.018575069269825,2.829952646490447e-12,49,49,0.3092532037787764,0.0,0.15418504719435572,0.5506608828369848,True,0.003972139999859792,0.003799710000066625,0.00017242999979316664,6,5,1,1,16,49.166666666666664,50.0,0.00039774000015313504,6.142999995972787e-05,0.0005607100001725485,0.14116068421363304,3.1561461794019934,1.784890266077252e-24,3.718521387660942e-26,0.3092532037787764,28.173787621465273,perturbed_saddle,2105.0,,,,,,,,quartic,1.3715321824940614,5.074750830564784,-0.05617576129495916,0.001,0.0009999999999999755,True,,,,,
perturbed_quartic_n50_p0.3_eps1e-04_seed2101,exact_quartic_n50_p0.3,FB,converged,50,50,0.3,0.1,5.0747508318915635,7,5.074750830564785,3.675763290186926e-14,50,50,0.3092532037787764,0.0,-1.438867081038353e-11,-5.138811003708379e-11,False,0.0007346490001509665,0.0005751390001478285,0.00015951000000313797,0,0,0,0,0,,,0.0,0.0,0.0,0.0,3.1561461794019934,,,,,perturbed_saddle,2101.0,,,,,,,,quartic,2.2869293007841904e-05,5.074750830564784,8.881784197001252e-16,0.0001,0.00010000000000003058,False,,,,,
perturbed_quartic_n50_p0.3_eps1e-04_seed2101,exact_quartic_n50_p0.3,DIRL1,converged,50,50,0.3,0.1,5.0747508318915635,1368,5.074750830564784,3.690687981314478e-15,50,50,0.3092532037787764,0.0,-1.4028916917041556e-11,-5.010327470371984e-11,False,0.0440942840000389,0.018001417002096787,0.02609286699794211,0,0,0,0,0,,,0.0,0.0,0.0,0.0,3.1561461794019934,,,,,perturbed_saddle,2101.0,,,,,,,,quartic,2.258171092652452e-05,5.074750830564784,0.0,0.0001,0.00010000000000003058,False,,,,,
perturbed_quartic_n50_p0.3_eps1e-04_seed2101,exact_quartic_n50_p0.3,DIRL2,converged,50,50,0.3,0.1,5.0747508318915635,263,5.074750830564783,2.208291178377501e-15,50,50,0.3092532037787764,0.0,-1.4387893654266293e-11,-5.1385334479522467e-11,False,0.015557578000198191,0.003953169000624257,0.011604408999573934,0,0,0,0,0,,,0.0,0.0,0.0,0.0,3.1561461794019934,,,,,perturbed_saddle,2101.0,,,,,,,,quartic,2.286878790226804e-05,5.074750830564784,-8.881784197001252e-16,0.0001,0.00010000000000003058,False,,,,,
perturbed_quartic_n50_p0.3_eps1e-04_seed2101,exact_quartic_n50_p0.3,4V-FB,converged,50,50,0.3,0.1,5.0747508318915635,39,5.018575069269825,2.830234058810794e-12,49,49,0.3092532037787764,0.0,0.15418504719435572,0.5506608828369848,True,0.003893739999966783,0.0037090900000293914,0.00018464999993739184,6,5,1,1,16,49.166666666666664,50.0,0.0003895899999406538,6.181999992804776e-05,0.0005525399999442016,0.14190469829750194,3.1561461794019934,1.7848908622582054e-24,3.7185226297045943e-26,0.3092532037787764,28.1737874646425,perturbed_saddle,2101.0,,,,,,,,quartic,1.37153218249406,5.074750830564784,-0.05617576129495916,0.0001,0.00010000000000003058,True,,,,,
perturbed_quartic_n50_p0.3_eps1e-04_seed2102,exact_quartic_n50_p0.3,FB,converged,50,50,0.3,0.1,5.074750831963915,7,5.074750830564785,3.78034078153919e-14,50,50,0.3092532037787764,0.0,-1.710714903069288e-13,-6.109696082390279e-13,False,0.0007316799997170165,0.0005725599999095721,0.0001591199998074444,0,0,0,0,0,,,0.0,0.0,0.0,0.0,3.1561461794019934,,,,,perturbed_saddle,2102.0,,,,,,,,quartic,2.4919154626996634e-06,5.074750830564784,8.881784197001252e-16,0.0001,9.999999999994842e-05,False,,,,,
perturbed_quartic_n50_p0.3_eps1e-04_seed2102,exact_quartic_n50_p0.3,DIRL1,converged,50,50,0.3,0.1,5.074750831963915,1368,5.074750830564783,3.708248052275987e-15,50,50,0.3092532037787764,0.0,-1.6651957590596567e-13,-5.947127710927345e-13,False,0.0440843330000007,0.01804137900171554,0.026042953998285157,0,0,0,0,0,,,0.0,0.0,0.0,0.0,3.1561461794019934,,,,,perturbed_saddle,2102.0,,,,,,,,quartic,2.4605801779097877e-06,5.074750830564784,-8.881784197001252e-16,0.0001,9.999999999994842e-05,False,,,,,
perturbed_quartic_n50_p0.3_eps1e-04_seed2102,exact_quartic_n50_p0.3,DIRL2,converged,50,50,0.3,0.1,5.074750831963915,263,5.074750830564783,2.2172384570725494e-15,50,50,0.3092532037787764,0.0,-1.7080781233858033e-13,-6.100279012092154e-13,False,0.015615338000088741,0.003947709000385657,0.011667628999703084,0,0,0,0,0,,,0.0,0.0,0.0,0.0,3.1561461794019934,,,,,perturbed_saddle,2102.0,,,,,,,,quartic,2.491861920427193e-06,5.074750830564784,-8.881784197001252e-16,0.0001,9.999999999994842e-05,False,,,,,
perturbed_quartic_n50_p0.3_eps1e-04_seed2102,exact_quartic_n50_p0.3,4V-FB,converged,50,50,0.3,0.1,5.074750831963915,39,5.018575069269825,2.8303747649709675e-12,49,49,0.3092532037787764,0.0,0.15418504719435572,0.5506608828369848,True,0.00387167900021268,0.0036977490001390834,0.0001739300000735966,6,5,1,1,16,49.166666666666664,50.0,0.0003893799998877512,6.056000006537943e-05,0.0005509099999017053,0.1422922716143158,3.1561461794019934,1.7848908619443528e-24,3.718522629050735e-26,0.3092532037787764,28.17378746472506,perturbed_saddle,2102.0,,,,,,,,quartic,1.3715321824940596,5.074750830564784,-0.05617576129495916,0.0001,9.999999999994842e-05,True,,,,,
perturbed_quartic_n50_p0.3_eps1e-04_seed2103,exact_quartic_n50_p0.3,FB,converged,50,50,0.3,0.1,5.074750831957714,7,5.074750830564785,3.779059098365325e-14,50,50,0.3092532037787764,0.0,-1.3895690154086537e-12,-4.962746483602301e-12,False,0.0007339999997384439,0.0005747799998516712,0.0001592199998867727,0,0,0,0,0,,,0.0,0.0,0.0,0.0,3.1561461794019934,,,,,perturbed_saddle,2103.0,,,,,,,,quartic,7.106534974625641e-06,5.074750830564784,8.881784197001252e-16,0.0001,0.00010000000000002673,False,,,,,
perturbed_quartic_n50_p0.3_eps1e-04_seed2103,exact_quartic_n50_p0.3,DIRL1,converged,50,50,0.3,0.1,5.074750831957714,1368,5.074750830564784,3.7089153634299e-15,50,50,0.3092532037787764,0.0,-1.3546386234963848e-12,-4.837995083915659e-12,False,0.04414597300001333,0.01821136800003842,0.02593460499997491,0,0,0,0,0,,,0.0,0.0,0.0,0.0,3.1561461794019934,,,,,perturbed_saddle,2103.0,,,,,,,,quartic,7.017170177515369e-06,5.074750830564784,0.0,0.0001,0.00010000000000002673,False,,,,,
perturbed_quartic_n50_p0.3_eps1e-04_seed2103,exact_quartic_n50_p0.3,DIRL2,converged,50,50,0.3,0.1,5.074750831957714,263,5.074750830564783,2.213607986730927e-15,50,50,0.3092532037787764,0.0,-1.3893330930159209e-12,-4.961903903628288e-12,False,0.01562455799989948,0.003957728999466781,0.011666829000432699,0,0,0,0,0,,,0.0,0.0,0.0,0.0,3.1561461794019934,,,,,perturbed_saddle,2103.0,,,,,,,,quartic,7.106378294942177e-06,5.074750830564784,-8.881784197001252e-16,0.0001,0.00010000000000002673,False,,,,,
perturbed_quartic_n50_p0.3_eps1e-04_seed2103,exact_quartic_n50_p0.3,4V-FB,converged,50,50,0.3,0.1,5.074750831957714,39,5.018575069269825,2.8303747649709675e-12,49,49,0.3092532037787764,0.0,0.15418504719435572,0.5506608828369848,True,0.003868369999963761,0.0036948899999060814,0.00017348000005767972,6,5,1,1,16,49.166666666666664,50.0,0.00038749999998799467,6.117999964772025e-05,0.0005510500000127649,0.14245017927910908,3.1561461794019934,1.7848908619712547e-24,3.718522629106781e-26,0.3092532037787764,28.173787464717982,perturbed_saddle,2103.0,,,,,,,,quartic,1.3715321824940598,5.074750830564784,-0.05617576129495916,0.0001,0.00010000000000002673,True,,,,,
perturbed_quartic_n50_p0.3_eps1e-04_seed2104,exact_quartic_n50_p0.3,FB,converged,50,50,0.3,0.1,5.074750831930892,7,5.074750830564783,3.7422531994372334e-14,50,50,0.3092532037787764,0.0,-6.660241802514122e-12,-2.378657786612175e-11,False,0.0007172400000854395,0.0005591999999978725,0.00015804000008756702,0,0,0,0,0,,,0.0,0.0,0.0,0.0,3.1561461794019934,,,,,perturbed_saddle,2104.0,,,,,,,,quartic,1.555911175230356e-05,5.074750830564784,-8.881784197001252e-16,0.0001,9.999999999996375e-05,False,,,,,
perturbed_quartic_n50_p0.3_eps1e-04_seed2104,exact_quartic_n50_p0.3,DIRL1,converged,50,50,0.3,0.1,5.074750831930892,1368,5.074750830564784,3.708248052275987e-15,50,50,0.3092532037787764,0.0,-6.493597326517886e-12,-2.3191419023278163e-11,False,0.04404356400004872,0.018071638000947132,0.025971925999101586,0,0,0,0,0,,,0.0,0.0,0.0,0.0,3.1561461794019934,,,,,perturbed_saddle,2104.0,,,,,,,,quartic,1.5363454532504813e-05,5.074750830564784,0.0,0.0001,9.999999999996375e-05,False,,,,,
perturbed_quartic_n50_p0.3_eps1e-04_seed2104,exact_quartic_n50_p0.3,DIRL2,converged,50,50,0.3,0.1,5.074750831930892,263,5.074750830564784,2.215842826256939e-15,50,50,0.3092532037787764,0.0,-6.659783835516464e-12,-2.3784942269701654e-11,False,0.015698246999818366,0.0039684390019374405,0.011729807997880926,0,0,0,0,0,,,0.0,0.0,0.0,0.0,3.1561461794019934,,,,,perturbed_saddle,2104.0,,,,,,,,quartic,1.5558766047540396e-05,5.074750830564784,0.0,0.0001,9.999999999996375e-05,False,,,,,
perturbed_quartic_n50_p0.3_eps1e-04_seed2104,exact_quartic_n50_p0.3,4V-FB,converged,50,50,0.3,0.1,5.074750831930892,39,5.018575069269825,2.8303044118908807e-12,49,49,0.3092532037787764,0.0,0.15418504719435572,0.5506608828369848,True,0.0038805700003194943,0.0037101900002198818,0.00017038000009961252,6,5,1,1,16,49.166666666666664,50.0,0.0003877400001783826,6.117999987509393e-05,0.0005515299994840461,0.14212602773268815,3.1561461794019934,1.7848908620876033e-24,3.718522629349174e-26,0.3092532037787764,28.17378746468738,perturbed_saddle,2104.0,,,,,,,,quartic,1.3715321824940598,5.074750830564784,-0.05617576129495916,0.0001,9.999999999996375e-05,True,,,,,
perturbed_quartic_n50_p0.3_eps1e-04_seed2105,exact_quartic_n50_p0.3,FB,converged,50,50,0.3,0.1,5.074750831952414,7,5.074750830564786,3.7680347178116176e-14,50,50,0.3092532037787764,0.0,-2.4306529011752787e-12,-8.680903218483091e-12,False,0.0007278489999862359,0.0005588989999978367,0.0001689499999883992,0,0,0,0,0,,,0.0,0.0,0.0,0.0,3.1561461794019934,,,,,perturbed_saddle,2105.0,,,,,,,,quartic,9.399814984192704e-06,5.074750830564784,1.7763568394002505e-15,0.0001,0.00010000000000010548,False,,,,,
perturbed_quartic_n50_p0.3_eps1e-04_seed2105,exact_quartic_n50_p0.3,DIRL1,converged,50,50,0.3,0.1,5.074750831952414,1368,5.074750830564784,3.7040746338286774e-15,50,50,0.3092532037787764,0.0,-2.3700208462429373e-12,-8.464360165153347e-12,False,0.04405975400004536,0.018054278000590784,0.026005475999454575,0,0,0,0,0,,,0.0,0.0,0.0,0.0,3.1561461794019934,,,,,perturbed_saddle,2105.0,,,,,,,,quartic,9.281604841818147e-06,5.074750830564784,0.0,0.0001,0.00010000000000010548,False,,,,,
perturbed_quartic_n50_p0.3_eps1e-04_seed2105,exact_quartic_n50_p0.3,DIRL2,converged,50,50,0.3,0.1,5.074750831952414,263,5.074750830564784,2.2172384570725494e-15,50,50,0.3092532037787764,0.0,-2.4306667789630865e-12,-8.680952782011022e-12,False,0.01564163800003371,0.003978408999955718,0.01166322900007799,0,0,0,0,0,,,0.0,0.0,0.0,0.0,3.1561461794019934,,,,,perturbed_saddle,2105.0,,,,,,,,quartic,9.399590429098238e-06,5.074750830564784,0.0,0.0001,0.00010000000000010548,False,,,,,
perturbed_quartic_n50_p0.3_eps1e-04_seed2105,exact_quartic_n50_p0.3,4V-FB,converged,50,50,0.3,0.1,5.074750831952414,39,5.018575069269825,2.8303747649709675e-12,49,49,0.3092532037787764,0.0,0.15418504719435572,0.5506608828369848,True,0.0038791389999914827,0.0037057389999972656,0.00017339999999421707,6,5,1,1,16,49.166666666666664,50.0,0.00039374000016323407,6.0780000467275386e-05,0.00056747999997242,0.14629019480190478,3.1561461794019934,1.7848908619942422e-24,3.7185226291546713e-26,0.3092532037787764,28.173787464711936,perturbed_saddle,2105.0,,,,,,,,quartic,1.3715321824940598,5.074750830564784,-0.05617576129495916,0.0001,0.00010000000000010548,True,,,,,
perturbed_quartic_n50_p0.3_eps1e-05_seed2101,exact_quartic_n50_p0.3,FB,converged,50,50,0.3,0.1,5.074750830578053,6,5.074750830564784,6.88153466184104e-14,50,50,0.3092532037787764,0.0,-1.4416245974757658e-13,-5.148659276699116e-13,False,0.0006550800001150492,0.0004957900000590598,0.00015929000005598937,0,0,0,0,0,,,0.0,0.0,0.0,0.0,3.1561461794019934,,,,,perturbed_saddle,2101.0,,,,,,,,quartic,2.286929257354242e-06,5.074750830564784,0.0,1e-05,1.0000000000038178e-05,False,,,,,
perturbed_quartic_n50_p0.3_eps1e-05_seed2101,exact_quartic_n50_p0.3,DIRL1,converged,50,50,0.3,0.1,5.074750830578053,1368,5.074750830564784,3.7040746338286774e-15,50,50,0.3092532037787764,0.0,-1.4023504579796509e-13,-5.008394492784467e-13,False,0.04391966299976957,0.01798991699911312,0.02592974600065645,0,0,0,0,0,,,0.0,0.0,0.0,0.0,3.1561461794019934,,,,,perturbed_saddle,2101.0,,,,,,,,quartic,2.2581703215003827e-06,5.074750830564784,0.0,1e-05,1.0000000000038178e-05,False,,,,,
perturbed_quartic_n50_p0.3_eps1e-05_seed2101,exact_quartic_n50_p0.3,DIRL2,converged,50,50,0.3,0.1,5.074750830578053,263,5.074750830564784,2.221420088606119e-15,50,50,0.3092532037787764,0.0,-1.4384327062799684e-13,-5.137259665285601e-13,False,0.015669597999931284,0.00395679999951426,0.011712798000417024,0,0,0,0,0,,,0.0,0.0,0.0,0.0,3.1561461794019934,,,,,perturbed_saddle,2101.0,,,,,,,,quartic,2.286877019357569e-06,5.074750830564784,0.0,1e-05,1.0000000000038178e-05,False,,,,,
perturbed_quartic_n50_p0.3_eps1e-05_seed2101,exact_quartic_n50_p0.3,4V-FB,converged,50,50,0.3,0.1,5.074750830578053,39,5.018575069269825,2.8303747649709675e-12,49,49,0.3092532037787764,0.0,0.15418504719435572,0.5506608828369848,True,0.0038691990000643273,0.0036987690000387374,0.00017043000002558983,6,5,1,1,16,49.166666666666664,50.0,0.000403130000222518,6.147999988570518e-05,0.0005674799997450464,0.146666015300741,3.1561461794019934,1.7848908679560484e-24,3.718522641575101e-26,0.3092532037787764,28.17378746314371,perturbed_saddle,2101.0,,,,,,,,quartic,1.3715321824940596,5.074750830564784,-0.05617576129495916,1e-05,1.0000000000038178e-05,True,,,,,
perturbed_quartic_n50_p0.3_eps1e-05_seed2102,exact_quartic_n50_p0.3,FB,converged,50,50,0.3,0.1,5.074750830578775,6,5.074750830564783,7.069646212320033e-14,50,50,0.3092532037787764,0.0,-2.1510571102112408e-15,-7.68234682218292e-15,False,0.0006564800000887772,0.000497810000069876,0.0001586700000189012,0,0,0,0,0,,,0.0,0.0,0.0,0.0,3.1561461794019934,,,,,perturbed_saddle,2102.0,,,,,,,,quartic,2.491915383332589e-07,5.074750830564784,-8.881784197001252e-16,1e-05,9.999999999989081e-06,False,,,,,
perturbed_quartic_n50_p0.3_eps1e-05_seed2102,exact_quartic_n50_p0.3,DIRL1,converged,50,50,0.3,0.1,5.074750830578775,1368,5.074750830564783,3.721405291794102e-15,50,50,0.3092532037787764,0.0,-1.609823385706477e-15,-5.749369234665988e-15,False,0.04409407300022394,0.01804628799754937,0.026047785002674573,0,0,0,0,0,,,0.0,0.0,0.0,0.0,3.1561461794019934,,,,,perturbed_saddle,2102.0,,,,,,,,quartic,2.46057874323779e-07,5.074750830564784,-8.881784197001252e-16,1e-05,9.999999999989081e-06,False,,,,,
perturbed_quartic_n50_p0.3_eps1e-05_seed2102,exact_quartic_n50_p0.3,DIRL2,converged,50,50,0.3,0.1,5.074750830578775,263,5.074750830564783,2.213607986730927e-15,50,50,0.3092532037787764,0.0,-1.6930901125533637e-15,-6.046750401976298e-15,False,0.01566510800012111,0.003975127999183314,0.011689980000937794,0,0,0,0,0,,,0.0,0.0,0.0,0.0,3.1561461794019934,,,,,perturbed_saddle,2102.0,,,,,,,,quartic,2.491858613498442e-07,5.074750830564784,-8.881784197001252e-16,1e-05,9.999999999989081e-06,False,,,,,
perturbed_quartic_n50_p0.3_eps1e-05_seed2102,exact_quartic_n50_p0.3,4V-FB,converged,50,50,0.3,0.1,5.074750830578775,39,5.018575069269825,2.8303747649709675e-12,49,49,0.3092532037787764,0.0,0.15418504719435572,0.5506608828369848,True,0.0039006300000892224,0.0037293200000476645,0.00017131000004155794,6,5,1,1,16,49.166666666666664,50.0,0.00039010999989841366,6.92099999923812e-05,0.0005623399997602974,0.14416645509762127,3.1561461794019934,1.7848908679529135e-24,3.7185226415685695e-26,0.3092532037787764,28.173787463144535,perturbed_saddle,2102.0,,,,,,,,quartic,1.3715321824940596,5.074750830564784,-0.05617576129495916,1e-05,9.999999999989081e-06,True,,,,,
perturbed_quartic_n50_p0.3_eps1e-05_seed2103,exact_quartic_n50_p0.3,FB,converged,50,50,0.3,0.1,5.074750830578713,6,5.074750830564785,7.04996399839943e-14,50,50,0.3092532037787764,0.0,-1.416922135177856e-14,-5.060436197063707e-14,False,0.0006556999999247637,0.0004971799999111681,0.00015852000001359556,0,0,0,0,0,,,0.0,0.0,0.0,0.0,3.1561461794019934,,,,,perturbed_saddle,2103.0,,,,,,,,quartic,7.106534837085571e-07,5.074750830564784,8.881784197001252e-16,1e-05,1.0000000000060525e-05,False,,,,,
perturbed_quartic_n50_p0.3_eps1e-05_seed2103,exact_quartic_n50_p0.3,DIRL1,converged,50,50,0.3,0.1,5.074750830578713,1368,5.074750830564785,3.7040746338286774e-15,50,50,0.3092532037787764,0.0,-1.3503087537003466e-14,-4.822531263215523e-14,False,0.044675394000023516,0.018299418000879086,0.02637597599914443,0,0,0,0,0,,,0.0,0.0,0.0,0.0,3.1561461794019934,,,,,perturbed_saddle,2103.0,,,,,,,,quartic,7.017167721026865e-07,5.074750830564784,8.881784197001252e-16,1e-05,1.0000000000060525e-05,False,,,,,
perturbed_quartic_n50_p0.3_eps1e-05_seed2103,exact_quartic_n50_p0.3,DIRL2,converged,50,50,0.3,0.1,5.074750830578713,263,5.074750830564784,2.208010991714142e-15,50,50,0.3092532037787764,0.0,-1.3863910020006642e-14,-4.951396435716658e-14,False,0.015685197000038897,0.003997729001866901,0.011687467998171996,0,0,0,0,0,,,0.0,0.0,0.0,0.0,3.1561461794019934,,,,,perturbed_saddle,2103.0,,,,,,,,quartic,7.106372524066985e-07,5.074750830564784,0.0,1e-05,1.0000000000060525e-05,False,,,,,
perturbed_quartic_n50_p0.3_eps1e-05_seed2103,exact_quartic_n50_p0.3,4V-FB,converged,50,50,0.3,0.1,5.074750830578713,39,5.018575069269825,2.8303747649709675e-12,49,49,0.3092532037787764,0.0,0.15418504719435572,0.5506608828369848,True,0.0038909499999135733,0.0037196199998561497,0.0001713300000574236,6,5,1,1,16,49.166666666666664,50.0,0.0003909500003373978,6.200000007083872e-05,0.0005550400001084199,0.14264896750684244,3.1561461794019934,1.7848908679531857e-24,3.7185226415691366e-26,0.3092532037787764,28.173787463144464,perturbed_saddle,2103.0,,,,,,,,quartic,1.3715321824940596,5.074750830564784,-0.05617576129495916,1e-05,1.0000000000060525e-05,True,,,,,
perturbed_quartic_n50_p0.3_eps1e-05_seed2104,exact_quartic_n50_p0.3,FB,converged,50,50,0.3,0.1,5.074750830578446,6,5.074750830564783,6.979167384053812e-14,50,50,0.3092532037787764,0.0,-6.682154829462661e-14,-2.3864838676652145e-13,False,0.0006568500000412314,0.0004863500000737986,0.00017049999996743281,0,0,0,0,0,,,0.0,0.0,0.0,0.0,3.1561461794019934,,,,,perturbed_saddle,2104.0,,,,,,,,quartic,1.555911150438235e-06,5.074750830564784,-8.881784197001252e-16,1e-05,9.999999999990651e-06,False,,,,,
perturbed_quartic_n50_p0.3_eps1e-05_seed2104,exact_quartic_n50_p0.3,DIRL1,converged,50,50,0.3,0.1,5.074750830578446,1368,5.074750830564784,3.71275007499604e-15,50,50,0.3092532037787764,0.0,-6.492029136495603e-14,-2.318581834462715e-13,False,0.04385118400000465,0.01795491800135096,0.02589626599865369,0,0,0,0,0,,,0.0,0.0,0.0,0.0,3.1561461794019934,,,,,perturbed_saddle,2104.0,,,,,,,,quartic,1.5363450130589951e-06,5.074750830564784,0.0,1e-05,9.999999999990651e-06,False,,,,,
perturbed_quartic_n50_p0.3_eps1e-05_seed2104,exact_quartic_n50_p0.3,DIRL2,converged,50,50,0.3,0.1,5.074750830578446,263,5.074750830564783,2.229204813651426e-15,50,50,0.3092532037787764,0.0,-6.658562590189376e-14,-2.378058067924777e-13,False,0.01566740800012667,0.0040018189997681475,0.011665589000358523,0,0,0,0,0,,,0.0,0.0,0.0,0.0,3.1561461794019934,,,,,perturbed_saddle,2104.0,,,,,,,,quartic,1.555875587373e-06,5.074750830564784,-8.881784197001252e-16,1e-05,9.999999999990651e-06,False,,,,,
perturbed_quartic_n50_p0.3_eps1e-05_seed2104,exact_quartic_n50_p0.3,4V-FB,converged,50,50,0.3,0.1,5.074750830578446,39,5.018575069269825,2.8303747649709675e-12,49,49,0.3092532037787764,0.0,0.15418504719435572,0.5506608828369848,True,0.003887029000225084,0.0037155690001782204,0.00017146000004686357,6,5,1,1,16,49.166666666666664,50.0,0.000390099999776794,6.0670000266327406e-05,0.000552050000123927,0.1420236381287507,3.1561461794019934,1.7848908679543435e-24,3.718522641571549e-26,0.3092532037787764,28.17378746314416,perturbed_saddle,2104.0,,,,,,,,quartic,1.3715321824940596,5.074750830564784,-0.05617576129495916,1e-05,9.999999999990651e-06,True,,,,,
perturbed_quartic_n50_p0.3_eps1e-05_seed2105,exact_quartic_n50_p0.3,FB,converged,50,50,0.3,0.1,5.07475083057866,6,5.074750830564784,7.027135269046624e-14,50,50,0.3092532037787764,0.0,-2.4022450695326825e-14,-8.57944667690235e-14,False,0.0006435499999497551,0.00048526000000492786,0.0001582899999448273,0,0,0,0,0,,,0.0,0.0,0.0,0.0,3.1561461794019934,,,,,perturbed_saddle,2105.0,,,,,,,,quartic,9.399815182573342e-07,5.074750830564784,0.0,1e-05,1.0000000000080969e-05,False,,,,,
perturbed_quartic_n50_p0.3_eps1e-05_seed2105,exact_quartic_n50_p0.3,DIRL1,converged,50,50,0.3,0.1,5.07475083057866,1368,5.074750830564784,3.7002309315333685e-15,50,50,0.3092532037787764,0.0,-2.3647750424515834e-14,-8.445625151612797e-14,False,0.044040553000058935,0.018013815001722833,0.026026737998336102,0,0,0,0,0,,,0.0,0.0,0.0,0.0,3.1561461794019934,,,,,perturbed_saddle,2105.0,,,,,,,,quartic,9.281608526588828e-07,5.074750830564784,0.0,1e-05,1.0000000000080969e-05,False,,,,,
perturbed_quartic_n50_p0.3_eps1e-05_seed2105,exact_quartic_n50_p0.3,DIRL2,converged,50,50,0.3,0.1,5.07475083057866,263,5.074750830564784,2.2350255635147875e-15,50,50,0.3092532037787764,0.0,-2.42861286636753e-14,-8.673617379884034e-14,False,0.01567127800012713,0.003990290000729146,0.011680987999397985,0,0,0,0,0,,,0.0,0.0,0.0,0.0,3.1561461794019934,,,,,perturbed_saddle,2105.0,,,,,,,,quartic,9.399598787720119e-07,5.074750830564784,0.0,1e-05,1.0000000000080969e-05,False,,,,,
perturbed_quartic_n50_p0.3_eps1e-05_seed2105,exact_quartic_n50_p0.3,4V-FB,converged,50,50,0.3,0.1,5.07475083057866,39,5.018575069269825,2.8303747649709675e-12,49,49,0.3092532037787764,0.0,0.15418504719435572,0.5506608828369848,True,0.003910199000074499,0.0037381090000963013,0.00017208999997819774,6,5,1,1,16,49.166666666666664,50.0,0.0003863800000090123,6.12099995578319e-05,0.0005494800000178657,0.1405248172810122,3.1561461794019934,1.7848908679534164e-24,3.7185226415696176e-26,0.3092532037787764,28.1737874631444,perturbed_saddle,2105.0,,,,,,,,quartic,1.3715321824940596,5.074750830564784,-0.05617576129495916,1e-05,1.0000000000080969e-05,True,,,,,
perturbed_quartic_n50_p0.5_eps1e-02_seed2101,exact_quartic_n50_p0.5,FB,max_iter,50,50,0.5,0.1,5.277787255189389,10000,5.277777777777712,1.2889097004485525e-10,50,50,0.2814042998265344,0.0,-1.5087415029119144e-07,-7.543707514559574e-07,False,0.952560369999901,0.9523658399998567,0.00019453000004432397,0,0,0,0,0,,,0.0,0.0,0.0,0.0,4.222222222222222,,,,,perturbed_saddle,2101.0,,,,,,,,quartic,0.00229235936188678,5.277777777777778,-6.572520305780927e-14,0.01,0.009999999999999884,False,,,,,
perturbed_quartic_n50_p0.5_eps1e-02_seed2101,exact_quartic_n50_p0.5,DIRL1,max_iter,50,50,0.5,0.1,5.277787255189389,10000,5.277777777777717,1.2120304949551942e-10,50,50,0.2814042998265344,0.0,-1.4481343504207933e-07,-7.240671752103967e-07,False,0.1373439999999846,0.1273980299986306,0.009945970001353999,0,0,0,0,0,,,0.0,0.0,0.0,0.0,4.222222222222222,,,,,perturbed_saddle,2101.0,,,,,,,,quartic,0.0022458448854108925,5.277777777777778,-6.039613253960852e-14,0.01,0.009999999999999884,False,,,,,
perturbed_quartic_n50_p0.5_eps1e-02_seed2101,exact_quartic_n50_p0.5,DIRL2,max_iter,50,50,0.5,0.1,5.277787255189389,10000,5.277777777777713,1.281563778155588e-10,50,50,0.2814042998265344,0.0,-1.5030032082113953e-07,-7.515016041056977e-07,False,0.15000297799997497,0.139996339999243,0.010006638000731982,0,0,0,0,0,,,0.0,0.0,0.0,0.0,4.222222222222222,,,,,perturbed_saddle,2101.0,,,,,,,,quartic,0.0022879959741675202,5.277777777777778,-6.483702463810914e-14,0.01,0.009999999999999884,False,,,,,
perturbed_quartic_n50_p0.5_eps1e-02_seed2101,exact_quartic_n50_p0.5,4V-FB,converged,50,50,0.5,0.1,5.277787255189389,41,5.243736755405828,4.1785522410607786e-12,49,49,0.2814042998265344,0.0,0.11553371466234619,0.577668573311731,True,0.004945999000028678,0.004751079000016034,0.00019492000001264387,6,5,1,1,15,49.166666666666664,50.0,0.0004094500000064727,5.8809999927689205e-05,0.0005709600002319348,0.1154387617604905,4.222222222222222,1.6425969868476456e-15,3.422077055932595e-17,0.2814042998265344,19.390839179118203,perturbed_saddle,2101.0,,,,,,,,quartic,1.3524877497783931,5.277777777777778,-0.034041022371949836,0.01,0.009999999999999884,True,,,,,
perturbed_quartic_n50_p0.5_eps1e-02_seed2102,exact_quartic_n50_p0.5,FB,converged,50,50,0.5,0.1,5.2777877719356665,8,5.277777777777778,2.699149976248501e-13,50,50,0.2814042998265344,0.0,-1.7828681656006928e-09,-8.914340828002892e-09,False,0.0009866699999747652,0.0008074699999269797,0.00017920000004778558,0,0,0,0,0,,,0.0,0.0,0.0,0.0,4.222222222222222,,,,,perturbed_saddle,2102.0,,,,,,,,quartic,0.0002491929129699863,5.277777777777778,0.0,0.01,0.009999999999999985,False,,,,,
perturbed_quartic_n50_p0.5_eps1e-02_seed2102,exact_quartic_n50_p0.5,DIRL1,converged,50,50,0.5,0.1,5.2777877719356665,1400,5.277777777777779,1.5665667893476298e-13,50,50,0.2814042998265344,0.0,-1.718030544217708e-09,-8.590152721088538e-09,False,0.019586417000027723,0.018034096999826943,0.0015523200002007798,0,0,0,0,0,,,0.0,0.0,0.0,0.0,4.222222222222222,,,,,perturbed_saddle,2102.0,,,,,,,,quartic,0.00024461987871311996,5.277777777777778,8.881784197001252e-16,0.01,0.009999999999999985,False,,,,,
perturbed_quartic_n50_p0.5_eps1e-02_seed2102,exact_quartic_n50_p0.5,DIRL2,converged,50,50,0.5,0.1,5.2777877719356665,300,5.277777777777779,1.6565383564842335e-13,50,50,0.2814042998265344,0.0,-1.7835706869751e-09,-8.9178534348755e-09,False,0.0046917189999931,0.0042026289997920685,0.0004890900002010312,0,0,0,0,0,,,0.0,0.0,0.0,0.0,4.222222222222222,,,,,perturbed_saddle,2102.0,,,,,,,,quartic,0.0002492421357831679,5.277777777777778,8.881784197001252e-16,0.01,0.009999999999999985,False,,,,,
perturbed_quartic_n50_p0.5_eps1e-02_seed2102,exact_quartic_n50_p0.5,4V-FB,converged,50,50,0.5,0.1,5.2777877719356665,41,5.243736755405827,4.191594439960586e-12,49,49,0.2814042998265344,0.0,0.11553371466234538,0.577668573311727,True,0.004916129000093861,0.00472419900006571,0.00019193000002815097,6,5,1,1,15,49.166666666666664,50.0,0.0004088599996521225,5.8569999964674935e-05,0.000571619999846007,0.11627441017823034,4.222222222222222,1.6425958612928863e-15,3.4220747110268464e-17,0.2814042998265344,19.390839519231008,perturbed_saddle,2102.0,,,,,,,,quartic,1.3524877497783196,5.277777777777778,-0.034041022371950724,0.01,0.009999999999999985,True,,,,,
perturbed_quartic_n50_p0.5_eps1e-02_seed2103,exact_quartic_n50_p0.5,FB,converged,50,50,0.5,0.1,5.277787727710162,8,5.277777777777777,3.846109330753659e-12,50,50,0.2814042998265344,0.0,-1.4499948450263922e-08,-7.249974225131412e-08,False,0.0009879700000965386,0.0008084700000381417,0.00017950000005839684,0,0,0,0,0,,,0.0,0.0,0.0,0.0,4.222222222222222,,,,,perturbed_saddle,2103.0,,,,,,,,quartic,0.0007106559978759351,5.277777777777778,-8.881784197001252e-16,0.01,0.009999999999999988,False,,,,,
perturbed_quartic_n50_p0.5_eps1e-02_seed2103,exact_quartic_n50_p0.5,DIRL1,converged,50,50,0.5,0.1,5.277787727710162,1400,5.277777777777777,3.6323317068174706e-12,50,50,0.2814042998265344,0.0,-1.3971795435885337e-08,-6.985897717942667e-08,False,0.019276727000033134,0.01772940700016079,0.001547319999872343,0,0,0,0,0,,,0.0,0.0,0.0,0.0,4.222222222222222,,,,,perturbed_saddle,2103.0,,,,,,,,quartic,0.0006975933435734417,5.277777777777778,-8.881784197001252e-16,0.01,0.009999999999999988,False,,,,,
perturbed_quartic_n50_p0.5_eps1e-02_seed2103,exact_quartic_n50_p0.5,DIRL2,converged,50,50,0.5,0.1,5.277787727710162,300,5.277777777777778,3.84143012646092e-12,50,50,0.2814042998265344,0.0,-1.4503031428581004e-08,-7.251515714290502e-08,False,0.004684988999997586,0.004208429000073011,0.0004765599999245751,0,0,0,0,0,,,0.0,0.0,0.0,0.0,4.222222222222222,,,,,perturbed_saddle,2103.0,,,,,,,,quartic,0.0007107315747063391,5.277777777777778,0.0,0.01,0.009999999999999988,False,,,,,
perturbed_quartic_n50_p0.5_eps1e-02_seed2103,exact_quartic_n50_p0.5,4V-FB,converged,50,50,0.5,0.1,5.277787727710162,41,5.243736755405828,4.188596837794098e-12,49,49,0.2814042998265344,0.0,0.11553371466234558,0.577668573311728,True,0.004869340000141165,0.0046753999999964435,0.00019394000014472113,6,5,1,1,15,49.166666666666664,50.0,0.00039010999989841366,5.7449999530945206e-05,0.0005475800001022435,0.11245466533172234,4.222222222222222,1.6425959576229624e-15,3.422074911714505e-17,0.2814042998265344,19.39083949012261,perturbed_saddle,2103.0,,,,,,,,quartic,1.3524877497783365,5.277777777777778,-0.034041022371949836,0.01,0.009999999999999988,True,,,,,
perturbed_quartic_n50_p0.5_eps1e-02_seed2104,exact_quartic_n50_p0.5,FB,max_iter,50,50,0.5,0.1,5.277787535518387,10000,5.2777777777777635,4.043500514407801e-11,50,50,0.2814042998265344,0.0,-6.96580401693403e-08,-3.4829020084670153e-07,False,0.9484232500001326,0.9482196300000396,0.00020362000009299663,0,0,0,0,0,,,0.0,0.0,0.0,0.0,4.222222222222222,,,,,perturbed_saddle,2104.0,,,,,,,,quartic,0.0015576198131623182,5.277777777777778,-1.4210854715202004e-14,0.01,0.009999999999999985,False,,,,,
perturbed_quartic_n50_p0.5_eps1e-02_seed2104,exact_quartic_n50_p0.5,DIRL1,max_iter,50,50,0.5,0.1,5.277787535518387,10000,5.277777777777765,3.814146169314202e-11,50,50,0.2814042998265344,0.0,-6.699835916612606e-08,-3.349917958306303e-07,False,0.13614751999989494,0.1263143929998023,0.009833127000092645,0,0,0,0,0,,,0.0,0.0,0.0,0.0,4.222222222222222,,,,,perturbed_saddle,2104.0,,,,,,,,quartic,0.001527593991360023,5.277777777777778,-1.2434497875801753e-14,0.01,0.009999999999999985,False,,,,,
perturbed_quartic_n50_p0.5_eps1e-02_seed2104,exact_quartic_n50_p0.5,DIRL2,max_iter,50,50,0.5,0.1,5.277787535518387,10000,5.277777777777764,4.033219388862396e-11,50,50,0.2814042998265344,0.0,-6.953985783042516e-08,-3.476992891521258e-07,False,0.1492082780000601,0.13935503800053084,0.00985323999952925,0,0,0,0,0,,,0.0,0.0,0.0,0.0,4.222222222222222,,,,,perturbed_saddle,2104.0,,,,,,,,quartic,0.0015562979471716706,5.277777777777778,-1.3322676295501878e-14,0.01,0.009999999999999985,False,,,,,
perturbed_quartic_n50_p0.5_eps1e-02_seed2104,exact_quartic_n50_p0.5,4V-FB,converged,50,50,0.5,0.1,5.277787535518387,41,5.243736755405829,4.183232707601435e-12,49,49,0.2814042998265344,0.0,0.1155337146623459,0.5776685733117296,True,0.004891049000207204,0.004699099000163187,0.00019195000004401663,6,5,1,1,15,49.166666666666664,50.0,0.00039958000002116023,5.750000013904355e-05,0.0005580399999871588,0.11409413399119864,4.222222222222222,1.6425963762468378e-15,3.422075783847579e-17,0.2814042998265344,19.390839363625552,perturbed_saddle,2104.0,,,,,,,,quartic,1.3524877497783667,5.277777777777778,-0.03404102237194895,0.01,0.009999999999999985,True,,,,,
perturbed_quartic_n50_p0.5_eps1e-02_seed2105,exact_quartic_n50_p0.5,FB,converged,50,50,0.5,0.1,5.277787689448685,8,5.277777777777776,8.888915267324828e-12,50,50,0.2814042998265344,0.0,-2.5367835922163184e-08,-1.268391796108082e-07,False,0.0009911499998906947,0.0008117600000332459,0.00017938999985744886,0,0,0,0,0,,,0.0,0.0,0.0,0.0,4.222222222222222,,,,,perturbed_saddle,2105.0,,,,,,,,quartic,0.0009399783709654099,5.277777777777778,-1.7763568394002505e-15,0.01,0.009999999999999978,False,,,,,
perturbed_quartic_n50_p0.5_eps1e-02_seed2105,exact_quartic_n50_p0.5,DIRL1,converged,50,50,0.5,0.1,5.277787689448685,1400,5.277777777777777,8.402584110057318e-12,50,50,0.2814042998265344,0.0,-2.4438386266034673e-08,-1.2219193133017334e-07,False,0.01936515700003838,0.017817317000208277,0.001547839999830103,0,0,0,0,0,,,0.0,0.0,0.0,0.0,4.222222222222222,,,,,perturbed_saddle,2105.0,,,,,,,,quartic,0.0009225977896741817,5.277777777777778,-8.881784197001252e-16,0.01,0.009999999999999978,False,,,,,
perturbed_quartic_n50_p0.5_eps1e-02_seed2105,exact_quartic_n50_p0.5,DIRL2,converged,50,50,0.5,0.1,5.277787689448685,300,5.277777777777777,8.881210401310949e-12,50,50,0.2814042998265344,0.0,-2.535796871094842e-08,-1.267898435547421e-07,False,0.004653168999993795,0.0041690689997722075,0.00048410000022158783,0,0,0,0,0,,,0.0,0.0,0.0,0.0,4.222222222222222,,,,,perturbed_saddle,2105.0,,,,,,,,quartic,0.0009397955266684651,5.277777777777778,-8.881784197001252e-16,0.01,0.009999999999999978,False,,,,,
perturbed_quartic_n50_p0.5_eps1e-02_seed2105,exact_quartic_n50_p0.5,4V-FB,converged,50,50,0.5,0.1,5.277787689448685,41,5.243736755405828,4.1871243314667e-12,49,49,0.2814042998265344,0.0,0.11553371466234566,0.5776685733117284,True,0.0048619100000451,0.004669610000064495,0.0001922999999806052,6,5,1,1,15,49.166666666666664,50.0,0.00038685999993504083,6.361000009746931e-05,0.000549479999790492,0.1130173120821642,4.222222222222222,1.6425960409624618e-15,3.422075085338462e-17,0.2814042998265344,19.390839464939617,perturbed_saddle,2105.0,,,,,,,,quartic,1.3524877497783447,5.277777777777778,-0.034041022371949836,0.01,0.009999999999999978,True,,,,,
perturbed_quartic_n50_p0.5_eps1e-03_seed2101,exact_quartic_n50_p0.5,FB,converged,50,50,0.5,0.1,5.277777872548151,7,5.277777777777778,3.9279171588902103e-13,50,50,0.2814042998265344,0.0,-1.501598102804369e-09,-7.507990514021114e-09,False,0.0008907199999157456,0.0007109499999842228,0.00017976999993152276,0,0,0,0,0,,,0.0,0.0,0.0,0.0,4.222222222222222,,,,,perturbed_saddle,2101.0,,,,,,,,quartic,0.00022869300239532604,5.277777777777778,0.0,0.001,0.0010000000000000232,False,,,,,
perturbed_quartic_n50_p0.5_eps1e-03_seed2101,exact_quartic_n50_p0.5,DIRL1,converged,50,50,0.5,0.1,5.277777872548151,1368,5.277777777777777,1.2112802220055608e-13,50,50,0.2814042998265344,0.0,-1.446742343980123e-09,-7.233711719900613e-09,False,0.04236822400002893,0.017945678001296983,0.024422545998731948,0,0,0,0,0,,,0.0,0.0,0.0,0.0,4.222222222222222,,,,,perturbed_saddle,2101.0,,,,,,,,quartic,0.00022447703038281665,5.277777777777778,-8.881784197001252e-16,0.001,0.0010000000000000232,False,,,,,
perturbed_quartic_n50_p0.5_eps1e-03_seed2101,exact_quartic_n50_p0.5,DIRL2,converged,50,50,0.5,0.1,5.277777872548151,263,5.277777777777779,1.2800932345163542e-13,50,50,0.2814042998265344,0.0,-1.5015218374214712e-09,-7.507609187107356e-09,False,0.016072458000053302,0.0039717799998015835,0.012100678000251719,0,0,0,0,0,,,0.0,0.0,0.0,0.0,4.222222222222222,,,,,perturbed_saddle,2101.0,,,,,,,,quartic,0.00022868734416245677,5.277777777777778,8.881784197001252e-16,0.001,0.0010000000000000232,False,,,,,
perturbed_quartic_n50_p0.5_eps1e-03_seed2101,exact_quartic_n50_p0.5,4V-FB,converged,50,50,0.5,0.1,5.277777872548151,40,5.243736755405827,4.191699618983971e-12,49,49,0.2814042998265344,0.0,0.11553371466234538,0.577668573311727,True,0.004826638999929855,0.004633088999980828,0.00019354999994902755,6,5,1,1,15,49.166666666666664,50.0,0.0004116890002023865,5.982999982734327e-05,0.0005844089998845448,0.12107990672039858,4.222222222222222,1.642617423870945e-15,3.422119633064469e-17,0.2814042998265344,19.39083300363218,perturbed_saddle,2101.0,,,,,,,,quartic,1.3524877497783192,5.277777777777778,-0.034041022371950724,0.001,0.0010000000000000232,True,,,,,
perturbed_quartic_n50_p0.5_eps1e-03_seed2102,exact_quartic_n50_p0.5,FB,converged,50,50,0.5,0.1,5.277777877716051,7,5.277777777777778,3.812523747939068e-13,50,50,0.2814042998265344,0.0,-1.7831847110016952e-11,-8.915923555007451e-11,False,0.0008896889999050472,0.0007105489999048586,0.0001791400000001886,0,0,0,0,0,,,0.0,0.0,0.0,0.0,4.222222222222222,,,,,perturbed_saddle,2102.0,,,,,,,,quartic,2.491916743584498e-05,5.277777777777778,0.0,0.001,0.0009999999999999814,False,,,,,
perturbed_quartic_n50_p0.5_eps1e-03_seed2102,exact_quartic_n50_p0.5,DIRL1,converged,50,50,0.5,0.1,5.277777877716051,1368,5.277777777777777,4.038193105055849e-15,50,50,0.2814042998265344,0.0,-1.717725961469796e-11,-8.588629807348977e-11,False,0.04853953300016656,0.018102216001352645,0.030437316998813913,0,0,0,0,0,,,0.0,0.0,0.0,0.0,4.222222222222222,,,,,perturbed_saddle,2102.0,,,,,,,,quartic,2.4459859180797747e-05,5.277777777777778,-8.881784197001252e-16,0.001,0.0009999999999999814,False,,,,,
perturbed_quartic_n50_p0.5_eps1e-03_seed2102,exact_quartic_n50_p0.5,DIRL2,converged,50,50,0.5,0.1,5.277777877716051,263,5.277777777777779,1.8315953771840427e-15,50,50,0.2814042998265344,0.0,-1.7827947451642956e-11,-8.913973725821478e-11,False,0.016404417999865473,0.003975569000658652,0.01242884899920682,0,0,0,0,0,,,0.0,0.0,0.0,0.0,4.222222222222222,,,,,perturbed_saddle,2102.0,,,,,,,,quartic,2.4918793988725378e-05,5.277777777777778,8.881784197001252e-16,0.001,0.0009999999999999814,False,,,,,
perturbed_quartic_n50_p0.5_eps1e-03_seed2102,exact_quartic_n50_p0.5,4V-FB,converged,50,50,0.5,0.1,5.277777877716051,40,5.243736755405828,4.193066946287983e-12,49,49,0.2814042998265344,0.0,0.1155337146623453,0.5776685733117266,True,0.004786388999946212,0.004579569000043193,0.00020681999990301847,6,5,1,1,15,49.166666666666664,50.0,0.0003963399997246597,6.511999981739791e-05,0.000562590000072305,0.11753954809745451,4.222222222222222,1.642617412614278e-15,3.422119609613079e-17,0.2814042998265344,19.3908330070336,perturbed_saddle,2102.0,,,,,,,,quartic,1.3524877497783119,5.277777777777778,-0.034041022371949836,0.001,0.0009999999999999814,True,,,,,
perturbed_quartic_n50_p0.5_eps1e-03_seed2103,exact_quartic_n50_p0.5,FB,converged,50,50,0.5,0.1,5.277777877273189,7,5.277777777777778,3.8051888446181846e-13,50,50,0.2814042998265344,0.0,-1.450005393532905e-10,-7.250026967663542e-10,False,0.0008897900002011738,0.0007101800001692027,0.00017961000003197114,0,0,0,0,0,,,0.0,0.0,0.0,0.0,4.222222222222222,,,,,perturbed_saddle,2103.0,,,,,,,,quartic,7.106537216482184e-05,5.277777777777778,0.0,0.001,0.0009999999999999454,False,,,,,
perturbed_quartic_n50_p0.5_eps1e-03_seed2103,exact_quartic_n50_p0.5,DIRL1,converged,50,50,0.5,0.1,5.277777877273189,1368,5.277777777777776,5.470573240936414e-15,50,50,0.2814042998265344,0.0,-1.3970150730679975e-10,-6.985075365339986e-10,False,0.04821139299997412,0.017868007000515718,0.030343385999458405,0,0,0,0,0,,,0.0,0.0,0.0,0.0,4.222222222222222,,,,,perturbed_saddle,2103.0,,,,,,,,quartic,6.975525833802255e-05,5.277777777777778,-1.7763568394002505e-15,0.001,0.0009999999999999454,False,,,,,
perturbed_quartic_n50_p0.5_eps1e-03_seed2103,exact_quartic_n50_p0.5,DIRL2,converged,50,50,0.5,0.1,5.277777877273189,263,5.277777777777778,4.240146583916811e-15,50,50,0.2814042998265344,0.0,-1.44991477157852e-10,-7.249573857892599e-10,False,0.016343317000064417,0.00393493900219255,0.012408377997871867,0,0,0,0,0,,,0.0,0.0,0.0,0.0,4.222222222222222,,,,,perturbed_saddle,2103.0,,,,,,,,quartic,7.106365492078535e-05,5.277777777777778,0.0,0.001,0.0009999999999999454,False,,,,,
perturbed_quartic_n50_p0.5_eps1e-03_seed2103,exact_quartic_n50_p0.5,4V-FB,converged,50,50,0.5,0.1,5.277777877273189,40,5.243736755405828,4.192751409217827e-12,49,49,0.2814042998265344,0.0,0.11553371466234531,0.5776685733117267,True,0.004755090000116979,0.004560130000072604,0.0001949600000443752,6,5,1,1,15,49.166666666666664,50.0,0.0003944099998989259,5.711999983759597e-05,0.0005512300003829296,0.1159241991990412,4.222222222222222,1.642617413578917e-15,3.422119611622744e-17,0.2814042998265344,19.39083300674212,perturbed_saddle,2103.0,,,,,,,,quartic,1.3524877497783134,5.277777777777778,-0.034041022371949836,0.001,0.0009999999999999454,True,,,,,
perturbed_quartic_n50_p0.5_eps1e-03_seed2104,exact_quartic_n50_p0.5,FB,converged,50,50,0.5,0.1,5.2777778753567475,7,5.277777777777777,3.78873971515158e-13,50,50,0.2814042998265344,0.0,-6.950535216820874e-10,-3.475267608410104e-09,False,0.0008933300000535382,0.000715370000079929,0.00017795999997360923,0,0,0,0,0,,,0.0,0.0,0.0,0.0,4.222222222222222,,,,,perturbed_saddle,2104.0,,,,,,,,quartic,0.00015559115801516625,5.277777777777778,-8.881784197001252e-16,0.001,0.001000000000000069,False,,,,,
perturbed_quartic_n50_p0.5_eps1e-03_seed2104,exact_quartic_n50_p0.5,DIRL1,converged,50,50,0.5,0.1,5.2777778753567475,1368,5.277777777777777,3.8386570232924795e-14,50,50,0.2814042998265344,0.0,-6.696598275901522e-10,-3.3482991379507597e-09,False,0.0479651030000241,0.017889326999465993,0.030075776000558108,0,0,0,0,0,,,0.0,0.0,0.0,0.0,4.222222222222222,,,,,perturbed_saddle,2104.0,,,,,,,,quartic,0.00015272265052288506,5.277777777777778,-8.881784197001252e-16,0.001,0.001000000000000069,False,,,,,
perturbed_quartic_n50_p0.5_eps1e-03_seed2104,exact_quartic_n50_p0.5,DIRL2,converged,50,50,0.5,0.1,5.2777778753567475,263,5.277777777777778,4.038944685219776e-14,50,50,0.2814042998265344,0.0,-6.950143932593633e-10,-3.4750719662968166e-09,False,0.01636835800013614,0.0039081799986888655,0.012460178001447275,0,0,0,0,0,,,0.0,0.0,0.0,0.0,4.222222222222222,,,,,perturbed_saddle,2104.0,,,,,,,,quartic,0.0001555869654361323,5.277777777777778,0.0,0.001,0.001000000000000069,False,,,,,
perturbed_quartic_n50_p0.5_eps1e-03_seed2104,exact_quartic_n50_p0.5,4V-FB,converged,50,50,0.5,0.1,5.2777778753567475,40,5.243736755405828,4.192120335077513e-12,49,49,0.2814042998265344,0.0,0.11553371466234535,0.5776685733117269,True,0.004776589000130116,0.0045720089999576885,0.0002045800001724274,6,5,1,1,15,49.166666666666664,50.0,0.00038820000031591917,5.675000011251541e-05,0.0005446899999697052,0.11403325677693175,4.222222222222222,1.642617417753289e-15,3.422119620319352e-17,0.2814042998265344,19.39083300548075,perturbed_saddle,2104.0,,,,,,,,quartic,1.3524877497783168,5.277777777777778,-0.034041022371949836,0.001,0.001000000000000069,True,,,,,
perturbed_quartic_n50_p0.5_eps1e-03_seed2105,exact_quartic_n50_p0.5,FB,converged,50,50,0.5,0.1,5.277777876894243,7,5.277777777777778,3.797966501253319e-13,50,50,0.2814042998265344,0.0,-2.53677460981816e-10,-1.2683873049089416e-09,False,0.0009010300000227289,0.0007212900000013178,0.0001797400000214111,0,0,0,0,0,,,0.0,0.0,0.0,0.0,4.222222222222222,,,,,perturbed_saddle,2105.0,,,,,,,,quartic,9.399811783568114e-05,5.277777777777778,0.0,0.001,0.0009999999999999755,False,,,,,
perturbed_quartic_n50_p0.5_eps1e-03_seed2105,exact_quartic_n50_p0.5,DIRL1,converged,50,50,0.5,0.1,5.277777876894243,1368,5.277777777777777,9.307637892643756e-15,50,50,0.2814042998265344,0.0,-2.44406876681591e-10,-1.2220343834079546e-09,False,0.0484443130001182,0.018075937000048725,0.030368376000069475,0,0,0,0,0,,,0.0,0.0,0.0,0.0,4.222222222222222,,,,,perturbed_saddle,2105.0,,,,,,,,quartic,9.226416896221429e-05,5.277777777777778,-8.881784197001252e-16,0.001,0.0009999999999999755,False,,,,,
perturbed_quartic_n50_p0.5_eps1e-03_seed2105,exact_quartic_n50_p0.5,DIRL2,converged,50,50,0.5,0.1,5.277777876894243,263,5.277777777777779,9.084029478599951e-15,50,50,0.2814042998265344,0.0,-2.536521340190667e-10,-1.2682606700953336e-09,False,0.016418036999994,0.00393393899912553,0.012484098000868471,0,0,0,0,0,,,0.0,0.0,0.0,0.0,4.222222222222222,,,,,perturbed_saddle,2105.0,,,,,,,,quartic,9.399301271600707e-05,5.277777777777778,8.881784197001252e-16,0.001,0.0009999999999999755,False,,,,,
perturbed_quartic_n50_p0.5_eps1e-03_seed2105,exact_quartic_n50_p0.5,4V-FB,converged,50,50,0.5,0.1,5.277777876894243,40,5.243736755405828,4.1925410511710555e-12,49,49,0.2814042998265344,0.0,0.11553371466234533,0.5776685733117267,True,0.004776099000082468,0.004583989000138899,0.00019210999994356825,6,5,1,1,15,49.166666666666664,50.0,0.00038657999994029524,5.79700001708261e-05,0.0005444800001441763,0.11400098702618494,4.222222222222222,1.6426174144043328e-15,3.42211961334236e-17,0.2814042998265344,19.390833006492706,perturbed_saddle,2105.0,,,,,,,,quartic,1.3524877497783148,5.277777777777778,-0.034041022371949836,0.001,0.0009999999999999755,True,,,,,
perturbed_quartic_n50_p0.5_eps1e-04_seed2101,exact_quartic_n50_p0.5,FB,converged,50,50,0.5,0.1,5.277777778725478,7,5.277777777777778,3.7134247025095294e-14,50,50,0.2814042998265344,0.0,-1.5016161925007765e-11,-7.50808096250381e-11,False,0.0008866300001955096,0.0006975800001782773,0.00018905000001723238,0,0,0,0,0,,,0.0,0.0,0.0,0.0,4.222222222222222,,,,,perturbed_saddle,2101.0,,,,,,,,quartic,2.2869293264958678e-05,5.277777777777778,0.0,0.0001,0.00010000000000003058,False,,,,,
perturbed_quartic_n50_p0.5_eps1e-04_seed2101,exact_quartic_n50_p0.5,DIRL1,converged,50,50,0.5,0.1,5.277777778725478,1368,5.277777777777777,4.041273866540271e-15,50,50,0.2814042998265344,0.0,-1.4467212150481856e-11,-7.233606075240926e-11,False,0.048374452999951245,0.017979317998879196,0.03039513500107205,0,0,0,0,0,,,0.0,0.0,0.0,0.0,4.222222222222222,,,,,perturbed_saddle,2101.0,,,,,,,,quartic,2.2447577074290057e-05,5.277777777777778,-8.881784197001252e-16,0.0001,0.00010000000000003058,False,,,,,
perturbed_quartic_n50_p0.5_eps1e-04_seed2101,exact_quartic_n50_p0.5,DIRL2,converged,50,50,0.5,0.1,5.277777778725478,263,5.277777777777779,2.1962024849058404e-15,50,50,0.2814042998265344,0.0,-1.501482271848431e-11,-7.507411359242155e-11,False,0.016914056999667082,0.003923049001059553,0.012991007998607529,0,0,0,0,0,,,0.0,0.0,0.0,0.0,4.222222222222222,,,,,perturbed_saddle,2101.0,,,,,,,,quartic,2.2868442596950523e-05,5.277777777777778,8.881784197001252e-16,0.0001,0.00010000000000003058,False,,,,,
perturbed_quartic_n50_p0.5_eps1e-04_seed2101,exact_quartic_n50_p0.5,4V-FB,converged,50,50,0.5,0.1,5.277777778725478,39,5.243736755405828,4.193066946287983e-12,49,49,0.2814042998265344,0.0,0.1155337146623453,0.5776685733117266,True,0.004703619999872899,0.004497129999890603,0.00020648999998229556,6,5,1,1,15,49.166666666666664,50.0,0.0003992199997355783,6.643999995503691e-05,0.0005669800000305258,0.12054120019173462,4.222222222222222,1.6426176282344994e-15,3.4221200588218736e-17,0.2814042998265344,19.39083294187973,perturbed_saddle,2101.0,,,,,,,,quartic,1.3524877497783119,5.277777777777778,-0.034041022371949836,0.0001,0.00010000000000003058,True,,,,,
perturbed_quartic_n50_p0.5_eps1e-04_seed2102,exact_quartic_n50_p0.5,FB,converged,50,50,0.5,0.1,5.277777778777158,7,5.277777777777779,3.813285401521977e-14,50,50,0.2814042998265344,0.0,-1.7862794576828378e-13,-8.931397288414087e-13,False,0.0008911789998364839,0.0007134889999633742,0.00017768999987310963,0,0,0,0,0,,,0.0,0.0,0.0,0.0,4.222222222222222,,,,,perturbed_saddle,2102.0,,,,,,,,quartic,2.4919155103519917e-06,5.277777777777778,8.881784197001252e-16,0.0001,9.999999999994842e-05,False,,,,,
perturbed_quartic_n50_p0.5_eps1e-04_seed2102,exact_quartic_n50_p0.5,DIRL1,converged,50,50,0.5,0.1,5.277777778777158,1368,5.277777777777777,4.066516084211099e-15,50,50,0.2814042998265344,0.0,-1.7170292965218437e-13,-8.585146482609215e-13,False,0.048418343000093955,0.017965617997560912,0.030452725002533043,0,0,0,0,0,,,0.0,0.0,0.0,0.0,4.222222222222222,,,,,perturbed_saddle,2102.0,,,,,,,,quartic,2.445964799940499e-06,5.277777777777778,-8.881784197001252e-16,0.0001,9.999999999994842e-05,False,,,,,
perturbed_quartic_n50_p0.5_eps1e-04_seed2102,exact_quartic_n50_p0.5,DIRL2,converged,50,50,0.5,0.1,5.277777778777158,263,5.277777777777779,2.2062538073730167e-15,50,50,0.2814042998265344,0.0,-1.7824630660356888e-13,-8.912315330178444e-13,False,0.016935098000203652,0.003946999999925538,0.012988098000278114,0,0,0,0,0,,,0.0,0.0,0.0,0.0,4.222222222222222,,,,,perturbed_saddle,2102.0,,,,,,,,quartic,2.491825265519699e-06,5.277777777777778,8.881784197001252e-16,0.0001,9.999999999994842e-05,False,,,,,
perturbed_quartic_n50_p0.5_eps1e-04_seed2102,exact_quartic_n50_p0.5,4V-FB,converged,50,50,0.5,0.1,5.277777778777158,39,5.243736755405828,4.1931721253113685e-12,49,49,0.2814042998265344,0.0,0.11553371466234529,0.5776685733117266,True,0.004699479000009887,0.004504838999991989,0.00019464000001789827,6,5,1,1,15,49.166666666666664,50.0,0.00039752000020598643,5.752999982178153e-05,0.0005545199999232864,0.1179960586954681,4.222222222222222,1.6426176281219305e-15,3.422120058587355e-17,0.2814042998265344,19.390832941913743,perturbed_saddle,2102.0,,,,,,,,quartic,1.352487749778311,5.277777777777778,-0.034041022371949836,0.0001,9.999999999994842e-05,True,,,,,
perturbed_quartic_n50_p0.5_eps1e-04_seed2103,exact_quartic_n50_p0.5,FB,converged,50,50,0.5,0.1,5.2777777787727285,7,5.277777777777778,3.8099449824146156e-14,50,50,0.2814042998265344,0.0,-1.4501941314470912e-12,-7.250970657235359e-12,False,0.0008911899997201544,0.0007119299998521456,0.0001792599998680089,0,0,0,0,0,,,0.0,0.0,0.0,0.0,4.222222222222222,,,,,perturbed_saddle,2103.0,,,,,,,,quartic,7.106535059018538e-06,5.277777777777778,0.0,0.0001,0.00010000000000002673,False,,,,,
perturbed_quartic_n50_p0.5_eps1e-04_seed2103,exact_quartic_n50_p0.5,DIRL1,converged,50,50,0.5,0.1,5.2777777787727285,1368,5.277777777777777,4.054596783558709e-15,50,50,0.2814042998265344,0.0,-1.3969311818406993e-12,-6.984655909203494e-12,False,0.04854250200014576,0.01809550599909926,0.0304469960010465,0,0,0,0,0,,,0.0,0.0,0.0,0.0,4.222222222222222,,,,,perturbed_saddle,2103.0,,,,,,,,quartic,6.97548869860028e-06,5.277777777777778,-8.881784197001252e-16,0.0001,0.00010000000000002673,False,,,,,
perturbed_quartic_n50_p0.5_eps1e-04_seed2103,exact_quartic_n50_p0.5,DIRL2,converged,50,50,0.5,0.1,5.2777777787727285,263,5.2777777777777795,2.203902141605343e-15,50,50,0.2814042998265344,0.0,-1.4498541256457997e-12,-7.249270628228999e-12,False,0.016910358000131964,0.0039667900016411295,0.012943567998490835,0,0,0,0,0,,,0.0,0.0,0.0,0.0,4.222222222222222,,,,,perturbed_saddle,2103.0,,,,,,,,quartic,7.1062711753846065e-06,5.277777777777778,1.7763568394002505e-15,0.0001,0.00010000000000002673,False,,,,,
perturbed_quartic_n50_p0.5_eps1e-04_seed2103,exact_quartic_n50_p0.5,4V-FB,converged,50,50,0.5,0.1,5.2777777787727285,39,5.243736755405828,4.1931721253113685e-12,49,49,0.2814042998265344,0.0,0.11553371466234529,0.5776685733117266,True,0.004683189000161292,0.00448990900008539,0.00019328000007590163,6,5,1,1,15,49.166666666666664,50.0,0.0003905899998244422,5.779000002803514e-05,0.0005481199996211217,0.11703990584241723,4.222222222222222,1.642617628131579e-15,3.422120058607456e-17,0.2814042998265344,19.390832941910823,perturbed_saddle,2103.0,,,,,,,,quartic,1.3524877497783114,5.277777777777778,-0.034041022371949836,0.0001,0.00010000000000002673,True,,,,,
perturbed_quartic_n50_p0.5_eps1e-04_seed2104,exact_quartic_n50_p0.5,FB,converged,50,50,0.5,0.1,5.277777778753569,7,5.277777777777777,3.7607439696328617e-14,50,50,0.2814042998265344,0.0,-6.950690023543871e-12,-3.4753450117719024e-11,False,0.0008888300003491167,0.0007106100001692539,0.00017822000017986284,0,0,0,0,0,,,0.0,0.0,0.0,0.0,4.222222222222222,,,,,perturbed_saddle,2104.0,,,,,,,,quartic,1.555911189934717e-05,5.277777777777778,-8.881784197001252e-16,0.0001,9.999999999996375e-05,False,,,,,
perturbed_quartic_n50_p0.5_eps1e-04_seed2104,exact_quartic_n50_p0.5,DIRL1,converged,50,50,0.5,0.1,5.277777778753569,1368,5.277777777777777,4.0575798912307776e-15,50,50,0.2814042998265344,0.0,-6.696483645374229e-12,-3.3482418226871134e-11,False,0.04867280300004495,0.01797557800091454,0.030697224999130412,0,0,0,0,0,,,0.0,0.0,0.0,0.0,4.222222222222222,,,,,perturbed_saddle,2104.0,,,,,,,,quartic,1.5272196197770167e-05,5.277777777777778,-8.881784197001252e-16,0.0001,9.999999999996375e-05,False,,,,,
perturbed_quartic_n50_p0.5_eps1e-04_seed2104,exact_quartic_n50_p0.5,DIRL2,converged,50,50,0.5,0.1,5.277777778753569,263,5.277777777777779,2.1995056382269244e-15,50,50,0.2814042998265344,0.0,-6.949968378577864e-12,-3.474984189288932e-11,False,0.017039127000089138,0.003936818998909075,0.013102308001180063,0,0,0,0,0,,,0.0,0.0,0.0,0.0,4.222222222222222,,,,,perturbed_saddle,2104.0,,,,,,,,quartic,1.555852977995316e-05,5.277777777777778,8.881784197001252e-16,0.0001,9.999999999996375e-05,False,,,,,
perturbed_quartic_n50_p0.5_eps1e-04_seed2104,exact_quartic_n50_p0.5,4V-FB,converged,50,50,0.5,0.1,5.277777778753569,39,5.243736755405828,4.193066946287983e-12,49,49,0.2814042998265344,0.0,0.1155337146623453,0.5776685733117266,True,0.004785399000184043,0.004574549000153638,0.00021085000003040477,6,5,1,1,15,49.166666666666664,50.0,0.0003942300002108823,5.750899981649127e-05,0.0005519989999811514,0.11535067398975968,4.222222222222222,1.642617628173312e-15,3.4221200586944e-17,0.2814042998265344,19.390832941898218,perturbed_saddle,2104.0,,,,,,,,quartic,1.3524877497783117,5.277777777777778,-0.034041022371949836,0.0001,9.999999999996375e-05,True,,,,,
perturbed_quartic_n50_p0.5_eps1e-04_seed2105,exact_quartic_n50_p0.5,FB,converged,50,50,0.5,0.1,5.277777778768943,7,5.277777777777778,3.805467148908406e-14,50,50,0.2814042998265344,0.0,-2.5365820555123264e-12,-1.2682910277561496e-11,False,0.0008956899998793233,0.0007173999999849912,0.00017828999989433214,0,0,0,0,0,,,0.0,0.0,0.0,0.0,4.222222222222222,,,,,perturbed_saddle,2105.0,,,,,,,,quartic,9.399814863924601e-06,5.277777777777778,0.0,0.0001,0.00010000000000010548,False,,,,,
perturbed_quartic_n50_p0.5_eps1e-04_seed2105,exact_quartic_n50_p0.5,DIRL1,converged,50,50,0.5,0.1,5.277777778768943,1368,5.277777777777777,4.066516084211099e-15,50,50,0.2814042998265344,0.0,-2.444024149728108e-12,-1.2220120748640535e-11,False,0.0490252029999283,0.018346478000012212,0.030678724999916085,0,0,0,0,0,,,0.0,0.0,0.0,0.0,4.222222222222222,,,,,perturbed_saddle,2105.0,,,,,,,,quartic,9.226469172561607e-06,5.277777777777778,-8.881784197001252e-16,0.0001,0.00010000000000010548,False,,,,,
perturbed_quartic_n50_p0.5_eps1e-04_seed2105,exact_quartic_n50_p0.5,DIRL2,converged,50,50,0.5,0.1,5.277777778768943,263,5.277777777777779,2.2062538073730167e-15,50,50,0.2814042998265344,0.0,-2.5365681777245186e-12,-1.2682840888622593e-11,False,0.01693981700009317,0.003923729999542047,0.013016087000551124,0,0,0,0,0,,,0.0,0.0,0.0,0.0,4.222222222222222,,,,,perturbed_saddle,2105.0,,,,,,,,quartic,9.399437483488146e-06,5.277777777777778,8.881784197001252e-16,0.0001,0.00010000000000010548,False,,,,,
perturbed_quartic_n50_p0.5_eps1e-04_seed2105,exact_quartic_n50_p0.5,4V-FB,converged,50,50,0.5,0.1,5.277777778768943,39,5.243736755405828,4.1931721253113685e-12,49,49,0.2814042998265344,0.0,0.11553371466234529,0.5776685733117266,True,0.00470580000001064,0.004513900000119975,0.00019189999989066564,6,5,1,1,15,49.166666666666664,50.0,0.00040063999972517195,5.8330000456408015e-05,0.0005609499999081891,0.11920396104953901,4.222222222222222,1.6426176281398237e-15,3.4221200586246324e-17,0.2814042998265344,19.390832941908336,perturbed_saddle,2105.0,,,,,,,,quartic,1.3524877497783114,5.277777777777778,-0.034041022371949836,0.0001,0.00010000000000010548,True,,,,,
perturbed_quartic_n50_p0.5_eps1e-05_seed2101,exact_quartic_n50_p0.5,FB,converged,50,50,0.5,0.1,5.2777777777872545,6,5.277777777777778,6.646422297505642e-14,50,50,0.2814042998265344,0.0,-1.505254254574595e-13,-7.526271272872845e-13,False,0.0007980299999417184,0.0006069799999295356,0.00019105000001218286,0,0,0,0,0,,,0.0,0.0,0.0,0.0,4.222222222222222,,,,,perturbed_saddle,2101.0,,,,,,,,quartic,2.2869292599449174e-06,5.277777777777778,0.0,1e-05,1.0000000000038178e-05,False,,,,,
perturbed_quartic_n50_p0.5_eps1e-05_seed2101,exact_quartic_n50_p0.5,DIRL1,converged,50,50,0.5,0.1,5.2777777777872545,1368,5.277777777777777,4.066516084211099e-15,50,50,0.2814042998265344,0.0,-1.4460654895742664e-13,-7.23032744787133e-13,False,0.04842291299996759,0.017929799000057756,0.030493113999909838,0,0,0,0,0,,,0.0,0.0,0.0,0.0,4.222222222222222,,,,,perturbed_saddle,2101.0,,,,,,,,quartic,2.2447565754055833e-06,5.277777777777778,-8.881784197001252e-16,1e-05,1.0000000000038178e-05,False,,,,,
perturbed_quartic_n50_p0.5_eps1e-05_seed2101,exact_quartic_n50_p0.5,DIRL2,converged,50,50,0.5,0.1,5.2777777777872545,263,5.277777777777779,2.211887604108466e-15,50,50,0.2814042998265344,0.0,-1.501299085049368e-13,-7.50649542524684e-13,False,0.017086708000078943,0.003950839002072826,0.013135868998006117,0,0,0,0,0,,,0.0,0.0,0.0,0.0,4.222222222222222,,,,,perturbed_saddle,2101.0,,,,,,,,quartic,2.286841364441957e-06,5.277777777777778,8.881784197001252e-16,1e-05,1.0000000000038178e-05,False,,,,,
perturbed_quartic_n50_p0.5_eps1e-05_seed2101,exact_quartic_n50_p0.5,4V-FB,converged,50,50,0.5,0.1,5.2777777777872545,39,5.243736755405828,4.1931721253113685e-12,49,49,0.2814042998265344,0.0,0.11553371466234529,0.5776685733117266,True,0.004700509000031161,0.004508339000039996,0.00019216999999116524,6,5,1,1,15,49.166666666666664,50.0,0.00038731999961783004,5.7360000027983915e-05,0.0005505400004039984,0.11712348607360368,4.222222222222222,1.6426176302781276e-15,3.422120063079432e-17,0.2814042998265344,19.390832941262204,perturbed_saddle,2101.0,,,,,,,,quartic,1.352487749778311,5.277777777777778,-0.034041022371949836,1e-05,1.0000000000038178e-05,True,,,,,
perturbed_quartic_n50_p0.5_eps1e-05_seed2102,exact_quartic_n50_p0.5,FB,converged,50,50,0.5,0.1,5.2777777777877715,6,5.277777777777777,6.827820575700879e-14,50,50,0.2814042998265344,0.0,-2.3800406090401793e-15,-1.1900203045200654e-14,False,0.0007993899998837151,0.000609039999972083,0.00019034999991163204,0,0,0,0,0,,,0.0,0.0,0.0,0.0,4.222222222222222,,,,,perturbed_saddle,2102.0,,,,,,,,quartic,2.49191538961371e-07,5.277777777777778,-8.881784197001252e-16,1e-05,9.999999999989081e-06,False,,,,,
perturbed_quartic_n50_p0.5_eps1e-05_seed2102,exact_quartic_n50_p0.5,DIRL1,converged,50,50,0.5,0.1,5.2777777777877715,1368,5.277777777777777,4.0575798912307776e-15,50,50,0.2814042998265344,0.0,-1.6583956430338276e-15,-8.291978215169135e-15,False,0.04832112199983385,0.01793518599856725,0.0303859360012666,0,0,0,0,0,,,0.0,0.0,0.0,0.0,4.222222222222222,,,,,perturbed_saddle,2102.0,,,,,,,,quartic,2.4459627588202763e-07,5.277777777777778,-8.881784197001252e-16,1e-05,9.999999999989081e-06,False,,,,,
perturbed_quartic_n50_p0.5_eps1e-05_seed2102,exact_quartic_n50_p0.5,DIRL2,converged,50,50,0.5,0.1,5.2777777777877715,263,5.2777777777777795,2.211887604108466e-15,50,50,0.2814042998265344,0.0,-1.7555401576885288e-15,-8.777700788442644e-15,False,0.01694458800011489,0.003920228998822495,0.013024359001292396,0,0,0,0,0,,,0.0,0.0,0.0,0.0,4.222222222222222,,,,,perturbed_saddle,2102.0,,,,,,,,quartic,2.4918198683268396e-07,5.277777777777778,1.7763568394002505e-15,1e-05,9.999999999989081e-06,False,,,,,
perturbed_quartic_n50_p0.5_eps1e-05_seed2102,exact_quartic_n50_p0.5,4V-FB,converged,50,50,0.5,0.1,5.2777777777877715,39,5.243736755405828,4.1931721253113685e-12,49,49,0.2814042998265344,0.0,0.11553371466234529,0.5776685733117266,True,0.004690639000045849,0.004486249000137832,0.00020438999990801676,6,5,1,1,15,49.166666666666664,50.0,0.00038701000016772014,5.745999987993855e-05,0.0005448900005831092,0.11616540956952415,4.222222222222222,1.6426176302770027e-15,3.422120063077089e-17,0.2814042998265344,19.390832941262545,perturbed_saddle,2102.0,,,,,,,,quartic,1.352487749778311,5.277777777777778,-0.034041022371949836,1e-05,9.999999999989081e-06,True,,,,,
perturbed_quartic_n50_p0.5_eps1e-05_seed2103,exact_quartic_n50_p0.5,FB,converged,50,50,0.5,0.1,5.277777777787728,6,5.277777777777778,6.806975914388822e-14,50,50,0.2814042998265344,0.0,-1.487004963607319e-14,-7.435024818036416e-14,False,0.0007962399997722969,0.0006185499998991872,0.00017768999987310963,0,0,0,0,0,,,0.0,0.0,0.0,0.0,4.222222222222222,,,,,perturbed_saddle,2103.0,,,,,,,,quartic,7.106534848861533e-07,5.277777777777778,0.0,1e-05,1.0000000000060525e-05,False,,,,,
perturbed_quartic_n50_p0.5_eps1e-05_seed2103,exact_quartic_n50_p0.5,DIRL1,converged,50,50,0.5,0.1,5.277777777787728,1368,5.277777777777777,4.0575798912307776e-15,50,50,0.2814042998265344,0.0,-1.3898604489526178e-14,-6.949302244763087e-14,False,0.048363753000103316,0.017931568003632492,0.030432184996470824,0,0,0,0,0,,,0.0,0.0,0.0,0.0,4.222222222222222,,,,,perturbed_saddle,2103.0,,,,,,,,quartic,6.975485108190614e-07,5.277777777777778,-8.881784197001252e-16,1e-05,1.0000000000060525e-05,False,,,,,
perturbed_quartic_n50_p0.5_eps1e-05_seed2103,exact_quartic_n50_p0.5,DIRL2,converged,50,50,0.5,0.1,5.277777777787728,263,5.277777777777778,2.1974614144932683e-15,50,50,0.2814042998265344,0.0,-1.4474532683550478e-14,-7.237266341775239e-14,False,0.01695210700017924,0.0039486389991907345,0.013003468000988505,0,0,0,0,0,,,0.0,0.0,0.0,0.0,4.222222222222222,,,,,perturbed_saddle,2103.0,,,,,,,,quartic,7.106261764249629e-07,5.277777777777778,0.0,1e-05,1.0000000000060525e-05,False,,,,,
perturbed_quartic_n50_p0.5_eps1e-05_seed2103,exact_quartic_n50_p0.5,4V-FB,converged,50,50,0.5,0.1,5.277777777787728,39,5.243736755405828,4.1931721253113685e-12,49,49,0.2814042998265344,0.0,0.11553371466234529,0.5776685733117266,True,0.004674569000144402,0.004482410000036907,0.00019215900010749465,6,5,1,1,15,49.166666666666664,50.0,0.00039283000000978063,5.71499999750813e-05,0.0005490399998961948,0.11745253944892768,4.222222222222222,1.6426176302770964e-15,3.422120063077284e-17,0.2814042998265344,19.390832941262516,perturbed_saddle,2103.0,,,,,,,,quartic,1.352487749778311,5.277777777777778,-0.034041022371949836,1e-05,1.0000000000060525e-05,True,,,,,
perturbed_quartic_n50_p0.5_eps1e-05_seed2104,exact_quartic_n50_p0.5,FB,converged,50,50,0.5,0.1,5.277777777787536,6,5.277777777777778,6.741263126289395e-14,50,50,0.2814042998265344,0.0,-6.981221156721062e-14,-3.490610578360472e-13,False,0.000798540000232606,0.0006186400000842696,0.0001799000001483364,0,0,0,0,0,,,0.0,0.0,0.0,0.0,4.222222222222222,,,,,perturbed_saddle,2104.0,,,,,,,,quartic,1.5559111524793717e-06,5.277777777777778,0.0,1e-05,9.999999999990651e-06,False,,,,,
perturbed_quartic_n50_p0.5_eps1e-05_seed2104,exact_quartic_n50_p0.5,DIRL1,converged,50,50,0.5,0.1,5.277777777787536,1368,5.277777777777776,4.069830244170313e-15,50,50,0.2814042998265344,0.0,-6.689787612756959e-14,-3.3448938063784784e-13,False,0.04858315299975402,0.018134127003122558,0.030449025996631462,0,0,0,0,0,,,0.0,0.0,0.0,0.0,4.222222222222222,,,,,perturbed_saddle,2104.0,,,,,,,,quartic,1.5272189704409543e-06,5.277777777777778,-1.7763568394002505e-15,1e-05,9.999999999990651e-06,False,,,,,
perturbed_quartic_n50_p0.5_eps1e-05_seed2104,exact_quartic_n50_p0.5,DIRL2,converged,50,50,0.5,0.1,5.277777777787536,263,5.277777777777778,2.1974614144932683e-15,50,50,0.2814042998265344,0.0,-6.947914465982308e-14,-3.473957232991154e-13,False,0.017011318000186293,0.003989099999444079,0.013022218000742214,0,0,0,0,0,,,0.0,0.0,0.0,0.0,4.222222222222222,,,,,perturbed_saddle,2104.0,,,,,,,,quartic,1.555851316883778e-06,5.277777777777778,0.0,1e-05,9.999999999990651e-06,False,,,,,
perturbed_quartic_n50_p0.5_eps1e-05_seed2104,exact_quartic_n50_p0.5,4V-FB,converged,50,50,0.5,0.1,5.277777777787536,39,5.243736755405828,4.1931721253113685e-12,49,49,0.2814042998265344,0.0,0.11553371466234529,0.5776685733117266,True,0.004701240000031248,0.004507549999971161,0.00019369000006008719,6,5,1,1,15,49.166666666666664,50.0,0.0004006699996352836,5.78100000439008e-05,0.0005600199999662436,0.11912176361183885,4.222222222222222,1.6426176302775148e-15,3.422120063078156e-17,0.2814042998265344,19.39083294126239,perturbed_saddle,2104.0,,,,,,,,quartic,1.352487749778311,5.277777777777778,-0.034041022371949836,1e-05,9.999999999990651e-06,True,,,,,
perturbed_quartic_n50_p0.5_eps1e-05_seed2105,exact_quartic_n50_p0.5,FB,converged,50,50,0.5,0.1,5.277777777787689,6,5.277777777777778,6.789875214080803e-14,50,50,0.2814042998265344,0.0,-2.4980018054066022e-14,-1.249000902703277e-13,False,0.0007997400000476773,0.000619570000026215,0.00018017000002146233,0,0,0,0,0,,,0.0,0.0,0.0,0.0,4.222222222222222,,,,,perturbed_saddle,2105.0,,,,,,,,quartic,9.39981517707822e-07,5.277777777777778,0.0,1e-05,1.0000000000080969e-05,False,,,,,
perturbed_quartic_n50_p0.5_eps1e-05_seed2105,exact_quartic_n50_p0.5,DIRL1,converged,50,50,0.5,0.1,5.277777777787689,1368,5.277777777777777,4.049477772027322e-15,50,50,0.2814042998265344,0.0,-2.4369395390522186e-14,-1.2184697695261088e-13,False,0.04860219200008942,0.018061517001115135,0.030540674998974282,0,0,0,0,0,,,0.0,0.0,0.0,0.0,4.222222222222222,,,,,perturbed_saddle,2105.0,,,,,,,,quartic,9.226474514799489e-07,5.277777777777778,-8.881784197001252e-16,1e-05,1.0000000000080969e-05,False,,,,,
perturbed_quartic_n50_p0.5_eps1e-05_seed2105,exact_quartic_n50_p0.5,DIRL2,converged,50,50,0.5,0.1,5.277777777787689,263,5.277777777777779,2.2214011430840158e-15,50,50,0.2814042998265344,0.0,-2.5340840537069198e-14,-1.26704202685346e-13,False,0.017105147999927794,0.003960320001851869,0.013144827998075925,0,0,0,0,0,,,0.0,0.0,0.0,0.0,4.222222222222222,,,,,perturbed_saddle,2105.0,,,,,,,,quartic,9.39945111424402e-07,5.277777777777778,8.881784197001252e-16,1e-05,1.0000000000080969e-05,False,,,,,
perturbed_quartic_n50_p0.5_eps1e-05_seed2105,exact_quartic_n50_p0.5,4V-FB,converged,50,50,0.5,0.1,5.277777777787689,39,5.243736755405828,4.1931721253113685e-12,49,49,0.2814042998265344,0.0,0.11553371466234529,0.5776685733117266,True,0.004714948999890112,0.004521738999983427,0.00019320999990668497,6,5,1,1,15,49.166666666666664,50.0,0.00040079999985209724,5.790000000160944e-05,0.0005603100003099826,0.11883691643812931,4.222222222222222,1.642617630277182e-15,3.4221200630774626e-17,0.2814042998265344,19.390832941262488,perturbed_saddle,2105.0,,,,,,,,quartic,1.352487749778311,5.277777777777778,-0.034041022371949836,1e-05,1.0000000000080969e-05,True,,,,,
perturbed_quartic_n50_p0.8_eps1e-02_seed2101,exact_quartic_n50_p0.8,FB,max_iter,50,50,0.8,0.1,6.666670457678033,10000,6.666666666666635,6.697026472342966e-11,50,50,0.23097428992562205,0.0,-7.372891507387291e-08,-9.216114384234112e-07,False,0.9585166090000712,0.95831914900009,0.00019745999998121988,0,0,0,0,0,,,0.0,0.0,0.0,0.0,9.895833333333337,,,,,perturbed_saddle,2101.0,,,,,,,,quartic,0.0022935379344367255,6.666666666666667,-3.197442310920451e-14,0.01,0.009999999999999884,False,,,,,
perturbed_quartic_n50_p0.8_eps1e-02_seed2101,exact_quartic_n50_p0.8,DIRL1,max_iter,50,50,0.8,0.1,6.666670457678033,10000,6.666666666666639,6.191517105054389e-11,50,50,0.23097428992562205,0.0,-6.997042670264797e-08,-8.746303337830993e-07,False,0.13758763999999246,0.12772227100163036,0.0098653689983621,0,0,0,0,0,,,0.0,0.0,0.0,0.0,9.895833333333337,,,,,perturbed_saddle,2101.0,,,,,,,,quartic,0.0022343146101010897,6.666666666666667,-2.7533531010703882e-14,0.01,0.009999999999999884,False,,,,,
perturbed_quartic_n50_p0.8_eps1e-02_seed2101,exact_quartic_n50_p0.8,DIRL2,max_iter,50,50,0.8,0.1,6.666670457678033,10000,6.666666666666636,6.648231244790747e-11,50,50,0.23097428992562205,0.0,-7.337030714579806e-08,-9.171288393224753e-07,False,0.15002509799978725,0.1401466090003396,0.009878488999447654,0,0,0,0,0,,,0.0,0.0,0.0,0.0,9.895833333333337,,,,,perturbed_saddle,2101.0,,,,,,,,quartic,0.002287953608390949,6.666666666666667,-3.108624468950438e-14,0.01,0.009999999999999884,False,,,,,
perturbed_quartic_n50_p0.8_eps1e-02_seed2101,exact_quartic_n50_p0.8,4V-FB,converged,50,50,0.8,0.1,6.666670457678033,56,6.656450856262716,3.1214441644929076e-12,49,49,0.23097428992562205,0.0,0.048519355601170176,0.6064919450146271,True,0.0068039190000490635,0.006607189000078506,0.0001967299999705574,6,5,1,1,15,49.166666666666664,50.0,0.00041166900018652086,6.233999988580763e-05,0.00057971900037046,0.08520368928058661,9.895833333333337,4.24377100947535e-11,8.841189603073646e-13,0.23097428992562205,15.423143721005552,perturbed_saddle,2101.0,,,,,,,,quartic,1.334912857474052,6.666666666666667,-0.010215810403950698,0.01,0.009999999999999884,True,,,,,
perturbed_quartic_n50_p0.8_eps1e-02_seed2102,exact_quartic_n50_p0.8,FB,converged,50,50,0.8,0.1,6.666670664371118,8,6.666666666666668,1.7057632393899555e-13,50,50,0.23097428992562205,0.0,-8.703581362567991e-10,-1.087947670320853e-08,False,0.0009907399999065092,0.0008104799999273382,0.00018025999997917097,0,0,0,0,0,,,0.0,0.0,0.0,0.0,9.895833333333337,,,,,perturbed_saddle,2102.0,,,,,,,,quartic,0.0002491934077728109,6.666666666666667,8.881784197001252e-16,0.01,0.009999999999999985,False,,,,,
perturbed_quartic_n50_p0.8_eps1e-02_seed2102,exact_quartic_n50_p0.8,DIRL1,converged,50,50,0.8,0.1,6.666670664371118,1400,6.666666666666668,8.006284559041709e-14,50,50,0.23097428992562205,0.0,-8.300366990954267e-10,-1.0375458738692828e-08,False,0.01931732700018074,0.017766236999705143,0.0015510900004755968,0,0,0,0,0,,,0.0,0.0,0.0,0.0,9.895833333333337,,,,,perturbed_saddle,2102.0,,,,,,,,quartic,0.00024335294033040578,6.666666666666667,8.881784197001252e-16,0.01,0.009999999999999985,False,,,,,
perturbed_quartic_n50_p0.8_eps1e-02_seed2102,exact_quartic_n50_p0.8,DIRL2,converged,50,50,0.8,0.1,6.666670664371118,263,6.666666666666667,8.688230139612619e-14,50,50,0.23097428992562205,0.0,-8.709393345407435e-10,-1.0886741681759166e-08,False,0.00563213899999937,0.003726970000570873,0.001905168999428497,0,0,0,0,0,,,0.0,0.0,0.0,0.0,9.895833333333337,,,,,perturbed_saddle,2102.0,,,,,,,,quartic,0.0002492768046472833,6.666666666666667,0.0,0.01,0.009999999999999985,False,,,,,
perturbed_quartic_n50_p0.8_eps1e-02_seed2102,exact_quartic_n50_p0.8,4V-FB,converged,50,50,0.8,0.1,6.666670664371118,56,6.656450856262716,3.167105884386442e-12,49,49,0.23097428992562205,0.0,0.04851935560116603,0.6064919450145753,True,0.006701719000147932,0.006505758999992395,0.00019596000015553727,6,5,1,1,15,49.166666666666664,50.0,0.0003892400004588126,6.122999980107124e-05,0.0005525600001874409,0.08245048772937866,9.895833333333337,4.2437704844539815e-11,8.841188509279128e-13,0.23097428992562205,15.42314378819947,perturbed_saddle,2102.0,,,,,,,,quartic,1.3349128574734754,6.666666666666667,-0.010215810403950698,0.01,0.009999999999999985,True,,,,,
perturbed_quartic_n50_p0.8_eps1e-02_seed2103,exact_quartic_n50_p0.8,FB,converged,50,50,0.8,0.1,6.666670646688562,8,6.666666666666667,1.9976335255098065e-12,50,50,0.23097428992562205,0.0,-7.078549399408551e-09,-8.848186749259292e-08,False,0.0009991799997806083,0.0008190899998226087,0.00018008999995799968,0,0,0,0,0,,,0.0,0.0,0.0,0.0,9.895833333333337,,,,,perturbed_saddle,2103.0,,,,,,,,quartic,0.000710656885702305,6.666666666666667,0.0,0.01,0.009999999999999988,False,,,,,
perturbed_quartic_n50_p0.8_eps1e-02_seed2103,exact_quartic_n50_p0.8,DIRL1,converged,50,50,0.8,0.1,6.666670646688562,1400,6.666666666666667,1.855163595837088e-12,50,50,0.23097428992562205,0.0,-6.7500974497425315e-09,-8.43762181217816e-08,False,0.019286617000034312,0.01773249699954249,0.001554120000491821,0,0,0,0,0,,,0.0,0.0,0.0,0.0,9.895833333333337,,,,,perturbed_saddle,2103.0,,,,,,,,quartic,0.0006939735077604274,6.666666666666667,0.0,0.01,0.009999999999999988,False,,,,,
perturbed_quartic_n50_p0.8_eps1e-02_seed2103,exact_quartic_n50_p0.8,DIRL2,converged,50,50,0.8,0.1,6.666670646688562,300,6.666666666666668,1.993310562798e-12,50,50,0.23097428992562205,0.0,-7.081061906971664e-09,-8.851327383714575e-08,False,0.004661420000047656,0.004184710000345149,0.00047670999970250705,0,0,0,0,0,,,0.0,0.0,0.0,0.0,9.895833333333337,,,,,perturbed_saddle,2103.0,,,,,,,,quartic,0.0007107830510724683,6.666666666666667,8.881784197001252e-16,0.01,0.009999999999999988,False,,,,,
perturbed_quartic_n50_p0.8_eps1e-02_seed2103,exact_quartic_n50_p0.8,4V-FB,converged,50,50,0.8,0.1,6.666670646688562,56,6.656450856262715,3.1568965072109135e-12,49,49,0.23097428992562205,0.0,0.04851935560116696,0.6064919450145868,True,0.006743298999708713,0.006550108999817894,0.0001931899998908193,6,5,1,1,15,49.166666666666664,50.0,0.0003950300003907614,6.256000006032991e-05,0.0005611200003841077,0.0832114963919509,9.895833333333337,4.2437705293694636e-11,8.841188602853049e-13,0.23097428992562205,15.423143782451042,perturbed_saddle,2103.0,,,,,,,,quartic,1.334912857473604,6.666666666666667,-0.010215810403951586,0.01,0.009999999999999988,True,,,,,
perturbed_quartic_n50_p0.8_eps1e-02_seed2104,exact_quartic_n50_p0.8,FB,max_iter,50,50,0.8,0.1,6.666670569743606,10000,6.666666666666661,2.0992201691182472e-11,50,50,0.23097428992562205,0.0,-3.402156933604572e-08,-4.252696167005714e-07,False,0.9558032700001604,0.955604429999994,0.00019884000016645587,0,0,0,0,0,,,0.0,0.0,0.0,0.0,9.895833333333337,,,,,perturbed_saddle,2104.0,,,,,,,,quartic,0.0015579900822011198,6.666666666666667,-6.217248937900877e-15,0.01,0.009999999999999985,False,,,,,
perturbed_quartic_n50_p0.8_eps1e-02_seed2104,exact_quartic_n50_p0.8,DIRL1,max_iter,50,50,0.8,0.1,6.666670569743606,10000,6.666666666666661,1.948220947801364e-11,50,50,0.23097428992562205,0.0,-3.236989361277143e-08,-4.046236701596427e-07,False,0.13696821999974418,0.12713081999959286,0.00983740000015132,0,0,0,0,0,,,0.0,0.0,0.0,0.0,9.895833333333337,,,,,perturbed_saddle,2104.0,,,,,,,,quartic,0.0015197011047383285,6.666666666666667,-6.217248937900877e-15,0.01,0.009999999999999985,False,,,,,
perturbed_quartic_n50_p0.8_eps1e-02_seed2104,exact_quartic_n50_p0.8,DIRL2,max_iter,50,50,0.8,0.1,6.666670569743606,10000,6.666666666666661,2.092463991545359e-11,50,50,0.23097428992562205,0.0,-3.39485417416574e-08,-4.243567717707173e-07,False,0.14995572800035006,0.14009175000092,0.009863977999430062,0,0,0,0,0,,,0.0,0.0,0.0,0.0,9.895833333333337,,,,,perturbed_saddle,2104.0,,,,,,,,quartic,0.001556317125959824,6.666666666666667,-6.217248937900877e-15,0.01,0.009999999999999985,False,,,,,
perturbed_quartic_n50_p0.8_eps1e-02_seed2104,exact_quartic_n50_p0.8,4V-FB,converged,50,50,0.8,0.1,6.666670569743606,56,6.656450856262715,3.138025988080358e-12,49,49,0.23097428992562205,0.0,0.04851935560116867,0.6064919450146082,True,0.0067793690000144124,0.006571788999963246,0.00020758000005116628,6,5,1,1,15,49.166666666666664,50.0,0.00041166000028169947,6.219000010787568e-05,0.0005848000002970366,0.0862617155513726,9.895833333333337,4.243770724817437e-11,8.841189010036328e-13,0.23097428992562205,15.423143757436984,perturbed_saddle,2104.0,,,,,,,,quartic,1.3349128574738427,6.666666666666667,-0.010215810403951586,0.01,0.009999999999999985,True,,,,,
perturbed_quartic_n50_p0.8_eps1e-02_seed2105,exact_quartic_n50_p0.8,FB,converged,50,50,0.8,0.1,6.666670631338254,8,6.666666666666666,4.6124913775897695e-12,50,50,0.23097428992562205,0.0,-1.2383944706512162e-08,-1.5479930883138228e-07,False,0.0009901900000386377,0.0008104700000330922,0.00017972000000554544,0,0,0,0,0,,,0.0,0.0,0.0,0.0,9.895833333333337,,,,,perturbed_saddle,2105.0,,,,,,,,quartic,0.0009399771931897417,6.666666666666667,-8.881784197001252e-16,0.01,0.009999999999999978,False,,,,,
perturbed_quartic_n50_p0.8_eps1e-02_seed2105,exact_quartic_n50_p0.8,DIRL1,converged,50,50,0.8,0.1,6.666670631338254,1400,6.666666666666666,4.291203941473572e-12,50,50,0.23097428992562205,0.0,-1.1805945440007681e-08,-1.4757431800009594e-07,False,0.019423256999971272,0.01786482799980149,0.001558429000169781,0,0,0,0,0,,,0.0,0.0,0.0,0.0,9.895833333333337,,,,,perturbed_saddle,2105.0,,,,,,,,quartic,0.000917779159069318,6.666666666666667,-8.881784197001252e-16,0.01,0.009999999999999978,False,,,,,
perturbed_quartic_n50_p0.8_eps1e-02_seed2105,exact_quartic_n50_p0.8,DIRL2,converged,50,50,0.8,0.1,6.666670631338254,300,6.666666666666667,4.605482319681009e-12,50,50,0.23097428992562205,0.0,-1.2375549154897136e-08,-1.5469436443621413e-07,False,0.004674450000038632,0.004199359999802255,0.0004750900002363778,0,0,0,0,0,,,0.0,0.0,0.0,0.0,9.895833333333337,,,,,perturbed_saddle,2105.0,,,,,,,,quartic,0.0009396584900157522,6.666666666666667,0.0,0.01,0.009999999999999978,False,,,,,
perturbed_quartic_n50_p0.8_eps1e-02_seed2105,exact_quartic_n50_p0.8,4V-FB,converged,50,50,0.8,0.1,6.666670631338254,56,6.656450856262715,3.1517805995274202e-12,49,49,0.23097428992562205,0.0,0.04851935560116742,0.6064919450145927,True,0.006713260000196897,0.006520180000052278,0.00019308000014461868,6,5,1,1,15,49.166666666666664,50.0,0.0003889899999194313,6.069000028219307e-05,0.000551959999711471,0.08221936878584805,9.895833333333337,4.243770568360797e-11,8.841188684084993e-13,0.23097428992562205,15.423143777460806,perturbed_saddle,2105.0,,,,,,,,quartic,1.3349128574736686,6.666666666666667,-0.010215810403951586,0.01,0.009999999999999978,True,,,,,
perturbed_quartic_n50_p0.8_eps1e-03_seed2101,exact_quartic_n50_p0.8,FB,converged,50,50,0.8,0.1,6.6666667045748635,7,6.666666666666667,2.505345463112391e-13,50,50,0.23097428992562205,0.0,-7.330454021570176e-10,-9.16306752696097e-09,False,0.0008897100001377112,0.0007107700000688055,0.00017894000006890565,0,0,0,0,0,,,0.0,0.0,0.0,0.0,9.895833333333337,,,,,perturbed_saddle,2101.0,,,,,,,,quartic,0.0002286930296355455,6.666666666666667,0.0,0.001,0.0010000000000000232,False,,,,,
perturbed_quartic_n50_p0.8_eps1e-03_seed2101,exact_quartic_n50_p0.8,DIRL1,converged,50,50,0.8,0.1,6.6666667045748635,1400,6.666666666666668,6.184353554348605e-14,50,50,0.23097428992562205,0.0,-6.989328664441796e-10,-8.73666083055224e-09,False,0.019346136999956798,0.017799897000486453,0.0015462399994703446,0,0,0,0,0,,,0.0,0.0,0.0,0.0,9.895833333333337,,,,,perturbed_saddle,2101.0,,,,,,,,quartic,0.00022330872154909025,6.666666666666667,8.881784197001252e-16,0.001,0.0010000000000000232,False,,,,,
perturbed_quartic_n50_p0.8_eps1e-03_seed2101,exact_quartic_n50_p0.8,DIRL2,converged,50,50,0.8,0.1,6.6666667045748635,263,6.666666666666668,6.636514343909406e-14,50,50,0.23097428992562205,0.0,-7.329758119900553e-10,-9.16219764987568e-09,False,0.008121978999952262,0.0037425490013447416,0.00437942999860752,0,0,0,0,0,,,0.0,0.0,0.0,0.0,9.895833333333337,,,,,perturbed_saddle,2101.0,,,,,,,,quartic,0.00022868241659823198,6.666666666666667,8.881784197001252e-16,0.001,0.0010000000000000232,False,,,,,
perturbed_quartic_n50_p0.8_eps1e-03_seed2101,exact_quartic_n50_p0.8,4V-FB,converged,50,50,0.8,0.1,6.6666667045748635,55,6.656450856262715,3.167532210026743e-12,49,49,0.23097428992562205,0.0,0.04851935560116599,0.6064919450145748,True,0.0066316089998963434,0.006439299000021492,0.0001923099998748512,6,5,1,1,15,49.166666666666664,50.0,0.0003996099999312719,6.0540000049513765e-05,0.0005637399997340253,0.0850080274248432,9.895833333333337,4.2437805427516264e-11,8.841209464065888e-13,0.23097428992562205,15.423142500907725,perturbed_saddle,2101.0,,,,,,,,quartic,1.3349128574734697,6.666666666666667,-0.010215810403951586,0.001,0.0010000000000000232,True,,,,,
perturbed_quartic_n50_p0.8_eps1e-03_seed2102,exact_quartic_n50_p0.8,FB,converged,50,50,0.8,0.1,6.666666706642017,7,6.666666666666666,2.4813787382443436e-13,50,50,0.23097428992562205,0.0,-8.706098342248225e-12,-1.0882622927807826e-10,False,0.0008941700002651487,0.0007139000001643581,0.00018027000010079064,0,0,0,0,0,,,0.0,0.0,0.0,0.0,9.895833333333337,,,,,perturbed_saddle,2102.0,,,,,,,,quartic,2.4919172373179718e-05,6.666666666666667,-8.881784197001252e-16,0.001,0.0009999999999999814,False,,,,,
perturbed_quartic_n50_p0.8_eps1e-03_seed2102,exact_quartic_n50_p0.8,DIRL1,converged,50,50,0.8,0.1,6.666666706642017,1368,6.666666666666666,2.1985134381960195e-15,50,50,0.23097428992562205,0.0,-8.298479958757099e-12,-1.0373099948446365e-10,False,0.04624242299996695,0.018009907998703056,0.02823251500126389,0,0,0,0,0,,,0.0,0.0,0.0,0.0,9.895833333333337,,,,,perturbed_saddle,2102.0,,,,,,,,quartic,2.4332581104397247e-05,6.666666666666667,-8.881784197001252e-16,0.001,0.0009999999999999814,False,,,,,
perturbed_quartic_n50_p0.8_eps1e-03_seed2102,exact_quartic_n50_p0.8,DIRL2,converged,50,50,0.8,0.1,6.666666706642017,263,6.666666666666668,1.5767520199090495e-15,50,50,0.23097428992562205,0.0,-8.702930737181092e-12,-1.0878663421476349e-10,False,0.00841494899987083,0.0037425190012072562,0.004672429998663574,0,0,0,0,0,,,0.0,0.0,0.0,0.0,9.895833333333337,,,,,perturbed_saddle,2102.0,,,,,,,,quartic,2.4918434844699017e-05,6.666666666666667,8.881784197001252e-16,0.001,0.0009999999999999814,False,,,,,
perturbed_quartic_n50_p0.8_eps1e-03_seed2102,exact_quartic_n50_p0.8,4V-FB,converged,50,50,0.8,0.1,6.666666706642017,55,6.656450856262715,3.1719525337709307e-12,49,49,0.23097428992562205,0.0,0.04851935560116558,0.6064919450145697,True,0.006667188999927021,0.006469578999940495,0.0001976099999865255,6,5,1,1,15,49.166666666666664,50.0,0.0003912800002581207,6.1009999853922636e-05,0.0005550000000766886,0.08324347788592218,9.895833333333337,4.243780537500832e-11,8.841209453126733e-13,0.23097428992562205,15.423142501579736,perturbed_saddle,2102.0,,,,,,,,quartic,1.3349128574734137,6.666666666666667,-0.010215810403951586,0.001,0.0009999999999999814,True,,,,,
perturbed_quartic_n50_p0.8_eps1e-03_seed2103,exact_quartic_n50_p0.8,FB,converged,50,50,0.8,0.1,6.666666706464881,7,6.666666666666666,2.475474544150477e-13,50,50,0.23097428992562205,0.0,-7.078645655744786e-11,-8.848307069678632e-10,False,0.0008965790000274865,0.0007172789999003726,0.0001793000001271139,0,0,0,0,0,,,0.0,0.0,0.0,0.0,9.895833333333337,,,,,perturbed_saddle,2103.0,,,,,,,,quartic,7.106538078277812e-05,6.666666666666667,-8.881784197001252e-16,0.001,0.0009999999999999454,False,,,,,
perturbed_quartic_n50_p0.8_eps1e-03_seed2103,exact_quartic_n50_p0.8,DIRL1,converged,50,50,0.8,0.1,6.666666706464881,1368,6.666666666666667,2.8678782850403107e-15,50,50,0.23097428992562205,0.0,-6.749090522562007e-11,-8.436363153202501e-10,False,0.04647348400021656,0.018147887997884027,0.02832559600233253,0,0,0,0,0,,,0.0,0.0,0.0,0.0,9.895833333333337,,,,,perturbed_saddle,2103.0,,,,,,,,quartic,6.939221066374115e-05,6.666666666666667,0.0,0.001,0.0009999999999999454,False,,,,,
perturbed_quartic_n50_p0.8_eps1e-03_seed2103,exact_quartic_n50_p0.8,DIRL2,converged,50,50,0.8,0.1,6.666666706464881,263,6.666666666666668,2.5272367451971026e-15,50,50,0.23097428992562205,0.0,-7.077841090996628e-11,-8.847301363745771e-10,False,0.008433038000021043,0.0037409789997582266,0.004692059000262816,0,0,0,0,0,,,0.0,0.0,0.0,0.0,9.895833333333337,,,,,perturbed_saddle,2103.0,,,,,,,,quartic,7.106215852582981e-05,6.666666666666667,8.881784197001252e-16,0.001,0.0009999999999999454,False,,,,,
perturbed_quartic_n50_p0.8_eps1e-03_seed2103,exact_quartic_n50_p0.8,4V-FB,converged,50,50,0.8,0.1,6.666666706464881,55,6.656450856262715,3.170965253340754e-12,49,49,0.23097428992562205,0.0,0.04851935560116567,0.6064919450145708,True,0.006630799000049592,0.006426338999972359,0.00020446000007723342,6,5,1,1,15,49.166666666666664,50.0,0.0003935199997613381,6.161000010251882e-05,0.0005592899997282075,0.08434730109056608,9.895833333333337,4.2437805379507755e-11,8.841209454064115e-13,0.23097428992562205,15.42314250152215,perturbed_saddle,2103.0,,,,,,,,quartic,1.3349128574734257,6.666666666666667,-0.010215810403951586,0.001,0.0009999999999999454,True,,,,,
perturbed_quartic_n50_p0.8_eps1e-03_seed2104,exact_quartic_n50_p0.8,FB,converged,50,50,0.8,0.1,6.666666705698234,7,6.666666666666666,2.4602580655099107e-13,50,50,0.23097428992562205,0.0,-3.3930923348801656e-10,-4.241365418599408e-09,False,0.0008952700000008917,0.0007163400000536058,0.00017892999994728598,0,0,0,0,0,,,0.0,0.0,0.0,0.0,9.895833333333337,,,,,perturbed_saddle,2104.0,,,,,,,,quartic,0.00015559117342133042,6.666666666666667,-8.881784197001252e-16,0.001,0.001000000000000069,False,,,,,
perturbed_quartic_n50_p0.8_eps1e-03_seed2104,exact_quartic_n50_p0.8,DIRL1,converged,50,50,0.8,0.1,6.666666705698234,1368,6.666666666666667,1.9631484713541118e-14,50,50,0.23097428992562205,0.0,-3.235178409888295e-10,-4.043973012360366e-09,False,0.04579652300026282,0.017954318001557112,0.02784220499870571,0,0,0,0,0,,,0.0,0.0,0.0,0.0,9.895833333333337,,,,,perturbed_saddle,2104.0,,,,,,,,quartic,0.00015192774677877136,6.666666666666667,0.0,0.001,0.001000000000000069,False,,,,,
perturbed_quartic_n50_p0.8_eps1e-03_seed2104,exact_quartic_n50_p0.8,DIRL2,converged,50,50,0.8,0.1,6.666666705698234,263,6.666666666666667,2.0975527118152548e-14,50,50,0.23097428992562205,0.0,-3.3927389370136396e-10,-4.2409236712670445e-09,False,0.008436978999725397,0.0037646300002052158,0.004672348999520182,0,0,0,0,0,,,0.0,0.0,0.0,0.0,9.895833333333337,,,,,perturbed_saddle,2104.0,,,,,,,,quartic,0.0001555833716749204,6.666666666666667,0.0,0.001,0.001000000000000069,False,,,,,
perturbed_quartic_n50_p0.8_eps1e-03_seed2104,exact_quartic_n50_p0.8,4V-FB,converged,50,50,0.8,0.1,6.666666705698234,55,6.656450856262716,3.169125321629974e-12,49,49,0.23097428992562205,0.0,0.04851935560116584,0.6064919450145729,True,0.006618678999984695,0.006425938999882419,0.0001927400001022761,6,5,1,1,15,49.166666666666664,50.0,0.0003982700000051409,6.244999985938193e-05,0.0005640199999561446,0.08521640042634623,9.895833333333337,4.243780539898144e-11,8.841209458121133e-13,0.23097428992562205,15.42314250127292,perturbed_saddle,2104.0,,,,,,,,quartic,1.3349128574734492,6.666666666666667,-0.010215810403950698,0.001,0.001000000000000069,True,,,,,
perturbed_quartic_n50_p0.8_eps1e-03_seed2105,exact_quartic_n50_p0.8,FB,converged,50,50,0.8,0.1,6.666666706313256,7,6.666666666666668,2.471395192969789e-13,50,50,0.23097428992562205,0.0,-1.2383863726150857e-10,-1.5479829657685254e-09,False,0.0008947399996941385,0.000715389999868421,0.00017934999982571753,0,0,0,0,0,,,0.0,0.0,0.0,0.0,9.895833333333337,,,,,perturbed_saddle,2105.0,,,,,,,,quartic,9.39981054594928e-05,6.666666666666667,8.881784197001252e-16,0.001,0.0009999999999999755,False,,,,,
perturbed_quartic_n50_p0.8_eps1e-03_seed2105,exact_quartic_n50_p0.8,DIRL1,converged,50,50,0.8,0.1,6.666666706313256,1368,6.666666666666666,4.820087077686251e-15,50,50,0.23097428992562205,0.0,-1.1807409217023945e-10,-1.475926152127992e-09,False,0.046230422999997245,0.017940316999784045,0.0282901060002132,0,0,0,0,0,,,0.0,0.0,0.0,0.0,9.895833333333337,,,,,perturbed_saddle,2105.0,,,,,,,,quartic,9.178365447204855e-05,6.666666666666667,-8.881784197001252e-16,0.001,0.0009999999999999755,False,,,,,
perturbed_quartic_n50_p0.8_eps1e-03_seed2105,exact_quartic_n50_p0.8,DIRL2,converged,50,50,0.8,0.1,6.666666706313256,263,6.666666666666668,4.880216415667145e-15,50,50,0.23097428992562205,0.0,-1.238163287176075e-10,-1.5477041089700915e-09,False,0.008499027999960163,0.0038057489998664096,0.004693279000093753,0,0,0,0,0,,,0.0,0.0,0.0,0.0,9.895833333333337,,,,,perturbed_saddle,2105.0,,,,,,,,quartic,9.398898382632253e-05,6.666666666666667,8.881784197001252e-16,0.001,0.0009999999999999755,False,,,,,
perturbed_quartic_n50_p0.8_eps1e-03_seed2105,exact_quartic_n50_p0.8,4V-FB,converged,50,50,0.8,0.1,6.666666706313256,55,6.656450856262716,3.170494051317261e-12,49,49,0.23097428992562205,0.0,0.04851935560116572,0.6064919450145714,True,0.006648960000120496,0.00645635000000766,0.00019261000011283613,6,5,1,1,15,49.166666666666664,50.0,0.000387489999866375,6.067000003895373e-05,0.0005488399997375382,0.08254524011688923,9.895833333333337,4.2437805383359204e-11,8.841209454866501e-13,0.23097428992562205,15.42314250147286,perturbed_saddle,2105.0,,,,,,,,quartic,1.3349128574734324,6.666666666666667,-0.010215810403950698,0.001,0.0009999999999999755,True,,,,,
perturbed_quartic_n50_p0.8_eps1e-04_seed2101,exact_quartic_n50_p0.8,FB,converged,50,50,0.8,0.1,6.666666667045748,6,6.666666666666668,4.066718668562368e-13,50,50,0.23097428992562205,0.0,-7.333019608202207e-12,-9.166274510249812e-11,False,0.000799449999931312,0.0006203099999311235,0.0001791400000001886,0,0,0,0,0,,,0.0,0.0,0.0,0.0,9.895833333333337,,,,,perturbed_saddle,2101.0,,,,,,,,quartic,2.2869293528830254e-05,6.666666666666667,8.881784197001252e-16,0.0001,0.00010000000000003058,False,,,,,
perturbed_quartic_n50_p0.8_eps1e-04_seed2101,exact_quartic_n50_p0.8,DIRL1,converged,50,50,0.8,0.1,6.666666667045748,1368,6.666666666666665,2.2000014726609903e-15,50,50,0.23097428992562205,0.0,-6.9891904763697e-12,-8.736488095462117e-11,False,0.04641036299994994,0.01798444800033394,0.028425914999615998,0,0,0,0,0,,,0.0,0.0,0.0,0.0,9.895833333333337,,,,,perturbed_saddle,2101.0,,,,,,,,quartic,2.233071304112265e-05,6.666666666666667,-1.7763568394002505e-15,0.0001,0.00010000000000003058,False,,,,,
perturbed_quartic_n50_p0.8_eps1e-04_seed2101,exact_quartic_n50_p0.8,DIRL2,converged,50,50,0.8,0.1,6.666666667045748,263,6.666666666666668,1.2597401104685613e-15,50,50,0.23097428992562205,0.0,-7.329421791713031e-12,-9.161777239641284e-11,False,0.009423168999774134,0.0037811299996519665,0.005642039000122168,0,0,0,0,0,,,0.0,0.0,0.0,0.0,9.895833333333337,,,,,perturbed_saddle,2101.0,,,,,,,,quartic,2.286774570318652e-05,6.666666666666667,8.881784197001252e-16,0.0001,0.00010000000000003058,False,,,,,
perturbed_quartic_n50_p0.8_eps1e-04_seed2101,exact_quartic_n50_p0.8,4V-FB,converged,50,50,0.8,0.1,6.666666667045748,54,6.656450856262715,3.1720422865373108e-12,49,49,0.23097428992562205,0.0,0.048519355601165576,0.6064919450145696,True,0.006507979000161868,0.0063150490000225545,0.00019293000013931305,6,5,1,1,15,49.166666666666664,50.0,0.000390079999988302,6.075999999666237e-05,0.0005530099997486104,0.08497415245729217,9.895833333333337,4.243780638079656e-11,8.84120966266595e-13,0.23097428992562205,15.423142488707365,perturbed_saddle,2101.0,,,,,,,,quartic,1.3349128574734124,6.666666666666667,-0.010215810403951586,0.0001,0.00010000000000003058,True,,,,,
perturbed_quartic_n50_p0.8_eps1e-04_seed2102,exact_quartic_n50_p0.8,FB,converged,50,50,0.8,0.1,6.666666667066419,6,6.666666666666668,4.176498337505369e-13,50,50,0.23097428992562205,0.0,-9.146849944130508e-14,-1.1433562430158792e-12,False,0.0007966299997406168,0.0006176899998990848,0.00017893999984153197,0,0,0,0,0,,,0.0,0.0,0.0,0.0,9.895833333333337,,,,,perturbed_saddle,2102.0,,,,,,,,quartic,2.4919155601278795e-06,6.666666666666667,8.881784197001252e-16,0.0001,9.999999999994842e-05,False,,,,,
perturbed_quartic_n50_p0.8_eps1e-04_seed2102,exact_quartic_n50_p0.8,DIRL1,converged,50,50,0.8,0.1,6.666666667066419,1368,6.666666666666666,2.2122964619676943e-15,50,50,0.23097428992562205,0.0,-8.293712938645115e-14,-1.0367141173306383e-12,False,0.046360023000033834,0.01811495699803345,0.028245066002000385,0,0,0,0,0,,,0.0,0.0,0.0,0.0,9.895833333333337,,,,,perturbed_saddle,2102.0,,,,,,,,quartic,2.433231187674528e-06,6.666666666666667,-8.881784197001252e-16,0.0001,9.999999999994842e-05,False,,,,,
perturbed_quartic_n50_p0.8_eps1e-04_seed2102,exact_quartic_n50_p0.8,DIRL2,converged,50,50,0.8,0.1,6.666666667066419,263,6.666666666666668,1.260738873893879e-15,50,50,0.23097428992562205,0.0,-8.700332121414078e-14,-1.0875415151767592e-12,False,0.009523127999727876,0.003785908999361709,0.005737219000366167,0,0,0,0,0,,,0.0,0.0,0.0,0.0,9.895833333333337,,,,,perturbed_saddle,2102.0,,,,,,,,quartic,2.4917511048715915e-06,6.666666666666667,8.881784197001252e-16,0.0001,9.999999999994842e-05,False,,,,,
perturbed_quartic_n50_p0.8_eps1e-04_seed2102,exact_quartic_n50_p0.8,4V-FB,converged,50,50,0.8,0.1,6.666666667066419,54,6.656450856262716,3.172468612177615e-12,49,49,0.23097428992562205,0.0,0.048519355601165534,0.606491945014569,True,0.00653054899999006,0.006339039000067714,0.00019150999992234574,6,5,1,1,15,49.166666666666664,50.0,0.00039154000023700064,6.179999968480843e-05,0.0005570099999658851,0.08529298225413098,9.895833333333337,4.24378063802715e-11,8.841209662556563e-13,0.23097428992562205,15.423142488714085,perturbed_saddle,2102.0,,,,,,,,quartic,1.334912857473407,6.666666666666667,-0.010215810403950698,0.0001,9.999999999994842e-05,True,,,,,
perturbed_quartic_n50_p0.8_eps1e-04_seed2103,exact_quartic_n50_p0.8,FB,converged,50,50,0.8,0.1,6.666666667064647,6,6.666666666666668,4.1665454763734967e-13,50,50,0.23097428992562205,0.0,-7.10556613547908e-13,-8.881957669344876e-12,False,0.000797239999883459,0.0006185099998674559,0.00017873000001600303,0,0,0,0,0,,,0.0,0.0,0.0,0.0,9.895833333333337,,,,,perturbed_saddle,2103.0,,,,,,,,quartic,7.10653514411952e-06,6.666666666666667,8.881784197001252e-16,0.0001,0.00010000000000002673,False,,,,,
perturbed_quartic_n50_p0.8_eps1e-04_seed2103,exact_quartic_n50_p0.8,DIRL1,converged,50,50,0.8,0.1,6.666666667064647,1368,6.666666666666666,2.213803660112616e-15,50,50,0.23097428992562205,0.0,-6.748594738592573e-13,-8.435743423240708e-12,False,0.046145602999786206,0.017924797999739894,0.028220805000046312,0,0,0,0,0,,,0.0,0.0,0.0,0.0,9.895833333333337,,,,,perturbed_saddle,2103.0,,,,,,,,quartic,6.939173732983842e-06,6.666666666666667,-8.881784197001252e-16,0.0001,0.00010000000000002673,False,,,,,
perturbed_quartic_n50_p0.8_eps1e-04_seed2103,exact_quartic_n50_p0.8,DIRL2,converged,50,50,0.8,0.1,6.666666667064647,263,6.666666666666667,1.2709309465670445e-15,50,50,0.23097428992562205,0.0,-7.077255448351139e-13,-8.846569310438918e-12,False,0.009492759000067963,0.003770599000290531,0.005722159999777432,0,0,0,0,0,,,0.0,0.0,0.0,0.0,9.895833333333337,,,,,perturbed_saddle,2103.0,,,,,,,,quartic,7.106054950102161e-06,6.666666666666667,0.0,0.0001,0.00010000000000002673,False,,,,,
perturbed_quartic_n50_p0.8_eps1e-04_seed2103,exact_quartic_n50_p0.8,4V-FB,converged,50,50,0.8,0.1,6.666666667064647,54,6.656450856262715,3.172378859411235e-12,49,49,0.23097428992562205,0.0,0.04851935560116555,0.6064919450145693,True,0.00651764899976115,0.006320438999864564,0.00019720999989658594,6,5,1,1,15,49.166666666666664,50.0,0.00039569000023220724,6.204999954206869e-05,0.0005613000000721513,0.0861200104658476,9.895833333333337,4.243780638031652e-11,8.841209662565941e-13,0.23097428992562205,15.42314248871351,perturbed_saddle,2103.0,,,,,,,,quartic,1.3349128574734082,6.666666666666667,-0.010215810403951586,0.0001,0.00010000000000002673,True,,,,,
perturbed_quartic_n50_p0.8_eps1e-04_seed2104,exact_quartic_n50_p0.8,FB,converged,50,50,0.8,0.1,6.666666667056983,6,6.666666666666667,4.12708465715432e-13,50,50,0.23097428992562205,0.0,-3.395266706673894e-12,-4.2440833833410213e-11,False,0.0007982199997513817,0.0006195599999045953,0.00017865999984678638,0,0,0,0,0,,,0.0,0.0,0.0,0.0,9.895833333333337,,,,,perturbed_saddle,2104.0,,,,,,,,quartic,1.5559112052201764e-05,6.666666666666667,0.0,0.0001,9.999999999996375e-05,False,,,,,
perturbed_quartic_n50_p0.8_eps1e-04_seed2104,exact_quartic_n50_p0.8,DIRL1,converged,50,50,0.8,0.1,6.666666667056983,1368,6.666666666666666,2.2058294526989005e-15,50,50,0.23097428992562205,0.0,-3.2350962186900034e-12,-4.0438702733625004e-11,False,0.04624558400018941,0.017951096999468064,0.028294487000721347,0,0,0,0,0,,,0.0,0.0,0.0,0.0,9.895833333333337,,,,,perturbed_saddle,2104.0,,,,,,,,quartic,1.5192687459891042e-05,6.666666666666667,-8.881784197001252e-16,0.0001,9.999999999996375e-05,False,,,,,
perturbed_quartic_n50_p0.8_eps1e-04_seed2104,exact_quartic_n50_p0.8,DIRL2,converged,50,50,0.8,0.1,6.666666667056983,263,6.666666666666667,1.2637304280655727e-15,50,50,0.23097428992562205,0.0,-3.3925952325208897e-12,-4.2407440406511095e-11,False,0.009560487999806355,0.003807897999877241,0.005752589999929114,0,0,0,0,0,,,0.0,0.0,0.0,0.0,9.895833333333337,,,,,perturbed_saddle,2104.0,,,,,,,,quartic,1.5558053220078558e-05,6.666666666666667,0.0,0.0001,9.999999999996375e-05,False,,,,,
perturbed_quartic_n50_p0.8_eps1e-04_seed2104,exact_quartic_n50_p0.8,4V-FB,converged,50,50,0.8,0.1,6.666666667056983,54,6.656450856262715,3.1722217920700705e-12,49,49,0.23097428992562205,0.0,0.04851935560116556,0.6064919450145694,True,0.0065199090001897275,0.006328439000071739,0.0001914700001179881,6,5,1,1,15,49.166666666666664,50.0,0.00039083999968170247,6.119999989095959e-05,0.0005537600004572596,0.0849337008294357,9.895833333333337,4.2437806380511183e-11,8.841209662606497e-13,0.23097428992562205,15.423142488711017,perturbed_saddle,2104.0,,,,,,,,quartic,1.3349128574734106,6.666666666666667,-0.010215810403951586,0.0001,9.999999999996375e-05,True,,,,,
perturbed_quartic_n50_p0.8_eps1e-04_seed2105,exact_quartic_n50_p0.8,FB,converged,50,50,0.8,0.1,6.666666667063132,6,6.666666666666668,4.1587802484231487e-13,50,50,0.23097428992562205,0.0,-1.2354631206967781e-12,-1.5443289008704153e-11,False,0.0007986500002061803,0.0006198200001108489,0.00017883000009533134,0,0,0,0,0,,,0.0,0.0,0.0,0.0,9.895833333333337,,,,,perturbed_saddle,2105.0,,,,,,,,quartic,9.399814740281833e-06,6.666666666666667,8.881784197001252e-16,0.0001,0.00010000000000010548,False,,,,,
perturbed_quartic_n50_p0.8_eps1e-04_seed2105,exact_quartic_n50_p0.8,DIRL1,converged,50,50,0.8,0.1,6.666666667063132,1368,6.666666666666666,2.2094498918317793e-15,50,50,0.23097428992562205,0.0,-1.180718717241902e-12,-1.4758983965523762e-11,False,0.04632713300020441,0.017977915000074063,0.02834921800013035,0,0,0,0,0,,,0.0,0.0,0.0,0.0,9.895833333333337,,,,,perturbed_saddle,2105.0,,,,,,,,quartic,9.178432279280767e-06,6.666666666666667,-8.881784197001252e-16,0.0001,0.00010000000000010548,False,,,,,
perturbed_quartic_n50_p0.8_eps1e-04_seed2105,exact_quartic_n50_p0.8,DIRL2,converged,50,50,0.8,0.1,6.666666667063132,263,6.666666666666668,1.2726628991345527e-15,50,50,0.23097428992562205,0.0,-1.2382039837888215e-12,-1.547754979736026e-11,False,0.00953150899999855,0.0037669700004698825,0.005764538999528668,0,0,0,0,0,,,0.0,0.0,0.0,0.0,9.895833333333337,,,,,perturbed_saddle,2105.0,,,,,,,,quartic,9.39913099202082e-06,6.666666666666667,8.881784197001252e-16,0.0001,0.00010000000000010548,False,,,,,
perturbed_quartic_n50_p0.8_eps1e-04_seed2105,exact_quartic_n50_p0.8,4V-FB,converged,50,50,0.8,0.1,6.666666667063132,54,6.656450856262716,3.1723339830280455e-12,49,49,0.23097428992562205,0.0,0.04851935560116555,0.6064919450145693,True,0.006525668999984191,0.006332659000008789,0.00019300999997540202,6,5,1,1,15,49.166666666666664,50.0,0.00039187999982459587,6.0550000171133433e-05,0.0005544900002405484,0.08497059845387372,9.895833333333337,4.243780638035499e-11,8.841209662573956e-13,0.23097428992562205,15.423142488713017,perturbed_saddle,2105.0,,,,,,,,quartic,1.3349128574734088,6.666666666666667,-0.010215810403950698,0.0001,0.00010000000000010548,True,,,,,
perturbed_quartic_n50_p0.8_eps1e-05_seed2101,exact_quartic_n50_p0.8,FB,converged,50,50,0.8,0.1,6.666666666670459,6,6.666666666666666,4.065861004767807e-14,50,50,0.23097428992562205,0.0,-7.357309206312834e-14,-9.196636507890748e-13,False,0.0008080590002919052,0.0006268890001592808,0.0001811700001326244,0,0,0,0,0,,,0.0,0.0,0.0,0.0,9.895833333333337,,,,,perturbed_saddle,2101.0,,,,,,,,quartic,2.2869292624571044e-06,6.666666666666667,-8.881784197001252e-16,1e-05,1.0000000000038178e-05,False,,,,,
perturbed_quartic_n50_p0.8_eps1e-05_seed2101,exact_quartic_n50_p0.8,DIRL1,converged,50,50,0.8,0.1,6.666666666670459,1368,6.666666666666667,2.2108451691522693e-15,50,50,0.23097428992562205,0.0,-6.983996714282625e-14,-8.729995892853274e-13,False,0.0463599840002189,0.017934218000164037,0.028425766000054864,0,0,0,0,0,,,0.0,0.0,0.0,0.0,9.895833333333337,,,,,perturbed_saddle,2101.0,,,,,,,,quartic,2.2330698376733412e-06,6.666666666666667,0.0,1e-05,1.0000000000038178e-05,False,,,,,
perturbed_quartic_n50_p0.8_eps1e-05_seed2101,exact_quartic_n50_p0.8,DIRL2,converged,50,50,0.8,0.1,6.666666666670459,263,6.666666666666667,1.2593903561426026e-15,50,50,0.23097428992562205,0.0,-7.327125017830838e-14,-9.158906272288543e-13,False,0.009597398000323665,0.0038093390007816197,0.005788058999542045,0,0,0,0,0,,,0.0,0.0,0.0,0.0,9.895833333333337,,,,,perturbed_saddle,2101.0,,,,,,,,quartic,2.286769625504453e-06,6.666666666666667,0.0,1e-05,1.0000000000038178e-05,False,,,,,
perturbed_quartic_n50_p0.8_eps1e-05_seed2101,exact_quartic_n50_p0.8,4V-FB,converged,50,50,0.8,0.1,6.666666666670459,53,6.656450856262716,3.172468612177615e-12,49,49,0.23097428992562205,0.0,0.048519355601165534,0.606491945014569,True,0.006445648999942932,0.006251019000046654,0.0001946299998962786,6,5,1,1,15,49.166666666666664,50.0,0.00039278999975067563,6.156000017654151e-05,0.0005579100002250925,0.08655606289297355,9.895833333333337,4.243780639032931e-11,8.84120966465194e-13,0.23097428992562205,15.423142488585363,perturbed_saddle,2101.0,,,,,,,,quartic,1.3349128574734066,6.666666666666667,-0.010215810403950698,1e-05,1.0000000000038178e-05,True,,,,,
perturbed_quartic_n50_p0.8_eps1e-05_seed2102,exact_quartic_n50_p0.8,FB,converged,50,50,0.8,0.1,6.666666666670665,6,6.666666666666668,4.1737167148436435e-14,50,50,0.23097428992562205,0.0,-1.3253287356462806e-15,-1.6566609195577877e-14,False,0.0007969200000843557,0.0006168700001580874,0.00018004999992626836,0,0,0,0,0,,,0.0,0.0,0.0,0.0,9.895833333333337,,,,,perturbed_saddle,2102.0,,,,,,,,quartic,2.4919153998213274e-07,6.666666666666667,8.881784197001252e-16,1e-05,9.999999999989081e-06,False,,,,,
perturbed_quartic_n50_p0.8_eps1e-05_seed2102,exact_quartic_n50_p0.8,DIRL1,converged,50,50,0.8,0.1,6.666666666670665,1368,6.666666666666667,2.205487056652025e-15,50,50,0.23097428992562205,0.0,-7.806255641895632e-16,-9.757819552369532e-15,False,0.0461323629999697,0.01793150799903742,0.02820085500093228,0,0,0,0,0,,,0.0,0.0,0.0,0.0,9.895833333333337,,,,,perturbed_saddle,2102.0,,,,,,,,quartic,2.433228711560178e-07,6.666666666666667,0.0,1e-05,9.999999999989081e-06,False,,,,,
perturbed_quartic_n50_p0.8_eps1e-05_seed2102,exact_quartic_n50_p0.8,DIRL2,converged,50,50,0.8,0.1,6.666666666670665,263,6.666666666666667,1.2619862166153145e-15,50,50,0.23097428992562205,0.0,-8.430756093247282e-16,-1.0538445116559097e-14,False,0.00950674900013837,0.0037765300000955904,0.00573021900004278,0,0,0,0,0,,,0.0,0.0,0.0,0.0,9.895833333333337,,,,,perturbed_saddle,2102.0,,,,,,,,quartic,2.4917419116661764e-07,6.666666666666667,0.0,1e-05,9.999999999989081e-06,False,,,,,
perturbed_quartic_n50_p0.8_eps1e-05_seed2102,exact_quartic_n50_p0.8,4V-FB,converged,50,50,0.8,0.1,6.666666666670665,53,6.656450856262716,3.172513488560805e-12,49,49,0.23097428992562205,0.0,0.048519355601165534,0.606491945014569,True,0.006407299999864335,0.006214860000000044,0.00019243999986429117,6,5,1,1,15,49.166666666666664,50.0,0.000397949999978664,6.123999969531724e-05,0.0005635100003473781,0.08794812172979406,9.895833333333337,4.2437806390324085e-11,8.841209664650851e-13,0.23097428992562205,15.42314248858543,perturbed_saddle,2102.0,,,,,,,,quartic,1.3349128574734064,6.666666666666667,-0.010215810403950698,1e-05,9.999999999989081e-06,True,,,,,
perturbed_quartic_n50_p0.8_eps1e-05_seed2103,exact_quartic_n50_p0.8,FB,converged,50,50,0.8,0.1,6.666666666670647,6,6.666666666666668,4.1649841221061855e-14,50,50,0.23097428992562205,0.0,-7.36216643204557e-15,-9.20270804005655e-14,False,0.0007924999999886495,0.0006035100000190141,0.0001889899999696354,0,0,0,0,0,,,0.0,0.0,0.0,0.0,9.895833333333337,,,,,perturbed_saddle,2103.0,,,,,,,,quartic,7.106534843366924e-07,6.666666666666667,8.881784197001252e-16,1e-05,1.0000000000060525e-05,False,,,,,
perturbed_quartic_n50_p0.8_eps1e-05_seed2103,exact_quartic_n50_p0.8,DIRL1,converged,50,50,0.8,0.1,6.666666666670647,1368,6.666666666666666,2.2167582026671522e-15,50,50,0.23097428992562205,0.0,-6.696032617270475e-15,-8.370040771588087e-14,False,0.04616753399977824,0.017961577997084532,0.02820595600269371,0,0,0,0,0,,,0.0,0.0,0.0,0.0,9.895833333333337,,,,,perturbed_saddle,2103.0,,,,,,,,quartic,6.939168942630564e-07,6.666666666666667,-8.881784197001252e-16,1e-05,1.0000000000060525e-05,False,,,,,
perturbed_quartic_n50_p0.8_eps1e-05_seed2103,exact_quartic_n50_p0.8,DIRL2,converged,50,50,0.8,0.1,6.666666666670647,263,6.666666666666668,1.2692957981780408e-15,50,50,0.23097428992562205,0.0,-7.053385653321698e-15,-8.816732066652117e-14,False,0.009497227999872848,0.003793328999336154,0.005703899000536694,0,0,0,0,0,,,0.0,0.0,0.0,0.0,9.895833333333337,,,,,perturbed_saddle,2103.0,,,,,,,,quartic,7.106038860578414e-07,6.666666666666667,8.881784197001252e-16,1e-05,1.0000000000060525e-05,False,,,,,
perturbed_quartic_n50_p0.8_eps1e-05_seed2103,exact_quartic_n50_p0.8,4V-FB,converged,50,50,0.8,0.1,6.666666666670647,53,6.656450856262716,3.172513488560805e-12,49,49,0.23097428992562205,0.0,0.048519355601165534,0.606491945014569,True,0.00640518900013376,0.00621303900015846,0.00019214999997529958,6,5,1,1,15,49.166666666666664,50.0,0.000387479999972129,6.10700001288933e-05,0.0005499100002452906,0.08585382886185042,9.895833333333337,4.243780639032455e-11,8.841209664650948e-13,0.23097428992562205,15.423142488585423,perturbed_saddle,2103.0,,,,,,,,quartic,1.3349128574734064,6.666666666666667,-0.010215810403950698,1e-05,1.0000000000060525e-05,True,,,,,
perturbed_quartic_n50_p0.8_eps1e-05_seed2104,exact_quartic_n50_p0.8,FB,converged,50,50,0.8,0.1,6.666666666670571,6,6.666666666666668,4.123816103226177e-14,50,50,0.23097428992562205,0.0,-3.415323579503138e-14,-4.2691544743787864e-13,False,0.0007938199998989148,0.0006164399999306625,0.00017737999996825238,0,0,0,0,0,,,0.0,0.0,0.0,0.0,9.895833333333337,,,,,perturbed_saddle,2104.0,,,,,,,,quartic,1.5559111538924931e-06,6.666666666666667,8.881784197001252e-16,1e-05,9.999999999990651e-06,False,,,,,
perturbed_quartic_n50_p0.8_eps1e-05_seed2104,exact_quartic_n50_p0.8,DIRL1,converged,50,50,0.8,0.1,6.666666666670571,1368,6.666666666666666,2.2108451691522693e-15,50,50,0.23097428992562205,0.0,-3.2307490016592055e-14,-4.0384362520740034e-13,False,0.04613892300017142,0.017903276997913053,0.028235646002258363,0,0,0,0,0,,,0.0,0.0,0.0,0.0,9.895833333333337,,,,,perturbed_saddle,2104.0,,,,,,,,quartic,1.5192679337554742e-06,6.666666666666667,-8.881784197001252e-16,1e-05,9.999999999990651e-06,False,,,,,
perturbed_quartic_n50_p0.8_eps1e-05_seed2104,exact_quartic_n50_p0.8,DIRL2,converged,50,50,0.8,0.1,6.666666666670571,263,6.666666666666668,1.263331963471696e-15,50,50,0.23097428992562205,0.0,-3.3899966167538764e-14,-4.237495770942343e-13,False,0.009466718999874502,0.003789479000488427,0.0056772399993860745,0,0,0,0,0,,,0.0,0.0,0.0,0.0,9.895833333333337,,,,,perturbed_saddle,2104.0,,,,,,,,quartic,1.555802490148503e-06,6.666666666666667,8.881784197001252e-16,1e-05,9.999999999990651e-06,False,,,,,
perturbed_quartic_n50_p0.8_eps1e-05_seed2104,exact_quartic_n50_p0.8,4V-FB,converged,50,50,0.8,0.1,6.666666666670571,53,6.656450856262716,3.172513488560805e-12,49,49,0.23097428992562205,0.0,0.048519355601165534,0.606491945014569,True,0.006406668999943577,0.006213398999989295,0.00019326999995428196,6,5,1,1,15,49.166666666666664,50.0,0.00038799000026301655,6.167000015011581e-05,0.0005516600001556071,0.08610714868529427,9.895833333333337,4.2437806390326463e-11,8.841209664651346e-13,0.23097428992562205,15.423142488585398,perturbed_saddle,2104.0,,,,,,,,quartic,1.3349128574734066,6.666666666666667,-0.010215810403950698,1e-05,9.999999999990651e-06,True,,,,,
perturbed_quartic_n50_p0.8_eps1e-05_seed2105,exact_quartic_n50_p0.8,FB,converged,50,50,0.8,0.1,6.666666666670633,6,6.666666666666668,4.160041035509523e-14,50,50,0.23097428992562205,0.0,-1.2094492074510299e-14,-1.5118115093137329e-13,False,0.0007992299999841634,0.0006198900000526919,0.00017933999993147154,0,0,0,0,0,,,0.0,0.0,0.0,0.0,9.895833333333337,,,,,perturbed_saddle,2105.0,,,,,,,,quartic,9.399815163732967e-07,6.666666666666667,8.881784197001252e-16,1e-05,1.0000000000080969e-05,False,,,,,
perturbed_quartic_n50_p0.8_eps1e-05_seed2105,exact_quartic_n50_p0.8,DIRL1,converged,50,50,0.8,0.1,6.666666666670633,1368,6.666666666666666,2.2122964619676943e-15,50,50,0.23097428992562205,0.0,-1.1764894614074706e-14,-1.470611826759337e-13,False,0.04628604399999858,0.01794794800002819,0.028338095999970392,0,0,0,0,0,,,0.0,0.0,0.0,0.0,9.895833333333337,,,,,perturbed_saddle,2105.0,,,,,,,,quartic,9.178439227800695e-07,6.666666666666667,-8.881784197001252e-16,1e-05,1.0000000000080969e-05,False,,,,,
perturbed_quartic_n50_p0.8_eps1e-05_seed2105,exact_quartic_n50_p0.8,DIRL2,converged,50,50,0.8,0.1,6.666666666670633,263,6.666666666666667,1.2619862166153145e-15,50,50,0.23097428992562205,0.0,-1.2358170042858774e-14,-1.544771255357346e-13,False,0.009464998999874297,0.0037598699996124196,0.005705129000261877,0,0,0,0,0,,,0.0,0.0,0.0,0.0,9.895833333333337,,,,,perturbed_saddle,2105.0,,,,,,,,quartic,9.399154287479671e-07,6.666666666666667,0.0,1e-05,1.0000000000080969e-05,False,,,,,
perturbed_quartic_n50_p0.8_eps1e-05_seed2105,exact_quartic_n50_p0.8,4V-FB,converged,50,50,0.8,0.1,6.666666666670633,53,6.656450856262716,3.172513488560805e-12,49,49,0.23097428992562205,0.0,0.048519355601165534,0.606491945014569,True,0.006420849000051021,0.00622677899991686,0.0001940700001341611,6,5,1,1,15,49.166666666666664,50.0,0.0003931099995497789,6.087000019761035e-05,0.000555869999971037,0.08657266351640103,9.895833333333337,4.2437806390324906e-11,8.841209664651022e-13,0.23097428992562205,15.42314248858542,perturbed_saddle,2105.0,,,,,,,,quartic,1.3349128574734064,6.666666666666667,-0.010215810403950698,1e-05,1.0000000000080969e-05,True,,,,,
dirl_sensitivity_reference_seed2101,exact_quartic_n20_p0.5,DIRL1,converged,20,20,0.5,0.1,2.1111111953012576,1400,2.111111111111111,6.361875105380711e-13,20,20,0.2814042998265344,0.0,-4.3738154348327285e-09,-2.186907717416364e-08,False,0.019490368000106173,0.017894248000402513,0.0015961199997036601,0,0,0,0,0,,,0.0,0.0,0.0,0.0,4.222222222222222,,,,,dirl_sensitivity,2101.0,,,,,,,,quartic,0.00039030715343345225,2.111111111111111,0.0,0.001,0.0010000000000000135,False,reference,0.2,1.0,0.9,0.01
dirl_sensitivity_reference_seed2101,exact_quartic_n20_p0.5,DIRL2,converged,20,20,0.5,0.1,2.1111111953012576,300,2.1111111111111107,6.726659577102313e-13,20,20,0.2814042998265344,0.0,-4.5394734499160094e-09,-2.2697367249580047e-08,False,0.004698738999877605,0.004242338999574713,0.0004564000003028923,0,0,0,0,0,,,0.0,0.0,0.0,0.0,4.222222222222222,,,,,dirl_sensitivity,2101.0,,,,,,,,quartic,0.000397629890273052,2.111111111111111,-4.440892098500626e-16,0.001,0.0010000000000000135,False,reference,0.2,1.0,0.9,0.01
dirl_sensitivity_reference_seed2102,exact_quartic_n20_p0.5,DIRL1,converged,20,20,0.5,0.1,2.1111112109773416,1368,2.1111111111111103,2.5700349627010404e-15,20,20,0.2814042998265344,0.0,-3.7421829524042494e-11,-1.8710914762021242e-10,False,0.049747681999861015,0.017646858000489374,0.03210082399937164,0,0,0,0,0,,,0.0,0.0,0.0,0.0,4.222222222222222,,,,,dirl_sensitivity,2102.0,,,,,,,,quartic,3.610264886569391e-05,2.111111111111111,-8.881784197001252e-16,0.001,0.0010000000000000406,False,reference,0.2,1.0,0.9,0.01
dirl_sensitivity_reference_seed2102,exact_quartic_n20_p0.5,DIRL2,converged,20,20,0.5,0.1,2.1111112109773416,263,2.1111111111111107,1.3374185944009307e-15,20,20,0.2814042998265344,0.0,-3.883985494335107e-11,-1.9419927471675535e-10,False,0.015973057999872253,0.0038095290008186566,0.012163528999053597,0,0,0,0,0,,,0.0,0.0,0.0,0.0,4.222222222222222,,,,,dirl_sensitivity,2102.0,,,,,,,,quartic,3.678028919732373e-05,2.111111111111111,-4.440892098500626e-16,0.001,0.0010000000000000406,False,reference,0.2,1.0,0.9,0.01
dirl_sensitivity_reference_seed2103,exact_quartic_n20_p0.5,DIRL1,converged,20,20,0.5,0.1,2.1111112089219133,1368,2.1111111111111107,3.2895485729491924e-14,20,20,0.2814042998265344,0.0,-6.052464987527095e-10,-3.026232493763547e-09,False,0.05003145299974676,0.01815557800409806,0.0318758749956487,0,0,0,0,0,,,0.0,0.0,0.0,0.0,4.222222222222222,,,,,dirl_sensitivity,2103.0,,,,,,,,quartic,0.00014519192973372623,2.111111111111111,-4.440892098500626e-16,0.001,0.0009999999999999575,False,reference,0.2,1.0,0.9,0.01
dirl_sensitivity_reference_seed2103,exact_quartic_n20_p0.5,DIRL2,converged,20,20,0.5,0.1,2.1111112089219133,263,2.111111111111111,3.459854342036064e-14,20,20,0.2814042998265344,0.0,-6.281765455029564e-10,-3.140882727514782e-09,False,0.016178996999997253,0.003973629000483925,0.012205367999513328,0,0,0,0,0,,,0.0,0.0,0.0,0.0,4.222222222222222,,,,,dirl_sensitivity,2103.0,,,,,,,,quartic,0.00014791668662749076,2.111111111111111,0.0,0.001,0.0009999999999999575,False,reference,0.2,1.0,0.9,0.01
dirl_sensitivity_reference_seed2104,exact_quartic_n20_p0.5,DIRL1,converged,20,20,0.5,0.1,2.1111112033020416,1400,2.1111111111111107,2.207831278998113e-13,20,20,0.2814042998265344,0.0,-2.1599395813587385e-09,-1.0799697906793691e-08,False,0.018687546999899496,0.0172176789999412,0.0014698679999582964,0,0,0,0,0,,,0.0,0.0,0.0,0.0,4.222222222222222,,,,,dirl_sensitivity,2104.0,,,,,,,,quartic,0.00027428187087120834,2.111111111111111,-4.440892098500626e-16,0.001,0.0009999999999999027,False,reference,0.2,1.0,0.9,0.01
dirl_sensitivity_reference_seed2104,exact_quartic_n20_p0.5,DIRL2,converged,20,20,0.5,0.1,2.1111112033020416,300,2.111111111111111,2.334588008947913e-13,20,20,0.2814042998265344,0.0,-2.2417419934250837e-09,-1.1208709967125419e-08,False,0.004440369999883842,0.004011000000218701,0.0004293699996651412,0,0,0,0,0,,,0.0,0.0,0.0,0.0,4.222222222222222,,,,,dirl_sensitivity,2104.0,,,,,,,,quartic,0.0002794274789173686,2.111111111111111,0.0,0.001,0.0009999999999999027,False,reference,0.2,1.0,0.9,0.01
dirl_sensitivity_reference_seed2105,exact_quartic_n20_p0.5,DIRL1,converged,20,20,0.5,0.1,2.1111112076867196,1368,2.1111111111111107,6.417657908215267e-14,20,20,0.2814042998265344,0.0,-9.46928792322499e-10,-4.734643961612493e-09,False,0.048218692999853374,0.017367367000588274,0.0308513259992651,0,0,0,0,0,,,0.0,0.0,0.0,0.0,4.222222222222222,,,,,dirl_sensitivity,2105.0,,,,,,,,quartic,0.00018160800012070278,2.111111111111111,-4.440892098500626e-16,0.001,0.0009999999999999567,False,reference,0.2,1.0,0.9,0.01
dirl_sensitivity_reference_seed2105,exact_quartic_n20_p0.5,DIRL2,converged,20,20,0.5,0.1,2.1111112076867196,263,2.111111111111111,6.778033239404601e-14,20,20,0.2814042998265344,0.0,-9.827294117359386e-10,-4.913647058679693e-09,False,0.015820377000181907,0.0037615580004057847,0.012058818999776122,0,0,0,0,0,,,0.0,0.0,0.0,0.0,4.222222222222222,,,,,dirl_sensitivity,2105.0,,,,,,,,quartic,0.00018500918167340446,2.111111111111111,0.0,0.001,0.0009999999999999567,False,reference,0.2,1.0,0.9,0.01
dirl_sensitivity_alpha_0p10_seed2101,exact_quartic_n20_p0.5,DIRL1,converged,20,20,0.5,0.1,2.1111111953012576,2800,2.1111111111111107,6.362464481662798e-13,20,20,0.2814042998265344,0.0,-4.373817030778326e-09,-2.1869085153891625e-08,False,0.03711809500009622,0.03430050500060133,0.002817589999494885,0,0,0,0,0,,,0.0,0.0,0.0,0.0,4.222222222222222,,,,,dirl_sensitivity,2101.0,,,,,,,,quartic,0.00039030722505541793,2.111111111111111,-4.440892098500626e-16,0.001,0.0010000000000000135,False,alpha_0p10,0.1,1.0,0.9,0.01
dirl_sensitivity_alpha_0p10_seed2101,exact_quartic_n20_p0.5,DIRL2,converged,20,20,0.5,0.1,2.1111111953012576,300,2.111111111111111,6.734585019229744e-13,20,20,0.2814042998265344,0.0,-4.53964731778056e-09,-2.2698236588902477e-08,False,0.004426989000194226,0.0039980589999686345,0.00042893000022559136,0,0,0,0,0,,,0.0,0.0,0.0,0.0,4.222222222222222,,,,,dirl_sensitivity,2101.0,,,,,,,,quartic,0.0003976374943792898,2.111111111111111,0.0,0.001,0.0010000000000000135,False,alpha_0p10,0.1,1.0,0.9,0.01
dirl_sensitivity_alpha_0p10_seed2102,exact_quartic_n20_p0.5,DIRL1,converged,20,20,0.5,0.1,2.1111112109773416,2750,2.1111111111111107,2.7773038451156944e-15,20,20,0.2814042998265344,0.0,-3.7421829524042494e-11,-1.8710914762021242e-10,False,0.10491459500008204,0.03519089400356279,0.06972370099651926,0,0,0,0,0,,,0.0,0.0,0.0,0.0,4.222222222222222,,,,,dirl_sensitivity,2102.0,,,,,,,,quartic,3.610265548363363e-05,2.111111111111111,-4.440892098500626e-16,0.001,0.0010000000000000406,False,alpha_0p10,0.1,1.0,0.9,0.01
dirl_sensitivity_alpha_0p10_seed2102,exact_quartic_n20_p0.5,DIRL2,converged,20,20,0.5,0.1,2.1111112109773416,272,2.111111111111111,2.7303170463965835e-13,20,20,0.2814042998265344,0.0,-3.884432359102519e-11,-1.9422161795510215e-10,False,0.004065649000040139,0.003636768999740525,0.00042888000029961404,0,0,0,0,0,,,0.0,0.0,0.0,0.0,4.222222222222222,,,,,dirl_sensitivity,2102.0,,,,,,,,quartic,3.678099862774355e-05,2.111111111111111,0.0,0.001,0.0010000000000000406,False,alpha_0p10,0.1,1.0,0.9,0.01
dirl_sensitivity_alpha_0p10_seed2103,exact_quartic_n20_p0.5,DIRL1,converged,20,20,0.5,0.1,2.1111112089219133,2750,2.1111111111111107,3.285520010038581e-14,20,20,0.2814042998265344,0.0,-6.052467485528901e-10,-3.0262337427644495e-09,False,0.10482090499999686,0.03515389600192975,0.0696670089980671,0,0,0,0,0,,,0.0,0.0,0.0,0.0,4.222222222222222,,,,,dirl_sensitivity,2103.0,,,,,,,,quartic,0.00014519195655443814,2.111111111111111,-4.440892098500626e-16,0.001,0.0009999999999999575,False,alpha_0p10,0.1,1.0,0.9,0.01
dirl_sensitivity_alpha_0p10_seed2103,exact_quartic_n20_p0.5,DIRL2,converged,20,20,0.5,0.1,2.1111112089219133,271,2.111111111111111,2.8516232103703827e-13,20,20,0.2814042998265344,0.0,-6.282034475946219e-10,-3.1410172379727545e-09,False,0.004055050000033589,0.0036200499996539293,0.00043500000037965947,0,0,0,0,0,,,0.0,0.0,0.0,0.0,4.222222222222222,,,,,dirl_sensitivity,2103.0,,,,,,,,quartic,0.00014791953692592488,2.111111111111111,0.0,0.001,0.0009999999999999575,False,alpha_0p10,0.1,1.0,0.9,0.01
dirl_sensitivity_alpha_0p10_seed2104,exact_quartic_n20_p0.5,DIRL1,converged,20,20,0.5,0.1,2.1111112033020416,2750,2.1111111111111107,2.207739598212867e-13,20,20,0.2814042998265344,0.0,-2.159940275248129e-09,-1.0799701376240641e-08,False,0.09821464499987087,0.03499739599874374,0.06321724900112713,0,0,0,0,0,,,0.0,0.0,0.0,0.0,4.222222222222222,,,,,dirl_sensitivity,2104.0,,,,,,,,quartic,0.00027428191682922774,2.111111111111111,-4.440892098500626e-16,0.001,0.0009999999999999027,False,alpha_0p10,0.1,1.0,0.9,0.01
dirl_sensitivity_alpha_0p10_seed2104,exact_quartic_n20_p0.5,DIRL2,converged,20,20,0.5,0.1,2.1111112033020416,277,2.111111111111111,2.9319526024601623e-13,20,20,0.2814042998265344,0.0,-2.2418291528714107e-09,-1.1209145764356484e-08,False,0.004122690000031071,0.0036901299999954063,0.0004325600000356644,0,0,0,0,0,,,0.0,0.0,0.0,0.0,4.222222222222222,,,,,dirl_sensitivity,2104.0,,,,,,,,quartic,0.0002794328441026865,2.111111111111111,0.0,0.001,0.0009999999999999027,False,alpha_0p10,0.1,1.0,0.9,0.01
dirl_sensitivity_alpha_0p10_seed2105,exact_quartic_n20_p0.5,DIRL1,converged,20,20,0.5,0.1,2.1111112076867196,2750,2.1111111111111107,6.416735081167724e-14,20,20,0.2814042998265344,0.0,-9.469291253894063e-10,-4.73464562694703e-09,False,0.10499260399978994,0.035309655002492946,0.06968294899729699,0,0,0,0,0,,,0.0,0.0,0.0,0.0,4.222222222222222,,,,,dirl_sensitivity,2105.0,,,,,,,,quartic,0.00018160803382210935,2.111111111111111,-4.440892098500626e-16,0.001,0.0009999999999999567,False,alpha_0p10,0.1,1.0,0.9,0.01
dirl_sensitivity_alpha_0p10_seed2105,exact_quartic_n20_p0.5,DIRL2,converged,20,20,0.5,0.1,2.1111112076867196,272,2.1111111111111116,2.7201784234975397e-13,20,20,0.2814042998265344,0.0,-9.82763620482885e-10,-4.913818102414002e-09,False,0.004062650000150825,0.00363572999981443,0.0004269200003363949,0,0,0,0,0,,,0.0,0.0,0.0,0.0,4.222222222222222,,,,,dirl_sensitivity,2105.0,,,,,,,,quartic,0.00018501274384029537,2.111111111111111,4.440892098500626e-16,0.001,0.0009999999999999567,False,alpha_0p10,0.1,1.0,0.9,0.01
dirl_sensitivity_alpha_0p50_seed2101,exact_quartic_n20_p0.5,DIRL1,converged,20,20,0.5,0.1,2.1111111953012576,600,2.1111111111111107,6.362222124834311e-13,20,20,0.2814042998265344,0.0,-4.373811729463384e-09,-2.1869058647316922e-08,False,0.008135447999848111,0.0074056280000149854,0.0007298199998331256,0,0,0,0,0,,,0.0,0.0,0.0,0.0,4.222222222222222,,,,,dirl_sensitivity,2101.0,,,,,,,,quartic,0.0003903069869793151,2.111111111111111,-4.440892098500626e-16,0.001,0.0010000000000000135,False,alpha_0p50,0.5,1.0,0.9,0.01
dirl_sensitivity_alpha_0p50_seed2101,exact_quartic_n20_p0.5,DIRL2,converged,20,20,0.5,0.1,2.1111111953012576,300,2.111111111111111,6.72609111957088e-13,20,20,0.2814042998265344,0.0,-4.5389526651118395e-09,-2.26947633255592e-08,False,0.0044292299999142415,0.0040026799997576745,0.00042655000015656697,0,0,0,0,0,,,0.0,0.0,0.0,0.0,4.222222222222222,,,,,dirl_sensitivity,2101.0,,,,,,,,quartic,0.0003976070801437547,2.111111111111111,0.0,0.001,0.0010000000000000135,False,alpha_0p50,0.5,1.0,0.9,0.01
dirl_sensitivity_alpha_0p50_seed2102,exact_quartic_n20_p0.5,DIRL1,converged,20,20,0.5,0.1,2.1111112109773416,539,2.111111111111111,1.6953491578823378e-15,20,20,0.2814042998265344,0.0,-3.742178789067907e-11,-1.8710893945339533e-10,False,0.01777096699993308,0.006855619000589286,0.010915347999343794,0,0,0,0,0,,,0.0,0.0,0.0,0.0,4.222222222222222,,,,,dirl_sensitivity,2102.0,,,,,,,,quartic,3.610262879229734e-05,2.111111111111111,0.0,0.001,0.0010000000000000406,False,alpha_0p50,0.5,1.0,0.9,0.01
dirl_sensitivity_alpha_0p50_seed2102,exact_quartic_n20_p0.5,DIRL2,converged,20,20,0.5,0.1,2.1111112109773416,263,2.111111111111111,6.667678163862676e-16,20,20,0.2814042998265344,0.0,-3.883537935678305e-11,-1.9417689678391528e-10,False,0.019677866999927573,0.003874919997088,0.015802947002839574,0,0,0,0,0,,,0.0,0.0,0.0,0.0,4.222222222222222,,,,,dirl_sensitivity,2102.0,,,,,,,,quartic,3.6778161176199556e-05,2.111111111111111,0.0,0.001,0.0010000000000000406,False,alpha_0p50,0.5,1.0,0.9,0.01
dirl_sensitivity_alpha_0p50_seed2103,exact_quartic_n20_p0.5,DIRL1,converged,20,20,0.5,0.1,2.1111112089219133,539,2.111111111111111,3.2856462733206596e-14,20,20,0.2814042998265344,0.0,-6.052458534355765e-10,-3.026229267177882e-09,False,0.017326107999906526,0.006863178999765296,0.01046292900014123,0,0,0,0,0,,,0.0,0.0,0.0,0.0,4.222222222222222,,,,,dirl_sensitivity,2103.0,,,,,,,,quartic,0.0001451918484831686,2.111111111111111,0.0,0.001,0.0009999999999999575,False,alpha_0p50,0.5,1.0,0.9,0.01
dirl_sensitivity_alpha_0p50_seed2103,exact_quartic_n20_p0.5,DIRL2,converged,20,20,0.5,0.1,2.1111112089219133,263,2.111111111111111,3.4603569008783556e-14,20,20,0.2814042998265344,0.0,-6.28103929978252e-10,-3.1405196498912606e-09,False,0.019601607000140575,0.0038792989998910343,0.01572230800024954,0,0,0,0,0,,,0.0,0.0,0.0,0.0,4.222222222222222,,,,,dirl_sensitivity,2103.0,,,,,,,,quartic,0.00014790813691580563,2.111111111111111,0.0,0.001,0.0009999999999999575,False,alpha_0p50,0.5,1.0,0.9,0.01
dirl_sensitivity_alpha_0p50_seed2104,exact_quartic_n20_p0.5,DIRL1,converged,20,20,0.5,0.1,2.1111112033020416,600,2.111111111111111,2.2077591560559368e-13,20,20,0.2814042998265344,0.0,-2.1599374927516735e-09,-1.0799687463758369e-08,False,0.008136579000165511,0.007413779000216891,0.0007227999999486201,0,0,0,0,0,,,0.0,0.0,0.0,0.0,4.222222222222222,,,,,dirl_sensitivity,2104.0,,,,,,,,quartic,0.0002742817358773279,2.111111111111111,0.0,0.001,0.0009999999999999027,False,alpha_0p50,0.5,1.0,0.9,0.01
dirl_sensitivity_alpha_0p50_seed2104,exact_quartic_n20_p0.5,DIRL2,converged,20,20,0.5,0.1,2.1111112033020416,300,2.1111111111111107,2.3340068240768065e-13,20,20,0.2814042998265344,0.0,-2.2414837000384047e-09,-1.1207418500192025e-08,False,0.004434419000062917,0.004007838999996238,0.0004265800000666786,0,0,0,0,0,,,0.0,0.0,0.0,0.0,4.222222222222222,,,,,dirl_sensitivity,2104.0,,,,,,,,quartic,0.00027941137955873175,2.111111111111111,-4.440892098500626e-16,0.001,0.0009999999999999027,False,alpha_0p50,0.5,1.0,0.9,0.01
dirl_sensitivity_alpha_0p50_seed2105,exact_quartic_n20_p0.5,DIRL1,converged,20,20,0.5,0.1,2.1111112076867196,600,2.111111111111111,6.409163750412557e-14,20,20,0.2814042998265344,0.0,-9.469278625107158e-10,-4.734639312553579e-09,False,0.008114269000088825,0.007387628999595108,0.0007266400004937168,0,0,0,0,0,,,0.0,0.0,0.0,0.0,4.222222222222222,,,,,dirl_sensitivity,2105.0,,,,,,,,quartic,0.00018160790563300964,2.111111111111111,0.0,0.001,0.0009999999999999567,False,alpha_0p50,0.5,1.0,0.9,0.01
dirl_sensitivity_alpha_0p50_seed2105,exact_quartic_n20_p0.5,DIRL2,converged,20,20,0.5,0.1,2.1111112076867196,300,2.1111111111111107,6.773585757925071e-14,20,20,0.2814042998265344,0.0,-9.82615940003928e-10,-4.91307970001964e-09,False,0.00443460899987258,0.004009969000208002,0.00042463999966457777,0,0,0,0,0,,,0.0,0.0,0.0,0.0,4.222222222222222,,,,,dirl_sensitivity,2105.0,,,,,,,,quartic,0.00018499849963492942,2.111111111111111,-4.440892098500626e-16,0.001,0.0009999999999999567,False,alpha_0p50,0.5,1.0,0.9,0.01
dirl_sensitivity_mu_0p80_seed2101,exact_quartic_n20_p0.5,DIRL1,converged,20,20,0.5,0.1,2.1111111953012576,700,2.1111111111111107,6.542403634195267e-13,20,20,0.2814042998265344,0.0,-4.455974617068037e-09,-2.2279873085340185e-08,False,0.009466349000149421,0.008653428999878088,0.0008129200002713333,0,0,0,0,0,,,0.0,0.0,0.0,0.0,4.222222222222222,,,,,dirl_sensitivity,2101.0,,,,,,,,quartic,0.0003939559265751121,2.111111111111111,-4.440892098500626e-16,0.001,0.0010000000000000135,False,mu_0p80,0.2,1.0,0.8,0.01
dirl_sensitivity_mu_0p80_seed2101,exact_quartic_n20_p0.5,DIRL2,converged,20,20,0.5,0.1,2.1111111953012576,200,2.111111111111111,6.727774298778124e-13,20,20,0.2814042998265344,0.0,-4.539637839251487e-09,-2.2698189196257434e-08,False,0.003000019999944925,0.00266535999980988,0.00033466000013504527,0,0,0,0,0,,,0.0,0.0,0.0,0.0,4.222222222222222,,,,,dirl_sensitivity,2101.0,,,,,,,,quartic,0.00039763709014948656,2.111111111111111,0.0,0.001,0.0010000000000000135,False,mu_0p80,0.2,1.0,0.8,0.01
dirl_sensitivity_mu_0p80_seed2102,exact_quartic_n20_p0.5,DIRL1,converged,20,20,0.5,0.1,2.1111112109773416,677,2.1111111111111107,2.5866609883106724e-15,20,20,0.2814042998265344,0.0,-3.812482274323514e-11,-1.9062411371617566e-10,False,0.022543426999845906,0.008659309000904614,0.013884117998941292,0,0,0,0,0,,,0.0,0.0,0.0,0.0,4.222222222222222,,,,,dirl_sensitivity,2102.0,,,,,,,,quartic,3.644018575313858e-05,2.111111111111111,-4.440892098500626e-16,0.001,0.0010000000000000406,False,mu_0p80,0.2,1.0,0.8,0.01
dirl_sensitivity_mu_0p80_seed2102,exact_quartic_n20_p0.5,DIRL2,converged,20,20,0.5,0.1,2.1111112109773416,136,2.111111111111111,1.1824427473698853e-13,20,20,0.2814042998265344,0.0,-3.8842526417504075e-11,-1.942126320875101e-10,False,0.002160948999971879,0.0018248290000428824,0.00033611999992899655,0,0,0,0,0,,,0.0,0.0,0.0,0.0,4.222222222222222,,,,,dirl_sensitivity,2102.0,,,,,,,,quartic,3.6780959210729214e-05,2.111111111111111,0.0,0.001,0.0010000000000000406,False,mu_0p80,0.2,1.0,0.8,0.01
dirl_sensitivity_mu_0p80_seed2103,exact_quartic_n20_p0.5,DIRL1,converged,20,20,0.5,0.1,2.1111112089219133,677,2.1111111111111103,3.380426854061206e-14,20,20,0.2814042998265344,0.0,-6.166166119370153e-10,-3.083083059685076e-09,False,0.022466986999916116,0.008633569000267016,0.0138334179996491,0,0,0,0,0,,,0.0,0.0,0.0,0.0,4.222222222222222,,,,,dirl_sensitivity,2103.0,,,,,,,,quartic,0.0001465493649442941,2.111111111111111,-8.881784197001252e-16,0.001,0.0009999999999999575,False,mu_0p80,0.2,1.0,0.8,0.01
dirl_sensitivity_mu_0p80_seed2103,exact_quartic_n20_p0.5,DIRL2,converged,20,20,0.5,0.1,2.1111112089219133,136,2.1111111111111107,1.1840011176710474e-13,20,20,0.2814042998265344,0.0,-6.28200477748031e-10,-3.1410023887400123e-09,False,0.0021595600001091952,0.0018288700000539393,0.00033069000005525595,0,0,0,0,0,,,0.0,0.0,0.0,0.0,4.222222222222222,,,,,dirl_sensitivity,2103.0,,,,,,,,quartic,0.00014791937842038028,2.111111111111111,-4.440892098500626e-16,0.001,0.0009999999999999575,False,mu_0p80,0.2,1.0,0.8,0.01
dirl_sensitivity_mu_0p80_seed2104,exact_quartic_n20_p0.5,DIRL1,converged,20,20,0.5,0.1,2.1111112033020416,700,2.111111111111111,2.2702728958948076e-13,20,20,0.2814042998265344,0.0,-2.200514548356125e-09,-1.1002572741780625e-08,False,0.009451377999994293,0.008634208000330545,0.0008171699996637471,0,0,0,0,0,,,0.0,0.0,0.0,0.0,4.222222222222222,,,,,dirl_sensitivity,2104.0,,,,,,,,quartic,0.00027684610971317374,2.111111111111111,0.0,0.001,0.0009999999999999027,False,mu_0p80,0.2,1.0,0.8,0.01
dirl_sensitivity_mu_0p80_seed2104,exact_quartic_n20_p0.5,DIRL2,converged,20,20,0.5,0.1,2.1111112033020416,200,2.1111111111111107,2.3351418089699847e-13,20,20,0.2814042998265344,0.0,-2.241823435222834e-09,-1.120911717611417e-08,False,0.003001039999844579,0.0026721099998212594,0.00032893000002331974,0,0,0,0,0,,,0.0,0.0,0.0,0.0,4.222222222222222,,,,,dirl_sensitivity,2104.0,,,,,,,,quartic,0.00027943255400730014,2.111111111111111,-4.440892098500626e-16,0.001,0.0009999999999999027,False,mu_0p80,0.2,1.0,0.8,0.01
dirl_sensitivity_mu_0p80_seed2105,exact_quartic_n20_p0.5,DIRL1,converged,20,20,0.5,0.1,2.1111112076867196,677,2.1111111111111107,6.596142622518479e-14,20,20,0.2814042998265344,0.0,-9.647174586957519e-10,-4.823587293478758e-09,False,0.022128395999970962,0.008601807998502409,0.013526588001468554,0,0,0,0,0,,,0.0,0.0,0.0,0.0,4.222222222222222,,,,,dirl_sensitivity,2105.0,,,,,,,,quartic,0.0001833058765497826,2.111111111111111,-4.440892098500626e-16,0.001,0.0009999999999999567,False,mu_0p80,0.2,1.0,0.8,0.01
dirl_sensitivity_mu_0p80_seed2105,exact_quartic_n20_p0.5,DIRL2,converged,20,20,0.5,0.1,2.1111112076867196,136,2.111111111111111,1.3245325219900005e-13,20,20,0.2814042998265344,0.0,-9.82763544155052e-10,-4.913817720775077e-09,False,0.002154530000325394,0.0018247900002279493,0.00032974000009744486,0,0,0,0,0,,,0.0,0.0,0.0,0.0,4.222222222222222,,,,,dirl_sensitivity,2105.0,,,,,,,,quartic,0.00018501254570318497,2.111111111111111,0.0,0.001,0.0009999999999999567,False,mu_0p80,0.2,1.0,0.8,0.01
dirl_sensitivity_mu_0p95_seed2101,exact_quartic_n20_p0.5,DIRL1,converged,20,20,0.5,0.1,2.1111111953012576,2800,2.1111111111111107,6.016787199999612e-13,20,20,0.2814042998265344,0.0,-4.21401568501123e-09,-2.1070078425056146e-08,False,0.03715668499989988,0.034354584999618965,0.002802100000280916,0,0,0,0,0,,,0.0,0.0,0.0,0.0,4.222222222222222,,,,,dirl_sensitivity,2101.0,,,,,,,,quartic,0.0003831107686865836,2.111111111111111,-4.440892098500626e-16,0.001,0.0010000000000000135,False,mu_0p95,0.2,1.0,0.95,0.01
dirl_sensitivity_mu_0p95_seed2101,exact_quartic_n20_p0.5,DIRL2,converged,20,20,0.5,0.1,2.1111111953012576,600,2.111111111111111,6.726103794285982e-13,20,20,0.2814042998265344,0.0,-4.539144206339163e-09,-2.2695721031695815e-08,False,0.008700028000248494,0.007988867999983995,0.0007111600002644991,0,0,0,0,0,,,0.0,0.0,0.0,0.0,4.222222222222222,,,,,dirl_sensitivity,2101.0,,,,,,,,quartic,0.00039761546982667814,2.111111111111111,0.0,0.001,0.0010000000000000135,False,mu_0p95,0.2,1.0,0.95,0.01
dirl_sensitivity_mu_0p95_seed2102,exact_quartic_n20_p0.5,DIRL1,converged,20,20,0.5,0.1,2.1111112109773416,2750,2.1111111111111107,2.341414758865164e-15,20,20,0.2814042998265344,0.0,-3.605447190802025e-11,-1.8027235954010118e-10,False,0.10583171499979471,0.035384862997943856,0.07044685200185086,0,0,0,0,0,,,0.0,0.0,0.0,0.0,4.222222222222222,,,,,dirl_sensitivity,2102.0,,,,,,,,quartic,3.543693792118617e-05,2.111111111111111,-4.440892098500626e-16,0.001,0.0010000000000000406,False,mu_0p95,0.2,1.0,0.95,0.01
dirl_sensitivity_mu_0p95_seed2102,exact_quartic_n20_p0.5,DIRL2,converged,20,20,0.5,0.1,2.1111112109773416,539,2.111111111111111,1.4545540231164672e-15,20,20,0.2814042998265344,0.0,-3.883701693574437e-11,-1.9418508467872186e-10,False,0.04054238399976384,0.007886557998517674,0.03265582600124617,0,0,0,0,0,,,0.0,0.0,0.0,0.0,4.222222222222222,,,,,dirl_sensitivity,2102.0,,,,,,,,quartic,3.677894324757472e-05,2.111111111111111,0.0,0.001,0.0010000000000000406,False,mu_0p95,0.2,1.0,0.95,0.01
dirl_sensitivity_mu_0p95_seed2103,exact_quartic_n20_p0.5,DIRL1,converged,20,20,0.5,0.1,2.1111112089219133,2750,2.1111111111111107,3.108041253341858e-14,20,20,0.2814042998265344,0.0,-5.831317928528534e-10,-2.9156589642642664e-09,False,0.10676663400022335,0.03592514600131835,0.070841487998905,0,0,0,0,0,,,0.0,0.0,0.0,0.0,4.222222222222222,,,,,dirl_sensitivity,2103.0,,,,,,,,quartic,0.00014251470973606465,2.111111111111111,-4.440892098500626e-16,0.001,0.0009999999999999575,False,mu_0p95,0.2,1.0,0.95,0.01
dirl_sensitivity_mu_0p95_seed2103,exact_quartic_n20_p0.5,DIRL2,converged,20,20,0.5,0.1,2.1111112089219133,539,2.1111111111111107,3.468388935688845e-14,20,20,0.2814042998265344,0.0,-6.281306239031004e-10,-3.140653119515502e-09,False,0.04121786400014571,0.008278298000277573,0.03293956599986814,0,0,0,0,0,,,0.0,0.0,0.0,0.0,4.222222222222222,,,,,dirl_sensitivity,2103.0,,,,,,,,quartic,0.00014791127961389194,2.111111111111111,-4.440892098500626e-16,0.001,0.0009999999999999575,False,mu_0p95,0.2,1.0,0.95,0.01
dirl_sensitivity_mu_0p95_seed2104,exact_quartic_n20_p0.5,DIRL1,converged,20,20,0.5,0.1,2.1111112033020416,2800,2.111111111111111,2.0882815842433252e-13,20,20,0.2814042998265344,0.0,-2.0810214593214305e-09,-1.040510729660715e-08,False,0.03873259400029383,0.0358953640004529,0.002837229999840929,0,0,0,0,0,,,0.0,0.0,0.0,0.0,4.222222222222222,,,,,dirl_sensitivity,2104.0,,,,,,,,quartic,0.0002692245015844858,2.111111111111111,0.0,0.001,0.0009999999999999027,False,mu_0p95,0.2,1.0,0.95,0.01
dirl_sensitivity_mu_0p95_seed2104,exact_quartic_n20_p0.5,DIRL2,converged,20,20,0.5,0.1,2.1111112033020416,600,2.111111111111111,2.334601069616498e-13,20,20,0.2814042998265344,0.0,-2.2415786588014797e-09,-1.1207893294007398e-08,False,0.009041149000040605,0.008324510000193186,0.0007166389998474187,0,0,0,0,0,,,0.0,0.0,0.0,0.0,4.222222222222222,,,,,dirl_sensitivity,2104.0,,,,,,,,quartic,0.00027941729857956213,2.111111111111111,0.0,0.001,0.0009999999999999027,False,mu_0p95,0.2,1.0,0.95,0.01
dirl_sensitivity_mu_0p95_seed2105,exact_quartic_n20_p0.5,DIRL1,converged,20,20,0.5,0.1,2.1111112076867196,2750,2.1111111111111107,6.065711757788479e-14,20,20,0.2814042998265344,0.0,-9.12329843616444e-10,-4.561649218082218e-09,False,0.10731496399989737,0.03693805399871053,0.07037691000118684,0,0,0,0,0,,,0.0,0.0,0.0,0.0,4.222222222222222,,,,,dirl_sensitivity,2105.0,,,,,,,,quartic,0.00017825932581200558,2.111111111111111,-4.440892098500626e-16,0.001,0.0009999999999999567,False,mu_0p95,0.2,1.0,0.95,0.01
dirl_sensitivity_mu_0p95_seed2105,exact_quartic_n20_p0.5,DIRL2,converged,20,20,0.5,0.1,2.1111112076867196,539,2.111111111111111,6.776684558353125e-14,20,20,0.2814042998265344,0.0,-9.82657615000715e-10,-4.9132880750035746e-09,False,0.04117717399981302,0.008256949000269742,0.03292022499954328,0,0,0,0,0,,,0.0,0.0,0.0,0.0,4.222222222222222,,,,,dirl_sensitivity,2105.0,,,,,,,,quartic,0.0001850024239557374,2.111111111111111,0.0,0.001,0.0009999999999999567,False,mu_0p95,0.2,1.0,0.95,0.01
dirl_sensitivity_beta_factor_2p0_seed2101,exact_quartic_n20_p0.5,DIRL1,converged,20,20,0.5,0.1,2.1111111953012576,1400,2.1111111111111107,6.541879657796912e-13,20,20,0.2814042998265344,0.0,-4.455972611727699e-09,-2.2279863058638487e-08,False,0.01940845699982674,0.017921318000617248,0.0014871389992094919,0,0,0,0,0,,,0.0,0.0,0.0,0.0,4.222222222222222,,,,,dirl_sensitivity,2101.0,,,,,,,,quartic,0.0003939558387369959,2.111111111111111,-4.440892098500626e-16,0.001,0.0010000000000000135,False,beta_factor_2p0,0.2,2.0,0.9,0.01
dirl_sensitivity_beta_factor_2p0_seed2101,exact_quartic_n20_p0.5,DIRL2,converged,20,20,0.5,0.1,2.1111111953012576,300,2.1111111111111107,6.727115052670146e-13,20,20,0.2814042998265344,0.0,-4.539570476469468e-09,-2.269785238234731e-08,False,0.0046225789999425615,0.004183849000128248,0.0004387299998143135,0,0,0,0,0,,,0.0,0.0,0.0,0.0,4.222222222222222,,,,,dirl_sensitivity,2101.0,,,,,,,,quartic,0.0003976341390372981,2.111111111111111,-4.440892098500626e-16,0.001,0.0010000000000000135,False,beta_factor_2p0,0.2,2.0,0.9,0.01
dirl_sensitivity_beta_factor_2p0_seed2102,exact_quartic_n20_p0.5,DIRL1,converged,20,20,0.5,0.1,2.1111112109773416,1368,2.111111111111111,3.675344736586696e-15,20,20,0.2814042998265344,0.0,-3.812480192655343e-11,-1.9062400963276703e-10,False,0.04945409300012216,0.018122486997754095,0.03133160600236806,0,0,0,0,0,,,0.0,0.0,0.0,0.0,4.222222222222222,,,,,dirl_sensitivity,2102.0,,,,,,,,quartic,3.64401776633942e-05,2.111111111111111,0.0,0.001,0.0010000000000000406,False,beta_factor_2p0,0.2,2.0,0.9,0.01
dirl_sensitivity_beta_factor_2p0_seed2102,exact_quartic_n20_p0.5,DIRL2,converged,20,20,0.5,0.1,2.1111112109773416,263,2.1111111111111107,6.840148496257512e-14,20,20,0.2814042998265344,0.0,-3.884118027208672e-11,-1.9420590136042764e-10,False,0.005529038999839031,0.0036846689999947557,0.0018443699998442753,0,0,0,0,0,,,0.0,0.0,0.0,0.0,4.222222222222222,,,,,dirl_sensitivity,2102.0,,,,,,,,quartic,3.6780578197569776e-05,2.111111111111111,-4.440892098500626e-16,0.001,0.0010000000000000406,False,beta_factor_2p0,0.2,2.0,0.9,0.01
dirl_sensitivity_beta_factor_2p0_seed2103,exact_quartic_n20_p0.5,DIRL1,converged,20,20,0.5,0.1,2.1111112089219133,1368,2.111111111111111,3.386724743173386e-14,20,20,0.2814042998265344,0.0,-6.166163413201531e-10,-3.0830817066007633e-09,False,0.04927144299995234,0.018035197999779484,0.031236245000172858,0,0,0,0,0,,,0.0,0.0,0.0,0.0,4.222222222222222,,,,,dirl_sensitivity,2103.0,,,,,,,,quartic,0.00014654933251937266,2.111111111111111,0.0,0.001,0.0009999999999999575,False,beta_factor_2p0,0.2,2.0,0.9,0.01
dirl_sensitivity_beta_factor_2p0_seed2103,exact_quartic_n20_p0.5,DIRL2,converged,20,20,0.5,0.1,2.1111112089219133,263,2.1111111111111107,7.363045305906488e-14,20,20,0.2814042998265344,0.0,-6.281886538728187e-10,-3.1409432693640114e-09,False,0.005640848999973969,0.003701418999753514,0.0019394300002204545,0,0,0,0,0,,,0.0,0.0,0.0,0.0,4.222222222222222,,,,,dirl_sensitivity,2103.0,,,,,,,,quartic,0.0001479180416509615,2.111111111111111,-4.440892098500626e-16,0.001,0.0009999999999999575,False,beta_factor_2p0,0.2,2.0,0.9,0.01
dirl_sensitivity_beta_factor_2p0_seed2104,exact_quartic_n20_p0.5,DIRL1,converged,20,20,0.5,0.1,2.1111112033020416,1368,2.1111111111111107,2.2705238321610965e-13,20,20,0.2814042998265344,0.0,-2.2005134936442516e-09,-1.1002567468221252e-08,False,0.0454480829998829,0.01805753699932211,0.02739054600056079,0,0,0,0,0,,,0.0,0.0,0.0,0.0,4.222222222222222,,,,,dirl_sensitivity,2104.0,,,,,,,,quartic,0.0002768460450362765,2.111111111111111,-4.440892098500626e-16,0.001,0.0009999999999999027,False,beta_factor_2p0,0.2,2.0,0.9,0.01
dirl_sensitivity_beta_factor_2p0_seed2104,exact_quartic_n20_p0.5,DIRL2,converged,20,20,0.5,0.1,2.1111112033020416,263,2.1111111111111116,2.4215623721178824e-13,20,20,0.2814042998265344,0.0,-2.241794326562907e-09,-1.1208971632814328e-08,False,0.004941550000012285,0.0036663899998075067,0.001275160000204778,0,0,0,0,0,,,0.0,0.0,0.0,0.0,4.222222222222222,,,,,dirl_sensitivity,2104.0,,,,,,,,quartic,0.0002794307186090956,2.111111111111111,4.440892098500626e-16,0.001,0.0009999999999999027,False,beta_factor_2p0,0.2,2.0,0.9,0.01
dirl_sensitivity_beta_factor_2p0_seed2105,exact_quartic_n20_p0.5,DIRL1,converged,20,20,0.5,0.1,2.1111112076867196,1368,2.1111111111111103,6.599432656924565e-14,20,20,0.2814042998265344,0.0,-9.64717014606542e-10,-4.823585073032707e-09,False,0.049791033000019524,0.01869156800125893,0.031099464998760595,0,0,0,0,0,,,0.0,0.0,0.0,0.0,4.222222222222222,,,,,dirl_sensitivity,2105.0,,,,,,,,quartic,0.00018330583532606302,2.111111111111111,-8.881784197001252e-16,0.001,0.0009999999999999567,False,beta_factor_2p0,0.2,2.0,0.9,0.01
dirl_sensitivity_beta_factor_2p0_seed2105,exact_quartic_n20_p0.5,DIRL2,converged,20,20,0.5,0.1,2.1111112076867196,263,2.111111111111111,9.423413186066337e-14,20,20,0.2814042998265344,0.0,-9.82779142788548e-10,-4.913895713942635e-09,False,0.005622399000003497,0.003675319000649324,0.0019470799993541732,0,0,0,0,0,,,0.0,0.0,0.0,0.0,4.222222222222222,,,,,dirl_sensitivity,2105.0,,,,,,,,quartic,0.0001850139531247235,2.111111111111111,0.0,0.001,0.0009999999999999567,False,beta_factor_2p0,0.2,2.0,0.9,0.01
