run_key,method,iter,eligible_q,scheduled,forced_final,support_size,lambda_min,eta,chosen_sign,actual_drop,required_drop,roundoff_guard,guard_dominates_theory,accepted,eig_time,probe_time,verification_time,regime,n,p,seed
ordinary_n50_p0.3_seed1101,4V-FB,1339,1,True,False,26,0.05607664917715323,0.08973928820402641,1,-0.00022340438951884423,1.0190560951052899e-41,2.0757952064859007e-13,True,False,0.010684128999969289,1.7589999970368808e-05,0.010736269000062748,ordinary,50,0.3,1101
ordinary_n50_p0.3_seed1101,4V-FB,1340,2,True,False,26,0.05607664876100611,0.08973928820402641,1,-0.00022340450396995948,1.0190560951052899e-41,2.075795206485898e-13,True,False,7.439000000886153e-05,1.1040000003958994e-05,0.0001067799998963892,ordinary,50,0.3,1101
ordinary_n50_p0.3_seed1101,4V-FB,1342,4,True,False,26,0.0560766479451395,0.08973928820402641,1,-0.00022340472830872926,1.0190560951052899e-41,2.0757952064858942e-13,True,False,5.528999997750361e-05,1.0379999935139494e-05,8.319999994910177e-05,ordinary,50,0.3,1101
ordinary_n50_p0.3_seed1101,4V-FB,1346,8,True,False,26,0.05607664637711875,0.08973928820402641,1,-0.00022340515930130422,1.0190560951052899e-41,2.0757952064858856e-13,True,False,4.5940000063637854e-05,1.00999999403939e-05,7.252000000335102e-05,ordinary,50,0.3,1101
ordinary_n50_p0.3_seed1101,4V-FB,1354,16,True,False,26,0.05607664348074176,0.08973928820402641,1,-0.00022340595481340486,1.0190560951052899e-41,2.0757952064858722e-13,True,False,4.5860000000175205e-05,9.999999974752427e-06,7.238000000597822e-05,ordinary,50,0.3,1101
ordinary_n50_p0.3_seed1101,4V-FB,1370,32,True,False,26,0.0560766385364041,0.08973928820402641,1,-0.00022340731089398602,1.0190560951052899e-41,2.0757952064858528e-13,True,False,4.4080000066060165e-05,1.0060000022349413e-05,7.003000007443916e-05,ordinary,50,0.3,1101
ordinary_n50_p0.3_seed1101,4V-FB,1402,64,True,False,26,0.05607663131369389,0.08973928820402641,1,-0.00022340928687825112,1.0190560951052899e-41,2.0757952064858316e-13,True,False,4.396000008455303e-05,1.0000000088439265e-05,7.003999996868515e-05,ordinary,50,0.3,1101
ordinary_n50_p0.3_seed1101,4V-FB,1466,128,True,False,26,0.05607662352674979,0.08973928820402641,1,-0.00022341140867121467,1.0190560951052899e-41,2.0757952064858187e-13,True,False,4.4559999992088706e-05,9.999999974752427e-06,7.028999993963225e-05,ordinary,50,0.3,1101
ordinary_n50_p0.3_seed1101,4V-FB,1594,256,True,False,26,0.05607661881124908,0.08973928820402641,1,-0.00022341268675996062,1.0190560951052899e-41,2.0757952064858164e-13,True,False,4.425999998147745e-05,1.0149999980058055e-05,7.018999997399078e-05,ordinary,50,0.3,1101
ordinary_n50_p0.3_seed1101,4V-FB,1850,512,True,False,26,0.05607661781004207,0.08973928820402641,1,-0.0002234129567217913,1.0190560951052899e-41,2.075795206485816e-13,True,False,0.00019190000000435248,1.2969999943379662e-05,0.00023993999991489545,ordinary,50,0.3,1101
ordinary_n50_p0.3_seed1101,4V-FB,2024,686,False,True,26,0.05607661777995353,0.08973928820402641,1,-0.00022341296480732353,1.0190560951052899e-41,2.0757952064858164e-13,True,False,7.579999999052234e-05,1.1150000091220136e-05,0.0001058899999861751,ordinary,50,0.3,1101
ordinary_n50_p0.3_seed1102,4V-FB,1150,1,True,False,25,0.060333014821671485,0.08919747049877136,-1,-0.00023998866134622432,6.393305139509483e-42,2.559197856227758e-13,True,False,0.00012227999991409888,1.2120000064896885e-05,0.00015935999999783235,ordinary,50,0.3,1102
ordinary_n50_p0.3_seed1102,4V-FB,1151,2,True,False,25,0.06033301482754999,0.08919747049877136,-1,-0.00023998853747420057,6.393305139509483e-42,2.559197856227756e-13,True,False,5.5090000046220666e-05,1.042999997480365e-05,8.288000003631169e-05,ordinary,50,0.3,1102
ordinary_n50_p0.3_seed1102,4V-FB,1153,4,True,False,25,0.06033301483905827,0.08919747049877136,-1,-0.0002399882949681853,6.393305139509483e-42,2.559197856227752e-13,True,False,4.750999994485028e-05,1.0169999995923718e-05,7.37700000854602e-05,ordinary,50,0.3,1102
ordinary_n50_p0.3_seed1102,4V-FB,1157,8,True,False,25,0.0603330148611126,0.08919747049877136,-1,-0.00023998783023193582,6.393305139509483e-42,2.5591978562277435e-13,True,False,4.230000001825829e-05,9.890000001178123e-06,6.781000001865323e-05,ordinary,50,0.3,1102
ordinary_n50_p0.3_seed1102,4V-FB,1165,16,True,False,25,0.06033301490161916,0.08919747049877136,-1,-0.0002399869766671614,6.393305139509483e-42,2.559197856227731e-13,True,False,4.011999999420368e-05,1.0240000051453535e-05,6.60000000607397e-05,ordinary,50,0.3,1102
ordinary_n50_p0.3_seed1102,4V-FB,1181,32,True,False,25,0.060333014969995075,0.08919747049877136,-1,-0.00023998553581972004,6.393305139509483e-42,2.559197856227711e-13,True,False,4.195999997591571e-05,9.930000032909447e-06,6.739000002653484e-05,ordinary,50,0.3,1102
ordinary_n50_p0.3_seed1102,4V-FB,1213,64,True,False,25,0.06033301506772827,0.08919747049877136,-1,-0.00023998347632270267,6.393305139509483e-42,2.5591978562276915e-13,True,False,4.216000002088549e-05,1.002999999855092e-05,6.826000003457011e-05,ordinary,50,0.3,1102
ordinary_n50_p0.3_seed1102,4V-FB,1277,128,True,False,25,0.060333015168853435,0.08919747049877136,-1,-0.0002399813452909072,6.393305139509483e-42,2.559197856227681e-13,True,False,4.219999993892998e-05,1.0139999972125224e-05,6.791999999222753e-05,ordinary,50,0.3,1102
ordinary_n50_p0.3_seed1102,4V-FB,1405,256,True,False,25,0.060333015225713965,0.08919747049877136,-1,-0.00023998014702630854,6.393305139509483e-42,2.5591978562276794e-13,True,False,4.3239999968136544e-05,9.949999935088272e-06,6.925000002411252e-05,ordinary,50,0.3,1102
ordinary_n50_p0.3_seed1102,4V-FB,1661,512,True,False,25,0.06033301523634378,0.08919747049877136,-1,-0.0002399799230148325,6.393305139509483e-42,2.559197856227679e-13,True,False,4.447999992862606e-05,1.0309999993296515e-05,7.124999990537617e-05,ordinary,50,0.3,1102
ordinary_n50_p0.3_seed1102,4V-FB,1796,647,False,True,25,0.060333015236586074,0.08919747049877136,-1,-0.0002399799179202411,6.393305139509483e-42,2.559197856227679e-13,True,False,4.49799999842071e-05,1.0659999929885089e-05,7.189999996626284e-05,ordinary,50,0.3,1102
ordinary_n50_p0.3_seed1103,4V-FB,682,1,True,False,23,0.08209524886530509,0.08189651608428171,-1,-0.00027363213357700644,8.000529677521357e-41,2.9232367903643673e-13,True,False,9.547999991355027e-05,1.1640000025181507e-05,0.00013014000001021486,ordinary,50,0.3,1103
ordinary_n50_p0.3_seed1103,4V-FB,683,2,True,False,23,0.08209524852398131,0.08189651608428171,-1,-0.00027363226437771004,8.000529677521357e-41,2.923236790364365e-13,True,False,5.280999994283775e-05,1.0519999932512292e-05,8.084000000962988e-05,ordinary,50,0.3,1103
ordinary_n50_p0.3_seed1103,4V-FB,685,4,True,False,23,0.08209524785844952,0.08189651608428171,-1,-0.00027363251945633493,8.000529677521357e-41,2.9232367903643617e-13,True,False,4.263000005266804e-05,9.979999958886765e-06,6.852000001345004e-05,ordinary,50,0.3,1103
ordinary_n50_p0.3_seed1103,4V-FB,689,8,True,False,23,0.08209524659319811,0.08189651608428171,-1,-0.0002736330045296498,8.000529677521357e-41,2.9232367903643556e-13,True,False,4.046000003654626e-05,1.0070000030282245e-05,6.602999997085135e-05,ordinary,50,0.3,1103
ordinary_n50_p0.3_seed1103,4V-FB,697,16,True,False,23,0.08209524430604351,0.08189651608428171,-1,-0.00027363388186119053,8.000529677521357e-41,2.9232367903643445e-13,True,False,4.025999999157648e-05,1.019000001178938e-05,6.594000001314271e-05,ordinary,50,0.3,1103
ordinary_n50_p0.3_seed1103,4V-FB,713,32,True,False,23,0.08209524056466111,0.08189651608428171,-1,-0.00027363531847601763,8.000529677521357e-41,2.92323679036433e-13,True,False,4.0480000052411924e-05,1.0009999982685258e-05,6.62500000316868e-05,ordinary,50,0.3,1103
ordinary_n50_p0.3_seed1103,4V-FB,745,64,True,False,23,0.08209523553468706,0.08189651608428171,-1,-0.0002736372532301523,8.000529677521357e-41,2.9232367903643163e-13,True,False,4.1460000034021505e-05,1.0380000048826332e-05,6.750000000010914e-05,ordinary,50,0.3,1103
ordinary_n50_p0.3_seed1103,4V-FB,809,128,True,False,23,0.08209523090317003,0.08189651608428171,-1,-0.0002736390393121013,8.000529677521357e-41,2.92323679036431e-13,True,False,4.1300000020783045e-05,9.940000040842278e-06,6.704999998419225e-05,ordinary,50,0.3,1103
ordinary_n50_p0.3_seed1103,4V-FB,937,256,True,False,23,0.08209522879909997,0.08189651608428171,-1,-0.0002736398531588691,8.000529677521357e-41,2.9232367903643097e-13,True,False,4.2579999899317045e-05,9.839999961513968e-06,6.828999994468177e-05,ordinary,50,0.3,1103
ordinary_n50_p0.3_seed1103,4V-FB,1193,512,True,False,23,0.08209522852835338,0.08189651608428171,-1,-0.0002736399581406701,8.000529677521357e-41,2.9232367903643097e-13,True,False,4.44500000185144e-05,1.0230000043520704e-05,7.158000005347276e-05,ordinary,50,0.3,1103
ordinary_n50_p0.3_seed1103,4V-FB,1228,547,False,True,23,0.08209522852671969,0.08189651608428171,-1,-0.0002736399587739413,8.000529677521357e-41,2.92323679036431e-13,True,False,4.060899993874045e-05,9.970000064640772e-06,6.654900005287345e-05,ordinary,50,0.3,1103
ordinary_n50_p0.3_seed1104,4V-FB,1088,1,True,False,23,0.06703462476380154,0.08651073431205755,-1,-0.0002498940166084651,9.557491268415018e-43,2.0265961638872492e-13,True,False,7.935999997243925e-05,1.1610000001383014e-05,0.00011268000002928602,ordinary,50,0.3,1104
ordinary_n50_p0.3_seed1104,4V-FB,1089,2,True,False,23,0.06703462458862793,0.08651073431205755,-1,-0.00024989414124609866,9.557491268415018e-43,2.0265961638872474e-13,True,False,4.9679999960972054e-05,1.0549999956310785e-05,7.692000008319155e-05,ordinary,50,0.3,1104
ordinary_n50_p0.3_seed1104,4V-FB,1091,4,True,False,23,0.0670346242461169,0.08651073431205755,-1,-0.00024989438494893434,9.557491268415018e-43,2.0265961638872426e-13,True,False,4.16000000313943e-05,1.0349999911341001e-05,6.771000005301175e-05,ordinary,50,0.3,1104
ordinary_n50_p0.3_seed1104,4V-FB,1095,8,True,False,23,0.06703462359136006,0.08651073431205755,-1,-0.00024989485081983176,9.557491268415018e-43,2.026596163887236e-13,True,False,4.133999993882753e-05,1.0119999956259562e-05,6.729000006089336e-05,ordinary,50,0.3,1104
ordinary_n50_p0.3_seed1104,4V-FB,1103,16,True,False,23,0.06703462239472253,0.08651073431205755,-1,-0.0002498957022472048,9.557491268415018e-43,2.026596163887224e-13,True,False,3.936999996767554e-05,1.0080000038215076e-05,6.496000003153313e-05,ordinary,50,0.3,1104
ordinary_n50_p0.3_seed1104,4V-FB,1119,32,True,False,23,0.06703462039443993,0.08651073431205755,-1,-0.00024989712548428855,9.557491268415018e-43,2.0265961638872065e-13,True,False,4.0379999973083613e-05,1.0100000054080738e-05,6.621999989420146e-05,ordinary,50,0.3,1104
ordinary_n50_p0.3_seed1104,4V-FB,1151,64,True,False,23,0.06703461758966875,0.08651073431205755,-1,-0.0002498991211314916,9.557491268415018e-43,2.0265961638871898e-13,True,False,3.985900002589915e-05,1.0070000030282245e-05,6.568900005277101e-05,ordinary,50,0.3,1104
ordinary_n50_p0.3_seed1104,4V-FB,1215,128,True,False,23,0.06703461479254949,0.08651073431205755,-1,-0.0002499011113390459,9.557491268415018e-43,2.0265961638871808e-13,True,False,4.089999993084348e-05,9.979999958886765e-06,6.656999994447688e-05,ordinary,50,0.3,1104
ordinary_n50_p0.3_seed1104,4V-FB,1343,256,True,False,23,0.0670346133234793,0.08651073431205755,-1,-0.00024990215661535586,9.557491268415018e-43,2.0265961638871795e-13,True,False,6.793000000016036e-05,1.0439999982736481e-05,9.571000009600539e-05,ordinary,50,0.3,1104
ordinary_n50_p0.3_seed1104,4V-FB,1599,512,True,False,23,0.06703461308005215,0.08651073431205755,-1,-0.00024990232981991767,9.557491268415018e-43,2.0265961638871795e-13,True,False,4.4959999968341435e-05,1.0159999987990886e-05,7.210999990547862e-05,ordinary,50,0.3,1104
ordinary_n50_p0.3_seed1104,4V-FB,1697,610,False,True,23,0.06703461307602832,0.08651073431205755,-1,-0.0002499023326829608,9.557491268415018e-43,2.026596163887179e-13,True,False,4.66600000663675e-05,9.919999911289779e-06,7.25599999213955e-05,ordinary,50,0.3,1104
ordinary_n50_p0.3_seed1105,4V-FB,1419,1,True,False,28,0.04148556427854872,0.08628148933262116,1,-0.000153810580776792,3.03469494232032e-42,3.333422337563219e-13,True,False,8.889000002909597e-05,1.159000009920419e-05,0.00013122999996539875,ordinary,50,0.3,1105
ordinary_n50_p0.3_seed1105,4V-FB,1420,2,True,False,28,0.04148556416052967,0.08628148933262116,1,-0.00015381065857278386,3.03469494232032e-42,3.333422337563216e-13,True,False,5.84499999831678e-05,1.0399999951005157e-05,8.560999992823781e-05,ordinary,50,0.3,1105
ordinary_n50_p0.3_seed1105,4V-FB,1422,4,True,False,28,0.041485563927744884,0.08628148933262116,1,-0.00015381081201848446,3.03469494232032e-42,3.333422337563212e-13,True,False,4.916000000321219e-05,1.0150000093744893e-05,7.481000000097993e-05,ordinary,50,0.3,1105
ordinary_n50_p0.3_seed1105,4V-FB,1426,8,True,False,28,0.04148556347491916,0.08628148933262116,1,-0.00015381111050993823,3.03469494232032e-42,3.3334223375632035e-13,True,False,4.498999999213993e-05,9.910000017043785e-06,7.018999997399078e-05,ordinary,50,0.3,1105
ordinary_n50_p0.3_seed1105,4V-FB,1434,16,True,False,28,0.04148556261809473,0.08628148933262116,1,-0.0001538116753074803,3.03469494232032e-42,3.33342233756319e-13,True,False,4.541999999219115e-05,1.01200000699464e-05,7.129000005079433e-05,ordinary,50,0.3,1105
ordinary_n50_p0.3_seed1105,4V-FB,1450,32,True,False,28,0.041485561083712964,0.08628148933262116,1,-0.00015381268673086979,3.03469494232032e-42,3.3334223375631676e-13,True,False,4.468999998152867e-05,9.969999950953934e-06,7.010999991052813e-05,ordinary,50,0.3,1105
ordinary_n50_p0.3_seed1105,4V-FB,1482,64,True,False,28,0.04148555862004797,0.08628148933262116,1,-0.00015381431071403995,3.03469494232032e-42,3.3334223375631373e-13,True,False,4.603999991559249e-05,9.809999937715475e-06,7.158000005347276e-05,ordinary,50,0.3,1105
ordinary_n50_p0.3_seed1105,4V-FB,1546,128,True,False,28,0.04148555542689841,0.08628148933262116,1,-0.00015381641554679248,3.03469494232032e-42,3.333422337563112e-13,True,False,4.631000001609209e-05,1.0369999927206663e-05,7.271999993463396e-05,ordinary,50,0.3,1105
ordinary_n50_p0.3_seed1105,4V-FB,1674,256,True,False,28,0.041485552686779406,0.08628148933262116,1,-0.0001538182217504236,3.03469494232032e-42,3.3334223375631025e-13,True,False,4.7740000013618555e-05,1.0089999932461069e-05,7.41300000299816e-05,ordinary,50,0.3,1105
ordinary_n50_p0.3_seed1105,4V-FB,1930,512,True,False,28,0.041485551594163055,0.08628148933262116,1,-0.00015381894197030732,3.03469494232032e-42,3.3334223375631015e-13,True,False,8.147999994889688e-05,1.0869999982787704e-05,0.00011050999989947741,ordinary,50,0.3,1105
ordinary_n50_p0.3_seed1105,4V-FB,2413,995,False,True,28,0.041485551483014034,0.08628148933262116,1,-0.00015381901523703334,3.03469494232032e-42,3.333422337563101e-13,True,False,5.1839999969161e-05,1.0279999969498022e-05,7.876999995914957e-05,ordinary,50,0.3,1105
ordinary_n50_p0.5_seed1101,4V-FB,1557,1,True,False,27,0.0457402722473528,0.05199500361549363,-1,-6.138410404821215e-05,9.938742454125823e-29,2.0191252290510963e-13,True,False,0.00016039000001910608,1.116999999339896e-05,0.000200879999965764,ordinary,50,0.5,1101
ordinary_n50_p0.5_seed1101,4V-FB,1558,2,True,False,27,0.04574027183249468,0.05199500361549363,-1,-6.138415891321358e-05,9.938742454125823e-29,2.019125229051094e-13,True,False,6.149000000732485e-05,9.849999969446799e-06,8.825999998407497e-05,ordinary,50,0.5,1101
ordinary_n50_p0.5_seed1101,4V-FB,1560,4,True,False,27,0.045740271016329936,0.05199500361549363,-1,-6.138426685620146e-05,9.938742454125823e-29,2.0191252290510895e-13,True,False,4.8959999958242406e-05,9.159999990515644e-06,7.377999997970619e-05,ordinary,50,0.5,1101
ordinary_n50_p0.5_seed1101,4V-FB,1564,8,True,False,27,0.04574026943683518,0.05199500361549363,-1,-6.138447576908845e-05,9.938742454125823e-29,2.019125229051081e-13,True,False,5.586999998286046e-05,9.15000009626965e-06,8.053999999901862e-05,ordinary,50,0.5,1101
ordinary_n50_p0.5_seed1101,4V-FB,1572,16,True,False,27,0.045740266478658725,0.05199500361549363,-1,-6.138486708939794e-05,9.938742454125823e-29,2.0191252290510665e-13,True,False,4.70500000346874e-05,9.149999982582813e-06,7.144999995034595e-05,ordinary,50,0.5,1101
ordinary_n50_p0.5_seed1101,4V-FB,1588,32,True,False,27,0.04574026128800843,0.05199500361549363,-1,-6.138555391066447e-05,9.938742454125823e-29,2.0191252290510443e-13,True,False,4.707000005055306e-05,9.040000009008509e-06,7.171000004291272e-05,ordinary,50,0.5,1101
ordinary_n50_p0.5_seed1101,4V-FB,1620,64,True,False,27,0.04574025328141086,0.05199500361549363,-1,-6.138661382459887e-05,9.938742454125823e-29,2.0191252290510168e-13,True,False,4.733999992367899e-05,9.12999996671715e-06,7.192999999006133e-05,ordinary,50,0.5,1101
ordinary_n50_p0.5_seed1101,4V-FB,1684,128,True,False,27,0.04574024368144497,0.05199500361549363,-1,-6.13878855801886e-05,9.938742454125823e-29,2.0191252290509976e-13,True,False,4.6489999931509374e-05,9.149999982582813e-06,7.113000003755587e-05,ordinary,50,0.5,1101
ordinary_n50_p0.5_seed1101,4V-FB,1812,256,True,False,27,0.04574023656905675,0.05199500361549363,-1,-6.13888286409292e-05,9.938742454125823e-29,2.0191252290509915e-13,True,False,5.265000004328613e-05,9.420000083082414e-06,7.801000003837544e-05,ordinary,50,0.5,1101
ordinary_n50_p0.5_seed1101,4V-FB,2068,512,True,False,27,0.04574023439306358,0.05199500361549363,-1,-6.138911739217434e-05,9.938742454125823e-29,2.019125229050991e-13,True,False,5.5900000006658956e-05,9.519999935037049e-06,8.966000007148978e-05,ordinary,50,0.5,1101
ordinary_n50_p0.5_seed1101,4V-FB,2397,841,False,True,27,0.04574023425702084,0.05199500361549363,-1,-6.138913545150615e-05,9.938742454125823e-29,2.019125229050991e-13,True,False,7.956000001740904e-05,9.499999919171387e-06,0.00010701999997309031,ordinary,50,0.5,1101
ordinary_n50_p0.5_seed1102,4V-FB,1830,1,True,False,28,0.03370770302594157,0.05163936026162418,1,-4.396465424738594e-05,7.47319720318821e-29,2.672098878322158e-13,True,False,9.015000000545115e-05,1.1000000085914508e-05,0.00012297000000671687,ordinary,50,0.5,1102
ordinary_n50_p0.5_seed1102,4V-FB,1831,2,True,False,28,0.0337077021027694,0.05163936026162418,1,-4.396469323220131e-05,7.47319720318821e-29,2.672098878322156e-13,True,False,5.755000006502087e-05,9.389999945597083e-06,8.386000001792127e-05,ordinary,50,0.5,1102
ordinary_n50_p0.5_seed1102,4V-FB,1833,4,True,False,28,0.03370770027839267,0.05163936026162418,1,-4.396477027146517e-05,7.47319720318821e-29,2.6720988783221527e-13,True,False,4.850000004807953e-05,8.829999956105894e-06,7.29700000192679e-05,ordinary,50,0.5,1102
ordinary_n50_p0.5_seed1102,4V-FB,1837,8,True,False,28,0.03370769671588577,0.05163936026162418,1,-4.396492071156999e-05,7.47319720318821e-29,2.6720988783221436e-13,True,False,4.498999999213993e-05,8.989999969344353e-06,6.917000007433671e-05,ordinary,50,0.5,1102
ordinary_n50_p0.5_seed1102,4V-FB,1845,16,True,False,28,0.03370768992329035,0.05163936026162418,1,-4.3965207551899255e-05,7.47319720318821e-29,2.6720988783221284e-13,True,False,4.5279999994818354e-05,9.159999990515644e-06,6.978999999773805e-05,ordinary,50,0.5,1102
ordinary_n50_p0.5_seed1102,4V-FB,1861,32,True,False,28,0.03370767757301991,0.05163936026162418,1,-4.396572908493823e-05,7.47319720318821e-29,2.6720988783221027e-13,True,False,4.5390000082079496e-05,9.15000009626965e-06,6.974000007176073e-05,ordinary,50,0.5,1102
ordinary_n50_p0.5_seed1102,4V-FB,1893,64,True,False,28,0.03370765713823596,0.05163936026162418,1,-4.396659200844866e-05,7.47319720318821e-29,2.6720988783220674e-13,True,False,4.6259999976427935e-05,9.1899999006273e-06,7.076999997934763e-05,ordinary,50,0.5,1102
ordinary_n50_p0.5_seed1102,4V-FB,1957,128,True,False,28,0.03370762905223263,0.05163936026162418,1,-4.39677780170733e-05,7.47319720318821e-29,2.672098878322035e-13,True,False,4.599000010330201e-05,9.270000077776785e-06,7.055000003219902e-05,ordinary,50,0.5,1102
ordinary_n50_p0.5_seed1102,4V-FB,2085,256,True,False,28,0.03370760209637872,0.05163936026162418,1,-4.396891629498967e-05,7.47319720318821e-29,2.6720988783220174e-13,True,False,5.032000001392589e-05,9.280000085709617e-06,7.531000005656097e-05,ordinary,50,0.5,1102
ordinary_n50_p0.5_seed1102,4V-FB,2341,512,True,False,28,0.033707588904933826,0.05163936026162418,1,-4.396947333340506e-05,7.47319720318821e-29,2.6720988783220143e-13,True,False,4.883000008248928e-05,9.419999969395576e-06,7.420999997975741e-05,ordinary,50,0.5,1102
ordinary_n50_p0.5_seed1102,4V-FB,2853,1024,True,False,28,0.03370758697535315,0.05163936026162418,1,-4.396955481311693e-05,7.47319720318821e-29,2.6720988783220154e-13,True,False,5.0649999934648804e-05,9.520000048723887e-06,7.600000003549212e-05,ordinary,50,0.5,1102
ordinary_n50_p0.5_seed1102,4V-FB,2984,1155,False,True,28,0.03370758695400399,0.05163936026162418,1,-4.3969555715062114e-05,7.47319720318821e-29,2.672098878322015e-13,True,False,4.799999999249849e-05,9.139999974649982e-06,7.274000006418646e-05,ordinary,50,0.5,1102
ordinary_n50_p0.5_seed1103,4V-FB,1907,1,True,False,27,0.031662016716340946,0.04687581089319526,1,-3.472724808384342e-05,2.6832561830640065e-28,2.683652639347839e-13,True,False,9.242999999514723e-05,1.0470000006534974e-05,0.0001242800000227362,ordinary,50,0.5,1103
ordinary_n50_p0.5_seed1103,4V-FB,1908,2,True,False,27,0.0316620167888655,0.04687581089319526,1,-3.4727218258368e-05,2.6832561830640065e-28,2.6836526393478374e-13,True,False,5.4579999982706795e-05,9.139999974649982e-06,8.005000006505725e-05,ordinary,50,0.5,1103
ordinary_n50_p0.5_seed1103,4V-FB,1910,4,True,False,27,0.031662016932515,0.04687581089319526,1,-3.472715918384495e-05,2.6832561830640065e-28,2.683652639347833e-13,True,False,4.623999996056227e-05,8.940000043367036e-06,7.033000008505041e-05,ordinary,50,0.5,1103
ordinary_n50_p0.5_seed1103,4V-FB,1914,8,True,False,27,0.03166201721430098,0.04687581089319526,1,-3.472704330054199e-05,2.6832561830640065e-28,2.683652639347826e-13,True,False,4.394000006868737e-05,8.989999969344353e-06,6.755999993401929e-05,ordinary,50,0.5,1103
ordinary_n50_p0.5_seed1103,4V-FB,1922,16,True,False,27,0.03166201775647595,0.04687581089319526,1,-3.4726820335784225e-05,2.6832561830640065e-28,2.6836526393478116e-13,True,False,4.393000006075454e-05,9.05000001694134e-06,6.799000004775735e-05,ordinary,50,0.5,1103
ordinary_n50_p0.5_seed1103,4V-FB,1938,32,True,False,27,0.031662018760215585,0.04687581089319526,1,-3.472640755486367e-05,2.6832561830640065e-28,2.6836526393477874e-13,True,False,4.337999996550934e-05,8.910000019568542e-06,6.732999997893785e-05,ordinary,50,0.5,1103
ordinary_n50_p0.5_seed1103,4V-FB,1970,64,True,False,27,0.031662020481468336,0.04687581089319526,1,-3.4725699700643986e-05,2.6832561830640065e-28,2.683652639347753e-13,True,False,4.330000001573353e-05,8.81000005392707e-06,6.676999998944666e-05,ordinary,50,0.5,1103
ordinary_n50_p0.5_seed1103,4V-FB,2034,128,True,False,27,0.031662023019050925,0.04687581089319526,1,-3.472465613318931e-05,2.6832561830640065e-28,2.6836526393477137e-13,True,False,5.512999996426515e-05,9.4600000011269e-06,8.172000002559798e-05,ordinary,50,0.5,1103
ordinary_n50_p0.5_seed1103,4V-FB,2162,256,True,False,27,0.03166202580601819,0.04687581089319526,1,-3.472351000599616e-05,2.6832561830640065e-28,2.68365263934769e-13,True,False,5.6550000067545625e-05,9.44999999319407e-06,8.289000004424452e-05,ordinary,50,0.5,1103
ordinary_n50_p0.5_seed1103,4V-FB,2418,512,True,False,27,0.0316620275567944,0.04687581089319526,1,-3.472279000593659e-05,2.6832561830640065e-28,2.6836526393476844e-13,True,False,5.0429999987500196e-05,9.11999995878432e-06,7.575999995879101e-05,ordinary,50,0.5,1103
ordinary_n50_p0.5_seed1103,4V-FB,2930,1024,True,False,27,0.03166202795525094,0.04687581089319526,1,-3.4722626141903135e-05,2.6832561830640065e-28,2.683652639347684e-13,True,False,5.0030000011247466e-05,9.259999956157117e-06,7.597000001169363e-05,ordinary,50,0.5,1103
ordinary_n50_p0.5_seed1103,4V-FB,3332,1426,False,True,27,0.03166202796922743,0.04687581089319526,1,-3.47226203936124e-05,2.6832561830640065e-28,2.683652639347684e-13,True,False,5.068999996638013e-05,9.360000035485427e-06,7.593999998789513e-05,ordinary,50,0.5,1103
ordinary_n50_p0.5_seed1104,4V-FB,1483,1,True,False,25,0.04939630539138758,0.049880099105955464,1,-6.140072424809517e-05,2.3294655069046762e-29,2.0946292228667431e-13,True,False,9.31600000058097e-05,1.0740000107034575e-05,0.00012559999993300153,ordinary,50,0.5,1104
ordinary_n50_p0.5_seed1104,4V-FB,1484,2,True,False,25,0.04939630534558065,0.049880099105955464,1,-6.140077819338785e-05,2.3294655069046762e-29,2.0946292228667406e-13,True,False,5.3380000053948606e-05,9.130000080403988e-06,7.878999997501523e-05,ordinary,50,0.5,1104
ordinary_n50_p0.5_seed1104,4V-FB,1486,4,True,False,25,0.04939630525547695,0.049880099105955464,1,-6.140088430495183e-05,2.3294655069046762e-29,2.094629222866737e-13,True,False,4.412999999203748e-05,8.859999979904387e-06,6.798999993407051e-05,ordinary,50,0.5,1104
ordinary_n50_p0.5_seed1104,4V-FB,1490,8,True,False,25,0.049396305081154876,0.049880099105955464,1,-6.140108959851176e-05,2.3294655069046762e-29,2.094629222866729e-13,True,False,4.177000005256559e-05,9.4600000011269e-06,6.627000004755246e-05,ordinary,50,0.5,1104
ordinary_n50_p0.5_seed1104,4V-FB,1498,16,True,False,25,0.049396304754871,0.049880099105955464,1,-6.140147385336192e-05,2.3294655069046762e-29,2.0946292228667149e-13,True,False,4.110999998374609e-05,8.979999961411522e-06,6.510999992315192e-05,ordinary,50,0.5,1104
ordinary_n50_p0.5_seed1104,4V-FB,1514,32,True,False,25,0.04939630418304196,0.049880099105955464,1,-6.140214727956561e-05,2.3294655069046762e-29,2.0946292228666944e-13,True,False,4.1880000026139896e-05,9.11999995878432e-06,6.613999994442565e-05,ordinary,50,0.5,1104
ordinary_n50_p0.5_seed1104,4V-FB,1546,64,True,False,25,0.04939630330314765,0.049880099105955464,1,-6.140318350578156e-05,2.3294655069046762e-29,2.0946292228666687e-13,True,False,4.2430000007698254e-05,9.180000006381306e-06,6.652000001849956e-05,ordinary,50,0.5,1104
ordinary_n50_p0.5_seed1104,4V-FB,1610,128,True,False,25,0.04939630225332807,0.049880099105955464,1,-6.140441984880951e-05,2.3294655069046762e-29,2.0946292228666508e-13,True,False,4.314000000249507e-05,8.850000085658394e-06,6.728999994720652e-05,ordinary,50,0.5,1104
ordinary_n50_p0.5_seed1104,4V-FB,1738,256,True,False,25,0.049396301483064814,0.049880099105955464,1,-6.140532696674583e-05,2.3294655069046762e-29,2.094629222866645e-13,True,False,4.29000000394808e-05,8.910000019568542e-06,6.689999997888663e-05,ordinary,50,0.5,1104
ordinary_n50_p0.5_seed1104,4V-FB,1994,512,True,False,25,0.0493963012516794,0.049880099105955464,1,-6.14055994638818e-05,2.3294655069046762e-29,2.0946292228666447e-13,True,False,4.3920000052821706e-05,8.999999977277184e-06,6.837000000814442e-05,ordinary,50,0.5,1104
ordinary_n50_p0.5_seed1104,4V-FB,2314,832,False,True,25,0.049396301237713575,0.049880099105955464,1,-6.14056159102816e-05,2.3294655069046762e-29,2.0946292228666455e-13,True,False,4.364000005807611e-05,8.869999987837218e-06,6.791000009798154e-05,ordinary,50,0.5,1104
ordinary_n50_p0.5_seed1105,4V-FB,1450,1,True,False,32,0.04531291368099563,0.049730324558257585,-1,-5.5975537916808094e-05,4.488739313275086e-29,2.489274057989489e-13,True,False,9.542000009332696e-05,1.0559999964243616e-05,0.00012771000001521315,ordinary,50,0.5,1105
ordinary_n50_p0.5_seed1105,4V-FB,1451,2,True,False,32,0.04531291362607981,0.049730324558257585,-1,-5.5975586639167574e-05,4.488739313275086e-29,2.489274057989487e-13,True,False,6.19600000391074e-05,9.340000019619765e-06,8.754000009503216e-05,ordinary,50,0.5,1105
ordinary_n50_p0.5_seed1105,4V-FB,1453,4,True,False,32,0.0453129135179144,0.049730324558257585,-1,-5.5975682617059874e-05,4.488739313275086e-29,2.489274057989484e-13,True,False,5.2800000048591755e-05,1.759999997830164e-05,8.587000002080458e-05,ordinary,50,0.5,1105
ordinary_n50_p0.5_seed1105,4V-FB,1457,8,True,False,32,0.04531291330809731,0.049730324558257585,-1,-5.5975868845425936e-05,4.488739313275086e-29,2.4892740579894746e-13,True,False,5.1559999974415405e-05,9.109999950851488e-06,7.601000004342495e-05,ordinary,50,0.5,1105
ordinary_n50_p0.5_seed1105,4V-FB,1465,16,True,False,32,0.04531291291330759,0.049730324558257585,-1,-5.597621942587949e-05,4.488739313275086e-29,2.4892740579894614e-13,True,False,5.033000002185872e-05,9.109999950851488e-06,7.468999990578595e-05,ordinary,50,0.5,1105
ordinary_n50_p0.5_seed1105,4V-FB,1481,32,True,False,32,0.0453129122141407,0.049730324558257585,-1,-5.5976840913185555e-05,4.488739313275086e-29,2.489274057989439e-13,True,False,4.9689999968904885e-05,9.040000009008509e-06,7.396000000881031e-05,ordinary,50,0.5,1105
ordinary_n50_p0.5_seed1105,4V-FB,1513,64,True,False,32,0.04531291111576184,0.049730324558257585,-1,-5.597781904675969e-05,4.488739313275086e-29,2.489274057989413e-13,True,False,5.045000000336586e-05,9.279999972022779e-06,8.006999996723607e-05,ordinary,50,0.5,1105
ordinary_n50_p0.5_seed1105,4V-FB,1577,128,True,False,32,0.04531290975085414,0.049730324558257585,-1,-5.597903838649998e-05,4.488739313275086e-29,2.4892740579893913e-13,True,False,5.020000003241876e-05,9.089999934985826e-06,7.91699999354023e-05,ordinary,50,0.5,1105
ordinary_n50_p0.5_seed1105,4V-FB,1705,256,True,False,32,0.04531290866821533,0.049730324558257585,-1,-5.5980010226441834e-05,4.488739313275086e-29,2.489274057989383e-13,True,False,5.0510000050962844e-05,9.040000009008509e-06,7.473000005120412e-05,ordinary,50,0.5,1105
ordinary_n50_p0.5_seed1105,4V-FB,1961,512,True,False,32,0.04531290829288748,0.049730324558257585,-1,-5.598034913356642e-05,4.488739313275086e-29,2.4892740579893827e-13,True,False,5.241000008027186e-05,9.269999964089948e-06,7.779000009122683e-05,ordinary,50,0.5,1105
ordinary_n50_p0.5_seed1105,4V-FB,2359,910,False,True,32,0.045312908263179186,0.049730324558257585,-1,-5.598037610488049e-05,4.488739313275086e-29,2.489274057989382e-13,True,False,5.3669999942940194e-05,9.379999937664252e-06,7.88099999908809e-05,ordinary,50,0.5,1105
ordinary_n50_p0.8_seed1101,4V-FB,3791,1,True,False,33,0.015171334881188795,0.011570052831207982,-1,-1.0134919508075768e-06,7.177381265054803e-24,2.2028765573689758e-13,True,False,0.0030540090000386044,1.3029999990976648e-05,0.0030939189999799055,ordinary,50,0.8,1101
ordinary_n50_p0.8_seed1101,4V-FB,3792,2,True,False,33,0.01517133480766313,0.011570052831207982,-1,-1.0134960866103881e-06,7.177381265054803e-24,2.2028765573689727e-13,True,False,7.531000005656097e-05,1.0790000033011893e-05,0.00010382000004938163,ordinary,50,0.8,1101
ordinary_n50_p0.8_seed1101,4V-FB,3794,4,True,False,33,0.015171334661405841,0.011570052831207982,-1,-1.0135043115866438e-06,7.177381265054803e-24,2.2028765573689687e-13,True,False,6.233999999949447e-05,1.0119999956259562e-05,8.849000005284324e-05,ordinary,50,0.8,1101
ordinary_n50_p0.8_seed1101,4V-FB,3798,8,True,False,33,0.015171334372044248,0.011570052831207982,-1,-1.0135205870120956e-06,7.177381265054803e-24,2.2028765573689594e-13,True,False,5.958999997801584e-05,1.0149999980058055e-05,8.637999997063162e-05,ordinary,50,0.8,1101
ordinary_n50_p0.8_seed1101,4V-FB,3806,16,True,False,33,0.015171333805724793,0.011570052831207982,-1,-1.0135524397547613e-06,7.177381265054803e-24,2.2028765573689414e-13,True,False,5.5470000006607734e-05,1.0080000038215076e-05,8.133000005727808e-05,ordinary,50,0.8,1101
ordinary_n50_p0.8_seed1101,4V-FB,3822,32,True,False,33,0.015171332721058667,0.011570052831207982,-1,-1.0136134438454292e-06,7.177381265054803e-24,2.2028765573689101e-13,True,False,5.60999999379419e-05,1.0040000006483751e-05,8.199000001241075e-05,ordinary,50,0.8,1101
ordinary_n50_p0.8_seed1101,4V-FB,3854,64,True,False,33,0.015171330731178727,0.011570052831207982,-1,-1.013725359655382e-06,7.177381265054803e-24,2.2028765573688571e-13,True,False,5.7099999935417145e-05,1.0079999924528238e-05,8.29599999860875e-05,ordinary,50,0.8,1101
ordinary_n50_p0.8_seed1101,4V-FB,3918,128,True,False,33,0.015171327379827517,0.011570052831207982,-1,-1.0139138479914322e-06,7.177381265054803e-24,2.2028765573687804e-13,True,False,5.744999998569256e-05,9.969999950953934e-06,8.319000005485577e-05,ordinary,50,0.8,1101
ordinary_n50_p0.8_seed1101,4V-FB,4046,256,True,False,33,0.015171322610892398,0.011570052831207982,-1,-1.0141820578901672e-06,7.177381265054803e-24,2.2028765573687026e-13,True,False,6.397000004199072e-05,9.95000004877511e-06,9.005000003980967e-05,ordinary,50,0.8,1101
ordinary_n50_p0.8_seed1101,4V-FB,4302,512,True,False,33,0.015171317718603744,0.011570052831207982,-1,-1.014457200021468e-06,7.177381265054803e-24,2.2028765573686595e-13,True,False,6.140000004961621e-05,1.001999999061809e-05,8.793999995759805e-05,ordinary,50,0.8,1101
ordinary_n50_p0.8_seed1101,4V-FB,4814,1024,True,False,33,0.015171315011289417,0.011570052831207982,-1,-1.0146094573393327e-06,7.177381265054803e-24,2.202876557368652e-13,True,False,6.324000003132824e-05,1.025999995363236e-05,9.094000006371061e-05,ordinary,50,0.8,1101
ordinary_n50_p0.8_seed1101,4V-FB,5838,2048,True,False,33,0.015171314519280945,0.011570052831207982,-1,-1.0146371272057308e-06,7.177381265054803e-24,2.2028765573686516e-13,True,False,6.631999997352978e-05,1.0350000025027839e-05,9.494999994785758e-05,ordinary,50,0.8,1101
ordinary_n50_p0.8_seed1101,4V-FB,6339,2549,False,True,33,0.015171314508869592,0.011570052831207982,-1,-1.0146377125153094e-06,7.177381265054803e-24,2.2028765573686516e-13,True,False,6.24599999810016e-05,1.0289999977430853e-05,8.92900000053487e-05,ordinary,50,0.8,1101
ordinary_n50_p0.8_seed1102,4V-FB,2970,1,True,False,32,0.02621207336663669,0.011471214290645062,1,-1.7217269938640811e-06,5.9760679350748686e-24,2.85985878207117e-13,True,False,9.454999997160485e-05,1.1289999974906095e-05,0.0001279699999940931,ordinary,50,0.8,1102
ordinary_n50_p0.8_seed1102,4V-FB,2971,2,True,False,32,0.026212073206397568,0.011471214290645062,1,-1.721733972726014e-06,5.9760679350748686e-24,2.8598587820711683e-13,True,False,6.134000000201922e-05,1.0529999940445123e-05,8.872000000792468e-05,ordinary,50,0.8,1102
ordinary_n50_p0.8_seed1102,4V-FB,2973,4,True,False,32,0.026212072888879667,0.011471214290645062,1,-1.721747804328544e-06,5.9760679350748686e-24,2.859858782071164e-13,True,False,5.322000004071015e-05,1.0080000038215076e-05,7.948000006763323e-05,ordinary,50,0.8,1102
ordinary_n50_p0.8_seed1102,4V-FB,2977,8,True,False,32,0.02621207226550839,0.011471214290645062,1,-1.7217749586073694e-06,5.9760679350748686e-24,2.859858782071155e-13,True,False,5.201999999826512e-05,1.0150000093744893e-05,7.788999994318146e-05,ordinary,50,0.8,1102
ordinary_n50_p0.8_seed1102,4V-FB,2985,16,True,False,32,0.026212071064101127,0.011471214290645062,1,-1.721827291856215e-06,5.9760679350748686e-24,2.859858782071139e-13,True,False,4.8949999950309575e-05,9.920000024976616e-06,7.420999997975741e-05,ordinary,50,0.8,1102
ordinary_n50_p0.8_seed1102,4V-FB,3001,32,True,False,32,0.02621206883251881,0.011471214290645062,1,-1.7219244998756267e-06,5.9760679350748686e-24,2.859858782071112e-13,True,False,4.981000006409886e-05,1.0050000014416582e-05,7.531000005656097e-05,ordinary,50,0.8,1102
ordinary_n50_p0.8_seed1102,4V-FB,3033,64,True,False,32,0.026212064980444698,0.011471214290645062,1,-1.722092297651301e-06,5.9760679350748686e-24,2.8598587820710693e-13,True,False,4.999999998744897e-05,9.93999992715544e-06,7.584999991649966e-05,ordinary,50,0.8,1102
ordinary_n50_p0.8_seed1102,4V-FB,3097,128,True,False,32,0.0262120592275228,0.011471214290645062,1,-1.7223428963042409e-06,5.9760679350748686e-24,2.859858782071023e-13,True,False,5.079999993995443e-05,1.001999999061809e-05,7.6459999945655e-05,ordinary,50,0.8,1102
ordinary_n50_p0.8_seed1102,4V-FB,3225,256,True,False,32,0.02621205274933231,0.011471214290645062,1,-1.7226250892399264e-06,5.9760679350748686e-24,2.859858782070992e-13,True,False,5.1389999953244114e-05,1.0100000054080738e-05,7.740999990346609e-05,ordinary,50,0.8,1102
ordinary_n50_p0.8_seed1102,4V-FB,3481,512,True,False,32,0.0262120484852005,0.011471214290645062,1,-1.7228108357691951e-06,5.9760679350748686e-24,2.859858782070985e-13,True,False,5.271999998512911e-05,1.509000003352412e-05,8.405000005495822e-05,ordinary,50,0.8,1102
ordinary_n50_p0.8_seed1102,4V-FB,3993,1024,True,False,32,0.026212047430538822,0.011471214290645062,1,-1.7228567776861325e-06,5.9760679350748686e-24,2.8598587820709845e-13,True,False,5.282000006445742e-05,1.0060000022349413e-05,7.926000000679778e-05,ordinary,50,0.8,1102
ordinary_n50_p0.8_seed1102,4V-FB,4459,1490,False,True,32,0.026212047386764265,0.011471214290645062,1,-1.7228586846051996e-06,5.9760679350748686e-24,2.8598587820709845e-13,True,False,5.73999999460284e-05,1.0330000009162177e-05,8.442000000741245e-05,ordinary,50,0.8,1102
ordinary_n50_p0.8_seed1103,4V-FB,1779,1,True,False,28,0.04192394645087212,0.010164109099905935,-1,-2.161569637948446e-06,9.749148363582326e-24,2.652657399473131e-13,True,False,0.00010802999997849838,1.1700000072778494e-05,0.0001442200000383309,ordinary,50,0.8,1103
ordinary_n50_p0.8_seed1103,4V-FB,1780,2,True,False,28,0.04192394611197561,0.010164109099905935,-1,-2.1615781897743602e-06,9.749148363582326e-24,2.652657399473129e-13,True,False,5.821000002015353e-05,1.0310000106983352e-05,8.550999996259634e-05,ordinary,50,0.8,1103
ordinary_n50_p0.8_seed1103,4V-FB,1782,4,True,False,28,0.04192394544284064,0.010164109099905935,-1,-2.1615950736020295e-06,9.749148363582326e-24,2.6526573994731255e-13,True,False,4.9439999997957784e-05,9.910000017043785e-06,7.503999995606137e-05,ordinary,50,0.8,1103
ordinary_n50_p0.8_seed1103,4V-FB,1786,8,True,False,28,0.041923944138511,0.010164109099905935,-1,-2.1616279846092823e-06,9.749148363582326e-24,2.652657399473118e-13,True,False,4.7479999921051785e-05,9.959999943021103e-06,7.33299999637893e-05,ordinary,50,0.8,1103
ordinary_n50_p0.8_seed1103,4V-FB,1794,16,True,False,28,0.04192394166032181,0.010164109099905935,-1,-2.1616905150345644e-06,9.749148363582326e-24,2.6526573994731043e-13,True,False,4.477000004499132e-05,9.920000024976616e-06,7.033000008505041e-05,ordinary,50,0.8,1103
ordinary_n50_p0.8_seed1103,4V-FB,1810,32,True,False,28,0.04192393718600383,0.010164109099905935,-1,-2.1618034109494033e-06,9.749148363582326e-24,2.6526573994730826e-13,True,False,4.580999996051105e-05,1.0150000093744893e-05,7.171999993715872e-05,ordinary,50,0.8,1103
ordinary_n50_p0.8_seed1103,4V-FB,1842,64,True,False,28,0.041923929884848554,0.010164109099905935,-1,-2.1619876329204146e-06,9.749148363582326e-24,2.6526573994730543e-13,True,False,4.5939999949951016e-05,1.0149999980058055e-05,7.1950000005927e-05,ordinary,50,0.8,1103
ordinary_n50_p0.8_seed1103,4V-FB,1906,128,True,False,28,0.04192392011869808,0.010164109099905935,-1,-2.162234050917533e-06,9.749148363582326e-24,2.6526573994730275e-13,True,False,4.621999994469661e-05,9.900000009110954e-06,7.155000002967427e-05,ordinary,50,0.8,1103
ordinary_n50_p0.8_seed1103,4V-FB,2034,256,True,False,28,0.04192391121939064,0.010164109099905935,-1,-2.1624585939683527e-06,9.749148363582326e-24,2.652657399473017e-13,True,False,4.672000000027765e-05,1.0149999980058055e-05,7.253000001128385e-05,ordinary,50,0.8,1103
ordinary_n50_p0.8_seed1103,4V-FB,2290,512,True,False,28,0.04192390725974532,0.010164109099905935,-1,-2.1625585029383387e-06,9.749148363582326e-24,2.6526573994730144e-13,True,False,5.5549999956383544e-05,1.0289999977430853e-05,8.268999999927473e-05,ordinary,50,0.8,1103
ordinary_n50_p0.8_seed1103,4V-FB,2802,1024,True,False,28,0.041923906769945625,0.010164109099905935,-1,-2.1625708610528704e-06,9.749148363582326e-24,2.652657399473015e-13,True,False,5.295999994814338e-05,1.0330000009162177e-05,8.02499999963402e-05,ordinary,50,0.8,1103
ordinary_n50_p0.8_seed1103,4V-FB,2853,1075,False,True,28,0.04192390676776885,0.010164109099905935,-1,-2.1625709156758433e-06,9.749148363582326e-24,2.6526573994730154e-13,True,False,4.664999994474783e-05,1.0180000003856549e-05,7.262999997692532e-05,ordinary,50,0.8,1103
ordinary_n50_p0.8_seed1104,4V-FB,2331,1,True,False,29,0.031979452361293376,0.010984807754786096,-1,-1.928286250674205e-06,2.755144647430172e-24,2.1462283737355572e-13,True,False,9.655000008024217e-05,1.1700000072778494e-05,0.0001313800000843912,ordinary,50,0.8,1104
ordinary_n50_p0.8_seed1104,4V-FB,2332,2,True,False,29,0.03197945235683798,0.010984807754786096,-1,-1.9282939929254894e-06,2.755144647430172e-24,2.1462283737355554e-13,True,False,5.912000005992013e-05,1.058999998804211e-05,8.697000009760814e-05,ordinary,50,0.8,1104
ordinary_n50_p0.8_seed1104,4V-FB,2334,4,True,False,29,0.03197945234802227,0.010984807754786096,-1,-1.928309311338694e-06,2.755144647430172e-24,2.1462283737355508e-13,True,False,4.908999994768237e-05,9.890000001178123e-06,7.470999992165162e-05,ordinary,50,0.8,1104
ordinary_n50_p0.8_seed1104,4V-FB,2338,8,True,False,29,0.03197945233076854,0.010984807754786096,-1,-1.9283392993507675e-06,2.755144647430172e-24,2.1462283737355423e-13,True,False,4.61399999949208e-05,9.96000005670794e-06,7.148999998207728e-05,ordinary,50,0.8,1104
ordinary_n50_p0.8_seed1104,4V-FB,2346,16,True,False,29,0.03197945229771976,0.010984807754786096,-1,-1.928396757833184e-06,2.755144647430172e-24,2.1462283737355276e-13,True,False,4.7900000026857015e-05,1.0159999987990886e-05,7.381000000350468e-05,ordinary,50,0.8,1104
ordinary_n50_p0.8_seed1104,4V-FB,2362,32,True,False,29,0.03197945223707903,0.010984807754786096,-1,-1.9285022530013407e-06,2.755144647430172e-24,2.1462283737355024e-13,True,False,4.727999998976884e-05,9.739999995872495e-06,7.243000004564237e-05,ordinary,50,0.8,1104
ordinary_n50_p0.8_seed1104,4V-FB,2394,64,True,False,29,0.03197945213490118,0.010984807754786096,-1,-1.9286802137585823e-06,2.755144647430172e-24,2.1462283737354665e-13,True,False,4.778000004534988e-05,1.0069999916595407e-05,7.38899999532805e-05,ordinary,50,0.8,1104
ordinary_n50_p0.8_seed1104,4V-FB,2458,128,True,False,29,0.03197945198932729,0.010984807754786096,-1,-1.928934250550185e-06,2.755144647430172e-24,2.1462283737354297e-13,True,False,4.7249999965970346e-05,9.999999974752427e-06,7.343900006162585e-05,ordinary,50,0.8,1104
ordinary_n50_p0.8_seed1104,4V-FB,2586,256,True,False,29,0.03197945183949852,0.010984807754786096,-1,-1.929196447925108e-06,2.755144647430172e-24,2.1462283737354082e-13,True,False,4.787000000305852e-05,9.839999961513968e-06,7.322999999814783e-05,ordinary,50,0.8,1104
ordinary_n50_p0.8_seed1104,4V-FB,2842,512,True,False,29,0.03197945175590117,0.010984807754786096,-1,-1.9293431905431646e-06,2.755144647430172e-24,2.1462283737354042e-13,True,False,4.9679999960972054e-05,1.0109999948326731e-05,7.586000003811932e-05,ordinary,50,0.8,1104
ordinary_n50_p0.8_seed1104,4V-FB,3354,1024,True,False,29,0.03197945174043686,0.010984807754786096,-1,-1.9293703967804277e-06,2.755144647430172e-24,2.1462283737354047e-13,True,False,5.241999997451785e-05,1.0119999956259562e-05,7.90800000913805e-05,ordinary,50,0.8,1104
ordinary_n50_p0.8_seed1104,4V-FB,3617,1287,False,True,29,0.031979451740093215,0.010984807754786096,-1,-1.92937100251811e-06,2.755144647430172e-24,2.1462283737354042e-13,True,False,4.9950000061471655e-05,1.0119999956259562e-05,7.621999998264073e-05,ordinary,50,0.8,1104
ordinary_n50_p0.8_seed1105,4V-FB,4198,1,True,False,33,0.019158437379322206,0.010943593255965682,1,-1.1456097230855278e-06,4.0056921411050706e-24,2.649397271716319e-13,True,False,0.00011345000007167982,1.133000000663742e-05,0.00014701999998578685,ordinary,50,0.8,1105
ordinary_n50_p0.8_seed1105,4V-FB,4199,2,True,False,33,0.019158437325892785,0.010943593255965682,1,-1.1456143487187376e-06,4.0056921411050706e-24,2.649397271716317e-13,True,False,7.185999993453152e-05,1.0660000043571927e-05,9.956999997484672e-05,ordinary,50,0.8,1105
ordinary_n50_p0.8_seed1105,4V-FB,4201,4,True,False,33,0.01915843721971503,0.010943593255965682,1,-1.1456235409212923e-06,4.0056921411050706e-24,2.649397271716313e-13,True,False,6.310999992820143e-05,1.0080000038215076e-05,8.922999995775172e-05,ordinary,50,0.8,1105
ordinary_n50_p0.8_seed1105,4V-FB,4205,8,True,False,33,0.019158437010058336,0.010943593255965682,1,-1.1456416930677449e-06,4.0056921411050706e-24,2.6493972717163045e-13,True,False,5.7760000004236645e-05,1.0050000014416582e-05,8.364000007077266e-05,ordinary,50,0.8,1105
ordinary_n50_p0.8_seed1105,4V-FB,4213,16,True,False,33,0.019158436601326247,0.010943593255965682,1,-1.1456770812046102e-06,4.0056921411050706e-24,2.6493972717162883e-13,True,False,5.878000001757755e-05,9.979999958886765e-06,8.470000000215805e-05,ordinary,50,0.8,1105
ordinary_n50_p0.8_seed1105,4V-FB,4229,32,True,False,33,0.019158435824541672,0.010943593255965682,1,-1.145744332298193e-06,4.0056921411050706e-24,2.64939727171626e-13,True,False,5.770999996457249e-05,1.0249999945699528e-05,8.40899999730027e-05,ordinary,50,0.8,1105
ordinary_n50_p0.8_seed1105,4V-FB,4261,64,True,False,33,0.01915843442133868,0.010943593255965682,1,-1.1458658195628857e-06,4.0056921411050706e-24,2.649397271716212e-13,True,False,5.755999995926686e-05,1.0250000059386366e-05,8.38400000020556e-05,ordinary,50,0.8,1105
ordinary_n50_p0.8_seed1105,4V-FB,4325,128,True,False,33,0.019158432129224107,0.010943593255965682,1,-1.146064268819913e-06,4.0056921411050706e-24,2.649397271716149e-13,True,False,5.997999994633574e-05,1.0470000006534974e-05,8.697999999185413e-05,ordinary,50,0.8,1105
ordinary_n50_p0.8_seed1105,4V-FB,4453,256,True,False,33,0.019158429057019644,0.010943593255965682,1,-1.146330260937134e-06,4.0056921411050706e-24,2.6493972717160904e-13,True,False,5.9720000081142643e-05,1.019000001178938e-05,8.640999999443011e-05,ordinary,50,0.8,1105
ordinary_n50_p0.8_seed1105,4V-FB,4709,512,True,False,33,0.01915842624660659,0.010943593255965682,1,-1.1465735907378871e-06,4.0056921411050706e-24,2.649397271716065e-13,True,False,6.0689999941132555e-05,1.0419999966870819e-05,8.867999997619336e-05,ordinary,50,0.8,1105
ordinary_n50_p0.8_seed1105,4V-FB,5221,1024,True,False,33,0.01915842498719901,0.010943593255965682,1,-1.1466826355110982e-06,4.0056921411050706e-24,2.649397271716062e-13,True,False,6.962999998449959e-05,1.0679999945750751e-05,9.7839999966709e-05,ordinary,50,0.8,1105
ordinary_n50_p0.8_seed1105,4V-FB,6245,2048,True,False,33,0.019158424829441363,0.010943593255965682,1,-1.146696295251104e-06,4.0056921411050706e-24,2.649397271716061e-13,True,False,6.293000001278415e-05,1.0289999977430853e-05,9.017000002131681e-05,ordinary,50,0.8,1105
ordinary_n50_p0.8_seed1105,4V-FB,6358,2161,False,True,33,0.01915842482866703,0.010943593255965682,1,-1.1466963623085746e-06,4.0056921411050706e-24,2.6493972717160616e-13,True,False,5.924999993567326e-05,1.019000001178938e-05,8.54200000048877e-05,ordinary,50,0.8,1105
ordinary_n100_p0.3_seed1101,4V-FB,1022,1,True,False,48,0.0626937484365108,0.08583907471723473,-1,-0.00022893971684112557,1.0411366703602796e-46,5.953100254624615e-13,True,False,0.00012672000002567074,1.3459999991027871e-05,0.00016385999992962752,ordinary,100,0.3,1101
ordinary_n100_p0.3_seed1101,4V-FB,1023,2,True,False,48,0.06269374806668818,0.08583907471723473,-1,-0.00022893982833238624,1.0411366703602796e-46,5.953100254624614e-13,True,False,9.442999999009771e-05,1.1849999964397284e-05,0.00012436999998044485,ordinary,100,0.3,1101
ordinary_n100_p0.3_seed1101,4V-FB,1025,4,True,False,48,0.06269374734236077,0.08583907471723473,-1,-0.00022894004670703794,1.0411366703602796e-46,5.953100254624609e-13,True,False,8.407999996506987e-05,1.134000001457025e-05,0.0001123900000266076,ordinary,100,0.3,1101
ordinary_n100_p0.3_seed1101,4V-FB,1029,8,True,False,48,0.06269374595302298,0.08583907471723473,-1,-0.00022894046560217873,1.0411366703602796e-46,5.953100254624603e-13,True,False,8.116999993035279e-05,1.1290000088592933e-05,0.00010950000000775617,ordinary,100,0.3,1101
ordinary_n100_p0.3_seed1101,4V-FB,1037,16,True,False,48,0.06269374339673547,0.08583907471723473,-1,-0.00022894123646111098,1.0411366703602796e-46,5.953100254624589e-13,True,False,7.886000003054505e-05,1.1530000051607203e-05,0.00010692000000744883,ordinary,100,0.3,1101
ordinary_n100_p0.3_seed1101,4V-FB,1053,32,True,False,48,0.06269373906636207,0.08583907471723473,-1,-0.00022894254267491476,1.0411366703602796e-46,5.953100254624571e-13,True,False,7.980000009411015e-05,1.1520000043674372e-05,0.0001086299999997209,ordinary,100,0.3,1101
ordinary_n100_p0.3_seed1101,4V-FB,1085,64,True,False,48,0.06269373283349242,0.08583907471723473,-1,-0.00022894442376042434,1.0411366703602796e-46,5.953100254624554e-13,True,False,8.002999993550475e-05,1.7749999983607267e-05,0.00011477999998987798,ordinary,100,0.3,1101
ordinary_n100_p0.3_seed1101,4V-FB,1149,128,True,False,48,0.06269372629672218,0.08583907471723473,-1,-0.0002289463984004314,1.0411366703602796e-46,5.953100254624542e-13,True,False,7.88090000014563e-05,1.1289999974906095e-05,0.00010719900001276983,ordinary,100,0.3,1101
ordinary_n100_p0.3_seed1101,4V-FB,1277,256,True,False,48,0.06269372252730225,0.08583907471723473,-1,-0.0002289475387105,1.0411366703602796e-46,5.95310025462454e-13,True,False,8.327000000463158e-05,1.1439999980211724e-05,0.00011254000003191322,ordinary,100,0.3,1101
ordinary_n100_p0.3_seed1101,4V-FB,1533,512,True,False,48,0.06269372179005447,0.08583907471723473,-1,-0.00022894776216109136,1.0411366703602796e-46,5.95310025462454e-13,True,False,8.449999995718827e-05,1.1610000001383014e-05,0.00011439000002155808,ordinary,100,0.3,1101
ordinary_n100_p0.3_seed1101,4V-FB,1681,660,False,True,48,0.06269372177144883,0.08583907471723473,-1,-0.00022894776781345882,1.0411366703602796e-46,5.95310025462454e-13,True,False,8.805999993910518e-05,1.1470000004010217e-05,0.00011698000002979825,ordinary,100,0.3,1101
ordinary_n100_p0.3_seed1102,4V-FB,4367,1,True,False,50,0.01206049591464685,0.08581104909800452,-1,-3.574954766971672e-05,4.014775628102211e-45,5.244109815406808e-13,True,False,0.00013380999996570608,1.3649999914377986e-05,0.00017159000003630354,ordinary,100,0.3,1102
ordinary_n100_p0.3_seed1102,4V-FB,4368,2,True,False,50,0.012060494405426126,0.08581104909800452,-1,-3.5749558451314556e-05,4.014775628102211e-45,5.244109815406805e-13,True,False,0.00010620000000471919,1.254999995126127e-05,0.00013785000010102522,ordinary,100,0.3,1102
ordinary_n100_p0.3_seed1102,4V-FB,4370,4,True,False,50,0.012060491399087105,0.08581104909800452,-1,-3.574957992569239e-05,4.014775628102211e-45,5.244109815406802e-13,True,False,8.662000004733272e-05,1.1710000080711325e-05,0.00011556000004020461,ordinary,100,0.3,1102
ordinary_n100_p0.3_seed1102,4V-FB,4374,8,True,False,50,0.012060485434521663,0.08581104909800452,-1,-3.5749622534275716e-05,4.014775628102211e-45,5.244109815406793e-13,True,False,8.231999993313366e-05,1.1659999927360332e-05,0.00011077999999997701,ordinary,100,0.3,1102
ordinary_n100_p0.3_seed1102,4V-FB,4382,16,True,False,50,0.012060473695450038,0.08581104909800452,-1,-3.574970639075303e-05,4.014775628102211e-45,5.244109815406776e-13,True,False,8.112000000437547e-05,1.173999999082298e-05,0.0001096500000130618,ordinary,100,0.3,1102
ordinary_n100_p0.3_seed1102,4V-FB,4398,32,True,False,50,0.01206045095882651,0.08581104909800452,-1,-3.5749868800394324e-05,4.014775628102211e-45,5.244109815406747e-13,True,False,8.106999996471131e-05,1.7389999925399025e-05,0.00011560999996618193,ordinary,100,0.3,1102
ordinary_n100_p0.3_seed1102,4V-FB,4430,64,True,False,50,0.012060408307760498,0.08581104909800452,-1,-3.5750173450033174e-05,4.014775628102211e-45,5.244109815406692e-13,True,False,8.145000003878522e-05,1.1719999974957318e-05,0.00011030999996819446,ordinary,100,0.3,1102
ordinary_n100_p0.3_seed1102,4V-FB,4494,128,True,False,50,0.012060333230983718,0.08581104909800452,-1,-3.575070965666782e-05,4.014775628102211e-45,5.244109815406608e-13,True,False,8.255000000190194e-05,1.1879999988195777e-05,0.0001115899999604153,ordinary,100,0.3,1102
ordinary_n100_p0.3_seed1102,4V-FB,4622,256,True,False,50,0.012060216706160299,0.08581104909800452,-1,-3.5751541765272066e-05,4.014775628102211e-45,5.244109815406506e-13,True,False,8.180999998330662e-05,1.157999997758452e-05,0.00011066000001846987,ordinary,100,0.3,1102
ordinary_n100_p0.3_seed1102,4V-FB,4878,512,True,False,50,0.01206007533347737,0.08581104909800452,-1,-3.5752551106327246e-05,4.014775628102211e-45,5.244109815406431e-13,True,False,9.34700000243538e-05,1.2289999972381338e-05,0.00012435999997251201,ordinary,100,0.3,1102
ordinary_n100_p0.3_seed1102,4V-FB,5390,1024,True,False,50,0.012059968292750233,0.08581104909800452,-1,-3.5753315183129075e-05,4.014775628102211e-45,5.244109815406405e-13,True,False,0.00013037999997322913,1.344999998309504e-05,0.0001682700000174009,ordinary,100,0.3,1102
ordinary_n100_p0.3_seed1102,4V-FB,6414,2048,True,False,50,0.012059934268908985,0.08581104909800452,-1,-3.57535580244317e-05,4.014775628102211e-45,5.244109815406403e-13,True,False,0.00010208000003331108,1.264000002265675e-05,0.0001343499999393316,ordinary,100,0.3,1102
ordinary_n100_p0.3_seed1102,4V-FB,7804,3438,False,True,50,0.012059931987544034,0.08581104909800452,-1,-3.5753574308294844e-05,4.014775628102211e-45,5.244109815406402e-13,True,False,9.95299999431154e-05,1.2169999990874203e-05,0.00013137999997070438,ordinary,100,0.3,1102
ordinary_n100_p0.3_seed1103,4V-FB,1915,1,True,False,53,0.0373879538536978,0.08672805462985421,1,-0.00013521231546320678,1.0290616541223908e-46,5.220134124512436e-13,True,False,0.00013816000000588247,1.3729999977840635e-05,0.00017668000009507523,ordinary,100,0.3,1103
ordinary_n100_p0.3_seed1103,4V-FB,1916,2,True,False,53,0.03738795282937094,0.08672805462985421,1,-0.0001352123827658147,1.0290616541223908e-46,5.220134124512434e-13,True,False,0.00010321000002022629,1.1719999974957318e-05,0.00013373000001593027,ordinary,100,0.3,1103
ordinary_n100_p0.3_seed1103,4V-FB,1918,4,True,False,53,0.037387950806531914,0.08672805462985421,1,-0.00013521251567283343,1.0290616541223908e-46,5.220134124512431e-13,True,False,9.131000001616485e-05,1.1690000064845663e-05,0.00012001000004602247,ordinary,100,0.3,1103
ordinary_n100_p0.3_seed1103,4V-FB,1922,8,True,False,53,0.037387946862105385,0.08672805462985421,1,-0.0001352127748353027,1.0290616541223908e-46,5.220134124512419e-13,True,False,8.657000000766857e-05,1.1449999988144555e-05,0.00011465000000043801,ordinary,100,0.3,1103
ordinary_n100_p0.3_seed1103,4V-FB,1930,16,True,False,53,0.03738793936263964,0.08672805462985421,1,-0.0001352132675735973,1.0290616541223908e-46,5.220134124512406e-13,True,False,8.601000001817738e-05,1.150000002780871e-05,0.0001143299999739611,ordinary,100,0.3,1103
ordinary_n100_p0.3_seed1103,4V-FB,1946,32,True,False,53,0.03738792580396046,0.08672805462985421,1,-0.0001352141584192168,1.0290616541223908e-46,5.220134124512382e-13,True,False,9.165000005850743e-05,1.1459999996077386e-05,0.00012029000004076806,ordinary,100,0.3,1103
ordinary_n100_p0.3_seed1103,4V-FB,1978,64,True,False,53,0.037387903619035025,0.08672805462985421,1,-0.00013521561603013765,1.0290616541223908e-46,5.220134124512351e-13,True,False,8.533000004717906e-05,1.1679999943225994e-05,0.00011428999994222977,ordinary,100,0.3,1103
ordinary_n100_p0.3_seed1103,4V-FB,2042,128,True,False,53,0.03738787378668521,0.08672805462985421,1,-0.00013521757608536689,1.0290616541223908e-46,5.220134124512321e-13,True,False,9.109000006901624e-05,1.1700000072778494e-05,0.00011998000002222398,ordinary,100,0.3,1103
ordinary_n100_p0.3_seed1103,4V-FB,2170,256,True,False,53,0.03738784632630746,0.08672805462985421,1,-0.00013521938028304703,1.0290616541223908e-46,5.220134124512308e-13,True,False,8.560000003399182e-05,1.1610000001383014e-05,0.00011416999996072263,ordinary,100,0.3,1103
ordinary_n100_p0.3_seed1103,4V-FB,2426,512,True,False,53,0.0373878338800497,0.08672805462985421,1,-0.00013522019801914809,1.0290616541223908e-46,5.220134124512307e-13,True,False,9.22499999660431e-05,1.1810000046352798e-05,0.00012164999998276471,ordinary,100,0.3,1103
ordinary_n100_p0.3_seed1103,4V-FB,2938,1024,True,False,53,0.03738783228952863,0.08672805462985421,1,-0.00013522030252133277,1.0290616541223908e-46,5.220134124512306e-13,True,False,8.89099999312748e-05,1.1930000027859933e-05,0.00011842000003525754,ordinary,100,0.3,1103
ordinary_n100_p0.3_seed1103,4V-FB,3004,1090,False,True,53,0.0373878322804649,0.08672805462985421,1,-0.0001352203031164123,1.0290616541223908e-46,5.220134124512306e-13,True,False,8.623000007901283e-05,1.1669999935293163e-05,0.00011484999993172096,ordinary,100,0.3,1103
ordinary_n100_p0.3_seed1104,4V-FB,1969,1,True,False,50,0.05013785498293132,0.08283539639808991,-1,-0.00016880790790274602,1.2355066705390412e-45,4.830042035850156e-13,True,False,0.0001298799999176481,1.354000005449052e-05,0.00016777999996975268,ordinary,100,0.3,1104
ordinary_n100_p0.3_seed1104,4V-FB,1970,2,True,False,50,0.0501378543394069,0.08283539639808991,-1,-0.00016880798989760137,1.2355066705390412e-45,4.830042035850155e-13,True,False,9.757999998782907e-05,1.2150000088695379e-05,0.00012823999998090585,ordinary,100,0.3,1104
ordinary_n100_p0.3_seed1104,4V-FB,1972,4,True,False,50,0.050137853072408964,0.08283539639808991,-1,-0.0001688081513346873,1.2355066705390412e-45,4.830042035850151e-13,True,False,8.637999997063162e-05,1.183000006221846e-05,0.00011527999993177218,ordinary,100,0.3,1104
ordinary_n100_p0.3_seed1104,4V-FB,1976,8,True,False,50,0.050137850616687754,0.08283539639808991,-1,-0.00016880846422662188,1.2355066705390412e-45,4.830042035850143e-13,True,False,8.169000000179949e-05,1.1870000093949784e-05,0.00011063000010835822,ordinary,100,0.3,1104
ordinary_n100_p0.3_seed1104,4V-FB,1984,16,True,False,50,0.0501378460034805,0.08283539639808991,-1,-0.0001688090519875729,1.2355066705390412e-45,4.830042035850131e-13,True,False,8.164999997006817e-05,1.1800000038419967e-05,0.00011059999997087289,ordinary,100,0.3,1104
ordinary_n100_p0.3_seed1104,4V-FB,2000,32,True,False,50,0.05013783786000239,0.08283539639808991,-1,-0.0001688100894545741,1.2355066705390412e-45,4.83004203585011e-13,True,False,8.121999997001694e-05,1.1699999959091656e-05,0.00011009000002104585,ordinary,100,0.3,1104
ordinary_n100_p0.3_seed1104,4V-FB,2032,64,True,False,50,0.05013782514985792,0.08283539639808991,-1,-0.00016881170848570548,1.2355066705390412e-45,4.830042035850086e-13,True,False,8.136000008107658e-05,1.1829999948531622e-05,0.00011085000005550683,ordinary,100,0.3,1104
ordinary_n100_p0.3_seed1104,4V-FB,2096,128,True,False,50,0.050137809561052876,0.08283539639808991,-1,-0.00016881369373944466,1.2355066705390412e-45,4.830042035850067e-13,True,False,8.25700000177676e-05,1.173999999082298e-05,0.00011194000001069071,ordinary,100,0.3,1104
ordinary_n100_p0.3_seed1104,4V-FB,2224,256,True,False,50,0.050137797513915,0.08283539639808991,-1,-0.00016881522744505162,1.2355066705390412e-45,4.830042035850062e-13,True,False,8.558000001812616e-05,1.157999997758452e-05,0.00011474999996607949,ordinary,100,0.3,1104
ordinary_n100_p0.3_seed1104,4V-FB,2480,512,True,False,50,0.050137793541251655,0.08283539639808991,-1,-0.0001688157330086426,1.2355066705390412e-45,4.830042035850062e-13,True,False,8.313000000725879e-05,1.1990000075456919e-05,0.00011279000000286032,ordinary,100,0.3,1104
ordinary_n100_p0.3_seed1104,4V-FB,2848,880,False,True,50,0.05013779325609828,0.08283539639808991,-1,-0.00016881576928717834,1.2355066705390412e-45,4.830042035850062e-13,True,False,8.456000000478525e-05,1.1959999937971588e-05,0.00011400000005323818,ordinary,100,0.3,1104
ordinary_n100_p0.3_seed1105,4V-FB,1384,1,True,False,56,0.02781645389886358,0.08826643159802369,1,-0.0001083141007436339,1.4916680030664171e-46,5.331828613715812e-13,True,False,0.00014062000002468267,1.3230000035946432e-05,0.00017834000004768313,ordinary,100,0.3,1105
ordinary_n100_p0.3_seed1105,4V-FB,1385,2,True,False,56,0.027816453907585525,0.08826643159802369,1,-0.00010831404472178008,1.4916680030664171e-46,5.33182861371581e-13,True,False,0.00010515999997551262,1.1719999974957318e-05,0.00013536999995267252,ordinary,100,0.3,1105
ordinary_n100_p0.3_seed1105,4V-FB,1387,4,True,False,56,0.0278164539248592,0.08826643159802369,1,-0.00010831393375632103,1.4916680030664171e-46,5.331828613715805e-13,True,False,9.589000001142267e-05,1.1400000062167237e-05,0.00012483000000429456,ordinary,100,0.3,1105
ordinary_n100_p0.3_seed1105,4V-FB,1391,8,True,False,56,0.027816453958732702,0.08826643159802369,1,-0.00010831371607178397,1.4916680030664171e-46,5.331828613715797e-13,True,False,9.326999997938401e-05,1.1520000043674372e-05,0.00012249000008068833,ordinary,100,0.3,1105
ordinary_n100_p0.3_seed1105,4V-FB,1399,16,True,False,56,0.02781645402386944,0.08826643159802369,1,-0.00010831329719174221,1.4916680030664171e-46,5.331828613715782e-13,True,False,9.018900004775787e-05,1.1629999903561838e-05,0.00012569900002290524,ordinary,100,0.3,1105
ordinary_n100_p0.3_seed1105,4V-FB,1415,32,True,False,56,0.02781645414432872,0.08826643159802369,1,-0.00010831252155085735,1.4916680030664171e-46,5.331828613715754e-13,True,False,9.06999999870095e-05,1.1210000025130284e-05,0.00011924000000362867,ordinary,100,0.3,1105
ordinary_n100_p0.3_seed1105,4V-FB,1447,64,True,False,56,0.027816454350522345,0.08826643159802369,1,-0.00010831119090681796,1.4916680030664171e-46,5.331828613715714e-13,True,False,9.117000001879205e-05,1.1490000019875879e-05,0.0001194999999825086,ordinary,100,0.3,1105
ordinary_n100_p0.3_seed1105,4V-FB,1511,128,True,False,56,0.027816454653745028,0.08826643159802369,1,-0.00010830922761417838,1.4916680030664171e-46,5.33182861371567e-13,True,False,9.137999995800783e-05,1.1410000070100068e-05,0.00012025000000903674,ordinary,100,0.3,1105
ordinary_n100_p0.3_seed1105,4V-FB,1639,256,True,False,56,0.027816454986013837,0.08826643159802369,1,-0.00010830706805098345,1.4916680030664171e-46,5.331828613715643e-13,True,False,9.302000000843691e-05,1.1729999982890149e-05,0.00012218000006214425,ordinary,100,0.3,1105
ordinary_n100_p0.3_seed1105,4V-FB,1895,512,True,False,56,0.027816455194759893,0.08826643159802369,1,-0.0001083057075081939,1.4916680030664171e-46,5.331828613715637e-13,True,False,9.883899997475964e-05,1.1939999922105926e-05,0.00012929900003655348,ordinary,100,0.3,1105
ordinary_n100_p0.3_seed1105,4V-FB,2407,1024,True,False,56,0.02781645524246216,0.08826643159802369,1,-0.00010830539627715297,1.4916680030664171e-46,5.331828613715638e-13,True,False,0.00010866000002351939,1.1949999930038757e-05,0.00013927999998486484,ordinary,100,0.3,1105
ordinary_n100_p0.3_seed1105,4V-FB,2812,1429,False,True,56,0.027816455244152404,0.08826643159802369,1,-0.00010830538525130606,1.4916680030664171e-46,5.331828613715637e-13,True,False,9.61800000141011e-05,1.1689999951158825e-05,0.00012571000002026267,ordinary,100,0.3,1105
ordinary_n100_p0.5_seed1101,4V-FB,1542,1,True,False,51,0.04450507276618727,0.04944142818870401,1,-5.4281130242195275e-05,9.533972675049429e-32,5.277084562092827e-13,True,False,0.00013544000000820233,1.1820000054285629e-05,0.00017074000004413392,ordinary,100,0.5,1101
ordinary_n100_p0.5_seed1101,4V-FB,1543,2,True,False,51,0.04450507267292027,0.04944142818870401,1,-5.428117337569205e-05,9.533972675049429e-32,5.277084562092823e-13,True,False,9.918000000652683e-05,1.082999995105638e-05,0.00012802999992800324,ordinary,100,0.5,1101
ordinary_n100_p0.5_seed1101,4V-FB,1545,4,True,False,51,0.04450507248905851,0.04944142818870401,1,-5.428125837170228e-05,9.533972675049429e-32,5.277084562092819e-13,True,False,8.912999999211024e-05,1.0610000003907771e-05,0.00011639000001650857,ordinary,100,0.5,1101
ordinary_n100_p0.5_seed1101,4V-FB,1549,8,True,False,51,0.04450507213179272,0.04944142818870401,1,-5.428142341568076e-05,9.533972675049429e-32,5.277084562092811e-13,True,False,8.75200000791665e-05,1.053000005413196e-05,0.00011491000009300478,ordinary,100,0.5,1101
ordinary_n100_p0.5_seed1101,4V-FB,1557,16,True,False,51,0.04450507145726823,0.04944142818870401,1,-5.428173459698371e-05,9.533972675049429e-32,5.277084562092797e-13,True,False,8.385000000998843e-05,1.0549999956310785e-05,0.00011051000001316424,ordinary,100,0.5,1101
ordinary_n100_p0.5_seed1101,4V-FB,1573,32,True,False,51,0.044505070254681964,0.04944142818870401,1,-5.428228791259926e-05,9.533972675049429e-32,5.277084562092776e-13,True,False,8.494999997310515e-05,1.0400000064691994e-05,0.0001117299999577881,ordinary,100,0.5,1101
ordinary_n100_p0.5_seed1101,4V-FB,1605,64,True,False,51,0.04450506834096381,0.04944142818870401,1,-5.428316397892985e-05,9.533972675049429e-32,5.277084562092749e-13,True,False,9.233000002950575e-05,1.0550000069997623e-05,0.0001194699999587101,ordinary,100,0.5,1101
ordinary_n100_p0.5_seed1101,4V-FB,1669,128,True,False,51,0.04450506590530602,0.04944142818870401,1,-5.428426886400217e-05,9.533972675049429e-32,5.277084562092729e-13,True,False,8.465999997042672e-05,1.0289999977430853e-05,0.00011160999997628096,ordinary,100,0.5,1101
ordinary_n100_p0.5_seed1101,4V-FB,1797,256,True,False,51,0.04450506389098752,0.04944142818870401,1,-5.428516909233849e-05,9.533972675049429e-32,5.277084562092722e-13,True,False,8.596999998644606e-05,1.0459999998602143e-05,0.00011300000005576294,ordinary,100,0.5,1101
ordinary_n100_p0.5_seed1101,4V-FB,2053,512,True,False,51,0.04450506314463899,0.04944142818870401,1,-5.4285495788342075e-05,9.533972675049429e-32,5.277084562092721e-13,True,False,8.905000004233443e-05,1.0800000040944724e-05,0.00011727999992672267,ordinary,100,0.5,1101
ordinary_n100_p0.5_seed1101,4V-FB,2466,925,False,True,51,0.04450506307932585,0.04944142818870401,1,-5.428552371977702e-05,9.533972675049429e-32,5.277084562092721e-13,True,False,8.896999997887178e-05,1.0620000011840602e-05,0.00011681000000862696,ordinary,100,0.5,1101
ordinary_n100_p0.5_seed1102,4V-FB,3190,1,True,False,49,0.06931567203073233,0.04942313415792066,-1,-8.45726487348486e-05,7.936733867178842e-31,4.621859175909115e-13,True,False,0.00013065000007372873,1.2259999948582845e-05,0.00016617999995105492,ordinary,100,0.5,1102
ordinary_n100_p0.5_seed1102,4V-FB,3191,2,True,False,49,0.06931567212350265,0.04942313415792066,-1,-8.457257517946459e-05,7.936733867178842e-31,4.621859175909114e-13,True,False,9.554999996908009e-05,1.0879999990720535e-05,0.0001242800000227362,ordinary,100,0.5,1102
ordinary_n100_p0.5_seed1102,4V-FB,3193,4,True,False,49,0.06931567230482208,0.04942313415792066,-1,-8.457243142867554e-05,7.936733867178842e-31,4.62185917590911e-13,True,False,9.534000002986431e-05,1.0670000051504758e-05,0.00012294000009660522,ordinary,100,0.5,1102
ordinary_n100_p0.5_seed1102,4V-FB,3197,8,True,False,49,0.06931567265116437,0.04942313415792066,-1,-8.457215686785702e-05,7.936733867178842e-31,4.621859175909102e-13,True,False,8.129000002554676e-05,1.0480000014467805e-05,0.00010809000002609537,ordinary,100,0.5,1102
ordinary_n100_p0.5_seed1102,4V-FB,3205,16,True,False,49,0.06931567328313712,0.04942313415792066,-1,-8.45716559521037e-05,7.936733867178842e-31,4.621859175909091e-13,True,False,8.061000005454844e-05,1.0410000072624825e-05,0.00010727999995197024,ordinary,100,0.5,1102
ordinary_n100_p0.5_seed1102,4V-FB,3221,32,True,False,49,0.06931567433619171,0.04942313415792066,-1,-8.45708215120311e-05,7.936733867178842e-31,4.621859175909073e-13,True,False,7.940000000417058e-05,1.0340000017095008e-05,0.00010579000002053363,ordinary,100,0.5,1102
ordinary_n100_p0.5_seed1102,4V-FB,3253,64,True,False,49,0.06931567580348794,0.04942313415792066,-1,-8.456965935099703e-05,7.936733867178842e-31,4.621859175909057e-13,True,False,8.02499999963402e-05,1.0570000085863285e-05,0.00010739000003923138,ordinary,100,0.5,1102
ordinary_n100_p0.5_seed1102,4V-FB,3317,128,True,False,49,0.0693156772488023,0.04942313415792066,-1,-8.456851528393372e-05,7.936733867178842e-31,4.621859175909049e-13,True,False,8.04999999672873e-05,1.0680000059437589e-05,0.00010752000002867135,ordinary,100,0.5,1102
ordinary_n100_p0.5_seed1102,4V-FB,3445,256,True,False,49,0.06931567799037858,0.04942313415792066,-1,-8.456792861633033e-05,7.936733867178842e-31,4.621859175909046e-13,True,False,8.692999995218997e-05,1.0780000025079062e-05,0.00011472000005596783,ordinary,100,0.5,1102
ordinary_n100_p0.5_seed1102,4V-FB,3701,512,True,False,49,0.06931567810821995,0.04942313415792066,-1,-8.456783542420965e-05,7.936733867178842e-31,4.621859175909046e-13,True,False,8.491999994930666e-05,1.066999993781792e-05,0.00011275000008481584,ordinary,100,0.5,1102
ordinary_n100_p0.5_seed1102,4V-FB,3788,599,False,True,49,0.0693156781099433,0.04942313415792066,-1,-8.456783406174395e-05,7.936733867178842e-31,4.621859175909046e-13,True,False,8.11600000361068e-05,1.0660000043571927e-05,0.00010866000002351939,ordinary,100,0.5,1102
ordinary_n100_p0.5_seed1103,4V-FB,1729,1,True,False,54,0.0371892996077659,0.05002213168593275,-1,-4.6481791172503506e-05,9.712542601066142e-32,5.110292884332197e-13,True,False,0.00018138999996608618,1.2269999956515676e-05,0.00021876000005249807,ordinary,100,0.5,1103
ordinary_n100_p0.5_seed1103,4V-FB,1730,2,True,False,54,0.03718929956659105,0.05002213168593275,-1,-4.64818321486149e-05,9.712542601066142e-32,5.110292884332195e-13,True,False,0.00010569000005489215,1.0910000014519028e-05,0.00013467999997374136,ordinary,100,0.5,1103
ordinary_n100_p0.5_seed1103,4V-FB,1732,4,True,False,54,0.037189299485270416,0.05002213168593275,-1,-4.6481913083873394e-05,9.712542601066142e-32,5.110292884332191e-13,True,False,9.55199999452816e-05,1.0449999990669312e-05,0.00012271000002783694,ordinary,100,0.5,1103
ordinary_n100_p0.5_seed1103,4V-FB,1736,8,True,False,54,0.03718929932666169,0.05002213168593275,-1,-4.648207093804757e-05,9.712542601066142e-32,5.110292884332183e-13,True,False,8.881999997356615e-05,1.0370000040893501e-05,0.00011546000007456314,ordinary,100,0.5,1103
ordinary_n100_p0.5_seed1103,4V-FB,1744,16,True,False,54,0.037189299024957906,0.05002213168593275,-1,-4.6482371206302275e-05,9.712542601066142e-32,5.110292884332169e-13,True,False,8.789000003162073e-05,1.0550000069997623e-05,0.00011509000000842207,ordinary,100,0.5,1103
ordinary_n100_p0.5_seed1103,4V-FB,1760,32,True,False,54,0.037189298478975355,0.05002213168593275,-1,-4.648291459208309e-05,9.712542601066142e-32,5.110292884332145e-13,True,False,8.822999996027647e-05,1.0610000003907771e-05,0.00011512999992646655,ordinary,100,0.5,1103
ordinary_n100_p0.5_seed1103,4V-FB,1792,64,True,False,54,0.037189297583952646,0.05002213168593275,-1,-4.648380534977292e-05,9.712542601066142e-32,5.110292884332113e-13,True,False,8.891999993920763e-05,1.058999998804211e-05,0.00011627999992924742,ordinary,100,0.5,1103
ordinary_n100_p0.5_seed1103,4V-FB,1856,128,True,False,54,0.03718929637599029,0.05002213168593275,-1,-4.64850075481138e-05,9.712542601066142e-32,5.110292884332083e-13,True,False,8.990000003450405e-05,1.07600000092134e-05,0.00011740999991616263,ordinary,100,0.5,1103
ordinary_n100_p0.5_seed1103,4V-FB,1984,256,True,False,54,0.03718929525626932,0.05002213168593275,-1,-4.6486121912714395e-05,9.712542601066142e-32,5.110292884332069e-13,True,False,9.126999998443353e-05,1.0470000006534974e-05,0.0001188600000432416,ordinary,100,0.5,1103
ordinary_n100_p0.5_seed1103,4V-FB,2240,512,True,False,54,0.037189294742219034,0.05002213168593275,-1,-4.648663350081961e-05,9.712542601066142e-32,5.110292884332066e-13,True,False,9.211899998717854e-05,1.085000008060888e-05,0.00012036900000111928,ordinary,100,0.5,1103
ordinary_n100_p0.5_seed1103,4V-FB,2752,1024,True,False,54,0.037189294675030585,0.05002213168593275,-1,-4.6486700366443756e-05,9.712542601066142e-32,5.110292884332067e-13,True,False,9.314999999787688e-05,1.0459999998602143e-05,0.00012071000003288646,ordinary,100,0.5,1103
ordinary_n100_p0.5_seed1103,4V-FB,2828,1100,False,True,54,0.03718929467459073,0.05002213168593275,-1,-4.648670080253936e-05,9.712542601066142e-32,5.110292884332067e-13,True,False,8.917000002384157e-05,1.0529999940445123e-05,0.00011600000004818867,ordinary,100,0.5,1103
ordinary_n100_p0.5_seed1104,4V-FB,3252,1,True,False,59,0.018516058087324608,0.04748532247976192,1,-2.083754740134225e-05,3.691026524785028e-31,4.97276664494778e-13,True,False,0.00015243999996528146,1.2260000062269683e-05,0.00018791000002238434,ordinary,100,0.5,1104
ordinary_n100_p0.5_seed1104,4V-FB,3253,2,True,False,59,0.018516058050473988,0.04748532247976192,1,-2.0837565472220376e-05,3.691026524785028e-31,4.972766644947779e-13,True,False,0.00011134999999740103,1.1009999980160501e-05,0.00014057000009870535,ordinary,100,0.5,1104
ordinary_n100_p0.5_seed1104,4V-FB,3255,4,True,False,59,0.01851605797719571,0.04748532247976192,1,-2.0837601404366524e-05,3.691026524785028e-31,4.972766644947775e-13,True,False,0.00010309000003871915,1.052000004619913e-05,0.00013076999994154903,ordinary,100,0.5,1104
ordinary_n100_p0.5_seed1104,4V-FB,3259,8,True,False,59,0.0185160578323214,0.04748532247976192,1,-2.083767244798196e-05,3.691026524785028e-31,4.972766644947767e-13,True,False,9.785999998257466e-05,1.019000001178938e-05,0.00012462999995932478,ordinary,100,0.5,1104
ordinary_n100_p0.5_seed1104,4V-FB,3267,16,True,False,59,0.018516057549186088,0.04748532247976192,1,-2.0837811287144348e-05,3.691026524785028e-31,4.972766644947752e-13,True,False,9.579999994002719e-05,1.0379999935139494e-05,0.0001225600000225313,ordinary,100,0.5,1104
ordinary_n100_p0.5_seed1104,4V-FB,3283,32,True,False,59,0.018516057008434485,0.04748532247976192,1,-2.083807645814062e-05,3.691026524785028e-31,4.972766644947725e-13,True,False,9.70600000300692e-05,1.0379999935139494e-05,0.00012358000003587222,ordinary,100,0.5,1104
ordinary_n100_p0.5_seed1104,4V-FB,3315,64,True,False,59,0.01851605602196959,0.04748532247976192,1,-2.083856019385877e-05,3.691026524785028e-31,4.97276664494768e-13,True,False,9.907999992719851e-05,1.042999997480365e-05,0.00012656000001243228,ordinary,100,0.5,1104
ordinary_n100_p0.5_seed1104,4V-FB,3379,128,True,False,59,0.01851605437900017,0.04748532247976192,1,-2.0839365877378668e-05,3.691026524785028e-31,4.972766644947614e-13,True,False,9.835000003022287e-05,1.0340000017095008e-05,0.00012545000004138274,ordinary,100,0.5,1104
ordinary_n100_p0.5_seed1104,4V-FB,3507,256,True,False,59,0.018516052091610724,0.04748532247976192,1,-2.084048759076751e-05,3.691026524785028e-31,4.972766644947552e-13,True,False,9.771999998520187e-05,1.0410000072624825e-05,0.0001249800000096002,ordinary,100,0.5,1104
ordinary_n100_p0.5_seed1104,4V-FB,3763,512,True,False,59,0.01851604984140559,0.04748532247976192,1,-2.0841591102715995e-05,3.691026524785028e-31,4.972766644947521e-13,True,False,9.996000005685346e-05,1.0340000017095008e-05,0.00012757999991208635,ordinary,100,0.5,1104
ordinary_n100_p0.5_seed1104,4V-FB,4275,1024,True,False,59,0.01851604868896601,0.04748532247976192,1,-2.084215627817798e-05,3.691026524785028e-31,4.972766644947515e-13,True,False,0.00010238999993816833,1.0349999911341001e-05,0.0001299499999731779,ordinary,100,0.5,1104
ordinary_n100_p0.5_seed1104,4V-FB,5299,2048,True,False,59,0.01851604850630275,0.04748532247976192,1,-2.0842245859853392e-05,3.691026524785028e-31,4.972766644947516e-13,True,False,0.00010468000004948408,1.042999997480365e-05,0.00013249000005544076,ordinary,100,0.5,1104
ordinary_n100_p0.5_seed1104,4V-FB,5643,2392,False,True,59,0.018516048503654563,0.04748532247976192,1,-2.084224715925842e-05,3.691026524785028e-31,4.972766644947515e-13,True,False,9.967000005417503e-05,1.020000001972221e-05,0.00012669000000187225,ordinary,100,0.5,1104
ordinary_n100_p0.5_seed1105,4V-FB,2096,1,True,False,56,0.042622809253693175,0.051028909594245254,-1,-5.536994530697115e-05,1.2464206911367776e-31,5.205946146539229e-13,True,False,0.00014265999993767764,1.2129999959142879e-05,0.0001784700000371231,ordinary,100,0.5,1105
ordinary_n100_p0.5_seed1105,4V-FB,2097,2,True,False,56,0.042622809137143405,0.051028909594245254,-1,-5.5369994355736196e-05,1.2464206911367776e-31,5.205946146539227e-13,True,False,0.00011913999992430035,1.1110000059488812e-05,0.00014822999992247787,ordinary,100,0.5,1105
ordinary_n100_p0.5_seed1105,4V-FB,2099,4,True,False,56,0.04262280890747845,0.051028909594245254,-1,-5.537009101175272e-05,1.2464206911367776e-31,5.205946146539222e-13,True,False,9.607000015421363e-05,1.0160000101677724e-05,0.0001229300000886724,ordinary,100,0.5,1105
ordinary_n100_p0.5_seed1105,4V-FB,2103,8,True,False,56,0.04262280846157372,0.051028909594245254,-1,-5.537027867319466e-05,1.2464206911367776e-31,5.205946146539214e-13,True,False,9.270000009564683e-05,1.0230000043520704e-05,0.00011946000017815095,ordinary,100,0.5,1105
ordinary_n100_p0.5_seed1105,4V-FB,2111,16,True,False,56,0.042622807621053665,0.051028909594245254,-1,-5.537063240179663e-05,1.2464206911367776e-31,5.205946146539201e-13,True,False,9.096999997382227e-05,1.0420000080557656e-05,0.00011775000007219205,ordinary,100,0.5,1105
ordinary_n100_p0.5_seed1105,4V-FB,2127,32,True,False,56,0.042622806127224036,0.051028909594245254,-1,-5.5371261063363875e-05,1.2464206911367776e-31,5.205946146539179e-13,True,False,9.175899981528346e-05,1.0359999805586995e-05,0.00011859899996125023,ordinary,100,0.5,1105
ordinary_n100_p0.5_seed1105,4V-FB,2159,64,True,False,56,0.042622803764261794,0.051028909594245254,-1,-5.537225544749447e-05,1.2464206911367776e-31,5.205946146539151e-13,True,False,9.312000020145206e-05,1.0500000144020305e-05,0.00012020000008305942,ordinary,100,0.5,1105
ordinary_n100_p0.5_seed1105,4V-FB,2223,128,True,False,56,0.04262280078955763,0.051028909594245254,-1,-5.537350717510492e-05,1.2464206911367776e-31,5.205946146539125e-13,True,False,9.374000001116656e-05,1.0480000128154643e-05,0.0001209399999879679,ordinary,100,0.5,1105
ordinary_n100_p0.5_seed1105,4V-FB,2351,256,True,False,56,0.04262279837422246,0.051028909594245254,-1,-5.5374523391549246e-05,1.2464206911367776e-31,5.205946146539118e-13,True,False,9.829000009631272e-05,1.0570000085863285e-05,0.0001257999999779713,ordinary,100,0.5,1105
ordinary_n100_p0.5_seed1105,4V-FB,2607,512,True,False,56,0.04262279750315927,0.051028909594245254,-1,-5.5374889809556294e-05,1.2464206911367776e-31,5.205946146539118e-13,True,False,9.47700000324403e-05,1.066999993781792e-05,0.00012224000010974123,ordinary,100,0.5,1105
ordinary_n100_p0.5_seed1105,4V-FB,3025,930,False,True,56,0.042622797429433035,0.051028909594245254,-1,-5.537492081764128e-05,1.2464206911367776e-31,5.205946146539118e-13,True,False,9.596000018063933e-05,1.059999999597494e-05,0.0001235899999301182,ordinary,100,0.5,1105
ordinary_n100_p0.8_seed1101,4V-FB,3603,1,True,False,63,0.013303737379660506,0.01086418332718184,1,-7.841891980220339e-07,8.657877715221515e-26,4.960862665602837e-13,True,False,0.0001683599998614227,1.3699999954042141e-05,0.00020709999989776406,ordinary,100,0.8,1101
ordinary_n100_p0.8_seed1101,4V-FB,3604,2,True,False,63,0.013303737394626113,0.01086418332718184,1,-7.841923617135649e-07,8.657877715221515e-26,4.960862665602835e-13,True,False,0.00012697000011030468,1.2929999911648338e-05,0.00015929999995023536,ordinary,100,0.8,1101
ordinary_n100_p0.8_seed1101,4V-FB,3606,4,True,False,63,0.013303737424426124,0.01086418332718184,1,-7.841986615630958e-07,8.657877715221515e-26,4.960862665602831e-13,True,False,0.0001181699999506236,1.1970000059591257e-05,0.00014801000020270294,ordinary,100,0.8,1101
ordinary_n100_p0.8_seed1101,4V-FB,3610,8,True,False,63,0.013303737483506812,0.01086418332718184,1,-7.842111484634984e-07,8.657877715221515e-26,4.960862665602823e-13,True,False,0.00011061999998673855,1.156999996965169e-05,0.00013951999994787911,ordinary,100,0.8,1101
ordinary_n100_p0.8_seed1101,4V-FB,3618,16,True,False,63,0.013303737599614543,0.01086418332718184,1,-7.842356923859484e-07,8.657877715221515e-26,4.960862665602806e-13,True,False,0.00010994000012942706,1.1589999985517352e-05,0.00013875000013285899,ordinary,100,0.8,1101
ordinary_n100_p0.8_seed1101,4V-FB,3634,32,True,False,63,0.013303737823834904,0.01086418332718184,1,-7.842830811455315e-07,8.657877715221515e-26,4.960862665602776e-13,True,False,0.00010866999991776538,1.1529999937920365e-05,0.00013745000001108565,ordinary,100,0.8,1101
ordinary_n100_p0.8_seed1101,4V-FB,3666,64,True,False,63,0.01330373824197992,0.01086418332718184,1,-7.84371434470188e-07,8.657877715221515e-26,4.960862665602723e-13,True,False,0.00010978000000250177,1.1679999943225994e-05,0.00013899000009587326,ordinary,100,0.8,1101
ordinary_n100_p0.8_seed1101,4V-FB,3730,128,True,False,63,0.013303738969460162,0.01086418332718184,1,-7.845250928895098e-07,8.657877715221515e-26,4.960862665602643e-13,True,False,0.00011558999995031627,1.1659999927360332e-05,0.00014493000003312773,ordinary,100,0.8,1101
ordinary_n100_p0.8_seed1101,4V-FB,3858,256,True,False,63,0.013303740072685963,0.01086418332718184,1,-7.847579732711552e-07,8.657877715221515e-26,4.960862665602549e-13,True,False,0.00011491999998725078,1.1769999900934636e-05,0.00014490000012301607,ordinary,100,0.8,1101
ordinary_n100_p0.8_seed1101,4V-FB,4114,512,True,False,63,0.013303741351845167,0.01086418332718184,1,-7.85027774341529e-07,8.657877715221515e-26,4.960862665602484e-13,True,False,0.00011549000009836163,1.1659999927360332e-05,0.00014641000007031835,ordinary,100,0.8,1101
ordinary_n100_p0.8_seed1101,4V-FB,4626,1024,True,False,63,0.013303742240534988,0.01086418332718184,-1,-7.850285390631484e-07,8.657877715221515e-26,4.960862665602469e-13,True,False,0.00011971000003541121,1.1689999837471987e-05,0.00014988000020821346,ordinary,100,0.8,1101
ordinary_n100_p0.8_seed1101,4V-FB,5650,2048,True,False,63,0.013303742482383592,0.01086418332718184,-1,-7.849776118007412e-07,8.657877715221515e-26,4.960862665602468e-13,True,False,0.0001254799999514944,1.2220000144225196e-05,0.00015757999995003047,ordinary,100,0.8,1101
ordinary_n100_p0.8_seed1101,4V-FB,6741,3139,False,True,63,0.013303742494471566,0.01086418332718184,-1,-7.849750689459256e-07,8.657877715221515e-26,4.960862665602467e-13,True,False,0.0001224800000727555,1.191000001199427e-05,0.00015345999986493553,ordinary,100,0.8,1101
ordinary_n100_p0.8_seed1102,4V-FB,4721,1,True,False,64,0.011710792651147325,0.010859158681906435,-1,-6.887996439886024e-07,2.9750008003699768e-25,4.601712388584218e-13,True,False,0.0001650799999879382,1.4110000165601377e-05,0.00020421999988684547,ordinary,100,0.8,1102
ordinary_n100_p0.8_seed1102,4V-FB,4722,2,True,False,64,0.011710792591366545,0.010859158681906435,-1,-6.888024257634129e-07,2.9750008003699768e-25,4.601712388584217e-13,True,False,0.00012971000001016364,1.2030000107188243e-05,0.0001609999999345746,ordinary,100,0.8,1102
ordinary_n100_p0.8_seed1102,4V-FB,4724,4,True,False,64,0.011710792472268673,0.010859158681906435,-1,-6.888079688849302e-07,2.9750008003699768e-25,4.601712388584212e-13,True,False,0.0001168999999663356,1.1760000006688642e-05,0.00014639000005445268,ordinary,100,0.8,1102
ordinary_n100_p0.8_seed1102,4V-FB,4728,8,True,False,64,0.011710792235907198,0.010859158681906435,-1,-6.888189698628366e-07,2.9750008003699768e-25,4.601712388584204e-13,True,False,0.00012048999997205101,1.1780000022554304e-05,0.00015035000001262233,ordinary,100,0.8,1102
ordinary_n100_p0.8_seed1102,4V-FB,4736,16,True,False,64,0.011710791770435821,0.010859158681906435,-1,-6.888406316463147e-07,2.9750008003699768e-25,4.601712388584186e-13,True,False,0.00011029999996026163,1.173999999082298e-05,0.0001391800001329102,ordinary,100,0.8,1102
ordinary_n100_p0.8_seed1102,4V-FB,4752,32,True,False,64,0.01171079086781394,0.010859158681906435,-1,-6.888826362683176e-07,2.9750008003699768e-25,4.601712388584154e-13,True,False,0.00011079000000790984,1.1869999980262946e-05,0.00014005999992150464,ordinary,100,0.8,1102
ordinary_n100_p0.8_seed1102,4V-FB,4784,64,True,False,64,0.011710789170562862,0.010859158681906435,-1,-6.889616050997915e-07,2.9750008003699768e-25,4.601712388584102e-13,True,False,0.00011104999998678977,1.757999984874914e-05,0.00014590999990105047,ordinary,100,0.8,1102
ordinary_n100_p0.8_seed1102,4V-FB,4848,128,True,False,64,0.011710786168803854,0.010859158681906435,-1,-6.891012409582231e-07,2.9750008003699768e-25,4.601712388584014e-13,True,False,0.0001111900000978494,1.1769999900934636e-05,0.00014059000000088417,ordinary,100,0.8,1102
ordinary_n100_p0.8_seed1102,4V-FB,4976,256,True,False,64,0.01171078146636362,0.010859158681906435,-1,-6.893198891688712e-07,2.9750008003699768e-25,4.60171238858391e-13,True,False,0.00011299000016151695,1.1860000086016953e-05,0.00014276000001700595,ordinary,100,0.8,1102
ordinary_n100_p0.8_seed1102,4V-FB,5232,512,True,False,64,0.011710775657924808,0.010859158681906435,-1,-6.895897781689087e-07,2.9750008003699768e-25,4.601712388583825e-13,True,False,0.00011264999989180069,1.1789999916800298e-05,0.00014224000005924609,ordinary,100,0.8,1102
ordinary_n100_p0.8_seed1102,4V-FB,5744,1024,True,False,64,0.011710771110041623,0.010859158681906435,-1,-6.898008981792714e-07,2.9750008003699768e-25,4.601712388583799e-13,True,False,0.00012373000004117785,1.2169999990874203e-05,0.00015525000003435707,ordinary,100,0.8,1102
ordinary_n100_p0.8_seed1102,4V-FB,6768,2048,True,False,64,0.011710769575362772,0.010859158681906435,-1,-6.898720767978261e-07,2.9750008003699768e-25,4.601712388583797e-13,True,False,0.00012303999983487302,1.187999987450894e-05,0.00015431999986503797,ordinary,100,0.8,1102
ordinary_n100_p0.8_seed1102,4V-FB,8285,3565,False,True,64,0.011710769460521669,0.010859158681906435,-1,-6.898774023156307e-07,2.9750008003699768e-25,4.601712388583796e-13,True,False,0.00012428000013642304,1.209000015478523e-05,0.00015574000008200528,ordinary,100,0.8,1102
ordinary_n100_p0.8_seed1103,4V-FB,2870,1,True,False,61,0.026773049262575184,0.01102392043572218,-1,-1.6253517909348147e-06,9.034331550529726e-26,5.22052883581018e-13,True,False,0.0001758199998675991,1.3529999932870851e-05,0.00021339000022635446,ordinary,100,0.8,1103
ordinary_n100_p0.8_seed1103,4V-FB,2871,2,True,False,61,0.026773049506767933,0.01102392043572218,-1,-1.6253452912451394e-06,9.034331550529726e-26,5.220528835810179e-13,True,False,0.00012560000004668836,1.197999995383725e-05,0.0001564400001825561,ordinary,100,0.8,1103
ordinary_n100_p0.8_seed1103,4V-FB,2873,4,True,False,61,0.02677304999079721,0.01102392043572218,-1,-1.6253324073289832e-06,9.034331550529726e-26,5.220528835810176e-13,True,False,0.00011303999986012059,1.1269999959040433e-05,0.00014194000004863483,ordinary,100,0.8,1103
ordinary_n100_p0.8_seed1103,4V-FB,2877,8,True,False,61,0.02677305094167713,0.01102392043572218,-1,-1.6253071066785196e-06,9.034331550529726e-26,5.220528835810168e-13,True,False,0.00010922000001301058,1.1230000154682784e-05,0.00013750999983130896,ordinary,100,0.8,1103
ordinary_n100_p0.8_seed1103,4V-FB,2885,16,True,False,61,0.026773052776597382,0.01102392043572218,-1,-1.6252582994980003e-06,9.034331550529726e-26,5.220528835810152e-13,True,False,0.00010664999990694923,1.1699999959091656e-05,0.00013555000009546347,ordinary,100,0.8,1103
ordinary_n100_p0.8_seed1103,4V-FB,2901,32,True,False,61,0.026773056193446616,0.01102392043572218,-1,-1.6251674646028391e-06,9.034331550529726e-26,5.220528835810125e-13,True,False,0.00010656000017661427,1.1139999969600467e-05,0.00013510999997379258,ordinary,100,0.8,1103
ordinary_n100_p0.8_seed1103,4V-FB,2933,64,True,False,61,0.0267730621205143,0.01102392043572218,-1,-1.6250100758341546e-06,9.034331550529726e-26,5.220528835810085e-13,True,False,0.0001069400000233145,1.136000014412275e-05,0.00013572999978350708,ordinary,100,0.8,1103
ordinary_n100_p0.8_seed1103,4V-FB,2997,128,True,False,61,0.02677307105665795,0.01102392043572218,-1,-1.624773275921143e-06,9.034331550529726e-26,5.220528835810038e-13,True,False,0.00010670000006030023,1.1610000001383014e-05,0.00013579999995272374,ordinary,100,0.8,1103
ordinary_n100_p0.8_seed1103,4V-FB,3125,256,True,False,61,0.02677308129949528,0.01102392043572218,-1,-1.624502763419855e-06,9.034331550529726e-26,5.220528835810009e-13,True,False,0.00011233999998694344,1.1470000117697055e-05,0.00014148999980534427,ordinary,100,0.8,1103
ordinary_n100_p0.8_seed1103,4V-FB,3381,512,True,False,61,0.026773088258111137,0.01102392043572218,-1,-1.6243198608378862e-06,9.034331550529726e-26,5.220528835809999e-13,True,False,0.0001093799999125622,1.1649999805740663e-05,0.0001390200000059849,ordinary,100,0.8,1103
ordinary_n100_p0.8_seed1103,4V-FB,3893,1024,True,False,61,0.026773090073092254,0.01102392043572218,-1,-1.6242724010240295e-06,9.034331550529726e-26,5.220528835809999e-13,True,False,0.00011719999997694686,1.1679999943225994e-05,0.00014735000013388344,ordinary,100,0.8,1103
ordinary_n100_p0.8_seed1103,4V-FB,4397,1528,False,True,61,0.026773090156174267,0.01102392043572218,-1,-1.6242702383095775e-06,9.034331550529726e-26,5.220528835809999e-13,True,False,0.00011231999997107778,1.1439999980211724e-05,0.00014164000003802357,ordinary,100,0.8,1103
ordinary_n100_p0.8_seed1104,4V-FB,8608,1,True,False,67,0.006328602796149288,0.01032957767492853,1,-3.3664072507377796e-07,1.7070997949335912e-25,4.767442895733883e-13,True,False,0.0001939599999332131,1.4160000091578695e-05,0.00023526999984824215,ordinary,100,0.8,1104
ordinary_n100_p0.8_seed1104,4V-FB,8609,2,True,False,67,0.006328602800649851,0.01032957767492853,1,-3.3664207332861906e-07,1.7070997949335912e-25,4.76744289573388e-13,True,False,0.0001363100000162376,1.2120000064896885e-05,0.00016782000011517084,ordinary,100,0.8,1104
ordinary_n100_p0.8_seed1104,4V-FB,8611,4,True,False,67,0.006328602809632237,0.01032957767492853,1,-3.3664476806194443e-07,1.7070997949335912e-25,4.767442895733878e-13,True,False,0.0001249800000096002,2.1950000018478022e-05,0.00016477999997732695,ordinary,100,0.8,1104
ordinary_n100_p0.8_seed1104,4V-FB,8615,8,True,False,67,0.006328602827525018,0.01032957767492853,1,-3.366501362123131e-07,1.7070997949335912e-25,4.767442895733868e-13,True,False,0.0001199999999244028,1.173999999082298e-05,0.00014885999985381204,ordinary,100,0.8,1104
ordinary_n100_p0.8_seed1104,4V-FB,8623,16,True,False,67,0.006328602863026816,0.01032957767492853,1,-3.3666078813610056e-07,1.7070997949335912e-25,4.767442895733853e-13,True,False,0.00011842000003525754,1.192000013361394e-05,0.00014775999989069533,ordinary,100,0.8,1104
ordinary_n100_p0.8_seed1104,4V-FB,8639,32,True,False,67,0.006328602932910375,0.01032957767492853,1,-3.366817598049465e-07,1.7070997949335912e-25,4.767442895733819e-13,True,False,0.00011702000006152957,1.1730000096576987e-05,0.00014630000009674404,ordinary,100,0.8,1104
ordinary_n100_p0.8_seed1104,4V-FB,8671,64,True,False,67,0.0063286030683040225,0.01032957767492853,1,-3.367224019612536e-07,1.7070997949335912e-25,4.767442895733763e-13,True,False,0.00011761999985537841,1.180999993266596e-05,0.0001469999999699212,ordinary,100,0.8,1104
ordinary_n100_p0.8_seed1104,4V-FB,8735,128,True,False,67,0.0063286033224450155,0.01032957767492853,1,-3.367987364555347e-07,1.7070997949335912e-25,4.767442895733661e-13,True,False,0.00011754000001928944,1.1630000017248676e-05,0.00014691000001221255,ordinary,100,0.8,1104
ordinary_n100_p0.8_seed1104,4V-FB,8863,256,True,False,67,0.006328603770384477,0.01032957767492853,1,-3.3693344647645063e-07,1.7070997949335912e-25,4.767442895733499e-13,True,False,0.00011869000013575715,1.1730000096576987e-05,0.00014792999991186662,ordinary,100,0.8,1104
ordinary_n100_p0.8_seed1104,4V-FB,9119,512,True,False,67,0.006328604467587746,0.01032957767492853,1,-3.37143558404307e-07,1.7070997949335912e-25,4.767442895733303e-13,True,False,0.00012426000012055738,1.2010000091322581e-05,0.00015447000009771727,ordinary,100,0.8,1104
ordinary_n100_p0.8_seed1104,4V-FB,9631,1024,True,False,67,0.006328605318788609,0.01032957767492853,1,-3.3740094274037347e-07,1.7070997949335912e-25,4.767442895733153e-13,True,False,0.0001254700000572484,1.2129999959142879e-05,0.0001562999998441228,ordinary,100,0.8,1104
ordinary_n100_p0.8_seed1104,4V-FB,10655,2048,True,False,67,0.00632860597230013,0.01032957767492853,1,-3.37599411537326e-07,1.7070997949335912e-25,4.767442895733103e-13,True,False,0.00013263999994705955,1.2089999927411554e-05,0.00016422999988208176,ordinary,100,0.8,1104
ordinary_n100_p0.8_seed1104,4V-FB,12703,4096,True,False,67,0.006328606186121943,0.01032957767492853,-1,-3.3759495998708644e-07,1.7070997949335912e-25,4.767442895733099e-13,True,False,0.00013328999989425938,1.2159999869254534e-05,0.0001652500000091095,ordinary,100,0.8,1104
ordinary_n100_p0.8_seed1104,4V-FB,15621,7014,False,True,67,0.006328606201328576,0.01032957767492853,-1,-3.3759031303759457e-07,1.7070997949335912e-25,4.767442895733099e-13,True,False,0.00013931000012235017,1.247000000148546e-05,0.0001721099999940634,ordinary,100,0.8,1104
ordinary_n100_p0.8_seed1105,4V-FB,4856,1,True,False,64,0.012137145933333553,0.011301957931679363,1,-7.733517932706491e-07,1.1004531358511312e-25,5.181698331037433e-13,True,False,0.000178860000005443,1.36099999963335e-05,0.00021850000007361814,ordinary,100,0.8,1105
ordinary_n100_p0.8_seed1105,4V-FB,4857,2,True,False,64,0.012137145867932875,0.011301957931679363,1,-7.733549391986116e-07,1.1004531358511312e-25,5.181698331037428e-13,True,False,0.00012874999993073288,1.1760000006688642e-05,0.00015901999995548977,ordinary,100,0.8,1105
ordinary_n100_p0.8_seed1105,4V-FB,4859,4,True,False,64,0.012137145737679954,0.011301957931679363,1,-7.733612026328274e-07,1.1004531358511312e-25,5.181698331037425e-13,True,False,0.00011746999985007278,1.1889999996128608e-05,0.00014680000003863825,ordinary,100,0.8,1105
ordinary_n100_p0.8_seed1105,4V-FB,4863,8,True,False,64,0.012137145479360347,0.011301957931679363,1,-7.733736264725621e-07,1.1004531358511312e-25,5.181698331037414e-13,True,False,0.00012513000001490582,1.1630000017248676e-05,0.0001538599999548751,ordinary,100,0.8,1105
ordinary_n100_p0.8_seed1105,4V-FB,4871,16,True,False,64,0.012137144971344084,0.011301957931679363,1,-7.73398055819996e-07,1.1004531358511312e-25,5.181698331037397e-13,True,False,0.00011115000006611808,1.1450000101831392e-05,0.00013951000005363312,ordinary,100,0.8,1105
ordinary_n100_p0.8_seed1105,4V-FB,4887,32,True,False,64,0.01213714398891753,0.011301957931679363,1,-7.734452998064967e-07,1.1004531358511312e-25,5.181698331037366e-13,True,False,0.00011057999995500722,1.1230000154682784e-05,0.00013882999996894796,ordinary,100,0.8,1105
ordinary_n100_p0.8_seed1105,4V-FB,4919,64,True,False,64,0.012137142151659614,0.011301957931679363,1,-7.735336504666179e-07,1.1004531358511312e-25,5.181698331037308e-13,True,False,0.00011866999989251781,1.1459999996077386e-05,0.00014760000021851738,ordinary,100,0.8,1105
ordinary_n100_p0.8_seed1105,4V-FB,4983,128,True,False,64,0.012137138937266959,0.011301957931679363,1,-7.736882254860689e-07,1.1004531358511312e-25,5.181698331037224e-13,True,False,0.00011051000001316424,1.1409999842726393e-05,0.0001390299999002309,ordinary,100,0.8,1105
ordinary_n100_p0.8_seed1105,4V-FB,5111,256,True,False,64,0.012137134007784383,0.011301957931679363,1,-7.739252758653947e-07,1.1004531358511312e-25,5.181698331037121e-13,True,False,0.0001119799999287352,1.1390000054234406e-05,0.00014022000004842994,ordinary,100,0.8,1105
ordinary_n100_p0.8_seed1105,4V-FB,5367,512,True,False,64,0.01213712816460403,0.011301957931679363,1,-7.742062635429647e-07,1.1004531358511312e-25,5.181698331037047e-13,True,False,0.00011301999984425493,1.1480000011943048e-05,0.00014226999996935774,ordinary,100,0.8,1105
ordinary_n100_p0.8_seed1105,4V-FB,5879,1024,True,False,64,0.01213712392981064,0.011301957931679363,1,-7.744099042028552e-07,1.1004531358511312e-25,5.181698331037026e-13,True,False,0.00011614000004556146,1.1710000080711325e-05,0.0001458899998851848,ordinary,100,0.8,1105
ordinary_n100_p0.8_seed1105,4V-FB,6903,2048,True,False,64,0.012137122685488931,0.011301957931679363,1,-7.744697425593472e-07,1.1004531358511312e-25,5.181698331037024e-13,True,False,0.000124369999866758,1.156999996965169e-05,0.00015452999991794059,ordinary,100,0.8,1105
ordinary_n100_p0.8_seed1105,4V-FB,8136,3281,False,True,64,0.012137122613469222,0.011301957931679363,1,-7.744732037906488e-07,1.1004531358511312e-25,5.181698331037025e-13,True,False,0.00011899999981324072,1.1840000070151291e-05,0.00014946999999665422,ordinary,100,0.8,1105
ordinary_n200_p0.3_seed1101,4V-FB,2168,1,True,False,103,0.028999136113663566,0.08748724197265915,1,-0.00010927762031087696,4.964936664488037e-50,1.1364440780249788e-12,True,False,0.0002909599998019985,2.0590000076481374e-05,0.0003411200000300596,ordinary,200,0.3,1101
ordinary_n200_p0.3_seed1101,4V-FB,2169,2,True,False,103,0.02899913579149197,0.08748724197265915,1,-0.00010927767604229643,4.964936664488037e-50,1.1364440780249786e-12,True,False,0.0002611800000522635,1.8360000012762612e-05,0.00030292000019471743,ordinary,200,0.3,1101
ordinary_n200_p0.3_seed1101,4V-FB,2171,4,True,False,103,0.028999135153524043,0.08748724197265915,1,-0.00010927778640379415,4.964936664488037e-50,1.136444078024978e-12,True,False,0.0002350100000967359,1.8480000107956585e-05,0.00027576000002227374,ordinary,200,0.3,1101
ordinary_n200_p0.3_seed1101,4V-FB,2175,8,True,False,103,0.028999133902693576,0.08748724197265915,1,-0.00010927800278182076,4.964936664488037e-50,1.1364440780249774e-12,True,False,0.00023134999992180383,1.786000007086841e-05,0.0002705700001115474,ordinary,200,0.3,1101
ordinary_n200_p0.3_seed1101,4V-FB,2183,16,True,False,103,0.028999131498406716,0.08748724197265915,1,-0.00010927841869623478,4.964936664488037e-50,1.1364440780249756e-12,True,False,0.00022570999999516062,1.7970000044442713e-05,0.00026468999999451626,ordinary,200,0.3,1101
ordinary_n200_p0.3_seed1101,4V-FB,2199,32,True,False,103,0.028999127056102712,0.08748724197265915,1,-0.00010927918715708529,4.964936664488037e-50,1.136444078024973e-12,True,False,0.0002353499999117048,1.7730000081428443e-05,0.00027442999999038875,ordinary,200,0.3,1101
ordinary_n200_p0.3_seed1101,4V-FB,2231,64,True,False,103,0.0289991194680968,0.08748724197265915,1,-0.00010928049978176091,4.964936664488037e-50,1.136444078024969e-12,True,False,0.0002341800000067451,1.7959999922823044e-05,0.000273580000111906,ordinary,200,0.3,1101
ordinary_n200_p0.3_seed1101,4V-FB,2295,128,True,False,103,0.028999108367309193,0.08748724197265915,1,-0.0001092824200483733,4.964936664488037e-50,1.1364440780249648e-12,True,False,0.0002364099998430902,1.7789999901651754e-05,0.0002757199999905424,ordinary,200,0.3,1101
ordinary_n200_p0.3_seed1101,4V-FB,2423,256,True,False,103,0.02899909635572711,0.08748724197265915,1,-0.00010928449784941563,4.964936664488037e-50,1.136444078024962e-12,True,False,0.00023078000003806665,1.835000011851662e-05,0.00027104000014332996,ordinary,200,0.3,1101
ordinary_n200_p0.3_seed1101,4V-FB,2679,512,True,False,103,0.02899908901665141,0.08748724197265915,1,-0.00010928576736546347,4.964936664488037e-50,1.1364440780249616e-12,True,False,0.0002396600000338367,1.7900000102599734e-05,0.00027980000004390604,ordinary,200,0.3,1101
ordinary_n200_p0.3_seed1101,4V-FB,3191,1024,True,False,103,0.02899908742684735,0.08748724197265915,1,-0.0001092860423703712,4.964936664488037e-50,1.1364440780249616e-12,True,False,0.0002347399999962363,1.857999995991122e-05,0.00027587999989009404,ordinary,200,0.3,1101
ordinary_n200_p0.3_seed1101,4V-FB,3557,1390,False,True,103,0.02899908737657056,0.08748724197265915,1,-0.00010928605106563793,4.964936664488037e-50,1.1364440780249618e-12,True,False,0.00024058999997578212,1.8699999827731517e-05,0.0002823100001023704,ordinary,200,0.3,1101
ordinary_n200_p0.3_seed1102,4V-FB,2384,1,True,False,102,0.04828914139641759,0.08610461803952664,1,-0.0001766559101632481,1.3466704081593132e-50,1.1313799192731945e-12,True,False,0.00027873999988514697,2.0840000161115313e-05,0.0003295100000286766,ordinary,200,0.3,1102
ordinary_n200_p0.3_seed1102,4V-FB,2385,2,True,False,102,0.04828914147305692,0.08610461803952664,1,-0.00017665587789750248,1.3466704081593132e-50,1.1313799192731945e-12,True,False,0.000256519999993543,1.8960000033985125e-05,0.00029959000016788195,ordinary,200,0.3,1102
ordinary_n200_p0.3_seed1102,4V-FB,2387,4,True,False,102,0.04828914162424218,0.08610461803952664,1,-0.0001766558144122854,1.3466704081593132e-50,1.1313799192731943e-12,True,False,0.00023612899985892,1.77599999915401e-05,0.0002761289999853034,ordinary,200,0.3,1102
ordinary_n200_p0.3_seed1102,4V-FB,2391,8,True,False,102,0.04828914191840611,0.08610461803952664,1,-0.0001766556914635231,1.3466704081593132e-50,1.1313799192731933e-12,True,False,0.0002285999999003252,1.7739999975674436e-05,0.00026816000013241137,ordinary,200,0.3,1102
ordinary_n200_p0.3_seed1102,4V-FB,2399,16,True,False,102,0.04828914247518763,0.08610461803952664,1,-0.00017665546091194528,1.3466704081593132e-50,1.131379919273192e-12,True,False,0.00022691000003760564,1.779000012902543e-05,0.0002660999998624902,ordinary,200,0.3,1102
ordinary_n200_p0.3_seed1102,4V-FB,2415,32,True,False,102,0.048289143472243404,0.08610461803952664,1,-0.00017665505534836257,1.3466704081593132e-50,1.13137991927319e-12,True,False,0.00022536000005857204,2.3880000071585528e-05,0.0002710399999159563,ordinary,200,0.3,1102
ordinary_n200_p0.3_seed1102,4V-FB,2447,64,True,False,102,0.048289145069528985,0.08610461803952664,1,-0.00017665442669745346,1.3466704081593132e-50,1.1313799192731876e-12,True,False,0.00023402000010719348,1.7899999875226058e-05,0.0002739299998211209,ordinary,200,0.3,1102
ordinary_n200_p0.3_seed1102,4V-FB,2511,128,True,False,102,0.04828914711569368,0.08610461803952664,1,-0.0001766536658607265,1.3466704081593132e-50,1.131379919273186e-12,True,False,0.0002267100001063227,1.7920000118465396e-05,0.0002662599999894155,ordinary,200,0.3,1102
ordinary_n200_p0.3_seed1102,4V-FB,2639,256,True,False,102,0.04828914879913926,0.08610461803952664,1,-0.00017665309237457905,1.3466704081593132e-50,1.1313799192731856e-12,True,False,0.0002310999998371699,1.8230000023322646e-05,0.00027201999978387903,ordinary,200,0.3,1102
ordinary_n200_p0.3_seed1102,4V-FB,2895,512,True,False,102,0.04828914939526098,0.08610461803952664,1,-0.00017665291151303109,1.3466704081593132e-50,1.1313799192731856e-12,True,False,0.00024095999992823636,1.799999995455437e-05,0.0002827099999649363,ordinary,200,0.3,1102
ordinary_n200_p0.3_seed1102,4V-FB,3181,798,False,True,102,0.048289149439145904,0.08610461803952664,1,-0.00017665289981749766,1.3466704081593132e-50,1.1313799192731854e-12,True,False,0.00023310000005949405,1.8380000028628274e-05,0.0002738099999533006,ordinary,200,0.3,1102
ordinary_n200_p0.3_seed1103,4V-FB,2473,1,True,False,101,0.026596507435394587,0.08397877870813802,-1,-9.346667759757565e-05,2.2510408866060813e-50,1.0741998290586737e-12,True,False,0.0002804200000809942,2.0810000023629982e-05,0.0003309400001398899,ordinary,200,0.3,1103
ordinary_n200_p0.3_seed1103,4V-FB,2474,2,True,False,101,0.026596507480482867,0.08397877870813802,-1,-9.346663100728847e-05,2.2510408866060813e-50,1.0741998290586735e-12,True,False,0.0002447500000926084,1.8530000033933902e-05,0.0002960399999665242,ordinary,200,0.3,1103
ordinary_n200_p0.3_seed1103,4V-FB,2476,4,True,False,101,0.026596507569895858,0.08397877870813802,-1,-9.346653861364018e-05,2.2510408866060813e-50,1.0741998290586729e-12,True,False,0.00022882999996909348,1.7719999959808774e-05,0.00026817999992090336,ordinary,200,0.3,1103
ordinary_n200_p0.3_seed1103,4V-FB,2480,8,True,False,101,0.026596507745704115,0.08397877870813802,-1,-9.346635694384986e-05,2.2510408866060813e-50,1.0741998290586722e-12,True,False,0.00022269999999480206,1.7969999817069038e-05,0.0002623400000629772,ordinary,200,0.3,1103
ordinary_n200_p0.3_seed1103,4V-FB,2488,16,True,False,101,0.026596508085565768,0.08397877870813802,-1,-9.346600575632635e-05,2.2510408866060813e-50,1.0741998290586708e-12,True,False,0.00022050999996281462,1.8070000123771024e-05,0.00025998000000981847,ordinary,200,0.3,1103
ordinary_n200_p0.3_seed1103,4V-FB,2504,32,True,False,101,0.026596508720687535,0.08397877870813802,-1,-9.346534949372654e-05,2.2510408866060813e-50,1.0741998290586682e-12,True,False,0.00022072000001571723,2.410999991298013e-05,0.00026619000004757254,ordinary,200,0.3,1103
ordinary_n200_p0.3_seed1103,4V-FB,2536,64,True,False,101,0.026596509830262613,0.08397877870813802,-1,-9.34642030490096e-05,2.2510408866060813e-50,1.0741998290586642e-12,True,False,0.00022667999996883736,1.8060000002151355e-05,0.00026634999994712416,ordinary,200,0.3,1103
ordinary_n200_p0.3_seed1103,4V-FB,2600,128,True,False,101,0.026596511527001022,0.08397877870813802,-1,-9.346245007790799e-05,2.2510408866060813e-50,1.0741998290586597e-12,True,False,0.00022509999985231843,1.7900000102599734e-05,0.0002645900001425616,ordinary,200,0.3,1103
ordinary_n200_p0.3_seed1103,4V-FB,2728,256,True,False,101,0.026596513527028902,0.08397877870813802,-1,-9.346038406121693e-05,2.2510408866060813e-50,1.0741998290586563e-12,True,False,0.00022286000012172735,1.80300000920397e-05,0.00026690000004236936,ordinary,200,0.3,1103
ordinary_n200_p0.3_seed1103,4V-FB,2984,512,True,False,101,0.026596514961241248,0.08397877870813802,-1,-9.34589027714594e-05,2.2510408866060813e-50,1.0741998290586553e-12,True,False,0.0002253999998629297,1.8219999901702977e-05,0.0002659300000686926,ordinary,200,0.3,1103
ordinary_n200_p0.3_seed1103,4V-FB,3496,1024,True,False,101,0.026596515374648994,0.08397877870813802,-1,-9.345847584896205e-05,2.2510408866060813e-50,1.074199829058655e-12,True,False,0.00022868999985803384,1.82599999334343e-05,0.00026957000000038533,ordinary,200,0.3,1103
ordinary_n200_p0.3_seed1103,4V-FB,4095,1623,False,True,101,0.026596515397722474,0.08397877870813802,-1,-9.345845202091141e-05,2.2510408866060813e-50,1.0741998290586555e-12,True,False,0.00022912000008545874,1.784999994924874e-05,0.00026971000011144497,ordinary,200,0.3,1103
ordinary_n200_p0.3_seed1104,4V-FB,1715,1,True,False,105,0.03729015042526144,0.08616142997504937,-1,-0.00013836765467267753,4.0487176505997056e-50,9.334167781206807e-13,True,False,0.0002866800000447256,2.0559999938996043e-05,0.0003451099998983409,ordinary,200,0.3,1104
ordinary_n200_p0.3_seed1104,4V-FB,1716,2,True,False,105,0.03729015041834018,0.08616142997504937,-1,-0.0001383677250270665,4.0487176505997056e-50,9.334167781206803e-13,True,False,0.0002547500000673608,1.823999991756864e-05,0.00029588000006697257,ordinary,200,0.3,1104
ordinary_n200_p0.3_seed1104,4V-FB,1718,4,True,False,105,0.03729015040466927,0.08616142997504937,-1,-0.00013836786398435663,4.0487176505997056e-50,9.3341677812068e-13,True,False,0.00024195000014515244,1.7510000134279835e-05,0.00028157999986433424,ordinary,200,0.3,1104
ordinary_n200_p0.3_seed1104,4V-FB,1722,8,True,False,105,0.03729015037799727,0.08616142997504937,-1,-0.00013836813507595025,4.0487176505997056e-50,9.33416778120679e-13,True,False,0.0002365699999700155,1.7699999943943112e-05,0.00027630999989014526,ordinary,200,0.3,1104
ordinary_n200_p0.3_seed1104,4V-FB,1730,16,True,False,105,0.0372901503272372,0.08616142997504937,-1,-0.00013836865097083262,4.0487176505997056e-50,9.334167781206776e-13,True,False,0.00023349000002781395,1.6969999933280633e-05,0.00027150999994773883,ordinary,200,0.3,1104
ordinary_n200_p0.3_seed1104,4V-FB,1746,32,True,False,105,0.03729015023528389,0.08616142997504937,-1,-0.0001383695854109135,4.0487176505997056e-50,9.334167781206752e-13,True,False,0.0002385499999491003,1.7500000012660166e-05,0.0002770099999906961,ordinary,200,0.3,1104
ordinary_n200_p0.3_seed1104,4V-FB,1778,64,True,False,105,0.0372901500842509,0.08616142997504937,-1,-0.00013837111994341456,4.0487176505997056e-50,9.33416778120672e-13,True,False,0.00023890000011306256,1.7280000065511558e-05,0.00027763999992203026,ordinary,200,0.3,1104
ordinary_n200_p0.3_seed1104,4V-FB,1842,128,True,False,105,0.03729014987965457,0.08616142997504937,-1,-0.0001383731982258496,4.0487176505997056e-50,9.334167781206691e-13,True,False,0.00023996999993869395,1.757999984874914e-05,0.0002793300000121235,ordinary,200,0.3,1104
ordinary_n200_p0.3_seed1104,4V-FB,1970,256,True,False,105,0.03729014968871209,0.08616142997504937,-1,-0.00013837513753323094,4.0487176505997056e-50,9.334167781206677e-13,True,False,0.00023547999990114477,1.7150000076071592e-05,0.00027447999991636607,ordinary,200,0.3,1104
ordinary_n200_p0.3_seed1104,4V-FB,2226,512,True,False,105,0.03729014959997285,0.08616142997504937,-1,-0.00013837603876964977,4.0487176505997056e-50,9.334167781206675e-13,True,False,0.00023847899979045906,1.757000018187682e-05,0.0002779890000965679,ordinary,200,0.3,1104
ordinary_n200_p0.3_seed1104,4V-FB,2738,1024,True,False,105,0.03729014958811474,0.08616142997504937,-1,-0.00013837615912848378,4.0487176505997056e-50,9.334167781206673e-13,True,False,0.00024097000004985603,1.752000002852583e-05,0.000281139999970037,ordinary,200,0.3,1104
ordinary_n200_p0.3_seed1104,4V-FB,2824,1110,False,True,105,0.03729014958802675,0.08616142997504937,-1,-0.00013837616001488584,4.0487176505997056e-50,9.334167781206673e-13,True,False,0.00023658999998588115,1.726999994389189e-05,0.00027485999999044,ordinary,200,0.3,1104
ordinary_n200_p0.3_seed1105,4V-FB,1635,1,True,False,97,0.03686927797985456,0.08553197025749579,-1,-0.00011733195172070054,4.0675314694328644e-51,1.2539149483684934e-12,True,False,0.00025960999982999056,1.9979999933639192e-05,0.000308429999904547,ordinary,200,0.3,1105
ordinary_n200_p0.3_seed1105,4V-FB,1636,2,True,False,97,0.036869274853793536,0.08553197025749579,-1,-0.00011733200391894627,4.0675314694328644e-51,1.2539149483684932e-12,True,False,0.00023906999990686018,1.82599999334343e-05,0.00028161999989606556,ordinary,200,0.3,1105
ordinary_n200_p0.3_seed1105,4V-FB,1638,4,True,False,97,0.03686926867770569,0.08553197025749579,-1,-0.00011733210704178987,4.0675314694328644e-51,1.2539149483684928e-12,True,False,0.0002170700001897785,1.7419999949197518e-05,0.00025601000015740283,ordinary,200,0.3,1105
ordinary_n200_p0.3_seed1105,4V-FB,1642,8,True,False,97,0.03686925662393905,0.08553197025749579,-1,-0.00011733230830301977,4.0675314694328644e-51,1.253914948368492e-12,True,False,0.00022194999996827391,1.7220000017914572e-05,0.00026092000007338356,ordinary,200,0.3,1105
ordinary_n200_p0.3_seed1105,4V-FB,1650,16,True,False,97,0.03686923366561191,0.08553197025749579,-1,-0.0001173326916497075,4.0675314694328644e-51,1.2539149483684903e-12,True,False,0.00021639999999933934,1.7009999965011957e-05,0.0002544799999668612,ordinary,200,0.3,1105
ordinary_n200_p0.3_seed1105,4V-FB,1666,32,True,False,97,0.036869192011210715,0.08553197025749579,-1,-0.00011733338715558261,4.0675314694328644e-51,1.2539149483684881e-12,True,False,0.0002089500001147826,1.655000005484908e-05,0.0002466799999183422,ordinary,200,0.3,1105
ordinary_n200_p0.3_seed1105,4V-FB,1698,64,True,False,97,0.0368691233779869,0.08553197025749579,-1,-0.00011733453312245956,4.0675314694328644e-51,1.2539149483684849e-12,True,False,0.0002090699999826029,1.6819999927975005e-05,0.00024664000011398457,ordinary,200,0.3,1105
ordinary_n200_p0.3_seed1105,4V-FB,1762,128,True,False,97,0.036869029817235346,0.08553197025749579,-1,-0.0001173360952932967,4.0675314694328644e-51,1.2539149483684816e-12,True,False,0.00020899999981338624,1.7090000028474606e-05,0.00024703999997655046,ordinary,200,0.3,1105
ordinary_n200_p0.3_seed1105,4V-FB,1890,256,True,False,97,0.03686894141880075,0.08553197025749579,-1,-0.00011733757124510191,4.0675314694328644e-51,1.2539149483684806e-12,True,False,0.0002101200000197423,1.6910000113057322e-05,0.00024821000010888383,ordinary,200,0.3,1105
ordinary_n200_p0.3_seed1105,4V-FB,2146,512,True,False,97,0.036868899388402536,0.08553197025749579,-1,-0.00011733827300730582,4.0675314694328644e-51,1.2539149483684802e-12,True,False,0.00021676000005754759,1.7299999854003545e-05,0.0002557499999511492,ordinary,200,0.3,1105
ordinary_n200_p0.3_seed1105,4V-FB,2658,1024,True,False,97,0.036868893544929456,0.08553197025749579,-1,-0.00011733837057370522,4.0675314694328644e-51,1.2539149483684804e-12,True,False,0.00021386999992500932,1.6989999949146295e-05,0.00025247999997191073,ordinary,200,0.3,1105
ordinary_n200_p0.3_seed1105,4V-FB,2764,1130,False,True,97,0.03686889349232862,0.08553197025749579,-1,-0.0001173383714512255,4.0675314694328644e-51,1.2539149483684802e-12,True,False,0.0002107100001467188,1.687999997557199e-05,0.00024853999980223307,ordinary,200,0.3,1105
ordinary_n200_p0.5_seed1101,4V-FB,2358,1,True,False,108,0.0271364017879755,0.05051868049408418,-1,-3.456566779114212e-05,9.754172176018208e-34,1.0316289336821458e-12,True,False,0.0003056600000945764,1.7070000012608944e-05,0.00034993999997823266,ordinary,200,0.5,1101
ordinary_n200_p0.5_seed1101,4V-FB,2359,2,True,False,108,0.02713640185281889,0.05051868049408418,-1,-3.45656369695746e-05,9.754172176018208e-34,1.0316289336821454e-12,True,False,0.00026314000001548266,1.57799997850816e-05,0.0003010099999301019,ordinary,200,0.5,1101
ordinary_n200_p0.5_seed1101,4V-FB,2361,4,True,False,108,0.02713640198131559,0.05051868049408418,-1,-3.456557590553189e-05,9.754172176018208e-34,1.0316289336821452e-12,True,False,0.00025356000014653546,1.5529999927821336e-05,0.00029047999987596995,ordinary,200,0.5,1101
ordinary_n200_p0.5_seed1101,4V-FB,2365,8,True,False,108,0.02713640223361855,0.05051868049408418,-1,-3.4565456024537866e-05,9.754172176018208e-34,1.0316289336821444e-12,True,False,0.00024921999988691823,1.51599999753671e-05,0.00028449000001273816,ordinary,200,0.5,1101
ordinary_n200_p0.5_seed1101,4V-FB,2373,16,True,False,108,0.027136402719988673,0.05051868049408418,-1,-3.4565225007554545e-05,9.754172176018208e-34,1.0316289336821427e-12,True,False,0.00024445000008199713,1.5179999991232762e-05,0.0002801400000862486,ordinary,200,0.5,1101
ordinary_n200_p0.5_seed1101,4V-FB,2389,32,True,False,108,0.02713640362381338,0.05051868049408418,-1,-3.456479600139062e-05,9.754172176018208e-34,1.03162893368214e-12,True,False,0.00025013899994519306,1.5149999853747431e-05,0.00028580900016095256,ordinary,200,0.5,1101
ordinary_n200_p0.5_seed1101,4V-FB,2421,64,True,False,108,0.027136405185252482,0.05051868049408418,-1,-3.456405578816657e-05,9.754172176018208e-34,1.031628933682136e-12,True,False,0.00024522000012439094,1.5380000149889383e-05,0.000281330000007074,ordinary,200,0.5,1101
ordinary_n200_p0.5_seed1101,4V-FB,2485,128,True,False,108,0.02713640752049193,0.05051868049408418,-1,-3.4562951281458254e-05,9.754172176018208e-34,1.0316289336821314e-12,True,False,0.00025053000013031124,1.5209999901344418e-05,0.0002861200000552344,ordinary,200,0.5,1101
ordinary_n200_p0.5_seed1101,4V-FB,2613,256,True,False,108,0.027136410155442377,0.05051868049408418,-1,-3.456170963822558e-05,9.754172176018208e-34,1.0316289336821284e-12,True,False,0.00024522999979126325,1.5179999991232762e-05,0.0002807099999699858,ordinary,200,0.5,1101
ordinary_n200_p0.5_seed1101,4V-FB,2869,512,True,False,108,0.027136411893071376,0.05051868049408418,-1,-3.45608949405829e-05,9.754172176018208e-34,1.0316289336821278e-12,True,False,0.00024744000006649003,1.5439999970112694e-05,0.00028382000004967267,ordinary,200,0.5,1101
ordinary_n200_p0.5_seed1101,4V-FB,3381,1024,True,False,108,0.027136412322628065,0.05051868049408418,-1,-3.456069457463684e-05,9.754172176018208e-34,1.0316289336821278e-12,True,False,0.00025185999993482255,1.5070000017658458e-05,0.0002882300000237592,ordinary,200,0.5,1101
ordinary_n200_p0.5_seed1101,4V-FB,3843,1486,False,True,108,0.027136412340324226,0.05051868049408418,-1,-3.456068634655196e-05,9.754172176018208e-34,1.0316289336821278e-12,True,False,0.00025041999992936326,1.5549999943687e-05,0.00028709000002891116,ordinary,200,0.5,1101
ordinary_n200_p0.5_seed1102,4V-FB,2833,1,True,False,111,0.023242610897469092,0.04961480399893578,-1,-2.78123839532185e-05,4.436543685367352e-34,1.0393627733340634e-12,True,False,0.00032654999995429534,1.8469999986336916e-05,0.00037289000010787277,ordinary,200,0.5,1102
ordinary_n200_p0.5_seed1102,4V-FB,2834,2,True,False,111,0.02324261009380388,0.04961480399893578,-1,-2.7812408035288172e-05,4.436543685367352e-34,1.0393627733340634e-12,True,False,0.000288940000018556,1.7500000012660166e-05,0.00033062000011341297,ordinary,200,0.5,1102
ordinary_n200_p0.5_seed1102,4V-FB,2836,4,True,False,111,0.023242608498895395,0.04961480399893578,-1,-2.7812455833498007e-05,4.436543685367352e-34,1.0393627733340628e-12,True,False,0.00026802000002135173,1.6870000081325998e-05,0.0003064399998038425,ordinary,200,0.5,1102
ordinary_n200_p0.5_seed1102,4V-FB,2840,8,True,False,111,0.02324260535817264,0.04961480399893578,-1,-2.7812549953765142e-05,4.436543685367352e-34,1.039362773334062e-12,True,False,0.0002685399999791116,1.6840000171214342e-05,0.000307099999872662,ordinary,200,0.5,1102
ordinary_n200_p0.5_seed1102,4V-FB,2848,16,True,False,111,0.023242599268429195,0.04961480399893578,-1,-2.7812732454890465e-05,4.436543685367352e-34,1.0393627733340602e-12,True,False,0.0002658200000951183,1.665000013417739e-05,0.0003033299999515293,ordinary,200,0.5,1102
ordinary_n200_p0.5_seed1102,4V-FB,2864,32,True,False,111,0.023242587819781658,0.04961480399893578,-1,-2.781307554400314e-05,4.436543685367352e-34,1.0393627733340578e-12,True,False,0.0002584899998510082,1.658000019233441e-05,0.0002958699999453529,ordinary,200,0.5,1102
ordinary_n200_p0.5_seed1102,4V-FB,2896,64,True,False,111,0.02324256757932463,0.04961480399893578,-1,-2.7813682104138593e-05,4.436543685367352e-34,1.0393627733340533e-12,True,False,0.0002645900001425616,1.6610000102446065e-05,0.0003028300000096351,ordinary,200,0.5,1102
ordinary_n200_p0.5_seed1102,4V-FB,2960,128,True,False,111,0.023242535893550544,0.04961480399893578,-1,-2.781463163614717e-05,4.436543685367352e-34,1.039362773334048e-12,True,False,0.0002677600000424718,1.6780000123617356e-05,0.0003060399999412766,ordinary,200,0.5,1102
ordinary_n200_p0.5_seed1102,4V-FB,3088,256,True,False,111,0.02324249680289892,0.04961480399893578,-1,-2.781580304400677e-05,4.436543685367352e-34,1.039362773334044e-12,True,False,0.00026171000013164303,1.6559999949095072e-05,0.0002998600000410079,ordinary,200,0.5,1102
ordinary_n200_p0.5_seed1102,4V-FB,3344,512,True,False,111,0.023242466254175632,0.04961480399893578,-1,-2.7816718455753175e-05,4.436543685367352e-34,1.0393627733340426e-12,True,False,0.00026423999997859937,1.6510000023117755e-05,0.0003029599999990751,ordinary,200,0.5,1102
ordinary_n200_p0.5_seed1102,4V-FB,3856,1024,True,False,111,0.023242455973322026,0.04961480399893578,-1,-2.781702652043805e-05,4.436543685367352e-34,1.0393627733340426e-12,True,False,0.00026612000010572956,1.6970000160654308e-05,0.0003055399999993824,ordinary,200,0.5,1102
ordinary_n200_p0.5_seed1102,4V-FB,4613,1781,False,True,111,0.023242455206966012,0.04961480399893578,-1,-2.7817049488731982e-05,4.436543685367352e-34,1.0393627733340424e-12,True,False,0.00027219999992667,1.6729999970266363e-05,0.00031166999997367384,ordinary,200,0.5,1102
ordinary_n200_p0.5_seed1103,4V-FB,2227,1,True,False,101,0.03584539209840217,0.048228838690538844,-1,-4.090818722524148e-05,5.660292025586489e-34,8.959684105647181e-13,True,False,0.0002970999998979096,1.778000000740576e-05,0.00034341000014137535,ordinary,200,0.5,1103
ordinary_n200_p0.5_seed1103,4V-FB,2228,2,True,False,101,0.035845391282958945,0.048228838690538844,-1,-4.090821497726438e-05,5.660292025586489e-34,8.959684105647181e-13,True,False,0.00024570999994466547,1.629999997021514e-05,0.0002845399999387155,ordinary,200,0.5,1103
ordinary_n200_p0.5_seed1103,4V-FB,2230,4,True,False,101,0.0358453896708131,0.048228838690538844,-1,-4.090826984892715e-05,5.660292025586489e-34,8.959684105647178e-13,True,False,0.00023493999992751924,1.6210000012506498e-05,0.0002726100001382292,ordinary,200,0.5,1103
ordinary_n200_p0.5_seed1103,4V-FB,2234,8,True,False,101,0.035845386520158354,0.048228838690538844,-1,-4.0908377098247684e-05,5.660292025586489e-34,8.95968410564717e-13,True,False,0.00022725999997419422,1.5640000128769316e-05,0.00026362000016888487,ordinary,200,0.5,1103
ordinary_n200_p0.5_seed1103,4V-FB,2242,16,True,False,101,0.03584538050301915,0.048228838690538844,-1,-4.0908581963705615e-05,5.660292025586489e-34,8.959684105647155e-13,True,False,0.00022517999991578108,1.5829999938432593e-05,0.00026115000014215184,ordinary,200,0.5,1103
ordinary_n200_p0.5_seed1103,4V-FB,2258,32,True,False,101,0.03584536952708392,0.048228838690538844,-1,-4.090895579977882e-05,5.660292025586489e-34,8.959684105647132e-13,True,False,0.0002245000000584696,1.5529999927821336e-05,0.00026026000000456406,ordinary,200,0.5,1103
ordinary_n200_p0.5_seed1103,4V-FB,2290,64,True,False,101,0.03584535124915876,0.048228838690538844,-1,-4.090957879121504e-05,5.660292025586489e-34,8.959684105647101e-13,True,False,0.0002257799999370036,1.573999998072395e-05,0.0002621399999043206,ordinary,200,0.5,1103
ordinary_n200_p0.5_seed1103,4V-FB,2354,128,True,False,101,0.03584532580942462,0.048228838690538844,-1,-4.09104471419397e-05,5.660292025586489e-34,8.959684105647067e-13,True,False,0.0002264400000058231,1.5640000128769316e-05,0.00026264999996783445,ordinary,200,0.5,1103
ordinary_n200_p0.5_seed1103,4V-FB,2482,256,True,False,101,0.03584530079722588,0.048228838690538844,-1,-4.091130324290759e-05,5.660292025586489e-34,8.959684105647052e-13,True,False,0.00022529000011672906,1.553999982206733e-05,0.0002616199999465607,ordinary,200,0.5,1103
ordinary_n200_p0.5_seed1103,4V-FB,2738,512,True,False,101,0.03584528800003151,0.048228838690538844,-1,-4.0911743452554106e-05,5.660292025586489e-34,8.95968410564705e-13,True,False,0.00023461000000679633,1.5249999933075742e-05,0.00027100000011159864,ordinary,200,0.5,1103
ordinary_n200_p0.5_seed1103,4V-FB,3250,1024,True,False,101,0.035845285974755295,0.048228838690538844,-1,-4.091181372700703e-05,5.660292025586489e-34,8.95968410564705e-13,True,False,0.00023044999988997006,1.5540000049441005e-05,0.0002673100000265549,ordinary,200,0.5,1103
ordinary_n200_p0.5_seed1103,4V-FB,3418,1192,False,True,101,0.035845285945780514,0.048228838690538844,-1,-4.091181474308314e-05,5.660292025586489e-34,8.959684105647052e-13,True,False,0.0002266000001327484,1.5289999964807066e-05,0.00026246000015817117,ordinary,200,0.5,1103
ordinary_n200_p0.5_seed1104,4V-FB,2903,1,True,False,109,0.028619590859966976,0.04965190632881451,1,-3.402712777500483e-05,8.400677082122542e-34,9.07481634594512e-13,True,False,0.00032317000000148255,1.7900000102599734e-05,0.0003690199998800381,ordinary,200,0.5,1104
ordinary_n200_p0.5_seed1104,4V-FB,2904,2,True,False,109,0.028619589641231537,0.04965190632881451,1,-3.402715692146785e-05,8.400677082122542e-34,9.07481634594512e-13,True,False,0.0002683600000636943,2.734000008786097e-05,0.00031859000000622473,ordinary,200,0.5,1104
ordinary_n200_p0.5_seed1104,4V-FB,2906,4,True,False,109,0.02861958722694509,0.04965190632881451,1,-3.4027214661946914e-05,8.400677082122542e-34,9.074816345945115e-13,True,False,0.0002581300000201736,1.6389999927923782e-05,0.0002963699998872471,ordinary,200,0.5,1104
ordinary_n200_p0.5_seed1104,4V-FB,2910,8,True,False,109,0.02861958248974651,0.04965190632881451,1,-3.402732794555163e-05,8.400677082122542e-34,9.074816345945108e-13,True,False,0.00025789000005715934,1.6130000176417525e-05,0.00029521999999815307,ordinary,200,0.5,1104
ordinary_n200_p0.5_seed1104,4V-FB,2918,16,True,False,109,0.028619573370163662,0.04965190632881451,1,-3.4027546002235454e-05,8.400677082122542e-34,9.074816345945091e-13,True,False,0.0002557099999194179,1.6120000054797856e-05,0.0002923300000929885,ordinary,200,0.5,1104
ordinary_n200_p0.5_seed1104,4V-FB,2934,32,True,False,109,0.02861955646881608,0.04965190632881451,1,-3.402795001683501e-05,8.400677082122542e-34,9.074816345945067e-13,True,False,0.0002488000000084867,1.6519999917363748e-05,0.00028640000004998,ordinary,200,0.5,1104
ordinary_n200_p0.5_seed1104,4V-FB,2966,64,True,False,109,0.02861952742438956,0.04965190632881451,1,-3.402864394530525e-05,8.400677082122542e-34,9.074816345945028e-13,True,False,0.00025002999996104336,2.233999998679792e-05,0.0002933700000085082,ordinary,200,0.5,1104
ordinary_n200_p0.5_seed1104,4V-FB,3030,128,True,False,109,0.02861948442827943,0.04965190632881451,1,-3.402967019283665e-05,8.400677082122542e-34,9.074816345944985e-13,True,False,0.000250049999976909,1.584000006005226e-05,0.0002866300001187483,ordinary,200,0.5,1104
ordinary_n200_p0.5_seed1104,4V-FB,3158,256,True,False,109,0.028619436834453275,0.04965190632881451,1,-3.403080414088322e-05,8.400677082122542e-34,9.074816345944957e-13,True,False,0.0002508400000351685,1.646999999138643e-05,0.0002887400000872731,ordinary,200,0.5,1104
ordinary_n200_p0.5_seed1104,4V-FB,3414,512,True,False,109,0.02861940650534317,0.04965190632881451,1,-3.4031524572597505e-05,8.400677082122542e-34,9.074816345944951e-13,True,False,0.00025501999994048674,1.609999981155852e-05,0.00029246000008242845,ordinary,200,0.5,1104
ordinary_n200_p0.5_seed1104,4V-FB,3926,1024,True,False,109,0.02861939943165912,0.04965190632881451,1,-3.403169185745014e-05,8.400677082122542e-34,9.074816345944953e-13,True,False,0.0002559799997925438,1.6180000102394843e-05,0.00029345999996621686,ordinary,200,0.5,1104
ordinary_n200_p0.5_seed1104,4V-FB,4342,1440,False,True,109,0.02861939917182317,0.04965190632881451,1,-3.403169797167038e-05,8.400677082122542e-34,9.074816345944951e-13,True,False,0.00025599000014153717,1.633000010770047e-05,0.0002944799998658709,ordinary,200,0.5,1104
ordinary_n200_p0.5_seed1105,4V-FB,3672,1,True,False,114,0.015455765792072149,0.049241005879553254,1,-1.721673561583259e-05,2.1853080735373435e-34,1.1415023178224915e-12,True,False,0.0003271699999913835,1.782999993338308e-05,0.0003726499999174848,ordinary,200,0.5,1105
ordinary_n200_p0.5_seed1105,4V-FB,3673,2,True,False,114,0.01545576423663666,0.049241005879553254,1,-1.721674997590128e-05,2.1853080735373435e-34,1.1415023178224915e-12,True,False,0.00029418999997687934,1.6889999869817984e-05,0.00033385000006092014,ordinary,200,0.5,1105
ordinary_n200_p0.5_seed1105,4V-FB,3675,4,True,False,114,0.0154557611416204,0.049241005879553254,1,-1.7216778546824685e-05,2.1853080735373435e-34,1.141502317822491e-12,True,False,0.0002692000000479311,1.5939999912006897e-05,0.00030619999984082824,ordinary,200,0.5,1105
ordinary_n200_p0.5_seed1105,4V-FB,3679,8,True,False,114,0.01545575501450316,0.049241005879553254,1,-1.7216835104250094e-05,2.1853080735373435e-34,1.1415023178224903e-12,True,False,0.00026369000011072785,1.592000012351491e-05,0.00030031999995117076,ordinary,200,0.5,1105
ordinary_n200_p0.5_seed1105,4V-FB,3687,16,True,False,114,0.015455743007969116,0.049241005879553254,1,-1.7216945941811446e-05,2.1853080735373435e-34,1.1415023178224885e-12,True,False,0.0002613999999994121,1.591000000189524e-05,0.00029771000004075177,ordinary,200,0.5,1105
ordinary_n200_p0.5_seed1105,4V-FB,3703,32,True,False,114,0.015455719954790254,0.049241005879553254,1,-1.7217158749360806e-05,2.1853080735373435e-34,1.1415023178224856e-12,True,False,0.00027000999989468255,1.619999989088683e-05,0.0003070599998409307,ordinary,200,0.5,1105
ordinary_n200_p0.5_seed1105,4V-FB,3735,64,True,False,114,0.015455677452955306,0.049241005879553254,1,-1.721755108974321e-05,2.1853080735373435e-34,1.1415023178224806e-12,True,False,0.0002677099998891208,1.560000009703799e-05,0.0003035699999145436,ordinary,200,0.5,1105
ordinary_n200_p0.5_seed1105,4V-FB,3799,128,True,False,114,0.015455605167066039,0.049241005879553254,1,-1.7218218355097292e-05,2.1853080735373435e-34,1.1415023178224733e-12,True,False,0.0002693799999633484,1.602999986971554e-05,0.0003062600001157989,ordinary,200,0.5,1105
ordinary_n200_p0.5_seed1105,4V-FB,3927,256,True,False,114,0.015455500309303613,0.049241005879553254,1,-1.72191862706228e-05,2.1853080735373435e-34,1.1415023178224658e-12,True,False,0.0002626799998779461,1.573999998072395e-05,0.0002987400000620255,ordinary,200,0.5,1105
ordinary_n200_p0.5_seed1105,4V-FB,4183,512,True,False,114,0.01545538868602057,0.049241005879553254,1,-1.7220216610880357e-05,2.1853080735373435e-34,1.1415023178224608e-12,True,False,0.00026518000004216447,1.621999990675249e-05,0.0003029399999832094,ordinary,200,0.5,1105
ordinary_n200_p0.5_seed1105,4V-FB,4695,1024,True,False,114,0.015455322525845852,0.049241005879553254,1,-1.7220827286834606e-05,2.1853080735373435e-34,1.14150231782246e-12,True,False,0.0002693100000215054,1.591000000189524e-05,0.00030652999998892483,ordinary,200,0.5,1105
ordinary_n200_p0.5_seed1105,4V-FB,5719,2048,True,False,114,0.015455308947041826,0.049241005879553254,1,-1.7220952621244123e-05,2.1853080735373435e-34,1.1415023178224602e-12,True,False,0.00027382000007492024,1.6309999864461133e-05,0.00031144000013227924,ordinary,200,0.5,1105
ordinary_n200_p0.5_seed1105,4V-FB,6375,2704,False,True,114,0.015455308565224441,0.049241005879553254,1,-1.722095614198338e-05,2.1853080735373435e-34,1.1415023178224602e-12,True,False,0.00027939999995396647,1.6169999980775174e-05,0.00031715000000076543,ordinary,200,0.5,1105
ordinary_n200_p0.8_seed1101,4V-FB,5054,1,True,False,119,0.0188835913029405,0.011160877062314284,-1,-1.175712066370238e-06,5.00719746833644e-27,9.962765005698926e-13,True,False,0.00036752999994860147,2.1619999870381434e-05,0.0004204500000923872,ordinary,200,0.8,1101
ordinary_n200_p0.8_seed1101,4V-FB,5055,2,True,False,119,0.018883591344294154,0.011160877062314284,-1,-1.1757163438375073e-06,5.00719746833644e-27,9.962765005698924e-13,True,False,0.0003145000000586151,1.968000015040161e-05,0.00035763999994742335,ordinary,200,0.8,1101
ordinary_n200_p0.8_seed1101,4V-FB,5057,4,True,False,119,0.01888359142648581,0.011160877062314284,-1,-1.175724852586768e-06,5.00719746833644e-27,9.962765005698918e-13,True,False,0.0003123900000900903,1.8960000033985125e-05,0.00035349999984646274,ordinary,200,0.8,1101
ordinary_n200_p0.8_seed1101,4V-FB,5061,8,True,False,119,0.01888359158882181,0.011160877062314284,-1,-1.175741642711614e-06,5.00719746833644e-27,9.96276500569891e-13,True,False,0.00029749000009360316,1.8260000160807976e-05,0.0003374200000507699,ordinary,200,0.8,1101
ordinary_n200_p0.8_seed1101,4V-FB,5069,16,True,False,119,0.0188835919054732,0.011160877062314284,-1,-1.1757743703100232e-06,5.00719746833644e-27,9.962765005698895e-13,True,False,0.0002939799999239767,2.5810000124693033e-05,0.0003415500000301108,ordinary,200,0.8,1101
ordinary_n200_p0.8_seed1101,4V-FB,5085,32,True,False,119,0.018883592507899494,0.011160877062314284,-1,-1.1758365427994022e-06,5.00719746833644e-27,9.962765005698867e-13,True,False,0.00029391999987637973,1.8139999838240328e-05,0.00033374000008734583,ordinary,200,0.8,1101
ordinary_n200_p0.8_seed1101,4V-FB,5117,64,True,False,119,0.018883593598395896,0.011160877062314284,-1,-1.1759487499318766e-06,5.00719746833644e-27,9.962765005698817e-13,True,False,0.00029578999988189025,1.8420000060359598e-05,0.0003359899999395566,ordinary,200,0.8,1101
ordinary_n200_p0.8_seed1101,4V-FB,5181,128,True,False,119,0.018883595386751956,0.011160877062314284,1,-1.1761017777445204e-06,5.00719746833644e-27,9.962765005698754e-13,True,False,0.0002924899999925401,1.823999991756864e-05,0.0003325000000131695,ordinary,200,0.8,1101
ordinary_n200_p0.8_seed1101,4V-FB,5309,256,True,False,119,0.01888359780099245,0.011160877062314284,1,-1.1758577667109193e-06,5.00719746833644e-27,9.962765005698698e-13,True,False,0.0002991700000620767,1.8909999880634132e-05,0.0003405800000564341,ordinary,200,0.8,1101
ordinary_n200_p0.8_seed1101,4V-FB,5565,512,True,False,119,0.018883600035916423,0.011160877062314284,1,-1.1756360986936443e-06,5.00719746833644e-27,9.962765005698675e-13,True,False,0.00030108999999356456,1.8290000070919632e-05,0.0003417799998715054,ordinary,200,0.8,1101
ordinary_n200_p0.8_seed1101,4V-FB,6077,1024,True,False,119,0.01888360105428029,0.011160877062314284,1,-1.1755380313616115e-06,5.00719746833644e-27,9.962765005698673e-13,True,False,0.00031332000003203575,1.8629999885888537e-05,0.00035585999989962147,ordinary,200,0.8,1101
ordinary_n200_p0.8_seed1101,4V-FB,7101,2048,True,False,119,0.018883601184086392,0.011160877062314284,1,-1.1755260231893772e-06,5.00719746833644e-27,9.962765005698671e-13,True,False,0.0003031199998986267,1.8360000012762612e-05,0.0003446100001838204,ordinary,200,0.8,1101
ordinary_n200_p0.8_seed1101,4V-FB,7172,2119,False,True,119,0.018883601184524663,0.011160877062314284,1,-1.1755259841095267e-06,5.00719746833644e-27,9.962765005698671e-13,True,False,0.00030215000015232363,1.7990000060308375e-05,0.00034241000003021327,ordinary,200,0.8,1101
ordinary_n200_p0.8_seed1102,4V-FB,5751,1,True,False,125,0.011061321526133178,0.010911825850306988,1,-6.55712357300331e-07,3.0218996806348737e-27,1.1333435536323439e-12,True,False,0.00044121000019003986,2.1750000087195076e-05,0.0005029199999171396,ordinary,200,0.8,1102
ordinary_n200_p0.8_seed1102,4V-FB,5752,2,True,False,125,0.011061321352793897,0.010911825850306988,1,-6.557150040720217e-07,3.0218996806348737e-27,1.1333435536323435e-12,True,False,0.00034269000002495886,1.944999985425966e-05,0.00038724999990336073,ordinary,200,0.8,1102
ordinary_n200_p0.8_seed1102,4V-FB,5754,4,True,False,125,0.011061321007389234,0.010911825850306988,1,-6.557202745227642e-07,3.0218996806348737e-27,1.1333435536323433e-12,True,False,0.0003333899999233836,1.8909999880634132e-05,0.00037566999981208937,ordinary,200,0.8,1102
ordinary_n200_p0.8_seed1102,4V-FB,5758,8,True,False,125,0.011061320321649217,0.010911825850306988,1,-6.557307479226893e-07,3.0218996806348737e-27,1.1333435536323425e-12,True,False,0.0003195499998582818,1.8149999959859997e-05,0.00035989000002700777,ordinary,200,0.8,1102
ordinary_n200_p0.8_seed1102,4V-FB,5766,16,True,False,125,0.0110613189702095,0.010911825850306988,1,-6.557513820837357e-07,3.0218996806348737e-27,1.1333435536323408e-12,True,False,0.0003148499999952037,1.8289999843545957e-05,0.0003548300001057214,ordinary,200,0.8,1102
ordinary_n200_p0.8_seed1102,4V-FB,5782,32,True,False,125,0.011061316345681482,0.010911825850306988,1,-6.557914602467463e-07,3.0218996806348737e-27,1.1333435536323376e-12,True,False,0.0003191000000697386,1.8330000102650956e-05,0.00035928000011153927,ordinary,200,0.8,1102
ordinary_n200_p0.8_seed1102,4V-FB,5814,64,True,False,125,0.01106131139605819,0.010911825850306988,1,-6.558670406775491e-07,3.0218996806348737e-27,1.133343553632332e-12,True,False,0.00031696999985797447,1.8519999912314233e-05,0.00035695000019586587,ordinary,200,0.8,1102
ordinary_n200_p0.8_seed1102,4V-FB,5878,128,True,False,125,0.01106130259057531,0.010911825850306988,1,-6.560015144430054e-07,3.0218996806348737e-27,1.133343553632323e-12,True,False,0.0003189900000961643,1.823999991756864e-05,0.00036481999995885417,ordinary,200,0.8,1102
ordinary_n200_p0.8_seed1102,4V-FB,6006,256,True,False,125,0.01106128863463834,0.010911825850306988,1,-6.562146630528787e-07,3.0218996806348737e-27,1.133343553632312e-12,True,False,0.00031995000017559505,1.840999993873993e-05,0.00036017999991599936,ordinary,200,0.8,1102
ordinary_n200_p0.8_seed1102,4V-FB,6262,512,True,False,125,0.011061270997899244,0.010911825850306988,1,-6.564840830947105e-07,3.0218996806348737e-27,1.1333435536323027e-12,True,False,0.00032594000003882684,1.8709999949351186e-05,0.00036787999988519005,ordinary,200,0.8,1102
ordinary_n200_p0.8_seed1102,4V-FB,6774,1024,True,False,125,0.011061256570987388,0.010911825850306988,1,-6.567045254257664e-07,3.0218996806348737e-27,1.1333435536322994e-12,True,False,0.00032433999990644224,1.883000004454516e-05,0.00036593999993783655,ordinary,200,0.8,1102
ordinary_n200_p0.8_seed1102,4V-FB,7798,2048,True,False,125,0.011061251296299087,0.010911825850306988,1,-6.567851400518521e-07,3.0218996806348737e-27,1.1333435536322992e-12,True,False,0.000352450000036697,1.8970000155604794e-05,0.0003960600001846615,ordinary,200,0.8,1102
ordinary_n200_p0.8_seed1102,4V-FB,9504,3754,False,True,125,0.01106125083830074,0.010911825850306988,1,-6.56792142450513e-07,3.0218996806348737e-27,1.1333435536322992e-12,True,False,0.00036752999994860147,1.8849999833037145e-05,0.0004106199999114324,ordinary,200,0.8,1102
ordinary_n200_p0.8_seed1103,4V-FB,5417,1,True,False,113,0.024160507257482176,0.01053214505560957,-1,-1.3390317405992391e-06,3.2299466807320767e-27,9.530152732749805e-13,True,False,0.0003391899999769521,2.1559999822784448e-05,0.00039192999997794686,ordinary,200,0.8,1103
ordinary_n200_p0.8_seed1103,4V-FB,5418,2,True,False,113,0.024160507265307857,0.01053214505560957,-1,-1.3390370980914668e-06,3.2299466807320767e-27,9.530152732749803e-13,True,False,0.0002868000001399196,1.9019999854208436e-05,0.00033009000003403344,ordinary,200,0.8,1103
ordinary_n200_p0.8_seed1103,4V-FB,5420,4,True,False,113,0.02416050728083881,0.01053214505560957,-1,-1.3390477295871506e-06,3.2299466807320767e-27,9.5301527327498e-13,True,False,0.0002818700002080732,1.9060000113313436e-05,0.0003236999998534884,ordinary,200,0.8,1103
ordinary_n200_p0.8_seed1103,4V-FB,5424,8,True,False,113,0.02416050731142992,0.01053214505560957,-1,-1.3390686657288597e-06,3.2299466807320767e-27,9.53015273274979e-13,True,False,0.0002683699999579403,1.8530000033933902e-05,0.00030906000006325485,ordinary,200,0.8,1103
ordinary_n200_p0.8_seed1103,4V-FB,5432,16,True,False,113,0.024160507370767356,0.01053214505560957,-1,-1.3391092714698516e-06,3.2299466807320767e-27,9.530152732749774e-13,True,False,0.00026408999997329374,1.86499999017542e-05,0.0003045000000838627,ordinary,200,0.8,1103
ordinary_n200_p0.8_seed1103,4V-FB,5448,32,True,False,113,0.024160507482405884,0.01053214505560957,-1,-1.3391856334976637e-06,3.2299466807320767e-27,9.53015273274975e-13,True,False,0.00026574000003165565,1.8230000023322646e-05,0.000305810000099882,ordinary,200,0.8,1103
ordinary_n200_p0.8_seed1103,4V-FB,5480,64,True,False,113,0.02416050768006904,0.01053214505560957,-1,-1.3393207343170843e-06,3.2299466807320767e-27,9.53015273274971e-13,True,False,0.00026413999989927106,1.844000007622526e-05,0.0003047699999569886,ordinary,200,0.8,1103
ordinary_n200_p0.8_seed1103,4V-FB,5544,128,True,False,113,0.02416050799036421,0.01053214505560957,-1,-1.3395325364484734e-06,3.2299466807320767e-27,9.530152732749655e-13,True,False,0.00026696000008996634,1.8010000076174038e-05,0.0003073899999890273,ordinary,200,0.8,1103
ordinary_n200_p0.8_seed1103,4V-FB,5672,256,True,False,113,0.0241605083750705,0.01053214505560957,-1,-1.3397945632931396e-06,3.2299466807320767e-27,9.530152732749615e-13,True,False,0.0002724090002175217,1.8810000028679497e-05,0.0003137290000267967,ordinary,200,0.8,1103
ordinary_n200_p0.8_seed1103,4V-FB,5928,512,True,False,113,0.02416050867816846,0.01053214505560957,-1,-1.340000411076403e-06,3.2299466807320767e-27,9.530152732749603e-13,True,False,0.00027176999992661877,1.8290000070919632e-05,0.0003132300000743271,ordinary,200,0.8,1103
ordinary_n200_p0.8_seed1103,4V-FB,6440,1024,True,False,113,0.0241605087814442,0.01053214505560957,1,-1.3399381852963188e-06,3.2299466807320767e-27,9.5301527327496e-13,True,False,0.00027740000018638966,1.8940000018119463e-05,0.0003191499999957159,ordinary,200,0.8,1103
ordinary_n200_p0.8_seed1103,4V-FB,7208,1792,False,True,113,0.024160508789294932,0.01053214505560957,1,-1.3399328810947964e-06,3.2299466807320767e-27,9.5301527327496e-13,True,False,0.0002745100000538514,1.9009999959962443e-05,0.00031669999998484855,ordinary,200,0.8,1103
ordinary_n200_p0.8_seed1104,4V-FB,9818,1,True,False,125,0.00626549595560434,0.0109220267371064,-1,-3.711040719167613e-07,4.3865328601392214e-27,9.742419225346538e-13,True,False,0.00044112000000495755,2.1469999865075806e-05,0.000496229999953357,ordinary,200,0.8,1104
ordinary_n200_p0.8_seed1104,4V-FB,9819,2,True,False,125,0.006265495802937853,0.0109220267371064,-1,-3.711055729382906e-07,4.3865328601392214e-27,9.742419225346536e-13,True,False,0.00035344000002623943,1.8990000171470456e-05,0.00039668999988862197,ordinary,200,0.8,1104
ordinary_n200_p0.8_seed1104,4V-FB,9821,4,True,False,125,0.0062654954982417806,0.0109220267371064,-1,-3.711085714286355e-07,4.3865328601392214e-27,9.74241922534653e-13,True,False,0.0003462000001945853,1.720000000204891e-05,0.0003861000000142667,ordinary,200,0.8,1104
ordinary_n200_p0.8_seed1104,4V-FB,9825,8,True,False,125,0.006265494891385379,0.0109220267371064,-1,-3.711145399876159e-07,4.3865328601392214e-27,9.742419225346524e-13,True,False,0.0003317299999707757,1.7390000039085862e-05,0.00037085999997543695,ordinary,200,0.8,1104
ordinary_n200_p0.8_seed1104,4V-FB,9833,16,True,False,125,0.006265493687750107,0.0109220267371064,-1,-3.711263882877347e-07,4.3865328601392214e-27,9.742419225346504e-13,True,False,0.0003272400001606002,1.7020000086631626e-05,0.0003657499999007996,ordinary,200,0.8,1104
ordinary_n200_p0.8_seed1104,4V-FB,9849,32,True,False,125,0.006265491320276328,0.0109220267371064,-1,-3.711496834313266e-07,4.3865328601392214e-27,9.742419225346472e-13,True,False,0.00033041999995475635,1.6979999827526626e-05,0.00036920000002282904,ordinary,200,0.8,1104
ordinary_n200_p0.8_seed1104,4V-FB,9881,64,True,False,125,0.006265486740444616,0.0109220267371064,-1,-3.71194751380699e-07,4.3865328601392214e-27,9.742419225346409e-13,True,False,0.00032908999992287136,1.7129999832832254e-05,0.0003678400000808324,ordinary,200,0.8,1104
ordinary_n200_p0.8_seed1104,4V-FB,9945,128,True,False,125,0.0062654781700320385,0.0109220267371064,-1,-3.712790821452927e-07,4.3865328601392214e-27,9.742419225346302e-13,True,False,0.00033539999981258006,1.7800000023271423e-05,0.00037588000009236566,ordinary,200,0.8,1104
ordinary_n200_p0.8_seed1104,4V-FB,10073,256,True,False,125,0.0062654631562525775,0.0109220267371064,-1,-3.714268110854846e-07,4.3865328601392214e-27,9.742419225346136e-13,True,False,0.000331700000060664,1.7699999943943112e-05,0.0003716100000019651,ordinary,200,0.8,1104
ordinary_n200_p0.8_seed1104,4V-FB,10329,512,True,False,125,0.006265440073271117,0.0109220267371064,-1,-3.716539325182566e-07,4.3865328601392214e-27,9.742419225345936e-13,True,False,0.00034645000005184556,1.8319999981031287e-05,0.0003884200000356941,ordinary,200,0.8,1104
ordinary_n200_p0.8_seed1104,4V-FB,10841,1024,True,False,125,0.00626541257748508,0.0109220267371064,-1,-3.719244592303994e-07,4.3865328601392214e-27,9.742419225345793e-13,True,False,0.0003440400000727095,1.8539999928179896e-05,0.00038690999986101815,ordinary,200,0.8,1104
ordinary_n200_p0.8_seed1104,4V-FB,11865,2048,True,False,125,0.00626539246630302,0.0109220267371064,-1,-3.721223240660265e-07,4.3865328601392214e-27,9.742419225345749e-13,True,False,0.00034856000002037035,1.8550000049799564e-05,0.0003918699999303499,ordinary,200,0.8,1104
ordinary_n200_p0.8_seed1104,4V-FB,13913,4096,True,False,125,0.006265386458925274,0.0109220267371064,-1,-3.721814252344302e-07,4.3865328601392214e-27,9.742419225345747e-13,True,False,0.0003898100001151761,1.934000010805903e-05,0.00043598999991445453,ordinary,200,0.8,1104
ordinary_n200_p0.8_seed1104,4V-FB,16441,6624,False,True,125,0.006265386100315556,0.0109220267371064,-1,-3.721849513027564e-07,4.3865328601392214e-27,9.742419225345747e-13,True,False,0.000375930000018343,1.8970000155604794e-05,0.00042009999992842495,ordinary,200,0.8,1104
ordinary_n200_p0.8_seed1105,4V-FB,5710,1,True,False,121,0.010701891882090982,0.010809160638417213,1,-6.229110081079625e-07,1.965501604592664e-27,1.1725444975171214e-12,True,False,0.00036625999996431347,2.111000003424124e-05,0.00041831999988062307,ordinary,200,0.8,1105
ordinary_n200_p0.8_seed1105,4V-FB,5711,2,True,False,121,0.010701892225514167,0.010809160638417213,1,-6.229085087738895e-07,1.965501604592664e-27,1.1725444975171212e-12,True,False,0.00033776999998735846,1.8980000049850787e-05,0.00038070999994488375,ordinary,200,0.8,1105
ordinary_n200_p0.8_seed1105,4V-FB,5713,4,True,False,121,0.010701892909946244,0.010809160638417213,1,-6.22903526092955e-07,1.965501604592664e-27,1.1725444975171208e-12,True,False,0.000307498999973177,1.949000011336466e-05,0.00034887900005742267,ordinary,200,0.8,1105
ordinary_n200_p0.8_seed1105,4V-FB,5717,8,True,False,121,0.010701894269199465,0.010809160638417213,1,-6.22893626456289e-07,1.965501604592664e-27,1.1725444975171198e-12,True,False,0.00030093999998825893,1.8230000023322646e-05,0.0003410599999824626,ordinary,200,0.8,1105
ordinary_n200_p0.8_seed1105,4V-FB,5725,16,True,False,121,0.010701896949685933,0.010809160638417213,1,-6.22874104294624e-07,1.965501604592664e-27,1.1725444975171184e-12,True,False,0.00029678999999305233,1.8360000012762612e-05,0.0003364000001511158,ordinary,200,0.8,1105
ordinary_n200_p0.8_seed1105,4V-FB,5741,32,True,False,121,0.010701902161868051,0.010809160638417213,1,-6.228361417726092e-07,1.965501604592664e-27,1.1725444975171153e-12,True,False,0.000296870000056515,1.786000007086841e-05,0.00033645999997133913,ordinary,200,0.8,1105
ordinary_n200_p0.8_seed1105,4V-FB,5773,64,True,False,121,0.010701912016489509,0.010809160638417213,1,-6.227643716272269e-07,1.965501604592664e-27,1.1725444975171097e-12,True,False,0.0002977800002099684,1.8499000134397647e-05,0.00033755899994503125,ordinary,200,0.8,1105
ordinary_n200_p0.8_seed1105,4V-FB,5837,128,True,False,121,0.010701929636427996,0.010809160638417213,1,-6.226360422800781e-07,1.965501604592664e-27,1.1725444975171008e-12,True,False,0.00029822000010426564,1.8210000007456983e-05,0.00033831999985523,ordinary,200,0.8,1105
ordinary_n200_p0.8_seed1105,4V-FB,5965,256,True,False,121,0.010701957840841629,0.010809160638417213,1,-6.224306208224561e-07,1.965501604592664e-27,1.1725444975170893e-12,True,False,0.0003095199999734177,1.8539999928179896e-05,0.0003503599998566642,ordinary,200,0.8,1105
ordinary_n200_p0.8_seed1105,4V-FB,6221,512,True,False,121,0.010701994178279968,0.010809160638417213,1,-6.221659560878834e-07,1.965501604592664e-27,1.1725444975170796e-12,True,False,0.00031951999994817015,1.8609999870022875e-05,0.0003618700000060926,ordinary,200,0.8,1105
ordinary_n200_p0.8_seed1105,4V-FB,6733,1024,True,False,121,0.01070202500812802,0.010809160638417213,1,-6.219414014907443e-07,1.965501604592664e-27,1.1725444975170756e-12,True,False,0.0003059999999095453,1.874999998108251e-05,0.00034722000009423937,ordinary,200,0.8,1105
ordinary_n200_p0.8_seed1105,4V-FB,7757,2048,True,False,121,0.010702037050391537,0.010809160638417213,1,-6.218536867663715e-07,1.965501604592664e-27,1.1725444975170754e-12,True,False,0.000314950000074532,1.8720000070970855e-05,0.00035851999996339146,ordinary,200,0.8,1105
ordinary_n200_p0.8_seed1105,4V-FB,9631,3922,False,True,121,0.010702038230073325,0.010809160638417213,1,-6.218450945283394e-07,1.965501604592664e-27,1.1725444975170754e-12,True,False,0.0003414400000565365,2.053999992313038e-05,0.00039027000002533896,ordinary,200,0.8,1105
ordinary_n400_p0.3_seed1101,4V-FB,1591,1,True,False,190,0.040445691540801555,0.08566040567312329,-1,-0.00014554873755656672,5.892161485413849e-54,2.586992373733306e-12,True,False,0.0033120390000931366,4.4160000015835976e-05,0.0034052789999350352,ordinary,400,0.3,1101
ordinary_n400_p0.3_seed1101,4V-FB,1592,2,True,False,190,0.040445691020665385,0.08566040567312329,-1,-0.0001455488100390312,5.892161485413849e-54,2.586992373733306e-12,True,False,0.0009182300000247778,3.940000010516087e-05,0.000996719999875495,ordinary,400,0.3,1101
ordinary_n400_p0.3_seed1101,4V-FB,1594,4,True,False,190,0.04044568999416571,0.08566040567312329,-1,-0.00014554895306417848,5.892161485413849e-54,2.5869923737333056e-12,True,False,0.000885100000004968,3.870000000461005e-05,0.0009597799999028211,ordinary,400,0.3,1101
ordinary_n400_p0.3_seed1101,4V-FB,1598,8,True,False,190,0.04044568799512827,0.08566040567312329,-1,-0.00014554923155074562,5.892161485413849e-54,2.586992373733305e-12,True,False,0.0008688199998232449,3.743000002032204e-05,0.0009405400001014641,ordinary,400,0.3,1101
ordinary_n400_p0.3_seed1101,4V-FB,1606,16,True,False,190,0.04044568420417507,0.08566040567312329,-1,-0.00014554975948044557,5.892161485413849e-54,2.5869923737333036e-12,True,False,0.0008767290000832872,3.7080000083733466e-05,0.0009486690000812814,ordinary,400,0.3,1101
ordinary_n400_p0.3_seed1101,4V-FB,1622,32,True,False,190,0.04044567738540709,0.08566040567312329,-1,-0.00014555070840316375,5.892161485413849e-54,2.586992373733301e-12,True,False,0.0008707499998763524,3.7539999993896345e-05,0.0009431900000436144,ordinary,400,0.3,1101
ordinary_n400_p0.3_seed1101,4V-FB,1654,64,True,False,190,0.04044566634150496,0.08566040567312329,-1,-0.00014555224324652727,5.892161485413849e-54,2.5869923737332975e-12,True,False,0.0008805800000573072,3.8159999803610845e-05,0.0009536699999443954,ordinary,400,0.3,1101
ordinary_n400_p0.3_seed1101,4V-FB,1718,128,True,False,190,0.04044565178527706,0.08566040567312329,-1,-0.0001455542612092131,5.892161485413849e-54,2.5869923737332955e-12,True,False,0.0008697900000242953,3.8290000020424486e-05,0.0009430699999484204,ordinary,400,0.3,1101
ordinary_n400_p0.3_seed1101,4V-FB,1846,256,True,False,190,0.040445638895060886,0.08566040567312329,-1,-0.0001455560406782297,5.892161485413849e-54,2.586992373733294e-12,True,False,0.0008792500000254222,3.8089999861767865e-05,0.0009522299999389361,ordinary,400,0.3,1101
ordinary_n400_p0.3_seed1101,4V-FB,2102,512,True,False,190,0.04044563345928618,0.08566040567312329,-1,-0.0001455567863501983,5.892161485413849e-54,2.586992373733294e-12,True,False,0.0008751699999720586,3.847999983008776e-05,0.0009489100000337203,ordinary,400,0.3,1101
ordinary_n400_p0.3_seed1101,4V-FB,2614,1024,True,False,190,0.04044563284939195,0.08566040567312329,-1,-0.0001455568693593534,5.892161485413849e-54,2.586992373733294e-12,True,False,0.0008808999998564104,3.816000003098452e-05,0.0009549700000661687,ordinary,400,0.3,1101
ordinary_n400_p0.3_seed1101,4V-FB,2620,1030,False,True,190,0.04044563284906034,0.08566040567312329,-1,-0.0001455568694090914,5.892161485413849e-54,2.586992373733294e-12,True,False,0.000862959999949453,3.756000000976201e-05,0.0009347699999580072,ordinary,400,0.3,1101
ordinary_n400_p0.3_seed1102,4V-FB,1907,1,True,False,207,0.027048474141001685,0.08559920015166421,1,-9.821819464761461e-05,1.3302543964303992e-54,2.18023859070915e-12,True,False,0.0029213500001787907,5.243000009613752e-05,0.0030289700000594166,ordinary,400,0.3,1102
ordinary_n400_p0.3_seed1102,4V-FB,1908,2,True,False,207,0.027048473948280694,0.08559920015166421,1,-9.821824052025363e-05,1.3302543964303992e-54,2.18023859070915e-12,True,False,0.0012859590001426113,4.91200000851677e-05,0.0013854290000381297,ordinary,400,0.3,1102
ordinary_n400_p0.3_seed1102,4V-FB,1910,4,True,False,207,0.027048473566551233,0.08559920015166421,1,-9.82183314661711e-05,1.3302543964303992e-54,2.1802385907091498e-12,True,False,0.0013007999998535524,4.930000000058499e-05,0.001398139999992054,ordinary,400,0.3,1102
ordinary_n400_p0.3_seed1102,4V-FB,1914,8,True,False,207,0.027048472817722775,0.08559920015166421,1,-9.821851014280014e-05,1.3302543964303992e-54,2.180238590709149e-12,True,False,0.0012669000000187225,4.893000004813075e-05,0.0013622699998450116,ordinary,400,0.3,1102
ordinary_n400_p0.3_seed1102,4V-FB,1922,16,True,False,207,0.02704847137680913,0.08559920015166421,1,-9.821885496563709e-05,1.3302543964303992e-54,2.1802385907091478e-12,True,False,0.001290049000090221,4.908000005343638e-05,0.001385779000202092,ordinary,400,0.3,1102
ordinary_n400_p0.3_seed1102,4V-FB,1938,32,True,False,207,0.02704846870851465,0.08559920015166421,1,-9.821949722521595e-05,1.3302543964303992e-54,2.180238590709145e-12,True,False,0.0012548400000014226,4.76899999739544e-05,0.0013485500001024775,ordinary,400,0.3,1102
ordinary_n400_p0.3_seed1102,4V-FB,1970,64,True,False,207,0.027048464128650918,0.08559920015166421,1,-9.822061191755438e-05,1.3302543964303992e-54,2.1802385907091413e-12,True,False,0.0012836199998673692,4.801000000043132e-05,0.00137871000015366,ordinary,400,0.3,1102
ordinary_n400_p0.3_seed1102,4V-FB,2034,128,True,False,207,0.027048457354867876,0.08559920015166421,1,-9.822229451117437e-05,1.3302543964303992e-54,2.1802385907091373e-12,True,False,0.00126896000006127,4.813000009562529e-05,0.0013635599998451653,ordinary,400,0.3,1102
ordinary_n400_p0.3_seed1102,4V-FB,2162,256,True,False,207,0.027048449831462013,0.08559920015166421,1,-9.822422860139568e-05,1.3302543964303992e-54,2.1802385907091344e-12,True,False,0.0012995800000226154,4.876000002695946e-05,0.001395609999917724,ordinary,400,0.3,1102
ordinary_n400_p0.3_seed1102,4V-FB,2418,512,True,False,207,0.027048444933384312,0.08559920015166421,1,-9.822555145433398e-05,1.3302543964303992e-54,2.1802385907091336e-12,True,False,0.0012717800000245916,4.9040000021705055e-05,0.0013680399999884685,ordinary,400,0.3,1102
ordinary_n400_p0.3_seed1102,4V-FB,2930,1024,True,False,207,0.027048443704828333,0.08559920015166421,1,-9.822590173058643e-05,1.3302543964303992e-54,2.180238590709133e-12,True,False,0.0013108400000874099,4.9179999905391014e-05,0.0014084099998399324,ordinary,400,0.3,1102
ordinary_n400_p0.3_seed1102,4V-FB,3440,1534,False,True,207,0.02704844364904302,0.08559920015166421,1,-9.822591827202132e-05,1.3302543964303992e-54,2.1802385907091336e-12,True,False,0.0012796600001365732,4.867999996349681e-05,0.0013772600000265811,ordinary,400,0.3,1102
ordinary_n400_p0.3_seed1103,4V-FB,2778,1,True,False,203,0.03852485571788518,0.08543501278604865,1,-0.00013558189029083678,7.774806612943619e-55,2.1529991046734773e-12,True,False,0.001309529000081966,5.3519999937634566e-05,0.0014175289998092921,ordinary,400,0.3,1103
ordinary_n400_p0.3_seed1103,4V-FB,2779,2,True,False,203,0.03852485598638272,0.08543501278604865,1,-0.00013558190875073706,7.774806612943619e-55,2.1529991046734765e-12,True,False,0.001235089999909178,5.048000002716435e-05,0.0013338400001430273,ordinary,400,0.3,1103
ordinary_n400_p0.3_seed1103,4V-FB,2781,4,True,False,203,0.03852485651537836,0.08543501278604865,1,-0.00013558194518381583,7.774806612943619e-55,2.1529991046734765e-12,True,False,0.0012394499999572872,4.909000017505605e-05,0.0013356899999052985,ordinary,400,0.3,1103
ordinary_n400_p0.3_seed1103,4V-FB,2785,8,True,False,203,0.03852485754210656,0.08543501278604865,1,-0.00013558201622032584,7.774806612943619e-55,2.1529991046734756e-12,True,False,0.0012022299999898678,4.853999985243718e-05,0.0012958300001173484,ordinary,400,0.3,1103
ordinary_n400_p0.3_seed1103,4V-FB,2793,16,True,False,203,0.03852485947614484,0.08543501278604865,1,-0.00013558215119502393,7.774806612943619e-55,2.1529991046734744e-12,True,False,0.0012364590002107434,5.009000005884445e-05,0.0013327889998890896,ordinary,400,0.3,1103
ordinary_n400_p0.3_seed1103,4V-FB,2809,32,True,False,203,0.03852486290849297,0.08543501278604865,1,-0.00013558239495381486,7.774806612943619e-55,2.152999104673472e-12,True,False,0.001205710000022009,4.8870000000533764e-05,0.0013072199999442091,ordinary,400,0.3,1103
ordinary_n400_p0.3_seed1103,4V-FB,2841,64,True,False,203,0.038524868320475913,0.08543501278604865,1,-0.00013558279291103759,7.774806612943619e-55,2.152999104673469e-12,True,False,0.0012290799998027069,4.981000006409886e-05,0.001324930000009772,ordinary,400,0.3,1103
ordinary_n400_p0.3_seed1103,4V-FB,2905,128,True,False,203,0.038524875081204474,0.08543501278604865,1,-0.0001355833258180894,7.774806612943619e-55,2.1529991046734668e-12,True,False,0.001210209999953804,4.920999981550267e-05,0.001306590000012875,ordinary,400,0.3,1103
ordinary_n400_p0.3_seed1103,4V-FB,3033,256,True,False,203,0.03852488045659582,0.08543501278604865,1,-0.00013558381263933938,7.774806612943619e-55,2.1529991046734655e-12,True,False,0.0012335000001257868,4.889999991064542e-05,0.0013290800000049785,ordinary,400,0.3,1103
ordinary_n400_p0.3_seed1103,4V-FB,3289,512,True,False,203,0.03852488226931006,0.08543501278604865,1,-0.0001355840304704259,7.774806612943619e-55,2.1529991046734655e-12,True,False,0.001214000000118176,4.996999996365048e-05,0.0013125199998285098,ordinary,400,0.3,1103
ordinary_n400_p0.3_seed1103,4V-FB,3789,1012,False,True,203,0.03852488238572602,0.08543501278604865,1,-0.00013558405772329252,7.774806612943619e-55,2.152999104673465e-12,True,False,0.0012415099999998347,4.893000004813075e-05,0.0013383100001647108,ordinary,400,0.3,1103
ordinary_n400_p0.3_seed1104,4V-FB,2683,1,True,False,197,0.023646417911303473,0.08467708639873095,1,-6.306866415428658e-05,3.7072083500529064e-54,2.014674870757849e-12,True,False,0.001074569999900632,4.212000021652784e-05,0.0011622999998053274,ordinary,400,0.3,1104
ordinary_n400_p0.3_seed1104,4V-FB,2684,2,True,False,197,0.02364641404645694,0.08467708639873095,1,-6.306868393934906e-05,3.7072083500529064e-54,2.014674870757849e-12,True,False,0.0009495199999491888,3.918000015801226e-05,0.0010262999999213207,ordinary,400,0.3,1104
ordinary_n400_p0.3_seed1104,4V-FB,2686,4,True,False,197,0.023646406376267144,0.08467708639873095,1,-6.306872320749335e-05,3.7072083500529064e-54,2.014674870757848e-12,True,False,0.0009435800000119343,3.8200000062715844e-05,0.0010177500000736472,ordinary,400,0.3,1104
ordinary_n400_p0.3_seed1104,4V-FB,2690,8,True,False,197,0.02364639127106149,0.08467708639873095,1,-6.306880051809571e-05,3.7072083500529064e-54,2.0146748707578478e-12,True,False,0.0009379699999954028,3.758000002562767e-05,0.001010850000056962,ordinary,400,0.3,1104
ordinary_n400_p0.3_seed1104,4V-FB,2698,16,True,False,197,0.023646361979049756,0.08467708639873095,1,-6.306895046037653e-05,3.7072083500529064e-54,2.014674870757846e-12,True,False,0.0009367999998630694,3.7790000078530284e-05,0.0010096000000885397,ordinary,400,0.3,1104
ordinary_n400_p0.3_seed1104,4V-FB,2714,32,True,False,197,0.023646306896960782,0.08467708639873095,1,-6.30692324108395e-05,3.7072083500529064e-54,2.0146748707578437e-12,True,False,0.0009339499999896361,3.764999996747065e-05,0.0010065699998449418,ordinary,400,0.3,1104
ordinary_n400_p0.3_seed1104,4V-FB,2746,64,True,False,197,0.023646209468232468,0.08467708639873095,1,-6.306973110170588e-05,3.7072083500529064e-54,2.0146748707578397e-12,True,False,0.0009344400000372843,3.781999998864194e-05,0.0010077699998873868,ordinary,400,0.3,1104
ordinary_n400_p0.3_seed1104,4V-FB,2810,128,True,False,197,0.023646056800846207,0.08467708639873095,1,-6.307051250686868e-05,3.7072083500529064e-54,2.014674870757834e-12,True,False,0.0009362499999951979,3.7550000115516013e-05,0.0010087899997870409,ordinary,400,0.3,1104
ordinary_n400_p0.3_seed1104,4V-FB,2938,256,True,False,197,0.023645868104988144,0.08467708639873095,1,-6.30714782445807e-05,3.7072083500529064e-54,2.01467487075783e-12,True,False,0.0009444400000120368,3.773999992517929e-05,0.001018669999893973,ordinary,400,0.3,1104
ordinary_n400_p0.3_seed1104,4V-FB,3194,512,True,False,197,0.023645720122585888,0.08467708639873095,1,-6.307223556589747e-05,3.7072083500529064e-54,2.0146748707578288e-12,True,False,0.000945158999911655,3.867000009449839e-05,0.0010195989998464938,ordinary,400,0.3,1104
ordinary_n400_p0.3_seed1104,4V-FB,3706,1024,True,False,197,0.023645670002996833,0.08467708639873095,1,-6.307249204695609e-05,3.7072083500529064e-54,2.0146748707578284e-12,True,False,0.0009525099999336817,3.831999993053614e-05,0.0010275699999056087,ordinary,400,0.3,1104
ordinary_n400_p0.3_seed1104,4V-FB,4470,1788,False,True,197,0.023645666222896544,0.08467708639873095,1,-6.307251139503478e-05,3.7072083500529064e-54,2.0146748707578284e-12,True,False,0.0009458600000016304,3.859000003103574e-05,0.0010308199998689815,ordinary,400,0.3,1104
ordinary_n400_p0.3_seed1105,4V-FB,2190,1,True,False,197,0.03026589106291583,0.08432727902538642,-1,-0.00010292348913054639,9.080572744767764e-54,1.927555173812438e-12,True,False,0.001039330000139671,4.4870000010632793e-05,0.001131099999838625,ordinary,400,0.3,1105
ordinary_n400_p0.3_seed1105,4V-FB,2191,2,True,False,197,0.03026589016395271,0.08432727902538642,-1,-0.00010292353834628898,9.080572744767764e-54,1.927555173812437e-12,True,False,0.0009455299998535338,4.267000008439936e-05,0.001027660000090691,ordinary,400,0.3,1105
ordinary_n400_p0.3_seed1105,4V-FB,2193,4,True,False,197,0.030265888383577938,0.08432727902538642,-1,-0.00010292363581854147,9.080572744767764e-54,1.9275551738124364e-12,True,False,0.0009442200000648882,4.151000007368566e-05,0.0010233900000002905,ordinary,400,0.3,1105
ordinary_n400_p0.3_seed1105,4V-FB,2197,8,True,False,197,0.03026588489196668,0.08432727902538642,-1,-0.00010292382698651181,9.080572744767764e-54,1.9275551738124356e-12,True,False,0.0009268000001156906,4.1129999999611755e-05,0.0010047499999927823,ordinary,400,0.3,1105
ordinary_n400_p0.3_seed1105,4V-FB,2205,16,True,False,197,0.030265878177010368,0.08432727902538642,-1,-0.00010292419466395586,9.080572744767764e-54,1.9275551738124344e-12,True,False,0.0009443900000860594,4.067000008944888e-05,0.001021399999899586,ordinary,400,0.3,1105
ordinary_n400_p0.3_seed1105,4V-FB,2221,32,True,False,197,0.030265865756946966,0.08432727902538642,-1,-0.00010292487484520052,9.080572744767764e-54,1.9275551738124323e-12,True,False,0.0009243599999990693,4.130999991502904e-05,0.0010025999999925261,ordinary,400,0.3,1105
ordinary_n400_p0.3_seed1105,4V-FB,2253,64,True,False,197,0.030265844497235392,0.08432727902538642,-1,-0.00010292603951711499,9.080572744767764e-54,1.9275551738124287e-12,True,False,0.0009388799999214825,4.059999992023222e-05,0.0010161099999095313,ordinary,400,0.3,1105
ordinary_n400_p0.3_seed1105,4V-FB,2317,128,True,False,197,0.030265813265256958,0.08432727902538642,-1,-0.00010292775157694223,9.080572744767764e-54,1.9275551738124243e-12,True,False,0.0009224900002209324,4.129999979340937e-05,0.001001799999812647,ordinary,400,0.3,1105
ordinary_n400_p0.3_seed1105,4V-FB,2445,256,True,False,197,0.030265779191875203,0.08432727902538642,-1,-0.00010292962133107153,9.080572744767764e-54,1.9275551738124222e-12,True,False,0.0009477989999595593,4.1439999904469005e-05,0.0010261789998367021,ordinary,400,0.3,1105
ordinary_n400_p0.3_seed1105,4V-FB,2701,512,True,False,197,0.030265758042618794,0.08432727902538642,-1,-0.0001029307836155624,9.080572744767764e-54,1.9275551738124214e-12,True,False,0.0009361100001115119,4.18299998727889e-05,0.001015999999935957,ordinary,400,0.3,1105
ordinary_n400_p0.3_seed1105,4V-FB,3213,1024,True,False,197,0.03026575332678518,0.08432727902538642,-1,-0.00010293104321235091,9.080572744767764e-54,1.9275551738124214e-12,True,False,0.0009501899999122543,4.2450000137250754e-05,0.0010308999999324442,ordinary,400,0.3,1105
ordinary_n400_p0.3_seed1105,4V-FB,3601,1412,False,True,197,0.030265753167938683,0.08432727902538642,-1,-0.00010293105196979013,9.080572744767764e-54,1.9275551738124214e-12,True,False,0.000938460000043051,4.183999999440857e-05,0.0010195199999998295,ordinary,400,0.3,1105
ordinary_n400_p0.5_seed1101,4V-FB,3093,1,True,False,197,0.019739046669415988,0.04932481366259557,1,-2.3437987376695446e-05,4.097511683269879e-36,2.3242436450693136e-12,True,False,0.001035730000012336,3.6369999861562974e-05,0.0011128400001325645,ordinary,400,0.5,1101
ordinary_n400_p0.5_seed1101,4V-FB,3094,2,True,False,197,0.019739046101446448,0.04932481366259557,1,-2.3438007566767283e-05,4.097511683269879e-36,2.3242436450693128e-12,True,False,0.0009383199999319913,3.4050000067509245e-05,0.001008069999897998,ordinary,400,0.5,1101
ordinary_n400_p0.5_seed1101,4V-FB,3096,4,True,False,197,0.01973904497290816,0.04932481366259557,1,-2.3438047666246575e-05,4.097511683269879e-36,2.324243645069313e-12,True,False,0.0009436100001494196,3.392000007806928e-05,0.0010116299999936018,ordinary,400,0.5,1101
ordinary_n400_p0.5_seed1101,4V-FB,3100,8,True,False,197,0.019739042745134622,0.04932481366259557,1,-2.3438126824260053e-05,4.097511683269879e-36,2.324243645069312e-12,True,False,0.0009350899999844842,3.384000001460663e-05,0.001001729999870804,ordinary,400,0.5,1101
ordinary_n400_p0.5_seed1101,4V-FB,3108,16,True,False,197,0.019739038404454297,0.04932481366259557,1,-2.343828105821899e-05,4.097511683269879e-36,2.3242436450693103e-12,True,False,0.0009326699998837285,3.39600001098006e-05,0.0009997300001032272,ordinary,400,0.5,1101
ordinary_n400_p0.5_seed1101,4V-FB,3124,32,True,False,197,0.01973903016433005,0.04932481366259557,1,-2.3438573791167983e-05,4.097511683269879e-36,2.324243645069308e-12,True,False,0.0009347899999738729,3.390999995644961e-05,0.0010008799999923212,ordinary,400,0.5,1101
ordinary_n400_p0.5_seed1101,4V-FB,3156,64,True,False,197,0.019739015312372807,0.04932481366259557,1,-2.3439101266120588e-05,4.097511683269879e-36,2.3242436450693027e-12,True,False,0.0009340400001747184,3.3160000157295144e-05,0.001000900000008187,ordinary,400,0.5,1101
ordinary_n400_p0.5_seed1101,4V-FB,3220,128,True,False,197,0.019738991159597003,0.04932481366259557,1,-2.3439958575011133e-05,4.097511683269879e-36,2.324243645069297e-12,True,False,0.0009371099999953003,3.378999986125564e-05,0.001004579999971611,ordinary,400,0.5,1101
ordinary_n400_p0.5_seed1101,4V-FB,3348,256,True,False,197,0.01973895907053399,0.04932481366259557,1,-2.344109647722803e-05,4.097511683269879e-36,2.3242436450692914e-12,True,False,0.0009439699999802542,3.3849999908852624e-05,0.001012199999877339,ordinary,400,0.5,1101
ordinary_n400_p0.5_seed1101,4V-FB,3604,512,True,False,197,0.019738930214825007,0.04932481366259557,1,-2.344211817728592e-05,4.097511683269879e-36,2.3242436450692893e-12,True,False,0.0009421500001280947,3.392999997231527e-05,0.0010102700000516052,ordinary,400,0.5,1101
ordinary_n400_p0.5_seed1101,4V-FB,4116,1024,True,False,197,0.01973891769370379,0.04932481366259557,1,-2.344256069264361e-05,4.097511683269879e-36,2.324243645069289e-12,True,False,0.0009515690001080657,3.386000003047229e-05,0.0010204289999364846,ordinary,400,0.5,1101
ordinary_n400_p0.5_seed1101,4V-FB,5140,2048,True,False,197,0.019738916213916623,0.04932481366259557,1,-2.3442612892665693e-05,4.097511683269879e-36,2.3242436450692893e-12,True,False,0.0009787399999368063,3.4349999850746826e-05,0.0010492199999134755,ordinary,400,0.5,1101
ordinary_n400_p0.5_seed1101,4V-FB,5200,2108,False,True,197,0.01973891620998667,0.04932481366259557,1,-2.344261303477424e-05,4.097511683269879e-36,2.3242436450692885e-12,True,False,0.0009443799999644398,3.420999996706087e-05,0.0010115800000676245,ordinary,400,0.5,1101
ordinary_n400_p0.5_seed1102,4V-FB,3935,1,True,False,221,0.01773092162465065,0.04928487321761149,-1,-2.144393803149569e-05,1.7274855849242616e-36,1.910422205252478e-12,True,False,0.0015911600000890758,4.5129999989512726e-05,0.0016870499998731248,ordinary,400,0.5,1102
ordinary_n400_p0.5_seed1102,4V-FB,3936,2,True,False,221,0.017730921527723983,0.04928487321761149,-1,-2.1443956143230025e-05,1.7274855849242616e-36,1.9104222052524776e-12,True,False,0.0015017800001260184,4.275000014786201e-05,0.0015914900000097987,ordinary,400,0.5,1102
ordinary_n400_p0.5_seed1102,4V-FB,3938,4,True,False,221,0.017730921335007015,0.04928487321761149,-1,-2.1443992157088587e-05,1.7274855849242616e-36,1.9104222052524772e-12,True,False,0.0015199189999748342,4.214000000501983e-05,0.0016066590001173608,ordinary,400,0.5,1102
ordinary_n400_p0.5_seed1102,4V-FB,3942,8,True,False,221,0.01773092095407292,0.04928487321761149,-1,-2.1444063332154428e-05,1.7274855849242616e-36,1.910422205252476e-12,True,False,0.0014753200000541256,4.2089999851668836e-05,0.0015607499999532592,ordinary,400,0.5,1102
ordinary_n400_p0.5_seed1102,4V-FB,3950,16,True,False,221,0.017730920209885637,0.04928487321761149,-1,-2.144420239957867e-05,1.7274855849242616e-36,1.910422205252475e-12,True,False,0.001510759999973743,4.192000005787122e-05,0.0015958800001953932,ordinary,400,0.5,1102
ordinary_n400_p0.5_seed1102,4V-FB,3966,32,True,False,221,0.017730918789724225,0.04928487321761149,-1,-2.1444467844133897e-05,1.7274855849242616e-36,1.910422205252472e-12,True,False,0.0014762800001335563,4.254999998920539e-05,0.0015692899999066867,ordinary,400,0.5,1102
ordinary_n400_p0.5_seed1102,4V-FB,3998,64,True,False,221,0.017730916203298124,0.04928487321761149,-1,-2.1444951485705133e-05,1.7274855849242616e-36,1.9104222052524676e-12,True,False,0.0015085200000157784,4.252999997333973e-05,0.0015942299999096576,ordinary,400,0.5,1102
ordinary_n400_p0.5_seed1102,4V-FB,4062,128,True,False,221,0.017730911910588645,0.04928487321761149,-1,-2.1445755098881136e-05,1.7274855849242616e-36,1.9104222052524607e-12,True,False,0.0014755199999854085,4.227999988870579e-05,0.0015614100000220787,ordinary,400,0.5,1102
ordinary_n400_p0.5_seed1102,4V-FB,4190,256,True,False,221,0.017730905978958284,0.04928487321761149,-1,-2.1446868704089184e-05,1.7274855849242616e-36,1.9104222052524546e-12,True,False,0.001521679999996195,4.220999994686281e-05,0.001607400000011694,ordinary,400,0.5,1102
ordinary_n400_p0.5_seed1102,4V-FB,4446,512,True,False,221,0.01773090023773635,0.04928487321761149,-1,-2.1447954470232844e-05,1.7274855849242616e-36,1.910422205252451e-12,True,False,0.001486529999965569,4.238999986228009e-05,0.001573069999949439,ordinary,400,0.5,1102
ordinary_n400_p0.5_seed1102,4V-FB,4958,1024,True,False,221,0.017730897392670027,0.04928487321761149,-1,-2.1448501470899828e-05,1.7274855849242616e-36,1.9104222052524506e-12,True,False,0.0015246499999648222,4.08299999890005e-05,0.0016090599999643018,ordinary,400,0.5,1102
ordinary_n400_p0.5_seed1102,4V-FB,5982,2048,True,False,221,0.01773089696738128,0.04928487321761149,-1,-2.1448585691530297e-05,1.7274855849242616e-36,1.9104222052524506e-12,True,False,0.0014927100000932114,4.293999995752529e-05,0.001579609999907916,ordinary,400,0.5,1102
ordinary_n400_p0.5_seed1102,4V-FB,6285,2351,False,True,221,0.01773089696205768,0.04928487321761149,-1,-2.1448586789318824e-05,1.7274855849242616e-36,1.9104222052524506e-12,True,False,0.0015305300000818534,4.207999995742284e-05,0.0016169000000445521,ordinary,400,0.5,1102
ordinary_n400_p0.5_seed1103,4V-FB,3709,1,True,False,218,0.016177768927067116,0.049177749468125885,-1,-1.8642365429144547e-05,1.2645532986040755e-36,1.930081857009651e-12,True,False,0.0015398799998820323,4.108000007363444e-05,0.0016296900000725145,ordinary,400,0.5,1103
ordinary_n400_p0.5_seed1103,4V-FB,3710,2,True,False,218,0.016177767972436558,0.049177749468125885,-1,-1.864238129911655e-05,1.2645532986040755e-36,1.9300818570096505e-12,True,False,0.0014856999998755782,3.893999996762432e-05,0.0015692300000864634,ordinary,400,0.5,1103
ordinary_n400_p0.5_seed1103,4V-FB,3712,4,True,False,218,0.016177766073360703,0.049177749468125885,-1,-1.8642412872083014e-05,1.2645532986040755e-36,1.9300818570096505e-12,True,False,0.0014352499999858992,3.878999996231869e-05,0.0015169499999956315,ordinary,400,0.5,1103
ordinary_n400_p0.5_seed1103,4V-FB,3716,8,True,False,218,0.01617776231560946,0.049177749468125885,-1,-1.8642475343000342e-05,1.2645532986040755e-36,1.9300818570096497e-12,True,False,0.0014334099998905003,3.8930000073378324e-05,0.0015139700001327583,ordinary,400,0.5,1103
ordinary_n400_p0.5_seed1103,4V-FB,3724,16,True,False,218,0.016177754959044895,0.049177749468125885,-1,-1.8642597645168735e-05,1.2645532986040755e-36,1.9300818570096477e-12,True,False,0.0014341290000174922,3.9089999972929945e-05,0.0015144989999953395,ordinary,400,0.5,1103
ordinary_n400_p0.5_seed1103,4V-FB,3740,32,True,False,218,0.016177740860911824,0.049177749468125885,-1,-1.8642832039006407e-05,1.2645532986040755e-36,1.9300818570096445e-12,True,False,0.0014300699999694189,3.870000000461005e-05,0.0015104599999631318,ordinary,400,0.5,1103
ordinary_n400_p0.5_seed1103,4V-FB,3772,64,True,False,218,0.016177714967179836,0.049177749468125885,-1,-1.864326257106086e-05,1.2645532986040755e-36,1.93008185700964e-12,True,False,0.0014258800001698546,3.897999999935564e-05,0.0015063600001212762,ordinary,400,0.5,1103
ordinary_n400_p0.5_seed1103,4V-FB,3836,128,True,False,218,0.016177671256280005,0.049177749468125885,-1,-1.8643989470490396e-05,1.2645532986040755e-36,1.930081857009633e-12,True,False,0.0014313399999537069,3.857000001517008e-05,0.0015114299999368086,ordinary,400,0.5,1103
ordinary_n400_p0.5_seed1103,4V-FB,3964,256,True,False,218,0.016177608770936706,0.049177749468125885,-1,-1.8645028863062407e-05,1.2645532986040755e-36,1.9300818570096255e-12,True,False,0.0014315600001282291,3.910999998879561e-05,0.0015118900000743452,ordinary,400,0.5,1103
ordinary_n400_p0.5_seed1103,4V-FB,4220,512,True,False,218,0.01617754409366713,0.049177749468125885,-1,-1.8646105111486122e-05,1.2645532986040755e-36,1.930081857009621e-12,True,False,0.0014318500000172207,3.8679999988744385e-05,0.0015129400001114846,ordinary,400,0.5,1103
ordinary_n400_p0.5_seed1103,4V-FB,4732,1024,True,False,218,0.0161775076931602,0.049177749468125885,-1,-1.8646711065883892e-05,1.2645532986040755e-36,1.9300818570096206e-12,True,False,0.0014365900001394039,3.8860000131535344e-05,0.0015195500000118045,ordinary,400,0.5,1103
ordinary_n400_p0.5_seed1103,4V-FB,5756,2048,True,False,218,0.01617750087447737,0.049177749468125885,-1,-1.8646824599954925e-05,1.2645532986040755e-36,1.9300818570096206e-12,True,False,0.0014456189999236813,3.909999986717594e-05,0.0015275990001555328,ordinary,400,0.5,1103
ordinary_n400_p0.5_seed1103,4V-FB,6294,2586,False,True,218,0.016177500719054355,0.049177749468125885,-1,-1.864682718277777e-05,1.2645532986040755e-36,1.930081857009621e-12,True,False,0.001449280000088038,3.953999998884683e-05,0.0015321000000767526,ordinary,400,0.5,1103
ordinary_n400_p0.5_seed1104,4V-FB,4010,1,True,False,211,0.021619205629965055,0.04868359826062408,-1,-2.480898318779623e-05,3.054184595053197e-36,1.8317843294841487e-12,True,False,0.0012613499998224142,3.933000016331789e-05,0.0013446600000861508,ordinary,400,0.5,1104
ordinary_n400_p0.5_seed1104,4V-FB,4011,2,True,False,211,0.02161920546721928,0.04868359826062408,-1,-2.4808989675051407e-05,3.054184595053197e-36,1.8317843294841483e-12,True,False,0.00112235899996449,3.758999991987366e-05,0.001198739000074056,ordinary,400,0.5,1104
ordinary_n400_p0.5_seed1104,4V-FB,4013,4,True,False,211,0.02161920514383025,0.04868359826062408,-1,-2.4809002553638493e-05,3.054184595053197e-36,1.8317843294841475e-12,True,False,0.0011214099999961036,3.676000005725655e-05,0.001194609999856766,ordinary,400,0.5,1104
ordinary_n400_p0.5_seed1104,4V-FB,4017,8,True,False,211,0.021619204505383828,0.04868359826062408,-1,-2.4809027944883155e-05,3.054184595053197e-36,1.8317843294841467e-12,True,False,0.0011049299998830975,3.6670000099547906e-05,0.0011774099998547172,ordinary,400,0.5,1104
ordinary_n400_p0.5_seed1104,4V-FB,4025,16,True,False,211,0.021619203261167924,0.04868359826062408,-1,-2.480907732760329e-05,3.054184595053197e-36,1.8317843294841455e-12,True,False,0.0011170400000537484,3.676999995150254e-05,0.0011890000000676082,ordinary,400,0.5,1104
ordinary_n400_p0.5_seed1104,4V-FB,4041,32,True,False,211,0.021619200898407208,0.04868359826062408,-1,-2.4809170685813342e-05,3.054184595053197e-36,1.8317843294841426e-12,True,False,0.0011057899998832,3.616999993028003e-05,0.0011774399999922025,ordinary,400,0.5,1104
ordinary_n400_p0.5_seed1104,4V-FB,4073,64,True,False,211,0.021619196637651945,0.04868359826062408,-1,-2.4809337624276395e-05,3.054184595053197e-36,1.8317843294841386e-12,True,False,0.0011140389999582112,3.656999979284592e-05,0.001186059000019668,ordinary,400,0.5,1104
ordinary_n400_p0.5_seed1104,4V-FB,4137,128,True,False,211,0.021619189706388847,0.04868359826062408,-1,-2.480960490203188e-05,3.054184595053197e-36,1.8317843294841333e-12,True,False,0.0011058899999625282,3.654000011010794e-05,0.0011772899999868969,ordinary,400,0.5,1104
ordinary_n400_p0.5_seed1104,4V-FB,4265,256,True,False,211,0.021619180512599097,0.04868359826062408,-1,-2.480994937670289e-05,3.054184595053197e-36,1.8317843294841297e-12,True,False,0.0011212100000648206,3.7199999951553764e-05,0.0011945500000365428,ordinary,400,0.5,1104
ordinary_n400_p0.5_seed1104,4V-FB,4521,512,True,False,211,0.021619172327083026,0.04868359826062408,-1,-2.4810241921358056e-05,3.054184595053197e-36,1.831784329484128e-12,True,False,0.001107730000057927,3.6779999845748534e-05,0.0011876799999299692,ordinary,400,0.5,1104
ordinary_n400_p0.5_seed1104,4V-FB,5033,1024,True,False,211,0.021619168897165038,0.04868359826062408,-1,-2.481035643953078e-05,3.054184595053197e-36,1.831784329484128e-12,True,False,0.001130190000139919,3.7189999829934095e-05,0.0012042900000324153,ordinary,400,0.5,1104
ordinary_n400_p0.5_seed1104,4V-FB,5812,1803,False,True,211,0.021619168535252725,0.04868359826062408,-1,-2.4810367559524593e-05,3.054184595053197e-36,1.8317843294841277e-12,True,False,0.0011218300001019088,3.715999991982244e-05,0.0011958000000049651,ordinary,400,0.5,1104
ordinary_n400_p0.5_seed1105,4V-FB,3312,1,True,False,201,0.017856464507852467,0.04845573011448469,-1,-2.081251032848286e-05,5.07952138561444e-36,1.788900289843651e-12,True,False,0.0012747800001307041,4.052999997838924e-05,0.001362169999993057,ordinary,400,0.5,1105
ordinary_n400_p0.5_seed1105,4V-FB,3313,2,True,False,201,0.017856464360291993,0.04845573011448469,-1,-2.0812528415348197e-05,5.07952138561444e-36,1.7889002898436506e-12,True,False,0.001200509999989663,3.904000004695263e-05,0.0012822799999412382,ordinary,400,0.5,1105
ordinary_n400_p0.5_seed1105,4V-FB,3315,4,True,False,201,0.017856464066869016,0.04845573011448469,-1,-2.081256437236334e-05,5.07952138561444e-36,1.7889002898436502e-12,True,False,0.0012121089998800016,3.8669999867124716e-05,0.0012918590000481345,ordinary,400,0.5,1105
ordinary_n400_p0.5_seed1105,4V-FB,3319,8,True,False,201,0.017856463486754688,0.04845573011448469,-1,-2.0812635455058626e-05,5.07952138561444e-36,1.7889002898436496e-12,True,False,0.0012055400000008376,3.874000003634137e-05,0.0012851900000896421,ordinary,400,0.5,1105
ordinary_n400_p0.5_seed1105,4V-FB,3327,16,True,False,201,0.01785646235296956,0.04845573011448469,-1,-2.0812774391032463e-05,5.07952138561444e-36,1.7889002898436482e-12,True,False,0.0011990799998784496,4.5279999994818354e-05,0.0012848500000472995,ordinary,400,0.5,1105
ordinary_n400_p0.5_seed1105,4V-FB,3343,32,True,False,201,0.01785646018745804,0.04845573011448469,-1,-2.081303978940241e-05,5.07952138561444e-36,1.7889002898436452e-12,True,False,0.0012017099998047343,3.814000001511886e-05,0.0012794599999779166,ordinary,400,0.5,1105
ordinary_n400_p0.5_seed1105,4V-FB,3375,64,True,False,201,0.017856456236549675,0.04845573011448469,-1,-2.0813524084672963e-05,5.07952138561444e-36,1.7889002898436403e-12,True,False,0.0012113100001442945,3.826000011031283e-05,0.0012900199999421602,ordinary,400,0.5,1105
ordinary_n400_p0.5_seed1105,4V-FB,3439,128,True,False,201,0.017856449654457957,0.04845573011448469,-1,-2.081433114042852e-05,5.07952138561444e-36,1.7889002898436339e-12,True,False,0.0012095600000066042,3.807999996752187e-05,0.001288500000100612,ordinary,400,0.5,1105
ordinary_n400_p0.5_seed1105,4V-FB,3567,256,True,False,201,0.017856440484860805,0.04845573011448469,-1,-2.0815456032607926e-05,5.07952138561444e-36,1.7889002898436274e-12,True,False,0.0012084889999641746,3.935000017918355e-05,0.0012893189998521848,ordinary,400,0.5,1105
ordinary_n400_p0.5_seed1105,4V-FB,3823,512,True,False,201,0.017856431450881685,0.04845573011448469,-1,-2.0816565044157187e-05,5.07952138561444e-36,1.788900289843624e-12,True,False,0.0012106899998798326,3.8499999845953425e-05,0.0012898500001483626,ordinary,400,0.5,1105
ordinary_n400_p0.5_seed1105,4V-FB,4335,1024,True,False,201,0.017856426808812862,0.04845573011448469,-1,-2.0817135283124344e-05,5.07952138561444e-36,1.7889002898436236e-12,True,False,0.001223470000013549,3.8089999861767865e-05,0.0013030200000230252,ordinary,400,0.5,1105
ordinary_n400_p0.5_seed1105,4V-FB,5359,2048,True,False,201,0.01785642606818651,0.04845573011448469,-1,-2.0817226296543367e-05,5.07952138561444e-36,1.7889002898436236e-12,True,False,0.001210720000017318,3.878999996231869e-05,0.0012980500000594475,ordinary,400,0.5,1105
ordinary_n400_p0.5_seed1105,4V-FB,5710,2399,False,True,201,0.017856426057226198,0.04845573011448469,-1,-2.081722764302185e-05,5.07952138561444e-36,1.7889002898436236e-12,True,False,0.0012252400001671049,3.8359999962267466e-05,0.0013052799999968556,ordinary,400,0.5,1105
ordinary_n400_p0.8_seed1101,4V-FB,6562,1,True,False,244,0.0075673071930297785,0.010832161905833032,1,-4.4186994330175366e-07,1.5334185972095917e-28,2.0678066243109205e-12,True,False,0.0019504290000895708,5.140000007486378e-05,0.002057659000001877,ordinary,400,0.8,1101
ordinary_n400_p0.8_seed1101,4V-FB,6563,2,True,False,244,0.007567307499796203,0.010832161905833032,1,-4.41868181155769e-07,1.5334185972095917e-28,2.06780662431092e-12,True,False,0.0018865499998810265,4.914999999527936e-05,0.0019847500000196305,ordinary,400,0.8,1101
ordinary_n400_p0.8_seed1101,4V-FB,6565,4,True,False,244,0.007567308111843652,0.010832161905833032,1,-4.4186464975837225e-07,1.5334185972095917e-28,2.06780662431092e-12,True,False,0.0018600200000946643,4.8870000000533764e-05,0.001964980000138894,ordinary,400,0.8,1101
ordinary_n400_p0.8_seed1101,4V-FB,6569,8,True,False,244,0.007567309330018854,0.010832161905833032,1,-4.418576331488566e-07,1.5334185972095917e-28,2.067806624310919e-12,True,False,0.0018493590000616678,4.7660000063842745e-05,0.0019437489997926605,ordinary,400,0.8,1101
ordinary_n400_p0.8_seed1101,4V-FB,6577,16,True,False,244,0.007567311742866118,0.010832161905833032,1,-4.418437455910862e-07,1.5334185972095917e-28,2.0678066243109173e-12,True,False,0.0018505099999401864,4.760999991049175e-05,0.0019452100000307837,ordinary,400,0.8,1101
ordinary_n400_p0.8_seed1101,4V-FB,6593,32,True,False,244,0.007567316475926799,0.010832161905833032,1,-4.4181650693531083e-07,1.5334185972095917e-28,2.067806624310914e-12,True,False,0.001847379000082583,4.758999989462609e-05,0.0019417889998294413,ordinary,400,0.8,1101
ordinary_n400_p0.8_seed1101,4V-FB,6625,64,True,False,244,0.007567325582285622,0.010832161905833032,1,-4.417641719101084e-07,1.5334185972095917e-28,2.067806624310908e-12,True,False,0.0018592490000628459,4.7389999963343143e-05,0.001953979000063555,ordinary,400,0.8,1101
ordinary_n400_p0.8_seed1101,4V-FB,6689,128,True,False,244,0.007567342438312441,0.010832161905833032,1,-4.416674919127672e-07,1.5334185972095917e-28,2.0678066243108983e-12,True,False,0.001839119000123901,4.9029999900085386e-05,0.0019353290001618006,ordinary,400,0.8,1101
ordinary_n400_p0.8_seed1101,4V-FB,6817,256,True,False,244,0.007567371325041598,0.010832161905833032,1,-4.41502489678669e-07,1.5334185972095917e-28,2.067806624310883e-12,True,False,0.0018577299999833485,4.835999993701989e-05,0.001953849999836166,ordinary,400,0.8,1101
ordinary_n400_p0.8_seed1101,4V-FB,7073,512,True,False,244,0.007567413811192128,0.010832161905833032,1,-4.412614238447077e-07,1.5334185972095917e-28,2.0678066243108676e-12,True,False,0.0018417900000713416,4.823999984182592e-05,0.0019461599999885948,ordinary,400,0.8,1101
ordinary_n400_p0.8_seed1101,4V-FB,7585,1024,True,False,244,0.007567460110638807,0.010832161905833032,1,-4.410012763855775e-07,1.5334185972095917e-28,2.067806624310858e-12,True,False,0.0018640200000845653,5.6230000154755544e-05,0.001969550000012532,ordinary,400,0.8,1101
ordinary_n400_p0.8_seed1101,4V-FB,8609,2048,True,False,244,0.007567488567232349,0.010832161905833032,1,-4.408430989144563e-07,1.5334185972095917e-28,2.0678066243108555e-12,True,False,0.0018539400000463502,4.9519999947733595e-05,0.001951599999983955,ordinary,400,0.8,1101
ordinary_n400_p0.8_seed1101,4V-FB,10657,4096,True,False,244,0.007567494727445258,0.010832161905833032,1,-4.4080913141897327e-07,1.5334185972095917e-28,2.0678066243108555e-12,True,False,0.0018696300001010968,4.936999994242797e-05,0.001967339999964679,ordinary,400,0.8,1101
ordinary_n400_p0.8_seed1101,4V-FB,12091,5530,False,True,244,0.007567494919153064,0.010832161905833032,1,-4.4080807981572434e-07,1.5334185972095917e-28,2.0678066243108555e-12,True,False,0.0018590900001527189,4.969999986315088e-05,0.001956479999989824,ordinary,400,0.8,1101
ordinary_n400_p0.8_seed1102,4V-FB,5141,1,True,False,234,0.01680829698829997,0.010821198925575128,1,-9.828065294925636e-07,9.260650064305484e-29,1.9455180203513056e-12,True,False,0.0017711999998937245,4.7819999963394366e-05,0.0018721799999639188,ordinary,400,0.8,1102
ordinary_n400_p0.8_seed1102,4V-FB,5142,2,True,False,234,0.016808296949743173,0.010821198925575128,1,-9.828103912923325e-07,9.260650064305484e-29,1.945518020351305e-12,True,False,0.0017365690000588074,4.634000015357742e-05,0.0018309689999114198,ordinary,400,0.8,1102
ordinary_n400_p0.8_seed1102,4V-FB,5144,4,True,False,234,0.016808296873098275,0.010821198925575128,1,-9.828180758120197e-07,9.260650064305484e-29,1.9455180203513048e-12,True,False,0.0017083200000342913,4.543000000012398e-05,0.0018010600001616694,ordinary,400,0.8,1102
ordinary_n400_p0.8_seed1102,4V-FB,5148,8,True,False,234,0.01680829672167161,0.010821198925575128,1,-9.828332743211377e-07,9.260650064305484e-29,1.9455180203513044e-12,True,False,0.0017044900000655616,4.43199999153876e-05,0.0017944599999282218,ordinary,400,0.8,1102
ordinary_n400_p0.8_seed1102,4V-FB,5156,16,True,False,234,0.016808296426128008,0.010821198925575128,1,-9.828630105346292e-07,9.260650064305484e-29,1.9455180203513024e-12,True,False,0.00170442900002854,4.542000010587799e-05,0.0017957089999072195,ordinary,400,0.8,1102
ordinary_n400_p0.8_seed1102,4V-FB,5172,32,True,False,234,0.01680829586317109,0.010821198925575128,1,-9.829199072441952e-07,9.260650064305484e-29,1.9455180203512995e-12,True,False,0.0016866399998889392,4.5349999936661334e-05,0.0017842400000063208,ordinary,400,0.8,1102
ordinary_n400_p0.8_seed1102,4V-FB,5204,64,True,False,234,0.016808294841453818,0.010821198925575128,1,-9.830240976782534e-07,9.260650064305484e-29,1.9455180203512943e-12,True,False,0.001691279999931794,4.476000003705849e-05,0.0017817800001012074,ordinary,400,0.8,1102
ordinary_n400_p0.8_seed1102,4V-FB,5268,128,True,False,234,0.016808293156020455,0.010821198925575128,1,-9.831989125075324e-07,9.260650064305484e-29,1.945518020351288e-12,True,False,0.0016924399999425077,4.537999984677299e-05,0.0017838999999639782,ordinary,400,0.8,1102
ordinary_n400_p0.8_seed1102,4V-FB,5396,256,True,False,234,0.016808290848478374,0.010821198925575128,1,-9.834458865043416e-07,9.260650064305484e-29,1.945518020351281e-12,True,False,0.0017025800000283198,4.5450000015989644e-05,0.0017940800000815216,ordinary,400,0.8,1102
ordinary_n400_p0.8_seed1102,4V-FB,5652,512,True,False,234,0.016808288634783904,0.010821198925575128,1,-9.836957275410896e-07,9.260650064305484e-29,1.9455180203512777e-12,True,False,0.0017053589999704855,4.5940000063637854e-05,0.0017978089999814983,ordinary,400,0.8,1102
ordinary_n400_p0.8_seed1102,4V-FB,6164,1024,True,False,234,0.016808287530187004,0.010821198925575128,1,-9.838304677600718e-07,9.260650064305484e-29,1.945518020351277e-12,True,False,0.0017070789999706903,4.578000016408623e-05,0.001807228999950894,ordinary,400,0.8,1102
ordinary_n400_p0.8_seed1102,4V-FB,7188,2048,True,False,234,0.016808287355049606,0.010821198925575128,1,-9.838538659323603e-07,9.260650064305484e-29,1.945518020351277e-12,True,False,0.0016893699998945522,5.4879999879631214e-05,0.0017914899999595946,ordinary,400,0.8,1102
ordinary_n400_p0.8_seed1102,4V-FB,7628,2488,False,True,234,0.016808287352011946,0.010821198925575128,1,-9.838543029161428e-07,9.260650064305484e-29,1.9455180203512765e-12,True,False,0.0017213300000094023,4.721000004792586e-05,0.0018159600001581566,ordinary,400,0.8,1102
ordinary_n400_p0.8_seed1103,4V-FB,4753,1,True,False,238,0.012873831202329124,0.0107918062284689,1,-7.485851973854096e-07,7.683510895550296e-29,2.0226588608238727e-12,True,False,0.0019021690000045055,5.3279999974620296e-05,0.0020121889999700215,ordinary,400,0.8,1103
ordinary_n400_p0.8_seed1103,4V-FB,4754,2,True,False,238,0.012873831198371662,0.0107918062284689,1,-7.485881603486177e-07,7.683510895550296e-29,2.0226588608238723e-12,True,False,0.0018273399998633977,5.009000005884445e-05,0.001930020000145305,ordinary,400,0.8,1103
ordinary_n400_p0.8_seed1103,4V-FB,4756,4,True,False,238,0.012873831190492836,0.0107918062284689,1,-7.485940614060382e-07,7.683510895550296e-29,2.0226588608238723e-12,True,False,0.001787510000212933,4.955999997946492e-05,0.0018863700001929828,ordinary,400,0.8,1103
ordinary_n400_p0.8_seed1103,4V-FB,4760,8,True,False,238,0.012873831174876515,0.0107918062284689,1,-7.486057818084646e-07,7.683510895550296e-29,2.0226588608238707e-12,True,False,0.001767698999856293,4.964999993717356e-05,0.001865598999984286,ordinary,400,0.8,1103
ordinary_n400_p0.8_seed1103,4V-FB,4768,16,True,False,238,0.012873831144200557,0.0107918062284689,1,-7.486287998403895e-07,7.683510895550296e-29,2.0226588608238695e-12,True,False,0.0017781799999738723,4.994999994778482e-05,0.0018759299998691858,ordinary,400,0.8,1103
ordinary_n400_p0.8_seed1103,4V-FB,4784,32,True,False,238,0.012873831085012121,0.0107918062284689,1,-7.486733295536396e-07,7.683510895550296e-29,2.0226588608238667e-12,True,False,0.0017662300001575204,4.884000009042211e-05,0.001870069999995394,ordinary,400,0.8,1103
ordinary_n400_p0.8_seed1103,4V-FB,4816,64,True,False,238,0.012873830974820852,0.0107918062284689,1,-7.487565838459886e-07,7.683510895550296e-29,2.0226588608238614e-12,True,False,0.0017793100000744744,4.949999993186793e-05,0.0018777000000227417,ordinary,400,0.8,1103
ordinary_n400_p0.8_seed1103,4V-FB,4880,128,True,False,238,0.012873830783735121,0.0107918062284689,1,-7.48902195368828e-07,7.683510895550296e-29,2.0226588608238525e-12,True,False,0.0017766389998996601,5.0280000095881405e-05,0.001874539000027653,ordinary,400,0.8,1103
ordinary_n400_p0.8_seed1103,4V-FB,5008,256,True,False,238,0.01287383049565902,0.0107918062284689,1,-7.491252915770019e-07,7.683510895550296e-29,2.0226588608238432e-12,True,False,0.0017779600000267237,4.977999992661353e-05,0.0018761199999062228,ordinary,400,0.8,1103
ordinary_n400_p0.8_seed1103,4V-FB,5264,512,True,False,238,0.012873830164876872,0.0107918062284689,1,-7.493893257048967e-07,7.683510895550296e-29,2.0226588608238364e-12,True,False,0.0017800599998736288,4.9790000048233196e-05,0.0018787700000757468,ordinary,400,0.8,1103
ordinary_n400_p0.8_seed1103,4V-FB,5776,1024,True,False,238,0.012873829938040447,0.0107918062284689,1,-7.495801028767346e-07,7.683510895550296e-29,2.0226588608238343e-12,True,False,0.001787428999932672,5.029999988437339e-05,0.00188703899993925,ordinary,400,0.8,1103
ordinary_n400_p0.8_seed1103,4V-FB,6800,2048,True,False,238,0.012873829876874056,0.0107918062284689,1,-7.496358414016413e-07,7.683510895550296e-29,2.0226588608238343e-12,True,False,0.0017839699999058212,5.080999994788726e-05,0.0018834700001661986,ordinary,400,0.8,1103
ordinary_n400_p0.8_seed1103,4V-FB,8016,3264,False,True,238,0.012873829873723309,0.0107918062284689,1,-7.496390352912385e-07,7.683510895550296e-29,2.0226588608238343e-12,True,False,0.001786418999927264,5.177999992156401e-05,0.0018868889999339444,ordinary,400,0.8,1103
ordinary_n400_p0.8_seed1104,4V-FB,6877,1,True,False,234,0.012896535314144962,0.010656428209942684,-1,-7.291168877543441e-07,1.2475171527591113e-28,1.9548292860557253e-12,True,False,0.0017743789999258297,4.8660000175004825e-05,0.0018762189999961265,ordinary,400,0.8,1104
ordinary_n400_p0.8_seed1104,4V-FB,6878,2,True,False,234,0.012896535062532079,0.010656428209942684,-1,-7.29119477682616e-07,1.2475171527591113e-28,1.954829286055725e-12,True,False,0.001732579999952577,4.555999998956395e-05,0.0018256700000165438,ordinary,400,0.8,1104
ordinary_n400_p0.8_seed1104,4V-FB,6880,4,True,False,234,0.012896534561588372,0.010656428209942684,-1,-7.291246291174502e-07,1.2475171527591113e-28,1.954829286055725e-12,True,False,0.0017003000000386237,4.540000009001233e-05,0.0017910599999595433,ordinary,400,0.8,1104
ordinary_n400_p0.8_seed1104,4V-FB,6884,8,True,False,234,0.012896533568761982,0.010656428209942684,-1,-7.291348502747041e-07,1.2475171527591113e-28,1.954829286055724e-12,True,False,0.0016869900000529015,4.493999995247577e-05,0.001776939999899696,ordinary,400,0.8,1104
ordinary_n400_p0.8_seed1104,4V-FB,6892,16,True,False,234,0.012896531618833524,0.010656428209942684,-1,-7.291549586341262e-07,1.2475171527591113e-28,1.954829286055722e-12,True,False,0.0016934800000854011,4.5480000153474975e-05,0.00178366999989521,ordinary,400,0.8,1104
ordinary_n400_p0.8_seed1104,4V-FB,6908,32,True,False,234,0.012896527857809188,0.010656428209942684,-1,-7.291938430853406e-07,1.2475171527591113e-28,1.9548292860557193e-12,True,False,0.0016955890000645013,4.4270000216783956e-05,0.0017845989998477307,ordinary,400,0.8,1104
ordinary_n400_p0.8_seed1104,4V-FB,6940,64,True,False,234,0.012896520860062785,0.010656428209942684,-1,-7.292666062141961e-07,1.2475171527591113e-28,1.954829286055714e-12,True,False,0.0017024690000653209,4.503999980443041e-05,0.0017918290000125126,ordinary,400,0.8,1104
ordinary_n400_p0.8_seed1104,4V-FB,7004,128,True,False,234,0.012896508735864698,0.010656428209942684,-1,-7.293940669228505e-07,1.2475171527591113e-28,1.9548292860557064e-12,True,False,0.0016934400000536698,4.46999999894615e-05,0.0017828899999585701,ordinary,400,0.8,1104
ordinary_n400_p0.8_seed1104,4V-FB,7132,256,True,False,234,0.012896490469818162,0.010656428209942684,-1,-7.295899706605269e-07,1.2475171527591113e-28,1.9548292860556975e-12,True,False,0.0017025800000283198,4.517999991549004e-05,0.001792888999943898,ordinary,400,0.8,1104
ordinary_n400_p0.8_seed1104,4V-FB,7388,512,True,False,234,0.012896469445287719,0.010656428209942684,-1,-7.298232027608265e-07,1.2475171527591113e-28,1.9548292860556914e-12,True,False,0.0017033799999808252,4.517000002124405e-05,0.0017941999999493419,ordinary,400,0.8,1104
ordinary_n400_p0.8_seed1104,4V-FB,7900,1024,True,False,234,0.012896454808269646,0.010656428209942684,-1,-7.299936193305712e-07,1.2475171527591113e-28,1.9548292860556894e-12,True,False,0.0017037400000390335,4.551000006358663e-05,0.0017952599998807273,ordinary,400,0.8,1104
ordinary_n400_p0.8_seed1104,4V-FB,8924,2048,True,False,234,0.012896450665778035,0.010656428209942684,-1,-7.300444373470327e-07,1.2475171527591113e-28,1.9548292860556894e-12,True,False,0.0016971700001704448,4.609000006894348e-05,0.00178847000006499,ordinary,400,0.8,1104
ordinary_n400_p0.8_seed1104,4V-FB,10141,3265,False,True,234,0.01289645042895571,0.010656428209942684,-1,-7.30047442942805e-07,1.2475171527591113e-28,1.9548292860556898e-12,True,False,0.0017037800000707648,4.631000001609209e-05,0.0017960799998490984,ordinary,400,0.8,1104
ordinary_n400_p0.8_seed1105,4V-FB,12159,1,True,False,243,0.0029431874171016543,0.010594116716727445,-1,-1.607267030578896e-07,1.657828849667211e-28,1.7807166111703936e-12,True,False,0.001984900000024936,4.869000008511648e-05,0.002089540000042689,ordinary,400,0.8,1105
ordinary_n400_p0.8_seed1105,4V-FB,12160,2,True,False,243,0.002943187057580738,0.010594116716727445,-1,-1.607273425463518e-07,1.657828849667211e-28,1.7807166111703936e-12,True,False,0.0018640099999629456,4.600999977810716e-05,0.0019593800000166084,ordinary,400,0.8,1105
ordinary_n400_p0.8_seed1105,4V-FB,12162,4,True,False,243,0.0029431863392178808,0.010594116716727445,-1,-1.607286321814172e-07,1.657828849667211e-28,1.780716611170393e-12,True,False,0.00188668000009784,4.5689999979003915e-05,0.001979520000077173,ordinary,400,0.8,1105
ordinary_n400_p0.8_seed1105,4V-FB,12166,8,True,False,243,0.0029431849052059447,0.010594116716727445,-1,-1.6073120434612065e-07,1.657828849667211e-28,1.7807166111703918e-12,True,False,0.0018913399999291869,4.5890000137660536e-05,0.001983139999993,ordinary,400,0.8,1105
ordinary_n400_p0.8_seed1105,4V-FB,12174,16,True,False,243,0.002943182048008132,0.010594116716727445,-1,-1.6073631314839076e-07,1.657828849667211e-28,1.7807166111703907e-12,True,False,0.001885978999780491,4.476999993130448e-05,0.0019763390000662184,ordinary,400,0.8,1105
ordinary_n400_p0.8_seed1105,4V-FB,12190,32,True,False,243,0.0029431763766583205,0.010594116716727445,-1,-1.607464632513711e-07,1.657828849667211e-28,1.7807166111703871e-12,True,False,0.0018835500000022876,4.5300000010684016e-05,0.0019741099999919243,ordinary,400,0.8,1105
ordinary_n400_p0.8_seed1105,4V-FB,12222,64,True,False,243,0.002943165204134894,0.010594116716727445,-1,-1.6076646502938274e-07,1.657828849667211e-28,1.7807166111703804e-12,True,False,0.0018774400000438618,4.5339999815041665e-05,0.0019673500000862987,ordinary,400,0.8,1105
ordinary_n400_p0.8_seed1105,4V-FB,12286,128,True,False,243,0.0029431435240019595,0.010594116716727445,-1,-1.6080526421546892e-07,1.657828849667211e-28,1.7807166111703687e-12,True,False,0.0018893600001774757,4.5519999957832624e-05,0.001981290000003355,ordinary,400,0.8,1105
ordinary_n400_p0.8_seed1105,4V-FB,12414,256,True,False,243,0.0029431027017176696,0.010594116716727445,-1,-1.6087832577227346e-07,1.657828849667211e-28,1.7807166111703471e-12,True,False,0.0018758999999590742,4.513999988375872e-05,0.001968470000065281,ordinary,400,0.8,1105
ordinary_n400_p0.8_seed1105,4V-FB,12670,512,True,False,243,0.002943030305799047,0.010594116716727445,-1,-1.6100788613471195e-07,1.657828849667211e-28,1.7807166111703136e-12,True,False,0.001903779000031136,4.568000008475792e-05,0.001996359000031589,ordinary,400,0.8,1105
ordinary_n400_p0.8_seed1105,4V-FB,13182,1024,True,False,243,0.002942916275278749,0.010594116716727445,-1,-1.6121193624485386e-07,1.657828849667211e-28,1.7807166111702718e-12,True,False,0.0018948599999930593,4.598000009536918e-05,0.001988279999977749,ordinary,400,0.8,1105
ordinary_n400_p0.8_seed1105,4V-FB,14206,2048,True,False,243,0.002942773909485998,0.010594116716727445,-1,-1.6146666581562386e-07,1.657828849667211e-28,1.780716611170238e-12,True,False,0.0018730700001015066,4.678999994212063e-05,0.0019660499999645253,ordinary,400,0.8,1105
ordinary_n400_p0.8_seed1105,4V-FB,16254,4096,True,False,243,0.0029426601178200885,0.010594116716727445,-1,-1.6167024341484648e-07,1.657828849667211e-28,1.7807166111702264e-12,True,False,0.001875729999937903,4.684000009547162e-05,0.0019690100000389066,ordinary,400,0.8,1105
ordinary_n400_p0.8_seed1105,4V-FB,20350,8192,True,False,243,0.0029426202315210575,0.010594116716727445,-1,-1.6174158545823047e-07,1.657828849667211e-28,1.780716611170226e-12,True,False,0.0019280890001027728,4.7270000095522846e-05,0.0020265890000246145,ordinary,400,0.8,1105
ordinary_n400_p0.8_seed1105,4V-FB,26767,14609,False,True,243,0.0029426170272306837,0.010594116716727445,-1,-1.6174732664353542e-07,1.657828849667211e-28,1.7807166111702256e-12,True,False,0.001944249999951353,4.7309999899880495e-05,0.0020427699998890603,ordinary,400,0.8,1105
