run_key,method,iter,eligible_q,scheduled,forced_final,support_size,lambda_min,eta,chosen_sign,actual_drop,required_drop,roundoff_guard,guard_dominates_theory,accepted,eig_time,probe_time,verification_time,regime,geometry,n,p,perturbation,seed
perturbed_strict_n20_p0.5_eps1e-03_seed3101,4V-FB,193,1,True,False,19,0.1100388818674032,0.5628085996530688,-1,-0.017193607370806774,5.219715793488918e-15,2.0650115514630533e-13,True,False,8.949999983087764e-05,9.999999974752427e-06,0.0001216000000567874,perturbed_saddle,strict,20,0.5,0.001,3101
perturbed_strict_n20_p0.5_eps1e-03_seed3101,4V-FB,194,2,True,False,19,0.11003888283605326,0.5628085996530688,-1,-0.017193598299906743,5.219715793488918e-15,2.0650115514630497e-13,True,False,3.956000000471249e-05,9.019999879456009e-06,6.546000008711417e-05,perturbed_saddle,strict,20,0.5,0.001,3101
perturbed_strict_n20_p0.5_eps1e-03_seed3101,4V-FB,196,4,True,False,19,0.11003888359703666,0.5628085996530688,-1,-0.017193591173695566,5.219715793488918e-15,2.065011551463048e-13,True,False,2.949999998236308e-05,8.889999890016043e-06,5.363999980545486e-05,perturbed_saddle,strict,20,0.5,0.001,3101
perturbed_strict_n20_p0.5_eps1e-03_seed3101,4V-FB,200,8,True,False,19,0.1100388838555926,0.5628085996530688,-1,-0.017193588752453692,5.219715793488918e-15,2.065011551463048e-13,True,False,2.9170000061640167e-05,8.720000096218428e-06,5.310000005920301e-05,perturbed_saddle,strict,20,0.5,0.001,3101
perturbed_strict_n20_p0.5_eps1e-03_seed3101,4V-FB,207,15,False,True,19,0.11003888387539482,0.5628085996530688,-1,-0.01719358856701625,5.219715793488918e-15,2.065011551463048e-13,True,False,2.9560000029960065e-05,8.87999999577005e-06,5.329999999048596e-05,perturbed_saddle,strict,20,0.5,0.001,3101
perturbed_strict_n20_p0.5_eps1e-03_seed3102,4V-FB,165,1,True,False,19,0.11003888184622596,0.5628085996530688,-1,-0.017193607569120584,5.2197158305308256e-15,2.0650115514630533e-13,True,False,5.854999994880927e-05,1.0369999927206663e-05,9.728999998515064e-05,perturbed_saddle,strict,20,0.5,0.001,3102
perturbed_strict_n20_p0.5_eps1e-03_seed3102,4V-FB,166,2,True,False,19,0.11003888282509086,0.5628085996530688,-1,-0.01719359840256418,5.2197158305308256e-15,2.0650115514630492e-13,True,False,3.545000004123722e-05,8.959999831859022e-06,6.108999991738528e-05,perturbed_saddle,strict,20,0.5,0.001,3102
perturbed_strict_n20_p0.5_eps1e-03_seed3102,4V-FB,168,4,True,False,19,0.11003888359409915,0.5628085996530688,-1,-0.01719359120120334,5.2197158305308256e-15,2.0650115514630482e-13,True,False,2.779999999802385e-05,8.790000038061407e-06,5.1649999932124047e-05,perturbed_saddle,strict,20,0.5,0.001,3102
perturbed_strict_n20_p0.5_eps1e-03_seed3102,4V-FB,172,8,True,False,19,0.11003888385538167,0.5628085996530688,-1,-0.017193588754428557,5.2197158305308256e-15,2.065011551463048e-13,True,False,2.5699999923745054e-05,8.7999999323074e-06,4.977999992661353e-05,perturbed_saddle,strict,20,0.5,0.001,3102
perturbed_strict_n20_p0.5_eps1e-03_seed3102,4V-FB,179,15,False,True,19,0.1100388838753927,0.5628085996530688,-1,-0.017193588567036233,5.2197158305308256e-15,2.065011551463048e-13,True,False,2.706999998736137e-05,8.620000016890117e-06,5.07899999320216e-05,perturbed_saddle,strict,20,0.5,0.001,3102
perturbed_strict_n20_p0.5_eps1e-03_seed3103,4V-FB,148,1,True,False,19,0.11003888189551933,0.5628085996530688,-1,-0.01719360710751383,5.219716077649808e-15,2.0650115514630533e-13,True,False,5.556000019169005e-05,1.0040000006483751e-05,8.593000006840157e-05,perturbed_saddle,strict,20,0.5,0.001,3103
perturbed_strict_n20_p0.5_eps1e-03_seed3103,4V-FB,149,2,True,False,19,0.11003888285060759,0.5628085996530688,-1,-0.0171935981636131,5.219716077649808e-15,2.0650115514630492e-13,True,False,3.4259999893038184e-05,8.909999905881705e-06,5.921000001762877e-05,perturbed_saddle,strict,20,0.5,0.001,3103
perturbed_strict_n20_p0.5_eps1e-03_seed3103,4V-FB,151,4,True,False,19,0.11003888360093665,0.5628085996530688,-1,-0.01719359113717367,5.219716077649808e-15,2.065011551463048e-13,True,False,2.8479999855335336e-05,8.590000106778461e-06,5.236000015429454e-05,perturbed_saddle,strict,20,0.5,0.001,3103
perturbed_strict_n20_p0.5_eps1e-03_seed3103,4V-FB,155,8,True,False,19,0.11003888385587263,0.5628085996530688,-1,-0.017193588749831346,5.219716077649808e-15,2.065011551463048e-13,True,False,2.7349999982106965e-05,8.579999985158793e-06,5.071999999017862e-05,perturbed_saddle,strict,20,0.5,0.001,3103
perturbed_strict_n20_p0.5_eps1e-03_seed3103,4V-FB,162,15,False,True,19,0.11003888387539759,0.5628085996530688,-1,-0.017193588566990492,5.219716077649808e-15,2.065011551463048e-13,True,False,2.6610000077198492e-05,8.660000048621441e-06,5.011999996895611e-05,perturbed_saddle,strict,20,0.5,0.001,3103
perturbed_strict_n20_p0.5_eps1e-03_seed3104,4V-FB,150,1,True,False,19,0.1100388818595589,0.5628085996530688,-1,-0.017193607444264902,5.219716010653293e-15,2.0650115514630533e-13,True,False,5.3179999895291985e-05,9.88000010693213e-06,8.282999988296069e-05,perturbed_saddle,strict,20,0.5,0.001,3104
perturbed_strict_n20_p0.5_eps1e-03_seed3104,4V-FB,151,2,True,False,19,0.11003888283199267,0.5628085996530688,-1,-0.01719359833793277,5.219716010653293e-15,2.0650115514630492e-13,True,False,3.390999995644961e-05,9.239999826604617e-06,5.93600000229344e-05,perturbed_saddle,strict,20,0.5,0.001,3104
perturbed_strict_n20_p0.5_eps1e-03_seed3104,4V-FB,153,4,True,False,19,0.11003888359594857,0.5628085996530688,-1,-0.01719359118388475,5.219716010653293e-15,2.065011551463048e-13,True,False,2.807000009852345e-05,8.429999979853164e-06,5.1719999873967026e-05,perturbed_saddle,strict,20,0.5,0.001,3104
perturbed_strict_n20_p0.5_eps1e-03_seed3104,4V-FB,157,8,True,False,19,0.11003888385551447,0.5628085996530688,-1,-0.017193588753184663,5.219716010653293e-15,2.0650115514630482e-13,True,False,2.725000013015233e-05,8.669999942867435e-06,5.102000000078988e-05,perturbed_saddle,strict,20,0.5,0.001,3104
perturbed_strict_n20_p0.5_eps1e-03_seed3104,4V-FB,164,15,False,True,19,0.11003888387539403,0.5628085996530688,-1,-0.017193588567023355,5.219716010653293e-15,2.065011551463048e-13,True,False,2.584000003480469e-05,8.479999905830482e-06,4.883999986304843e-05,perturbed_saddle,strict,20,0.5,0.001,3104
perturbed_strict_n20_p0.5_eps1e-03_seed3105,4V-FB,4,1,True,False,20,-0.012500000015670027,0.5628085996530688,-1,0.0021938311617044626,5.219715791915458e-15,2.111111111111106e-13,True,True,6.72700000450277e-05,9.860000091066468e-06,9.772999987944786e-05,perturbed_saddle,strict,20,0.5,0.001,3105
perturbed_strict_n20_p0.5_eps1e-03_seed3105,4V-FB,27,1,True,False,19,0.11003888183882699,0.5628085996530688,-1,-0.01719360763840827,5.219715791915458e-15,2.0650115514630533e-13,True,False,3.611000011005672e-05,9.489999911238556e-06,6.31200000498211e-05,perturbed_saddle,strict,20,0.5,0.001,3105
perturbed_strict_n20_p0.5_eps1e-03_seed3105,4V-FB,28,2,True,False,19,0.11003888282126077,0.5628085996530688,-1,-0.017193598438431046,5.219715791915458e-15,2.0650115514630492e-13,True,False,2.90400000722002e-05,8.590000106778461e-06,5.308000004333735e-05,perturbed_saddle,strict,20,0.5,0.001,3105
perturbed_strict_n20_p0.5_eps1e-03_seed3105,4V-FB,30,4,True,False,19,0.11003888359307283,0.5628085996530688,-1,-0.01719359121081432,5.219715791915458e-15,2.065011551463048e-13,True,False,2.5779999987207702e-05,8.700000080352766e-06,4.925999996885366e-05,perturbed_saddle,strict,20,0.5,0.001,3105
perturbed_strict_n20_p0.5_eps1e-03_seed3105,4V-FB,34,8,True,False,19,0.11003888385530798,0.5628085996530688,-1,-0.01719358875511867,5.219715791915458e-15,2.065011551463048e-13,True,False,2.5990000040110317e-05,8.719999868844752e-06,4.9530000069353264e-05,perturbed_saddle,strict,20,0.5,0.001,3105
perturbed_strict_n20_p0.5_eps1e-03_seed3105,4V-FB,41,15,False,True,19,0.11003888387539197,0.5628085996530688,-1,-0.01719358856704245,5.219715791915458e-15,2.065011551463048e-13,True,False,2.579000010882737e-05,8.709999974598759e-06,4.910000006930204e-05,perturbed_saddle,strict,20,0.5,0.001,3105
perturbed_strict_n20_p0.5_eps1e-05_seed3101,4V-FB,3,1,True,False,20,-0.012499999996988816,0.5628085996530688,-1,0.0021938264945569053,5.219717520315601e-15,2.1111111111111108e-13,True,True,6.305000010797812e-05,9.649999810790177e-06,9.281000006922113e-05,perturbed_saddle,strict,20,0.5,1e-05,3101
perturbed_strict_n20_p0.5_eps1e-05_seed3101,4V-FB,26,1,True,False,19,0.11003888183882572,0.5628085996530688,-1,-0.017193607638419817,5.219717520315601e-15,2.0650115514630535e-13,True,False,3.698999989865115e-05,8.969999953478691e-06,6.299000006038113e-05,perturbed_saddle,strict,20,0.5,1e-05,3101
perturbed_strict_n20_p0.5_eps1e-05_seed3101,4V-FB,27,2,True,False,19,0.11003888282126012,0.5628085996530688,-1,-0.01719359843843682,5.219717520315601e-15,2.0650115514630492e-13,True,False,2.8239999892321066e-05,8.67000017024111e-06,5.1570000096035074e-05,perturbed_saddle,strict,20,0.5,1e-05,3101
perturbed_strict_n20_p0.5_eps1e-05_seed3101,4V-FB,29,4,True,False,19,0.11003888359307265,0.5628085996530688,-1,-0.017193591210816095,5.219717520315601e-15,2.065011551463048e-13,True,False,2.531999984967115e-05,8.32000000627886e-06,4.787000011674536e-05,perturbed_saddle,strict,20,0.5,1e-05,3101
perturbed_strict_n20_p0.5_eps1e-05_seed3101,4V-FB,33,8,True,False,19,0.11003888385530797,0.5628085996530688,-1,-0.017193588755119116,5.219717520315601e-15,2.065011551463048e-13,True,False,2.575999997134204e-05,8.499999921696144e-06,4.866999984187714e-05,perturbed_saddle,strict,20,0.5,1e-05,3101
perturbed_strict_n20_p0.5_eps1e-05_seed3101,4V-FB,40,15,False,True,19,0.11003888387539197,0.5628085996530688,-1,-0.01719358856704245,5.219717520315601e-15,2.065011551463048e-13,True,False,2.455000003465102e-05,8.349999916390516e-06,4.738000006909715e-05,perturbed_saddle,strict,20,0.5,1e-05,3101
perturbed_strict_n20_p0.5_eps1e-05_seed3102,4V-FB,3,1,True,False,20,-0.012499999991655708,0.5628085996530688,-1,0.0021938387928082115,5.219717520319295e-15,2.1111111111110926e-13,True,True,5.3279999974620296e-05,9.42999986364157e-06,8.238999998866348e-05,perturbed_saddle,strict,20,0.5,1e-05,3102
perturbed_strict_n20_p0.5_eps1e-05_seed3102,4V-FB,26,1,True,False,19,0.11003888183882904,0.5628085996530688,-1,-0.01719360763838873,5.219717520319295e-15,2.0650115514630533e-13,True,False,3.786999991461926e-05,9.149999868895975e-06,6.413999994947517e-05,perturbed_saddle,strict,20,0.5,1e-05,3102
perturbed_strict_n20_p0.5_eps1e-05_seed3102,4V-FB,27,2,True,False,19,0.11003888282126184,0.5628085996530688,-1,-0.017193598438420832,5.219717520319295e-15,2.0650115514630492e-13,True,False,2.814000004036643e-05,8.49000002745015e-06,5.1219999932072824e-05,perturbed_saddle,strict,20,0.5,1e-05,3102
perturbed_strict_n20_p0.5_eps1e-05_seed3102,4V-FB,29,4,True,False,19,0.11003888359307311,0.5628085996530688,-1,-0.017193591210811654,5.219717520319295e-15,2.065011551463048e-13,True,False,2.621999988150492e-05,8.470000011584489e-06,4.934000003231631e-05,perturbed_saddle,strict,20,0.5,1e-05,3102
perturbed_strict_n20_p0.5_eps1e-05_seed3102,4V-FB,33,8,True,False,19,0.110038883855308,0.5628085996530688,-1,-0.01719358875511867,5.219717520319295e-15,2.065011551463048e-13,True,False,2.465000011397933e-05,8.230000048570218e-06,4.745999990518612e-05,perturbed_saddle,strict,20,0.5,1e-05,3102
perturbed_strict_n20_p0.5_eps1e-05_seed3102,4V-FB,40,15,False,True,19,0.11003888387539197,0.5628085996530688,-1,-0.01719358856704245,5.219717520319295e-15,2.065011551463048e-13,True,False,2.6130000151169952e-05,8.440000101472833e-06,4.9210000042876345e-05,perturbed_saddle,strict,20,0.5,1e-05,3102
perturbed_strict_n20_p0.5_eps1e-05_seed3103,4V-FB,3,1,True,False,20,-0.012499999986645827,0.5628085996530688,-1,0.0021938653441546663,5.219717520344008e-15,2.1111111111109737e-13,True,True,5.3759999900648836e-05,9.330000011686934e-06,8.280999986709503e-05,perturbed_saddle,strict,20,0.5,1e-05,3103
perturbed_strict_n20_p0.5_eps1e-05_seed3103,4V-FB,26,1,True,False,19,0.11003888183883616,0.5628085996530688,-1,-0.017193607638322117,5.219717520344008e-15,2.0650115514630533e-13,True,False,3.741999989870237e-05,9.340000133306603e-06,6.394999991243822e-05,perturbed_saddle,strict,20,0.5,1e-05,3103
perturbed_strict_n20_p0.5_eps1e-05_seed3103,4V-FB,27,2,True,False,19,0.11003888282126553,0.5628085996530688,-1,-0.017193598438386193,5.219717520344008e-15,2.0650115514630492e-13,True,False,2.9629999971803045e-05,8.67000017024111e-06,5.364999992707453e-05,perturbed_saddle,strict,20,0.5,1e-05,3103
perturbed_strict_n20_p0.5_eps1e-05_seed3103,4V-FB,29,4,True,False,19,0.11003888359307411,0.5628085996530688,-1,-0.017193591210802328,5.219717520344008e-15,2.065011551463048e-13,True,False,2.6680000019041472e-05,8.569999863539124e-06,5.029999988437339e-05,perturbed_saddle,strict,20,0.5,1e-05,3103
perturbed_strict_n20_p0.5_eps1e-05_seed3103,4V-FB,33,8,True,False,19,0.11003888385530808,0.5628085996530688,-1,-0.017193588755118228,5.219717520344008e-15,2.065011551463048e-13,True,False,2.519999998185085e-05,8.539999953427468e-06,4.8660000175004825e-05,perturbed_saddle,strict,20,0.5,1e-05,3103
perturbed_strict_n20_p0.5_eps1e-05_seed3103,4V-FB,40,15,False,True,19,0.11003888387539197,0.5628085996530688,-1,-0.01719358856704245,5.219717520344008e-15,2.065011551463048e-13,True,False,2.6519999892116175e-05,8.610000122644124e-06,5.009000005884445e-05,perturbed_saddle,strict,20,0.5,1e-05,3103
perturbed_strict_n20_p0.5_eps1e-05_seed3104,4V-FB,3,1,True,False,20,-0.012499999981420434,0.5628085996530688,-1,0.0021938600936990404,5.21971752033732e-15,2.1111111111110065e-13,True,True,5.301999999574036e-05,9.739999995872495e-06,8.209999987229821e-05,perturbed_saddle,strict,20,0.5,1e-05,3104
perturbed_strict_n20_p0.5_eps1e-05_seed3104,4V-FB,26,1,True,False,19,0.11003888183883476,0.5628085996530688,-1,-0.017193607638334996,5.21971752033732e-15,2.0650115514630535e-13,True,False,3.6840000120719196e-05,9.309999995821272e-06,6.342999995467835e-05,perturbed_saddle,strict,20,0.5,1e-05,3104
perturbed_strict_n20_p0.5_eps1e-05_seed3104,4V-FB,27,2,True,False,19,0.1100388828212648,0.5628085996530688,-1,-0.017193598438392854,5.21971752033732e-15,2.0650115514630497e-13,True,False,3.5079999861409306e-05,8.770000022195745e-06,5.9720000081142643e-05,perturbed_saddle,strict,20,0.5,1e-05,3104
perturbed_strict_n20_p0.5_eps1e-05_seed3104,4V-FB,29,4,True,False,19,0.1100388835930739,0.5628085996530688,-1,-0.01719359121080455,5.21971752033732e-15,2.065011551463048e-13,True,False,2.5440000172238797e-05,8.890000117389718e-06,4.9099999841928366e-05,perturbed_saddle,strict,20,0.5,1e-05,3104
perturbed_strict_n20_p0.5_eps1e-05_seed3104,4V-FB,33,8,True,False,19,0.11003888385530805,0.5628085996530688,-1,-0.017193588755118228,5.21971752033732e-15,2.065011551463048e-13,True,False,2.453000001878536e-05,8.539999953427468e-06,4.760999991049175e-05,perturbed_saddle,strict,20,0.5,1e-05,3104
perturbed_strict_n20_p0.5_eps1e-05_seed3104,4V-FB,40,15,False,True,19,0.11003888387539197,0.5628085996530688,-1,-0.01719358856704245,5.21971752033732e-15,2.065011551463048e-13,True,False,2.5359999881402473e-05,8.489999800076475e-06,4.85799998841685e-05,perturbed_saddle,strict,20,0.5,1e-05,3104
perturbed_strict_n20_p0.5_eps1e-05_seed3105,4V-FB,3,1,True,False,20,-0.01250000000279933,0.5628085996530688,-1,0.002193823433858544,5.2197175203154394e-15,2.1111111111111113e-13,True,True,5.29999999798747e-05,9.389999831910245e-06,8.096999999906984e-05,perturbed_saddle,strict,20,0.5,1e-05,3105
perturbed_strict_n20_p0.5_eps1e-05_seed3105,4V-FB,26,1,True,False,19,0.1100388818388249,0.5628085996530688,-1,-0.01719360763842781,5.2197175203154394e-15,2.0650115514630533e-13,True,False,3.704000005200214e-05,8.890000117389718e-06,6.233999988580763e-05,perturbed_saddle,strict,20,0.5,1e-05,3105
perturbed_strict_n20_p0.5_eps1e-05_seed3105,4V-FB,27,2,True,False,19,0.1100388828212597,0.5628085996530688,-1,-0.01719359843844037,5.2197175203154394e-15,2.0650115514630497e-13,True,False,2.8600000177902984e-05,8.729999990464421e-06,5.226000007496623e-05,perturbed_saddle,strict,20,0.5,1e-05,3105
perturbed_strict_n20_p0.5_eps1e-05_seed3105,4V-FB,29,4,True,False,19,0.11003888359307254,0.5628085996530688,-1,-0.017193591210816983,5.2197175203154394e-15,2.065011551463048e-13,True,False,2.6440000056027202e-05,8.550000075047137e-06,4.9550000085218926e-05,perturbed_saddle,strict,20,0.5,1e-05,3105
perturbed_strict_n20_p0.5_eps1e-05_seed3105,4V-FB,33,8,True,False,19,0.11003888385530795,0.5628085996530688,-1,-0.017193588755119116,5.2197175203154394e-15,2.065011551463048e-13,True,False,2.415000017208513e-05,8.480000133204157e-06,4.70700001642399e-05,perturbed_saddle,strict,20,0.5,1e-05,3105
perturbed_strict_n20_p0.5_eps1e-05_seed3105,4V-FB,40,15,False,True,19,0.11003888387539197,0.5628085996530688,-1,-0.01719358856704245,5.2197175203154394e-15,2.065011551463048e-13,True,False,2.5320000077044824e-05,8.550000075047137e-06,4.850999994232552e-05,perturbed_saddle,strict,20,0.5,1e-05,3105
perturbed_quartic_n20_p0.3_eps1e-02_seed2101,4V-FB,5,1,True,False,20,-4.3501196321276234e-07,0.6185064075575528,-1,0.0003418998296256248,1.1003767784134098e-21,2.0299003322253407e-13,True,True,7.090999997672043e-05,1.0140000085812062e-05,0.00010234000001219101,perturbed_saddle,quartic,20,0.3,0.01,2101
perturbed_quartic_n20_p0.3_eps1e-02_seed2101,4V-FB,27,1,True,False,19,0.15418504557100396,0.6185064075575528,-1,-0.029189332340489704,1.1003767784134098e-21,1.97372457093096e-13,True,False,5.588999988503929e-05,1.0639999800332589e-05,9.037000017997343e-05,perturbed_saddle,quartic,20,0.3,0.01,2101
perturbed_quartic_n20_p0.3_eps1e-02_seed2101,4V-FB,28,2,True,False,19,0.15418504637839497,0.6185064075575528,-1,-0.02918931967364813,1.1003767784134098e-21,1.9737245709309556e-13,True,False,3.56299999566545e-05,9.890000001178123e-06,6.220000000212167e-05,perturbed_saddle,quartic,20,0.3,0.01,2101
perturbed_quartic_n20_p0.3_eps1e-02_seed2101,4V-FB,30,4,True,False,19,0.15418504698825933,0.6185064075575528,-1,-0.029189310105723898,1.1003767784134098e-21,1.9737245709309538e-13,True,False,2.9440000162139768e-05,9.269999964089948e-06,5.394999993768579e-05,perturbed_saddle,quartic,20,0.3,0.01,2101
perturbed_quartic_n20_p0.3_eps1e-02_seed2101,4V-FB,34,8,True,False,19,0.15418504718129755,0.6185064075575528,-1,-0.029189307077222004,1.1003767784134098e-21,1.9737245709309538e-13,True,False,2.769999991869554e-05,9.489999911238556e-06,5.2619999905800796e-05,perturbed_saddle,quartic,20,0.3,0.01,2101
perturbed_quartic_n20_p0.3_eps1e-02_seed2101,4V-FB,41,15,False,True,19,0.15418504719435627,0.6185064075575528,-1,-0.02918930687234833,1.1003767784134098e-21,1.973724570930954e-13,True,False,2.9229999881863478e-05,9.35999992179859e-06,5.4559999853154295e-05,perturbed_saddle,quartic,20,0.3,0.01,2101
perturbed_quartic_n20_p0.3_eps1e-02_seed2102,4V-FB,5,1,True,False,20,-3.7339335228071504e-09,0.6185064075575528,-1,0.0003323847337033392,1.1003621063474452e-21,2.0299003322259132e-13,True,True,5.371999986891751e-05,1.0069999916595407e-05,8.389000004171976e-05,perturbed_saddle,quartic,20,0.3,0.01,2102
perturbed_quartic_n20_p0.3_eps1e-02_seed2102,4V-FB,27,1,True,False,19,0.1541850455630609,0.6185064075575528,-1,-0.029189332465105133,1.1003621063474452e-21,1.97372457093096e-13,True,False,3.889999993589299e-05,1.0010000096372096e-05,6.658000006609655e-05,perturbed_saddle,quartic,20,0.3,0.01,2102
perturbed_quartic_n20_p0.3_eps1e-02_seed2102,4V-FB,28,2,True,False,19,0.15418504637440222,0.6185064075575528,-1,-0.02918931973628891,1.1003621063474452e-21,1.9737245709309556e-13,True,False,2.9990000030011288e-05,9.350000027552596e-06,5.49800001863332e-05,perturbed_saddle,quartic,20,0.3,0.01,2102
perturbed_quartic_n20_p0.3_eps1e-02_seed2102,4V-FB,30,4,True,False,19,0.15418504698725044,0.6185064075575528,-1,-0.02918931012155168,1.1003621063474452e-21,1.9737245709309543e-13,True,False,2.5979999918490648e-05,9.200000022246968e-06,5.043999999543303e-05,perturbed_saddle,quartic,20,0.3,0.01,2102
perturbed_quartic_n20_p0.3_eps1e-02_seed2102,4V-FB,34,8,True,False,19,0.15418504718123316,0.6185064075575528,-1,-0.029189307078232307,1.1003621063474452e-21,1.9737245709309538e-13,True,False,2.5880000066536013e-05,9.260000069843954e-06,5.047000013291836e-05,perturbed_saddle,quartic,20,0.3,0.01,2102
perturbed_quartic_n20_p0.3_eps1e-02_seed2102,4V-FB,41,15,False,True,19,0.15418504719435575,0.6185064075575528,-1,-0.02918930687235699,1.1003621063474452e-21,1.9737245709309538e-13,True,False,2.552000000832777e-05,9.680000175649184e-06,5.061000001660432e-05,perturbed_saddle,quartic,20,0.3,0.01,2102
perturbed_quartic_n20_p0.3_eps1e-02_seed2103,4V-FB,5,1,True,False,20,-6.020508559482374e-08,0.6185064075575528,-1,0.0003352945880381597,1.100364045012907e-21,2.0299003322259023e-13,True,True,7.73499998558691e-05,9.979999958886765e-06,0.00010939000003418187,perturbed_saddle,quartic,20,0.3,0.01,2103
perturbed_quartic_n20_p0.3_eps1e-02_seed2103,4V-FB,27,1,True,False,19,0.15418504556550738,0.6185064075575528,-1,-0.029189332426722725,1.100364045012907e-21,1.9737245709309601e-13,True,False,4.003000003649504e-05,9.69999996414117e-06,6.71600000714534e-05,perturbed_saddle,quartic,20,0.3,0.01,2103
perturbed_quartic_n20_p0.3_eps1e-02_seed2103,4V-FB,28,2,True,False,19,0.15418504637563202,0.6185064075575528,-1,-0.029189319716995454,1.100364045012907e-21,1.9737245709309556e-13,True,False,2.866999989237229e-05,9.240000053978292e-06,5.3360000038082944e-05,perturbed_saddle,quartic,20,0.3,0.01,2103
perturbed_quartic_n20_p0.3_eps1e-02_seed2103,4V-FB,30,4,True,False,19,0.1541850469875612,0.6185064075575528,-1,-0.02918931011667647,1.100364045012907e-21,1.9737245709309543e-13,True,False,2.5430000050619128e-05,9.11999995878432e-06,4.942999999002495e-05,perturbed_saddle,quartic,20,0.3,0.01,2103
perturbed_quartic_n20_p0.3_eps1e-02_seed2103,4V-FB,34,8,True,False,19,0.15418504718125298,0.6185064075575528,-1,-0.029189307077920557,1.100364045012907e-21,1.9737245709309543e-13,True,False,2.4350000103368075e-05,9.190000128000975e-06,4.824999996344559e-05,perturbed_saddle,quartic,20,0.3,0.01,2103
perturbed_quartic_n20_p0.3_eps1e-02_seed2103,4V-FB,41,15,False,True,19,0.1541850471943559,0.6185064075575528,-1,-0.029189306872353438,1.100364045012907e-21,1.9737245709309543e-13,True,False,2.5260000029447838e-05,9.210000143866637e-06,4.966000005879323e-05,perturbed_saddle,quartic,20,0.3,0.01,2103
perturbed_quartic_n20_p0.3_eps1e-02_seed2104,4V-FB,5,1,True,False,20,-2.1482557724293924e-07,0.6185064075575528,-1,0.00033876164248791696,1.10036930280316e-21,2.0299003322257736e-13,True,True,7.862000006753078e-05,1.0449999990669312e-05,0.00011012999993909034,perturbed_saddle,quartic,20,0.3,0.01,2104
perturbed_quartic_n20_p0.3_eps1e-02_seed2104,4V-FB,27,1,True,False,19,0.15418504556840226,0.6185064075575528,-1,-0.02918933238130683,1.10036930280316e-21,1.9737245709309594e-13,True,False,4.110999998374609e-05,9.719999980006833e-06,6.900000016685226e-05,perturbed_saddle,quartic,20,0.3,0.01,2104
perturbed_quartic_n20_p0.3_eps1e-02_seed2104,4V-FB,28,2,True,False,19,0.1541850463770872,0.6185064075575528,-1,-0.02918931969416594,1.10036930280316e-21,1.9737245709309556e-13,True,False,3.0030000061742612e-05,9.269999964089948e-06,5.529000009119045e-05,perturbed_saddle,quartic,20,0.3,0.01,2104
perturbed_quartic_n20_p0.3_eps1e-02_seed2104,4V-FB,30,4,True,False,19,0.15418504698792887,0.6185064075575528,-1,-0.029189310110908195,1.10036930280316e-21,1.9737245709309543e-13,True,False,2.7079999881607364e-05,9.05000001694134e-06,5.1629999916258384e-05,perturbed_saddle,quartic,20,0.3,0.01,2104
perturbed_quartic_n20_p0.3_eps1e-02_seed2104,4V-FB,34,8,True,False,19,0.15418504718127646,0.6185064075575528,-1,-0.029189307077552407,1.10036930280316e-21,1.9737245709309543e-13,True,False,2.7750000072046532e-05,9.090000048672664e-06,5.1969999958600965e-05,perturbed_saddle,quartic,20,0.3,0.01,2104
perturbed_quartic_n20_p0.3_eps1e-02_seed2104,4V-FB,41,15,False,True,19,0.1541850471943561,0.6185064075575528,-1,-0.02918930687235166,1.10036930280316e-21,1.9737245709309538e-13,True,False,2.6300000172341242e-05,9.219999810738955e-06,5.06799999584473e-05,perturbed_saddle,quartic,20,0.3,0.01,2104
perturbed_quartic_n20_p0.3_eps1e-02_seed2105,4V-FB,5,1,True,False,20,-9.416870820856766e-08,0.6185064075575528,-1,0.0003362700988591705,1.1003652002393812e-21,2.029900332225887e-13,True,True,8.219000005738053e-05,1.0250000059386366e-05,0.000114019999955417,perturbed_saddle,quartic,20,0.3,0.01,2105
perturbed_quartic_n20_p0.3_eps1e-02_seed2105,4V-FB,27,1,True,False,19,0.15418504556632412,0.6185064075575528,-1,-0.02918933241390964,1.1003652002393812e-21,1.97372457093096e-13,True,False,4.080000007888884e-05,9.670000054029515e-06,6.837000000814442e-05,perturbed_saddle,quartic,20,0.3,0.01,2105
perturbed_quartic_n20_p0.3_eps1e-02_seed2105,4V-FB,28,2,True,False,19,0.15418504637604255,0.6185064075575528,-1,-0.029189319710554162,1.1003652002393812e-21,1.9737245709309556e-13,True,False,3.0279999919002876e-05,9.299999874201603e-06,5.534999991141376e-05,perturbed_saddle,quartic,20,0.3,0.01,2105
perturbed_quartic_n20_p0.3_eps1e-02_seed2105,4V-FB,30,4,True,False,19,0.15418504698766491,0.6185064075575528,-1,-0.02918931011504955,1.1003652002393812e-21,1.973724570930954e-13,True,False,2.7159999945070012e-05,9.210000143866637e-06,5.147000001670676e-05,perturbed_saddle,quartic,20,0.3,0.01,2105
perturbed_quartic_n20_p0.3_eps1e-02_seed2105,4V-FB,34,8,True,False,19,0.1541850471812596,0.6185064075575528,-1,-0.029189307077816862,1.1003652002393812e-21,1.973724570930954e-13,True,False,2.5979999918490648e-05,9.370000043418258e-06,5.656999996972445e-05,perturbed_saddle,quartic,20,0.3,0.01,2105
perturbed_quartic_n20_p0.3_eps1e-02_seed2105,4V-FB,41,15,False,True,19,0.15418504719435597,0.6185064075575528,-1,-0.029189306872353216,1.1003652002393812e-21,1.973724570930954e-13,True,False,2.6689999913287465e-05,9.279999858335941e-06,5.0999999984924216e-05,perturbed_saddle,quartic,20,0.3,0.01,2105
perturbed_quartic_n20_p0.3_eps1e-03_seed2101,4V-FB,4,1,True,False,20,-4.365534115251717e-09,0.6185064075575528,-1,0.00033246259686814383,1.1004548009841476e-21,2.0299003322259134e-13,True,True,5.394999993768579e-05,9.770000133357826e-06,8.333000005222857e-05,perturbed_saddle,quartic,20,0.3,0.001,2101
perturbed_quartic_n20_p0.3_eps1e-03_seed2101,4V-FB,26,1,True,False,19,0.15418504556312657,0.6185064075575528,-1,-0.029189332464074402,1.1004548009841476e-21,1.97372457093096e-13,True,False,3.635999996731698e-05,9.610000006432529e-06,6.349999989652133e-05,perturbed_saddle,quartic,20,0.3,0.001,2101
perturbed_quartic_n20_p0.3_eps1e-03_seed2101,4V-FB,27,2,True,False,19,0.15418504637443523,0.6185064075575528,-1,-0.029189319735771102,1.1004548009841476e-21,1.9737245709309556e-13,True,False,2.7609999960986897e-05,9.200000022246968e-06,5.173999988983269e-05,perturbed_saddle,quartic,20,0.3,0.001,2101
perturbed_quartic_n20_p0.3_eps1e-03_seed2101,4V-FB,29,4,True,False,19,0.15418504698725877,0.6185064075575528,-1,-0.029189310121420675,1.1004548009841476e-21,1.9737245709309543e-13,True,False,2.4879999955373933e-05,9.10999983716465e-06,4.852000006394519e-05,perturbed_saddle,quartic,20,0.3,0.001,2101
perturbed_quartic_n20_p0.3_eps1e-03_seed2101,4V-FB,33,8,True,False,19,0.1541850471812337,0.6185064075575528,-1,-0.02918930707822387,1.1004548009841476e-21,1.9737245709309538e-13,True,False,2.424000012979377e-05,9.05000001694134e-06,4.7900000026857015e-05,perturbed_saddle,quartic,20,0.3,0.001,2101
perturbed_quartic_n20_p0.3_eps1e-03_seed2101,4V-FB,40,15,False,True,19,0.15418504719435577,0.6185064075575528,-1,-0.02918930687235699,1.1004548009841476e-21,1.9737245709309538e-13,True,False,2.5270000151067507e-05,9.05000001694134e-06,4.884000009042211e-05,perturbed_saddle,quartic,20,0.3,0.001,2101
perturbed_quartic_n20_p0.3_eps1e-03_seed2102,4V-FB,4,1,True,False,20,-5.994352954182444e-11,0.6185064075575528,-1,0.00033152156144833356,1.100454654249733e-21,2.0299003322259134e-13,True,True,5.3190000016911654e-05,9.890000001178123e-06,8.251999997810344e-05,perturbed_saddle,quartic,20,0.3,0.001,2102
perturbed_quartic_n20_p0.3_eps1e-03_seed2102,4V-FB,26,1,True,False,19,0.15418504556233217,0.6185064075575528,-1,-0.029189332476537766,1.100454654249733e-21,1.97372457093096e-13,True,False,3.603000004659407e-05,9.530000170343556e-06,6.329000007099239e-05,perturbed_saddle,quartic,20,0.3,0.001,2102
perturbed_quartic_n20_p0.3_eps1e-03_seed2102,4V-FB,27,2,True,False,19,0.1541850463740359,0.6185064075575528,-1,-0.02918931974203587,1.100454654249733e-21,1.9737245709309556e-13,True,False,2.6870000056078425e-05,8.989999969344353e-06,5.090000013296958e-05,perturbed_saddle,quartic,20,0.3,0.001,2102
perturbed_quartic_n20_p0.3_eps1e-03_seed2102,4V-FB,29,4,True,False,19,0.15418504698715788,0.6185064075575528,-1,-0.02918931012300341,1.100454654249733e-21,1.9737245709309543e-13,True,False,2.4049999865383143e-05,8.979999847724685e-06,4.765999983646907e-05,perturbed_saddle,quartic,20,0.3,0.001,2102
perturbed_quartic_n20_p0.3_eps1e-03_seed2102,4V-FB,33,8,True,False,19,0.15418504718122725,0.6185064075575528,-1,-0.0291893070783249,1.100454654249733e-21,1.973724570930954e-13,True,False,2.4799999891911284e-05,9.059999911187333e-06,4.898999986835406e-05,perturbed_saddle,quartic,20,0.3,0.001,2102
perturbed_quartic_n20_p0.3_eps1e-03_seed2102,4V-FB,40,15,False,True,19,0.15418504719435572,0.6185064075575528,-1,-0.029189306872357212,1.100454654249733e-21,1.973724570930954e-13,True,False,2.4050000092756818e-05,9.170000112135313e-06,4.797999986294599e-05,perturbed_saddle,quartic,20,0.3,0.001,2102
perturbed_quartic_n20_p0.3_eps1e-03_seed2103,4V-FB,4,1,True,False,20,-6.215076769789135e-10,0.6185064075575528,-1,0.0003318111801648982,1.1004546734811556e-21,2.029900332225914e-13,True,True,6.293999990703014e-05,9.93999992715544e-06,9.299999987888441e-05,perturbed_saddle,quartic,20,0.3,0.001,2103
perturbed_quartic_n20_p0.3_eps1e-03_seed2103,4V-FB,26,1,True,False,19,0.15418504556257684,0.6185064075575528,-1,-0.02918933247269906,1.1004546734811556e-21,1.97372457093096e-13,True,False,3.6160000036034035e-05,9.730000101626501e-06,6.363000011333497e-05,perturbed_saddle,quartic,20,0.3,0.001,2103
perturbed_quartic_n20_p0.3_eps1e-03_seed2103,4V-FB,27,2,True,False,19,0.1541850463741589,0.6185064075575528,-1,-0.0291893197401063,1.1004546734811556e-21,1.9737245709309556e-13,True,False,2.7659999886964215e-05,9.090000048672664e-06,5.200999999033229e-05,perturbed_saddle,quartic,20,0.3,0.001,2103
perturbed_quartic_n20_p0.3_eps1e-03_seed2103,4V-FB,29,4,True,False,19,0.15418504698718896,0.6185064075575528,-1,-0.029189310122516465,1.1004546734811556e-21,1.973724570930954e-13,True,False,2.6720000050772796e-05,8.969999953478691e-06,5.0600000122358324e-05,perturbed_saddle,quartic,20,0.3,0.001,2103
perturbed_quartic_n20_p0.3_eps1e-03_seed2103,4V-FB,33,8,True,False,19,0.15418504718122922,0.6185064075575528,-1,-0.02918930707829359,1.1004546734811556e-21,1.9737245709309543e-13,True,False,2.4499999881300027e-05,9.010000212583691e-06,4.8250000190819264e-05,perturbed_saddle,quartic,20,0.3,0.001,2103
perturbed_quartic_n20_p0.3_eps1e-03_seed2103,4V-FB,40,15,False,True,19,0.15418504719435572,0.6185064075575528,-1,-0.029189306872357212,1.1004546734811556e-21,1.973724570930954e-13,True,False,2.5560000040059094e-05,9.05000001694134e-06,4.966999995303922e-05,perturbed_saddle,quartic,20,0.3,0.001,2103
perturbed_quartic_n20_p0.3_eps1e-03_seed2104,4V-FB,4,1,True,False,20,-2.16173910799276e-09,0.6185064075575528,-1,0.00033215413491971546,1.1004547260865611e-21,2.029900332225914e-13,True,True,5.139999984749011e-05,1.0129999964192393e-05,8.12199998563301e-05,perturbed_saddle,quartic,20,0.3,0.001,2104
perturbed_quartic_n20_p0.3_eps1e-03_seed2104,4V-FB,26,1,True,False,19,0.15418504556286636,0.6185064075575528,-1,-0.02918933246815758,1.1004547260865611e-21,1.9737245709309596e-13,True,False,3.7699999893447966e-05,9.560000080455211e-06,6.487999985438364e-05,perturbed_saddle,quartic,20,0.3,0.001,2104
perturbed_quartic_n20_p0.3_eps1e-03_seed2104,4V-FB,27,2,True,False,19,0.15418504637430444,0.6185064075575528,-1,-0.02918931973782346,1.1004547260865611e-21,1.9737245709309556e-13,True,False,2.856000014617166e-05,9.239999826604617e-06,5.336999993232894e-05,perturbed_saddle,quartic,20,0.3,0.001,2104
perturbed_quartic_n20_p0.3_eps1e-03_seed2104,4V-FB,29,4,True,False,19,0.15418504698722574,0.6185064075575528,-1,-0.029189310121939593,1.1004547260865611e-21,1.973724570930954e-13,True,False,2.5219999997716513e-05,9.030000001075678e-06,4.897999997410807e-05,perturbed_saddle,quartic,20,0.3,0.001,2104
perturbed_quartic_n20_p0.3_eps1e-03_seed2104,4V-FB,33,8,True,False,19,0.15418504718123158,0.6185064075575528,-1,-0.029189307078257176,1.1004547260865611e-21,1.9737245709309538e-13,True,False,2.5660000119387405e-05,9.210000143866637e-06,5.0169999894933426e-05,perturbed_saddle,quartic,20,0.3,0.001,2104
perturbed_quartic_n20_p0.3_eps1e-03_seed2104,4V-FB,40,15,False,True,19,0.15418504719435575,0.6185064075575528,-1,-0.02918930687235677,1.1004547260865611e-21,1.973724570930954e-13,True,False,2.5020000066433568e-05,9.309999995821272e-06,4.942999999002495e-05,perturbed_saddle,quartic,20,0.3,0.001,2104
perturbed_quartic_n20_p0.3_eps1e-03_seed2105,4V-FB,4,1,True,False,20,-9.215567240020244e-10,0.6185064075575528,-1,0.00033190790347692456,1.1004546850435223e-21,2.029900332225914e-13,True,True,5.140000007486378e-05,9.709999858387164e-06,7.986999980857945e-05,perturbed_saddle,quartic,20,0.3,0.001,2105
perturbed_quartic_n20_p0.3_eps1e-03_seed2105,4V-FB,26,1,True,False,19,0.15418504556265852,0.6185064075575528,-1,-0.02918933247141786,1.1004546850435223e-21,1.97372457093096e-13,True,False,3.5990000014862744e-05,9.340000133306603e-06,6.227999983821064e-05,perturbed_saddle,quartic,20,0.3,0.001,2105
perturbed_quartic_n20_p0.3_eps1e-03_seed2105,4V-FB,27,2,True,False,19,0.15418504637419997,0.6185064075575528,-1,-0.02918931973946237,1.1004546850435223e-21,1.9737245709309556e-13,True,False,2.7460000183054945e-05,9.05000001694134e-06,5.175000001145236e-05,perturbed_saddle,quartic,20,0.3,0.001,2105
perturbed_quartic_n20_p0.3_eps1e-03_seed2105,4V-FB,29,4,True,False,19,0.15418504698719931,0.6185064075575528,-1,-0.029189310122353485,1.1004546850435223e-21,1.973724570930954e-13,True,False,3.276999996160157e-05,9.070000032807002e-06,5.654999995385879e-05,perturbed_saddle,quartic,20,0.3,0.001,2105
perturbed_quartic_n20_p0.3_eps1e-03_seed2105,4V-FB,33,8,True,False,19,0.15418504718122988,0.6185064075575528,-1,-0.029189307078282933,1.1004546850435223e-21,1.9737245709309543e-13,True,False,2.424000012979377e-05,9.000000090964022e-06,4.770999998982006e-05,perturbed_saddle,quartic,20,0.3,0.001,2105
perturbed_quartic_n20_p0.3_eps1e-03_seed2105,4V-FB,40,15,False,True,19,0.15418504719435572,0.6185064075575528,-1,-0.02918930687235677,1.1004546850435223e-21,1.973724570930954e-13,True,False,2.4050000092756818e-05,1.532999999653839e-05,5.381000005399983e-05,perturbed_saddle,quartic,20,0.3,0.001,2105
perturbed_quartic_n20_p0.3_eps1e-04_seed2101,4V-FB,3,1,True,False,20,-7.26517826108571e-11,0.6185064075575528,-1,0.000331529334418601,1.1004555811525245e-21,2.0299003322259134e-13,True,True,5.134999992151279e-05,9.879999879558454e-06,8.063999985097325e-05,perturbed_saddle,quartic,20,0.3,0.0001,2101
perturbed_quartic_n20_p0.3_eps1e-04_seed2101,4V-FB,25,1,True,False,19,0.15418504556233875,0.6185064075575528,-1,-0.029189332476434737,1.1004555811525245e-21,1.97372457093096e-13,True,False,3.6319999935585656e-05,9.560000080455211e-06,6.338000002870103e-05,perturbed_saddle,quartic,20,0.3,0.0001,2101
perturbed_quartic_n20_p0.3_eps1e-04_seed2101,4V-FB,26,2,True,False,19,0.1541850463740392,0.6185064075575528,-1,-0.02918931974198391,1.1004555811525245e-21,1.9737245709309556e-13,True,False,2.81099999028811e-05,9.410000075149583e-06,5.308000004333735e-05,perturbed_saddle,quartic,20,0.3,0.0001,2101
perturbed_quartic_n20_p0.3_eps1e-04_seed2101,4V-FB,28,4,True,False,19,0.1541850469871587,0.6185064075575528,-1,-0.029189310122990753,1.1004555811525245e-21,1.973724570930954e-13,True,False,2.5049999976545223e-05,9.240000053978292e-06,4.947000002175628e-05,perturbed_saddle,quartic,20,0.3,0.0001,2101
perturbed_quartic_n20_p0.3_eps1e-04_seed2101,4V-FB,32,8,True,False,19,0.1541850471812273,0.6185064075575528,-1,-0.029189307078324234,1.1004555811525245e-21,1.9737245709309538e-13,True,False,2.5560000040059094e-05,9.079999927052995e-06,4.99000000218075e-05,perturbed_saddle,quartic,20,0.3,0.0001,2101
perturbed_quartic_n20_p0.3_eps1e-04_seed2101,4V-FB,39,15,False,True,19,0.15418504719435572,0.6185064075575528,-1,-0.029189306872357212,1.1004555811525245e-21,1.973724570930954e-13,True,False,2.366000012443692e-05,9.040000122695346e-06,4.762000003211142e-05,perturbed_saddle,quartic,20,0.3,0.0001,2101
perturbed_quartic_n20_p0.3_eps1e-04_seed2102,4V-FB,3,1,True,False,20,-4.2812134447145666e-11,0.6185064075575528,-1,0.000331435337793895,1.1004555796851788e-21,2.029900332225914e-13,True,True,5.2000000096086296e-05,1.0180000117543386e-05,8.142000001498673e-05,perturbed_saddle,quartic,20,0.3,0.0001,2102
perturbed_quartic_n20_p0.3_eps1e-04_seed2102,4V-FB,25,1,True,False,19,0.1541850455622593,0.6185064075575528,-1,-0.02918933247768085,1.1004555796851788e-21,1.97372457093096e-13,True,False,3.682999999909953e-05,9.930000032909447e-06,6.427000016628881e-05,perturbed_saddle,quartic,20,0.3,0.0001,2102
perturbed_quartic_n20_p0.3_eps1e-04_seed2102,4V-FB,26,2,True,False,19,0.15418504637399927,0.6185064075575528,-1,-0.029189319742610964,1.1004555796851788e-21,1.9737245709309556e-13,True,False,2.7919999865844147e-05,9.240000053978292e-06,5.2379999942786526e-05,perturbed_saddle,quartic,20,0.3,0.0001,2102
perturbed_quartic_n20_p0.3_eps1e-04_seed2102,4V-FB,28,4,True,False,19,0.15418504698714863,0.6185064075575528,-1,-0.02918931012314885,1.1004555796851788e-21,1.973724570930954e-13,True,False,2.5809999897319358e-05,9.330000011686934e-06,4.985000009583018e-05,perturbed_saddle,quartic,20,0.3,0.0001,2102
perturbed_quartic_n20_p0.3_eps1e-04_seed2102,4V-FB,32,8,True,False,19,0.15418504718122664,0.6185064075575528,-1,-0.029189307078334226,1.1004555796851788e-21,1.973724570930954e-13,True,False,2.519999998185085e-05,8.950000164986704e-06,4.899000009572774e-05,perturbed_saddle,quartic,20,0.3,0.0001,2102
perturbed_quartic_n20_p0.3_eps1e-04_seed2102,4V-FB,39,15,False,True,19,0.15418504719435572,0.6185064075575528,-1,-0.029189306872357657,1.1004555796851788e-21,1.973724570930954e-13,True,False,2.4430000166830723e-05,9.090000048672664e-06,4.824999996344559e-05,perturbed_saddle,quartic,20,0.3,0.0001,2102
perturbed_quartic_n20_p0.3_eps1e-04_seed2103,4V-FB,3,1,True,False,20,-4.256205588773062e-11,0.6185064075575528,-1,0.00033146428476671375,1.1004555798773418e-21,2.029900332225914e-13,True,True,5.1830000074915006e-05,1.0030000112237758e-05,8.119000017359213e-05,perturbed_saddle,quartic,20,0.3,0.0001,2103
perturbed_quartic_n20_p0.3_eps1e-04_seed2103,4V-FB,25,1,True,False,19,0.15418504556228377,0.6185064075575528,-1,-0.029189332477296936,1.1004555798773418e-21,1.9737245709309601e-13,True,False,3.6049999835086055e-05,9.770000133357826e-06,6.320000011328375e-05,perturbed_saddle,quartic,20,0.3,0.0001,2103
perturbed_quartic_n20_p0.3_eps1e-04_seed2103,4V-FB,26,2,True,False,19,0.1541850463740116,0.6185064075575528,-1,-0.02918931974241712,1.1004555798773418e-21,1.9737245709309556e-13,True,False,2.704999997149571e-05,9.139999974649982e-06,5.120000014358084e-05,perturbed_saddle,quartic,20,0.3,0.0001,2103
perturbed_quartic_n20_p0.3_eps1e-04_seed2103,4V-FB,28,4,True,False,19,0.15418504698715174,0.6185064075575528,-1,-0.02918931012310022,1.1004555798773418e-21,1.9737245709309543e-13,True,False,2.4799999891911284e-05,9.009999985210015e-06,4.8529999958191183e-05,perturbed_saddle,quartic,20,0.3,0.0001,2103
perturbed_quartic_n20_p0.3_eps1e-04_seed2103,4V-FB,32,8,True,False,19,0.15418504718122686,0.6185064075575528,-1,-0.02918930707833134,1.1004555798773418e-21,1.9737245709309538e-13,True,False,2.5180000193358865e-05,9.090000048672664e-06,4.9210000042876345e-05,perturbed_saddle,quartic,20,0.3,0.0001,2103
perturbed_quartic_n20_p0.3_eps1e-04_seed2103,4V-FB,39,15,False,True,19,0.15418504719435572,0.6185064075575528,-1,-0.029189306872357212,1.1004555798773418e-21,1.973724570930954e-13,True,False,2.4430000166830723e-05,9.269999964089948e-06,4.8490000153833535e-05,perturbed_saddle,quartic,20,0.3,0.0001,2103
perturbed_quartic_n20_p0.3_eps1e-04_seed2104,4V-FB,3,1,True,False,20,-4.685861575777358e-11,0.6185064075575528,-1,0.00033149854053871053,1.1004555804034145e-21,2.029900332225914e-13,True,True,5.396000005930546e-05,9.900000122797792e-06,8.314000001519162e-05,perturbed_saddle,quartic,20,0.3,0.0001,2104
perturbed_quartic_n20_p0.3_eps1e-04_seed2104,4V-FB,25,1,True,False,19,0.15418504556231272,0.6185064075575528,-1,-0.0291893324768433,1.1004555804034145e-21,1.97372457093096e-13,True,False,3.6229999977877014e-05,9.52999994296988e-06,6.308000001808978e-05,perturbed_saddle,quartic,20,0.3,0.0001,2104
perturbed_quartic_n20_p0.3_eps1e-04_seed2104,4V-FB,26,2,True,False,19,0.15418504637402614,0.6185064075575528,-1,-0.029189319742189523,1.1004555804034145e-21,1.9737245709309556e-13,True,False,2.773000005618087e-05,9.020000106829684e-06,5.177999992156401e-05,perturbed_saddle,quartic,20,0.3,0.0001,2104
perturbed_quartic_n20_p0.3_eps1e-04_seed2104,4V-FB,28,4,True,False,19,0.1541850469871554,0.6185064075575528,-1,-0.02918931012304271,1.1004555804034145e-21,1.973724570930954e-13,True,False,2.485999993950827e-05,8.93999981599336e-06,4.854000007981085e-05,perturbed_saddle,quartic,20,0.3,0.0001,2104
perturbed_quartic_n20_p0.3_eps1e-04_seed2104,4V-FB,32,8,True,False,19,0.15418504718122708,0.6185064075575528,-1,-0.029189307078327786,1.1004555804034145e-21,1.9737245709309538e-13,True,False,2.3749999854771886e-05,8.989999969344353e-06,4.712999998446321e-05,perturbed_saddle,quartic,20,0.3,0.0001,2104
perturbed_quartic_n20_p0.3_eps1e-04_seed2104,4V-FB,39,15,False,True,19,0.15418504719435572,0.6185064075575528,-1,-0.029189306872357212,1.1004555804034145e-21,1.973724570930954e-13,True,False,2.5100000129896216e-05,9.22000003811263e-06,4.9199999921256676e-05,perturbed_saddle,quartic,20,0.3,0.0001,2104
perturbed_quartic_n20_p0.3_eps1e-04_seed2105,4V-FB,3,1,True,False,20,2.838382794480557e-11,0.6185064075575528,-1,0.00033147393289212346,1.1004555799929663e-21,2.0299003322259134e-13,True,True,5.317000000104599e-05,9.95000004877511e-06,8.257000013145444e-05,perturbed_saddle,quartic,20,0.3,0.0001,2105
perturbed_quartic_n20_p0.3_eps1e-04_seed2105,4V-FB,25,1,True,False,19,0.15418504556229193,0.6185064075575528,-1,-0.029189332477168817,1.1004555799929663e-21,1.97372457093096e-13,True,False,3.742000012607605e-05,9.81000016508915e-06,6.496999981209228e-05,perturbed_saddle,quartic,20,0.3,0.0001,2105
perturbed_quartic_n20_p0.3_eps1e-04_seed2105,4V-FB,26,2,True,False,19,0.1541850463740157,0.6185064075575528,-1,-0.029189319742353392,1.1004555799929663e-21,1.9737245709309556e-13,True,False,2.7929999987463816e-05,9.309999995821272e-06,5.252000005384616e-05,perturbed_saddle,quartic,20,0.3,0.0001,2105
perturbed_quartic_n20_p0.3_eps1e-04_seed2105,4V-FB,28,4,True,False,19,0.15418504698715277,0.6185064075575528,-1,-0.02918931012308401,1.1004555799929663e-21,1.9737245709309546e-13,True,False,2.4860000166881946e-05,9.200000022246968e-06,4.899999998997373e-05,perturbed_saddle,quartic,20,0.3,0.0001,2105
perturbed_quartic_n20_p0.3_eps1e-04_seed2105,4V-FB,32,8,True,False,19,0.15418504718122691,0.6185064075575528,-1,-0.029189307078330007,1.1004555799929663e-21,1.9737245709309538e-13,True,False,2.50099999448139e-05,9.139999974649982e-06,4.9150000222653034e-05,perturbed_saddle,quartic,20,0.3,0.0001,2105
perturbed_quartic_n20_p0.3_eps1e-04_seed2105,4V-FB,39,15,False,True,19,0.15418504719435572,0.6185064075575528,-1,-0.029189306872357212,1.1004555799929663e-21,1.973724570930954e-13,True,False,2.436999989186006e-05,9.15000009626965e-06,4.8529999958191183e-05,perturbed_saddle,quartic,20,0.3,0.0001,2105
perturbed_quartic_n20_p0.3_eps1e-05_seed2101,4V-FB,3,1,True,False,20,-3.3502655285877843e-12,0.6185064075575528,-1,0.00033143610578356686,1.1004555889541242e-21,2.0299003322259134e-13,True,True,5.3669999942940194e-05,9.999999974752427e-06,8.331000003636291e-05,perturbed_saddle,quartic,20,0.3,1e-05,2101
perturbed_quartic_n20_p0.3_eps1e-05_seed2101,4V-FB,25,1,True,False,19,0.15418504556225995,0.6185064075575528,-1,-0.029189332477670638,1.1004555889541242e-21,1.97372457093096e-13,True,False,3.8710000126229716e-05,9.719999980006833e-06,6.564000000253145e-05,perturbed_saddle,quartic,20,0.3,1e-05,2101
perturbed_quartic_n20_p0.3_eps1e-05_seed2101,4V-FB,26,2,True,False,19,0.1541850463739996,0.6185064075575528,-1,-0.02918931974260497,1.1004555889541242e-21,1.9737245709309556e-13,True,False,2.9060000088065863e-05,9.280000085709617e-06,5.396000005930546e-05,perturbed_saddle,quartic,20,0.3,1e-05,2101
perturbed_quartic_n20_p0.3_eps1e-05_seed2101,4V-FB,28,4,True,False,19,0.15418504698714872,0.6185064075575528,-1,-0.02918931012314796,1.1004555889541242e-21,1.973724570930954e-13,True,False,2.676000008250412e-05,9.019999879456009e-06,5.0530000180515344e-05,perturbed_saddle,quartic,20,0.3,1e-05,2101
perturbed_quartic_n20_p0.3_eps1e-05_seed2101,4V-FB,32,8,True,False,19,0.15418504718122666,0.6185064075575528,-1,-0.029189307078334226,1.1004555889541242e-21,1.973724570930954e-13,True,False,2.4989999928948237e-05,9.000000090964022e-06,4.890999980489141e-05,perturbed_saddle,quartic,20,0.3,1e-05,2101
perturbed_quartic_n20_p0.3_eps1e-05_seed2101,4V-FB,39,15,False,True,19,0.15418504719435572,0.6185064075575528,-1,-0.029189306872357657,1.1004555889541242e-21,1.973724570930954e-13,True,False,2.625000001899025e-05,9.309999995821272e-06,5.037999994783604e-05,perturbed_saddle,quartic,20,0.3,1e-05,2101
perturbed_quartic_n20_p0.3_eps1e-05_seed2102,4V-FB,3,1,True,False,20,-4.24772503063318e-12,0.6185064075575528,-1,0.00033142670716035383,1.1004555889394544e-21,2.0299003322259134e-13,True,True,5.712999995921564e-05,1.0029999884864083e-05,8.707000006324961e-05,perturbed_saddle,quartic,20,0.3,1e-05,2102
perturbed_quartic_n20_p0.3_eps1e-05_seed2102,4V-FB,25,1,True,False,19,0.15418504556225202,0.6185064075575528,-1,-0.029189332477795205,1.1004555889394544e-21,1.9737245709309596e-13,True,False,3.732999994099373e-05,9.780000027603819e-06,6.479000012404867e-05,perturbed_saddle,quartic,20,0.3,1e-05,2102
perturbed_quartic_n20_p0.3_eps1e-05_seed2102,4V-FB,26,2,True,False,19,0.1541850463739956,0.6185064075575528,-1,-0.02918931974266803,1.1004555889394544e-21,1.9737245709309556e-13,True,False,2.800000015668047e-05,9.32000011744094e-06,5.304999990585202e-05,perturbed_saddle,quartic,20,0.3,1e-05,2102
perturbed_quartic_n20_p0.3_eps1e-05_seed2102,4V-FB,28,4,True,False,19,0.1541850469871477,0.6185064075575528,-1,-0.029189310123163503,1.1004555889394544e-21,1.973724570930954e-13,True,False,2.4749999965933966e-05,9.030000001075678e-06,4.906000003757072e-05,perturbed_saddle,quartic,20,0.3,1e-05,2102
perturbed_quartic_n20_p0.3_eps1e-05_seed2102,4V-FB,32,8,True,False,19,0.15418504718122658,0.6185064075575528,-1,-0.029189307078335114,1.1004555889394544e-21,1.973724570930954e-13,True,False,2.410999991298013e-05,9.060000138561008e-06,4.8070000048028305e-05,perturbed_saddle,quartic,20,0.3,1e-05,2102
perturbed_quartic_n20_p0.3_eps1e-05_seed2102,4V-FB,39,15,False,True,19,0.15418504719435572,0.6185064075575528,-1,-0.029189306872357657,1.1004555889394544e-21,1.973724570930954e-13,True,False,2.5359999881402473e-05,9.129999853030313e-06,4.974000012225588e-05,perturbed_saddle,quartic,20,0.3,1e-05,2102
perturbed_quartic_n20_p0.3_eps1e-05_seed2103,4V-FB,3,1,True,False,20,-3.714480783496079e-12,0.6185064075575528,-1,0.00033142960172138913,1.1004555889413734e-21,2.0299003322259134e-13,True,True,5.873000009160023e-05,9.849999969446799e-06,8.804999993117235e-05,perturbed_saddle,quartic,20,0.3,1e-05,2103
perturbed_quartic_n20_p0.3_eps1e-05_seed2103,4V-FB,25,1,True,False,19,0.15418504556225446,0.6185064075575528,-1,-0.02918933247775657,1.1004555889413734e-21,1.9737245709309601e-13,True,False,3.830999980891647e-05,1.0030000112237758e-05,6.596000002900837e-05,perturbed_saddle,quartic,20,0.3,1e-05,2103
perturbed_quartic_n20_p0.3_eps1e-05_seed2103,4V-FB,26,2,True,False,19,0.15418504637399685,0.6185064075575528,-1,-0.02918931974264849,1.1004555889413734e-21,1.9737245709309556e-13,True,False,2.8659999998126295e-05,9.39000005928392e-06,5.3689999958805856e-05,perturbed_saddle,quartic,20,0.3,1e-05,2103
perturbed_quartic_n20_p0.3_eps1e-05_seed2103,4V-FB,28,4,True,False,19,0.154185046987148,0.6185064075575528,-1,-0.02918931012315884,1.1004555889413734e-21,1.9737245709309543e-13,True,False,2.627000003485591e-05,9.35999992179859e-06,5.0740000006044284e-05,perturbed_saddle,quartic,20,0.3,1e-05,2103
perturbed_quartic_n20_p0.3_eps1e-05_seed2103,4V-FB,32,8,True,False,19,0.1541850471812266,0.6185064075575528,-1,-0.02918930707833467,1.1004555889413734e-21,1.973724570930954e-13,True,False,2.3589999955220264e-05,9.349999800178921e-06,4.774000012730539e-05,perturbed_saddle,quartic,20,0.3,1e-05,2103
perturbed_quartic_n20_p0.3_eps1e-05_seed2103,4V-FB,39,15,False,True,19,0.15418504719435572,0.6185064075575528,-1,-0.029189306872357657,1.1004555889413734e-21,1.973724570930954e-13,True,False,2.485999993950827e-05,9.259999842470279e-06,4.9140000101033365e-05,perturbed_saddle,quartic,20,0.3,1e-05,2103
perturbed_quartic_n20_p0.3_eps1e-05_seed2104,4V-FB,3,1,True,False,20,-2.7525599588812085e-12,0.6185064075575528,-1,0.00033143302692639764,1.1004555889466372e-21,2.0299003322259134e-13,True,True,5.41599999905884e-05,9.899999895424116e-06,8.327000000463158e-05,perturbed_saddle,quartic,20,0.3,1e-05,2104
perturbed_quartic_n20_p0.3_eps1e-05_seed2104,4V-FB,25,1,True,False,19,0.15418504556225734,0.6185064075575528,-1,-0.029189332477711716,1.1004555889466372e-21,1.9737245709309596e-13,True,False,3.752000020540436e-05,9.510000154477893e-06,6.435999989662378e-05,perturbed_saddle,quartic,20,0.3,1e-05,2104
perturbed_quartic_n20_p0.3_eps1e-05_seed2104,4V-FB,26,2,True,False,19,0.1541850463739983,0.6185064075575528,-1,-0.02918931974262584,1.1004555889466372e-21,1.9737245709309556e-13,True,False,2.8409999913492356e-05,9.180000006381306e-06,5.304999990585202e-05,perturbed_saddle,quartic,20,0.3,1e-05,2104
perturbed_quartic_n20_p0.3_eps1e-05_seed2104,4V-FB,28,4,True,False,19,0.15418504698714838,0.6185064075575528,-1,-0.02918931012315329,1.1004555889466372e-21,1.973724570930954e-13,True,False,2.534999998715648e-05,8.979999847724685e-06,4.917000001114502e-05,perturbed_saddle,quartic,20,0.3,1e-05,2104
perturbed_quartic_n20_p0.3_eps1e-05_seed2104,4V-FB,32,8,True,False,19,0.15418504718122664,0.6185064075575528,-1,-0.029189307078334448,1.1004555889466372e-21,1.9737245709309538e-13,True,False,2.5219999997716513e-05,9.009999985210015e-06,4.9140000101033365e-05,perturbed_saddle,quartic,20,0.3,1e-05,2104
perturbed_quartic_n20_p0.3_eps1e-05_seed2104,4V-FB,39,15,False,True,19,0.15418504719435572,0.6185064075575528,-1,-0.029189306872357657,1.1004555889466372e-21,1.973724570930954e-13,True,False,2.4350000103368075e-05,9.130000080403988e-06,4.823999984182592e-05,perturbed_saddle,quartic,20,0.3,1e-05,2104
perturbed_quartic_n20_p0.3_eps1e-05_seed2105,4V-FB,3,1,True,False,20,3.685986960615526e-12,0.6185064075575528,-1,0.0003314305664532391,1.1004555889425303e-21,2.029900332225914e-13,True,True,5.243000009613752e-05,9.899999895424116e-06,8.122000008370378e-05,perturbed_saddle,quartic,20,0.3,1e-05,2105
perturbed_quartic_n20_p0.3_eps1e-05_seed2105,4V-FB,25,1,True,False,19,0.15418504556225526,0.6185064075575528,-1,-0.029189332477743912,1.1004555889425303e-21,1.97372457093096e-13,True,False,3.5979999893243075e-05,9.849999969446799e-06,6.286000007094117e-05,perturbed_saddle,quartic,20,0.3,1e-05,2105
perturbed_quartic_n20_p0.3_eps1e-05_seed2105,4V-FB,26,2,True,False,19,0.15418504637399727,0.6185064075575528,-1,-0.02918931974264205,1.1004555889425303e-21,1.9737245709309556e-13,True,False,2.724000000853266e-05,9.379999937664252e-06,5.2310000000943546e-05,perturbed_saddle,quartic,20,0.3,1e-05,2105
perturbed_quartic_n20_p0.3_eps1e-05_seed2105,4V-FB,28,4,True,False,19,0.1541850469871481,0.6185064075575528,-1,-0.029189310123157286,1.1004555889425303e-21,1.973724570930954e-13,True,False,2.4599999960628338e-05,9.030000001075678e-06,4.841999998461688e-05,perturbed_saddle,quartic,20,0.3,1e-05,2105
perturbed_quartic_n20_p0.3_eps1e-05_seed2105,4V-FB,32,8,True,False,19,0.1541850471812266,0.6185064075575528,-1,-0.02918930707833467,1.1004555889425303e-21,1.973724570930954e-13,True,False,2.3829999918234535e-05,9.209999916492961e-06,4.7730000005685724e-05,perturbed_saddle,quartic,20,0.3,1e-05,2105
perturbed_quartic_n20_p0.3_eps1e-05_seed2105,4V-FB,39,15,False,True,19,0.15418504719435572,0.6185064075575528,-1,-0.029189306872357657,1.1004555889425303e-21,1.973724570930954e-13,True,False,2.4710000161576318e-05,9.079999927052995e-06,4.859999990003416e-05,perturbed_saddle,quartic,20,0.3,1e-05,2105
perturbed_quartic_n20_p0.5_eps1e-02_seed2101,4V-FB,5,1,True,False,20,-4.539854731728244e-07,0.5628085996530688,-1,0.00022195627816623542,5.2195719708154765e-15,2.111111111110513e-13,True,True,6.50599999971746e-05,9.64000014391786e-06,9.465000016462e-05,perturbed_saddle,quartic,20,0.5,0.01,2101
perturbed_quartic_n20_p0.5_eps1e-02_seed2101,4V-FB,28,1,True,False,19,0.11553371205417824,0.5628085996530688,-1,-0.018025610170534723,5.2195719708154765e-15,2.0770700887391686e-13,True,False,4.60200001271005e-05,9.079999927052995e-06,7.302000017261889e-05,perturbed_saddle,quartic,20,0.5,0.01,2101
perturbed_quartic_n20_p0.5_eps1e-02_seed2101,4V-FB,29,2,True,False,19,0.11553371337956622,0.5628085996530688,-1,-0.018025598853901315,5.2195719708154765e-15,2.077070088739163e-13,True,False,3.215000015188707e-05,8.600000001024455e-06,5.597000017587561e-05,perturbed_saddle,quartic,20,0.5,0.01,2101
perturbed_quartic_n20_p0.5_eps1e-02_seed2101,4V-FB,31,4,True,False,19,0.11553371435217573,0.5628085996530688,-1,-0.01802559054941444,5.2195719708154765e-15,2.0770700887391613e-13,True,False,2.627000003485591e-05,1.6530000038983417e-05,5.747000000155822e-05,perturbed_saddle,quartic,20,0.5,0.01,2101
perturbed_quartic_n20_p0.5_eps1e-02_seed2101,4V-FB,35,8,True,False,19,0.1155337146444321,0.5628085996530688,-1,-0.018025588054024766,5.2195719708154765e-15,2.0770700887391613e-13,True,False,2.5880000066536013e-05,8.50000014906982e-06,4.881000018031045e-05,perturbed_saddle,quartic,20,0.5,0.01,2101
perturbed_quartic_n20_p0.5_eps1e-02_seed2101,4V-FB,41,14,False,True,19,0.11553371466234685,0.5628085996530688,-1,-0.018025587901062234,5.2195719708154765e-15,2.0770700887391613e-13,True,False,2.55500001458131e-05,8.470000011584489e-06,4.861000002165383e-05,perturbed_saddle,quartic,20,0.5,0.01,2101
perturbed_quartic_n20_p0.5_eps1e-02_seed2102,4V-FB,5,1,True,False,20,-3.8999201222493895e-09,0.5628085996530688,-1,0.0002148314224768022,5.219544875014216e-15,2.1111111111111113e-13,True,True,5.276000001686043e-05,9.39000005928392e-06,8.131999993565842e-05,perturbed_saddle,quartic,20,0.5,0.01,2102
perturbed_quartic_n20_p0.5_eps1e-02_seed2102,4V-FB,28,1,True,False,19,0.1155337120397312,0.5628085996530688,-1,-0.01802561029388805,5.219544875014216e-15,2.0770700887391689e-13,True,False,4.9140000101033365e-05,9.719999980006833e-06,7.755999990877172e-05,perturbed_saddle,quartic,20,0.5,0.01,2102
perturbed_quartic_n20_p0.5_eps1e-02_seed2102,4V-FB,29,2,True,False,19,0.11553371337245998,0.5628085996530688,-1,-0.018025598914577223,5.219544875014216e-15,2.077070088739163e-13,True,False,3.467000010459742e-05,8.649999927001772e-06,5.998999995426857e-05,perturbed_saddle,quartic,20,0.5,0.01,2102
perturbed_quartic_n20_p0.5_eps1e-02_seed2102,4V-FB,31,4,True,False,19,0.11553371435045638,0.5628085996530688,-1,-0.01802559056409425,5.219544875014216e-15,2.0770700887391618e-13,True,False,2.652000011948985e-05,8.619999789516442e-06,4.977999992661353e-05,perturbed_saddle,quartic,20,0.5,0.01,2102
perturbed_quartic_n20_p0.5_eps1e-02_seed2102,4V-FB,35,8,True,False,19,0.11553371464433146,0.5628085996530688,-1,-0.01802558805488408,5.219544875014216e-15,2.0770700887391613e-13,True,False,2.463000009811367e-05,8.5299998318078e-06,4.783999997926003e-05,perturbed_saddle,quartic,20,0.5,0.01,2102
perturbed_quartic_n20_p0.5_eps1e-02_seed2102,4V-FB,41,14,False,True,19,0.11553371466234544,0.5628085996530688,-1,-0.018025587901074225,5.219544875014216e-15,2.0770700887391613e-13,True,False,2.5640000103521743e-05,8.74000011208409e-06,4.89699998524884e-05,perturbed_saddle,quartic,20,0.5,0.01,2102
perturbed_quartic_n20_p0.5_eps1e-02_seed2103,4V-FB,5,1,True,False,20,-6.283334954440625e-08,0.5628085996530688,-1,0.00021700931071677587,5.219548470453179e-15,2.1111111111110996e-13,True,True,6.52899998385692e-05,9.69999996414117e-06,9.501999988970056e-05,perturbed_saddle,quartic,20,0.5,0.01,2103
perturbed_quartic_n20_p0.5_eps1e-02_seed2103,4V-FB,28,1,True,False,19,0.11553371204417696,0.5628085996530688,-1,-0.018025610255928637,5.219548470453179e-15,2.0770700887391686e-13,True,False,4.047000015816593e-05,9.1899999006273e-06,6.701999996039376e-05,perturbed_saddle,quartic,20,0.5,0.01,2103
perturbed_quartic_n20_p0.5_eps1e-02_seed2103,4V-FB,29,2,True,False,19,0.11553371337464677,0.5628085996530688,-1,-0.018025598895905492,5.219548470453179e-15,2.077070088739163e-13,True,False,2.933999985543778e-05,8.539999953427468e-06,5.286000009618874e-05,perturbed_saddle,quartic,20,0.5,0.01,2103
perturbed_quartic_n20_p0.5_eps1e-02_seed2103,4V-FB,31,4,True,False,19,0.11553371435098547,0.5628085996530688,-1,-0.018025590559576976,5.219548470453179e-15,2.0770700887391618e-13,True,False,2.5980000145864324e-05,8.55999996929313e-06,4.9530000069353264e-05,perturbed_saddle,quartic,20,0.5,0.01,2103
perturbed_quartic_n20_p0.5_eps1e-02_seed2103,4V-FB,35,8,True,False,19,0.11553371464436243,0.5628085996530688,-1,-0.018025588054619845,5.219548470453179e-15,2.0770700887391613e-13,True,False,2.5660000119387405e-05,8.520000164935482e-06,4.8959999958242406e-05,perturbed_saddle,quartic,20,0.5,0.01,2103
perturbed_quartic_n20_p0.5_eps1e-02_seed2103,4V-FB,41,14,False,True,19,0.11553371466234587,0.5628085996530688,-1,-0.018025587901070228,5.219548470453179e-15,2.0770700887391618e-13,True,False,2.5430000050619128e-05,8.589999879404786e-06,4.8390000074505224e-05,perturbed_saddle,quartic,20,0.5,0.01,2103
perturbed_quartic_n20_p0.5_eps1e-02_seed2104,4V-FB,5,1,True,False,20,-2.2419587864385601e-07,0.5628085996530688,-1,0.00021960538366849747,5.219558178188835e-15,2.1111111111109656e-13,True,True,6.12999999702879e-05,9.409999847775907e-06,8.992999983092886e-05,perturbed_saddle,quartic,20,0.5,0.01,2104
perturbed_quartic_n20_p0.5_eps1e-02_seed2104,4V-FB,28,1,True,False,19,0.11553371204944207,0.5628085996530688,-1,-0.018025610210973486,5.219558178188835e-15,2.0770700887391686e-13,True,False,3.7980000115567236e-05,9.15000009626965e-06,6.407000000763219e-05,perturbed_saddle,quartic,20,0.5,0.01,2104
perturbed_quartic_n20_p0.5_eps1e-02_seed2104,4V-FB,29,2,True,False,19,0.11553371337723659,0.5628085996530688,-1,-0.018025598873792514,5.219558178188835e-15,2.077070088739163e-13,True,False,2.8850000035163248e-05,8.589999879404786e-06,5.23399999110552e-05,perturbed_saddle,quartic,20,0.5,0.01,2104
perturbed_quartic_n20_p0.5_eps1e-02_seed2104,4V-FB,31,4,True,False,19,0.11553371435161207,0.5628085996530688,-1,-0.018025590554227033,5.219558178188835e-15,2.0770700887391613e-13,True,False,2.5190000087604858e-05,8.429999979853164e-06,4.777000003741705e-05,perturbed_saddle,quartic,20,0.5,0.01,2104
perturbed_quartic_n20_p0.5_eps1e-02_seed2104,4V-FB,35,8,True,False,19,0.11553371464439911,0.5628085996530688,-1,-0.018025588054306763,5.219558178188835e-15,2.0770700887391613e-13,True,False,2.444999995532271e-05,8.569999863539124e-06,4.715000000032887e-05,perturbed_saddle,quartic,20,0.5,0.01,2104
perturbed_quartic_n20_p0.5_eps1e-02_seed2104,4V-FB,41,14,False,True,19,0.1155337146623464,0.5628085996530688,-1,-0.01802558790106623,5.219558178188835e-15,2.0770700887391613e-13,True,False,2.4599999960628338e-05,8.449999995718827e-06,4.733999980999215e-05,perturbed_saddle,quartic,20,0.5,0.01,2104
perturbed_quartic_n20_p0.5_eps1e-02_seed2105,4V-FB,5,1,True,False,20,-9.827166114439504e-08,0.5628085996530688,-1,0.00021773961290705302,5.219550603021345e-15,2.1111111111110837e-13,True,True,6.480999991254066e-05,9.350000027552596e-06,9.376000002703222e-05,perturbed_saddle,quartic,20,0.5,0.01,2105
perturbed_quartic_n20_p0.5_eps1e-02_seed2105,4V-FB,28,1,True,False,19,0.11553371204566185,0.5628085996530688,-1,-0.018025610243250334,5.219550603021345e-15,2.0770700887391686e-13,True,False,3.819000016846985e-05,9.009999985210015e-06,6.361000009746931e-05,perturbed_saddle,quartic,20,0.5,0.01,2105
perturbed_quartic_n20_p0.5_eps1e-02_seed2105,4V-FB,29,2,True,False,19,0.11553371337537716,0.5628085996530688,-1,-0.018025598889668704,5.219550603021345e-15,2.0770700887391636e-13,True,False,2.795999989757547e-05,8.38999994812184e-06,5.100999987917021e-05,perturbed_saddle,quartic,20,0.5,0.01,2105
perturbed_quartic_n20_p0.5_eps1e-02_seed2105,4V-FB,31,4,True,False,19,0.11553371435116219,0.5628085996530688,-1,-0.01802559055806796,5.219550603021345e-15,2.0770700887391618e-13,True,False,2.4570000050516683e-05,8.409999963987502e-06,4.725999997390318e-05,perturbed_saddle,quartic,20,0.5,0.01,2105
perturbed_quartic_n20_p0.5_eps1e-02_seed2105,4V-FB,35,8,True,False,19,0.11553371464437279,0.5628085996530688,-1,-0.01802558805453147,5.219550603021345e-15,2.0770700887391613e-13,True,False,2.3870000177339534e-05,8.32000000627886e-06,4.656999999497202e-05,perturbed_saddle,quartic,20,0.5,0.01,2105
perturbed_quartic_n20_p0.5_eps1e-02_seed2105,4V-FB,41,14,False,True,19,0.11553371466234602,0.5628085996530688,-1,-0.01802558790106934,5.219550603021345e-15,2.0770700887391613e-13,True,False,2.4899999971239595e-05,8.400000069741509e-06,4.763999982060341e-05,perturbed_saddle,quartic,20,0.5,0.01,2105
perturbed_quartic_n20_p0.5_eps1e-03_seed2101,4V-FB,4,1,True,False,20,-4.559075013075607e-09,0.5628085996530688,-1,0.0002148896858629179,5.219716065206626e-15,2.1111111111111113e-13,True,True,5.372000009629119e-05,1.9210000118619064e-05,9.222000016961829e-05,perturbed_saddle,quartic,20,0.5,0.001,2101
perturbed_quartic_n20_p0.5_eps1e-03_seed2101,4V-FB,27,1,True,False,19,0.11553371203985048,0.5628085996530688,-1,-0.018025610292869754,5.219716065206626e-15,2.0770700887391689e-13,True,False,3.827999989880482e-05,9.149999868895975e-06,6.4780000002429e-05,perturbed_saddle,quartic,20,0.5,0.001,2101
perturbed_quartic_n20_p0.5_eps1e-03_seed2101,4V-FB,28,2,True,False,19,0.11553371337251865,0.5628085996530688,-1,-0.018025598914075847,5.219716065206626e-15,2.0770700887391636e-13,True,False,2.9679999897780363e-05,8.839999964038725e-06,5.390000001170847e-05,perturbed_saddle,quartic,20,0.5,0.001,2101
perturbed_quartic_n20_p0.5_eps1e-03_seed2101,4V-FB,30,4,True,False,19,0.11553371435047058,0.5628085996530688,-1,-0.01802559056397346,5.219716065206626e-15,2.0770700887391613e-13,True,False,2.5370000003022142e-05,8.470000011584489e-06,4.8619999915899825e-05,perturbed_saddle,quartic,20,0.5,0.001,2101
perturbed_quartic_n20_p0.5_eps1e-03_seed2101,4V-FB,34,8,True,False,19,0.11553371464433229,0.5628085996530688,-1,-0.018025588054876973,5.219716065206626e-15,2.0770700887391613e-13,True,False,2.5609999966036412e-05,8.520000164935482e-06,4.891999992651108e-05,perturbed_saddle,quartic,20,0.5,0.001,2101
perturbed_quartic_n20_p0.5_eps1e-03_seed2101,4V-FB,40,14,False,True,19,0.11553371466234544,0.5628085996530688,-1,-0.018025587901074225,5.219716065206626e-15,2.0770700887391613e-13,True,False,2.5430000050619128e-05,8.340000022144523e-06,4.799999987881165e-05,perturbed_saddle,quartic,20,0.5,0.001,2101
perturbed_quartic_n20_p0.5_eps1e-03_seed2102,4V-FB,4,1,True,False,20,-6.71896943242255e-11,0.5628085996530688,-1,0.00021418554962604475,5.219715794235327e-15,2.1111111111111113e-13,True,True,5.2519999826472485e-05,1.9110000039290753e-05,9.02300000689138e-05,perturbed_saddle,quartic,20,0.5,0.001,2102
perturbed_quartic_n20_p0.5_eps1e-03_seed2102,4V-FB,27,1,True,False,19,0.11553371203840765,0.5628085996530688,-1,-0.018025610305189232,5.219715794235327e-15,2.0770700887391689e-13,True,False,3.758999991987366e-05,9.05000001694134e-06,6.344000007629802e-05,perturbed_saddle,quartic,20,0.5,0.001,2102
perturbed_quartic_n20_p0.5_eps1e-03_seed2102,4V-FB,28,2,True,False,19,0.11553371337180894,0.5628085996530688,-1,-0.018025598920135888,5.219715794235327e-15,2.077070088739163e-13,True,False,2.8899999961140566e-05,8.900000011635711e-06,5.303000011736003e-05,perturbed_saddle,quartic,20,0.5,0.001,2102
perturbed_quartic_n20_p0.5_eps1e-03_seed2102,4V-FB,30,4,True,False,19,0.11553371435029887,0.5628085996530688,-1,-0.018025590565439398,5.219715794235327e-15,2.0770700887391618e-13,True,False,2.5309999955425155e-05,8.579999985158793e-06,4.843000010623655e-05,perturbed_saddle,quartic,20,0.5,0.001,2102
perturbed_quartic_n20_p0.5_eps1e-03_seed2102,4V-FB,34,8,True,False,19,0.11553371464432224,0.5628085996530688,-1,-0.018025588054963126,5.219715794235327e-15,2.0770700887391613e-13,True,False,2.5780000214581378e-05,8.32000000627886e-06,4.8719999995228136e-05,perturbed_saddle,quartic,20,0.5,0.001,2102
perturbed_quartic_n20_p0.5_eps1e-03_seed2102,4V-FB,40,14,False,True,19,0.1155337146623453,0.5628085996530688,-1,-0.018025587901075557,5.219715794235327e-15,2.0770700887391613e-13,True,False,2.4780000103419297e-05,8.630000138509786e-06,4.802000012205099e-05,perturbed_saddle,quartic,20,0.5,0.001,2102
perturbed_quartic_n20_p0.5_eps1e-03_seed2103,4V-FB,4,1,True,False,20,-6.52597142077733e-10,0.5628085996530688,-1,0.00021440224885171943,5.219715829764743e-15,2.1111111111111108e-13,True,True,5.3669999942940194e-05,9.4600000011269e-06,8.256000000983477e-05,perturbed_saddle,quartic,20,0.5,0.001,2103
perturbed_quartic_n20_p0.5_eps1e-03_seed2103,4V-FB,27,1,True,False,19,0.11553371203885199,0.5628085996530688,-1,-0.018025610301395822,5.219715829764743e-15,2.0770700887391686e-13,True,False,3.6949999866919825e-05,8.929999921747367e-06,6.269000004976988e-05,perturbed_saddle,quartic,20,0.5,0.001,2103
perturbed_quartic_n20_p0.5_eps1e-03_seed2103,4V-FB,28,2,True,False,19,0.1155337133720275,0.5628085996530688,-1,-0.01802559891826938,5.219715829764743e-15,2.077070088739163e-13,True,False,2.8680000013991958e-05,8.600000001024455e-06,5.23399999110552e-05,perturbed_saddle,quartic,20,0.5,0.001,2103
perturbed_quartic_n20_p0.5_eps1e-03_seed2103,4V-FB,30,4,True,False,19,0.11553371435035176,0.5628085996530688,-1,-0.018025590564988647,5.219715829764743e-15,2.0770700887391613e-13,True,False,2.5580000055924756e-05,8.380000053875847e-06,4.841999998461688e-05,perturbed_saddle,quartic,20,0.5,0.001,2103
perturbed_quartic_n20_p0.5_eps1e-03_seed2103,4V-FB,34,8,True,False,19,0.11553371464432534,0.5628085996530688,-1,-0.01802558805493648,5.219715829764743e-15,2.0770700887391613e-13,True,False,2.5260000029447838e-05,8.690000186106772e-06,4.843000010623655e-05,perturbed_saddle,quartic,20,0.5,0.001,2103
perturbed_quartic_n20_p0.5_eps1e-03_seed2103,4V-FB,40,14,False,True,19,0.11553371466234535,0.5628085996530688,-1,-0.01802558790107467,5.219715829764743e-15,2.0770700887391618e-13,True,False,2.4189999976442778e-05,8.530000059181475e-06,4.704999992100056e-05,perturbed_saddle,quartic,20,0.5,0.001,2103
perturbed_quartic_n20_p0.5_eps1e-03_seed2104,4V-FB,4,1,True,False,20,-2.2587714068818404e-09,0.5628085996530688,-1,0.00021465886656857336,5.2197159269078714e-15,2.1111111111111113e-13,True,True,5.1880000000892323e-05,9.520000048723887e-06,8.081999999376421e-05,perturbed_saddle,quartic,20,0.5,0.001,2104
perturbed_quartic_n20_p0.5_eps1e-03_seed2104,4V-FB,27,1,True,False,19,0.11553371203937782,0.5628085996530688,-1,-0.018025610296905636,5.2197159269078714e-15,2.0770700887391686e-13,True,False,3.6879999925076845e-05,8.979999847724685e-06,6.31200000498211e-05,perturbed_saddle,quartic,20,0.5,0.001,2104
perturbed_quartic_n20_p0.5_eps1e-03_seed2104,4V-FB,28,2,True,False,19,0.11553371337228616,0.5628085996530688,-1,-0.01802559891606137,5.2197159269078714e-15,2.077070088739163e-13,True,False,2.77199999345612e-05,8.510000043315813e-06,5.1149999990229844e-05,perturbed_saddle,quartic,20,0.5,0.001,2104
perturbed_quartic_n20_p0.5_eps1e-03_seed2104,4V-FB,30,4,True,False,19,0.11553371435041433,0.5628085996530688,-1,-0.01802559056445352,5.2197159269078714e-15,2.0770700887391618e-13,True,False,2.456000015627069e-05,8.5299998318078e-06,4.777999993166304e-05,perturbed_saddle,quartic,20,0.5,0.001,2104
perturbed_quartic_n20_p0.5_eps1e-03_seed2104,4V-FB,34,8,True,False,19,0.115533714644329,0.5628085996530688,-1,-0.018025588054905395,5.2197159269078714e-15,2.0770700887391613e-13,True,False,2.569000002949906e-05,8.549999847673462e-06,4.893000004813075e-05,perturbed_saddle,quartic,20,0.5,0.001,2104
perturbed_quartic_n20_p0.5_eps1e-03_seed2104,4V-FB,40,14,False,True,19,0.1155337146623454,0.5628085996530688,-1,-0.01802558790107467,5.2197159269078714e-15,2.0770700887391613e-13,True,False,3.09800000195537e-05,8.640000032755779e-06,5.433999990600569e-05,perturbed_saddle,quartic,20,0.5,0.001,2104
perturbed_quartic_n20_p0.5_eps1e-03_seed2105,4V-FB,4,1,True,False,20,-9.576142317617299e-10,0.5628085996530688,-1,0.00021447461913393084,5.219715851115865e-15,2.1111111111111108e-13,True,True,5.200999999033229e-05,9.66999982665584e-06,8.083000011538388e-05,perturbed_saddle,quartic,20,0.5,0.001,2105
perturbed_quartic_n20_p0.5_eps1e-03_seed2105,4V-FB,27,1,True,False,19,0.11553371203900033,0.5628085996530688,-1,-0.018025610300128392,5.219715851115865e-15,2.0770700887391689e-13,True,False,3.620000006776536e-05,9.000000090964022e-06,6.198999994921905e-05,perturbed_saddle,quartic,20,0.5,0.001,2105
perturbed_quartic_n20_p0.5_eps1e-03_seed2105,4V-FB,28,2,True,False,19,0.11553371337210047,0.5628085996530688,-1,-0.018025598917646324,5.219715851115865e-15,2.0770700887391636e-13,True,False,2.7809999892269843e-05,8.429999979853164e-06,5.14500000008411e-05,perturbed_saddle,quartic,20,0.5,0.001,2105
perturbed_quartic_n20_p0.5_eps1e-03_seed2105,4V-FB,30,4,True,False,19,0.11553371435036941,0.5628085996530688,-1,-0.018025590564837657,5.219715851115865e-15,2.0770700887391613e-13,True,False,2.5479999976596446e-05,8.689999958733097e-06,4.8789999937071116e-05,perturbed_saddle,quartic,20,0.5,0.001,2105
perturbed_quartic_n20_p0.5_eps1e-03_seed2105,4V-FB,34,8,True,False,19,0.11553371464432637,0.5628085996530688,-1,-0.018025588054927155,5.219715851115865e-15,2.0770700887391618e-13,True,False,2.4120000034599798e-05,8.460000117338495e-06,4.712999998446321e-05,perturbed_saddle,quartic,20,0.5,0.001,2105
perturbed_quartic_n20_p0.5_eps1e-03_seed2105,4V-FB,40,14,False,True,19,0.11553371466234535,0.5628085996530688,-1,-0.01802558790107467,5.219715851115865e-15,2.0770700887391618e-13,True,False,2.4739999844314298e-05,8.38999994812184e-06,4.7730000005685724e-05,perturbed_saddle,quartic,20,0.5,0.001,2105
perturbed_quartic_n20_p0.5_eps1e-04_seed2101,4V-FB,3,1,True,False,20,-8.023203453451694e-11,0.5628085996530688,-1,0.00021419136547295992,5.219717505935706e-15,2.1111111111111108e-13,True,True,5.162000002201239e-05,9.28999997995561e-06,7.989000005181879e-05,perturbed_saddle,quartic,20,0.5,0.0001,2101
perturbed_quartic_n20_p0.5_eps1e-04_seed2101,4V-FB,26,1,True,False,19,0.11553371203841957,0.5628085996530688,-1,-0.01802561030508798,5.219717505935706e-15,2.0770700887391686e-13,True,False,3.5819999993691454e-05,8.900000011635711e-06,6.167999981698813e-05,perturbed_saddle,quartic,20,0.5,0.0001,2101
perturbed_quartic_n20_p0.5_eps1e-04_seed2101,4V-FB,27,2,True,False,19,0.11553371337181481,0.5628085996530688,-1,-0.018025598920085706,5.219717505935706e-15,2.077070088739163e-13,True,False,2.764999999271822e-05,8.429999979853164e-06,5.0690000080066966e-05,perturbed_saddle,quartic,20,0.5,0.0001,2101
perturbed_quartic_n20_p0.5_eps1e-04_seed2101,4V-FB,29,4,True,False,19,0.11553371435030028,0.5628085996530688,-1,-0.01802559056542785,5.219717505935706e-15,2.0770700887391613e-13,True,False,2.4779999876045622e-05,8.380000053875847e-06,4.750000016429112e-05,perturbed_saddle,quartic,20,0.5,0.0001,2101
perturbed_quartic_n20_p0.5_eps1e-04_seed2101,4V-FB,33,8,True,False,19,0.11553371464432233,0.5628085996530688,-1,-0.018025588054962238,5.219717505935706e-15,2.0770700887391613e-13,True,False,2.5159999950119527e-05,8.479999905830482e-06,4.782000019076804e-05,perturbed_saddle,quartic,20,0.5,0.0001,2101
perturbed_quartic_n20_p0.5_eps1e-04_seed2101,4V-FB,39,14,False,True,19,0.1155337146623453,0.5628085996530688,-1,-0.018025587901075557,5.219717505935706e-15,2.0770700887391613e-13,True,False,2.3810000129742548e-05,8.420000085607171e-06,4.663000004256901e-05,perturbed_saddle,quartic,20,0.5,0.0001,2101
perturbed_quartic_n20_p0.5_eps1e-04_seed2102,4V-FB,3,1,True,False,20,-5.1102567074111414e-11,0.5628085996530688,-1,0.00021412103745310773,5.219717503225998e-15,2.1111111111111108e-13,True,True,5.1180000127715175e-05,9.159999990515644e-06,7.87799999670824e-05,perturbed_saddle,quartic,20,0.5,0.0001,2102
perturbed_quartic_n20_p0.5_eps1e-04_seed2102,4V-FB,26,1,True,False,19,0.11553371203827531,0.5628085996530688,-1,-0.018025610306318995,5.219717503225998e-15,2.0770700887391689e-13,True,False,3.6290000025474e-05,9.079999927052995e-06,6.199999984346505e-05,perturbed_saddle,quartic,20,0.5,0.0001,2102
perturbed_quartic_n20_p0.5_eps1e-04_seed2102,4V-FB,27,2,True,False,19,0.11553371337174385,0.5628085996530688,-1,-0.018025598920691444,5.219717503225998e-15,2.0770700887391636e-13,True,False,2.7820000013889512e-05,8.449999995718827e-06,5.151999994268408e-05,perturbed_saddle,quartic,20,0.5,0.0001,2102
perturbed_quartic_n20_p0.5_eps1e-04_seed2102,4V-FB,29,4,True,False,19,0.11553371435028312,0.5628085996530688,-1,-0.0180255905655744,5.219717503225998e-15,2.0770700887391613e-13,True,False,2.6349999870944885e-05,8.449999995718827e-06,4.949000003762194e-05,perturbed_saddle,quartic,20,0.5,0.0001,2102
perturbed_quartic_n20_p0.5_eps1e-04_seed2102,4V-FB,33,8,True,False,19,0.11553371464432131,0.5628085996530688,-1,-0.01802558805497112,5.219717503225998e-15,2.0770700887391613e-13,True,False,2.4950000124590588e-05,8.429999979853164e-06,4.770999998982006e-05,perturbed_saddle,quartic,20,0.5,0.0001,2102
perturbed_quartic_n20_p0.5_eps1e-04_seed2102,4V-FB,39,14,False,True,19,0.11553371466234529,0.5628085996530688,-1,-0.018025587901075557,5.219717503225998e-15,2.0770700887391613e-13,True,False,2.4819999907776946e-05,8.32000000627886e-06,4.7730000005685724e-05,perturbed_saddle,quartic,20,0.5,0.0001,2102
perturbed_quartic_n20_p0.5_eps1e-04_seed2103,4V-FB,3,1,True,False,20,-4.99489497177538e-11,0.5628085996530688,-1,0.00021414269532149532,5.2197175035808645e-15,2.1111111111111113e-13,True,True,5.170999997972103e-05,9.280000085709617e-06,8.01099999989674e-05,perturbed_saddle,quartic,20,0.5,0.0001,2103
perturbed_quartic_n20_p0.5_eps1e-04_seed2103,4V-FB,26,1,True,False,19,0.11553371203831973,0.5628085996530688,-1,-0.018025610305940187,5.2197175035808645e-15,2.0770700887391686e-13,True,False,3.592999996726576e-05,8.969999953478691e-06,6.178000012369012e-05,perturbed_saddle,quartic,20,0.5,0.0001,2103
perturbed_quartic_n20_p0.5_eps1e-04_seed2103,4V-FB,27,2,True,False,19,0.11553371337176571,0.5628085996530688,-1,-0.018025598920504926,5.2197175035808645e-15,2.077070088739163e-13,True,False,2.7499999987412593e-05,8.540000180801144e-06,5.108999994263286e-05,perturbed_saddle,quartic,20,0.5,0.0001,2103
perturbed_quartic_n20_p0.5_eps1e-04_seed2103,4V-FB,29,4,True,False,19,0.1155337143502884,0.5628085996530688,-1,-0.01802559056552866,5.2197175035808645e-15,2.0770700887391618e-13,True,False,2.5590000177544425e-05,8.460000117338495e-06,4.8900000138019095e-05,perturbed_saddle,quartic,20,0.5,0.0001,2103
perturbed_quartic_n20_p0.5_eps1e-04_seed2103,4V-FB,33,8,True,False,19,0.11553371464432163,0.5628085996530688,-1,-0.01802558805496801,5.2197175035808645e-15,2.0770700887391618e-13,True,False,2.420999999230844e-05,8.400000069741509e-06,4.71900000320602e-05,perturbed_saddle,quartic,20,0.5,0.0001,2103
perturbed_quartic_n20_p0.5_eps1e-04_seed2103,4V-FB,39,14,False,True,19,0.1155337146623453,0.5628085996530688,-1,-0.018025587901075557,5.2197175035808645e-15,2.0770700887391613e-13,True,False,2.4429999939457048e-05,8.370000159629853e-06,4.723000006379152e-05,perturbed_saddle,quartic,20,0.5,0.0001,2103
perturbed_quartic_n20_p0.5_eps1e-04_seed2104,4V-FB,3,1,True,False,20,-5.274282547564934e-11,0.5628085996530688,-1,0.0002141683251162263,5.219717504552352e-15,2.1111111111111113e-13,True,True,5.199999986871262e-05,9.639999916544184e-06,8.084000000962988e-05,perturbed_saddle,quartic,20,0.5,0.0001,2104
perturbed_quartic_n20_p0.5_eps1e-04_seed2104,4V-FB,26,1,True,False,19,0.11553371203837232,0.5628085996530688,-1,-0.01802561030549077,5.219717504552352e-15,2.0770700887391689e-13,True,False,3.6740000041390886e-05,9.090000048672664e-06,6.265000001803855e-05,perturbed_saddle,quartic,20,0.5,0.0001,2104
perturbed_quartic_n20_p0.5_eps1e-04_seed2104,4V-FB,27,2,True,False,19,0.11553371337179157,0.5628085996530688,-1,-0.018025598920284214,5.219717504552352e-15,2.077070088739163e-13,True,False,2.829000004567206e-05,8.510000043315813e-06,5.19499999427353e-05,perturbed_saddle,quartic,20,0.5,0.0001,2104
perturbed_quartic_n20_p0.5_eps1e-04_seed2104,4V-FB,29,4,True,False,19,0.11553371435029466,0.5628085996530688,-1,-0.01802559056547537,5.219717504552352e-15,2.0770700887391613e-13,True,False,2.4950000124590588e-05,8.790000038061407e-06,4.8299999889422907e-05,perturbed_saddle,quartic,20,0.5,0.0001,2104
perturbed_quartic_n20_p0.5_eps1e-04_seed2104,4V-FB,33,8,True,False,19,0.115533714644322,0.5628085996530688,-1,-0.01802558805496446,5.219717504552352e-15,2.0770700887391618e-13,True,False,2.552000000832777e-05,8.489999800076475e-06,4.8730000116847805e-05,perturbed_saddle,quartic,20,0.5,0.0001,2104
perturbed_quartic_n20_p0.5_eps1e-04_seed2104,4V-FB,39,14,False,True,19,0.1155337146623453,0.5628085996530688,-1,-0.018025587901075557,5.219717504552352e-15,2.0770700887391613e-13,True,False,2.531999984967115e-05,8.539999953427468e-06,4.85100001696992e-05,perturbed_saddle,quartic,20,0.5,0.0001,2104
perturbed_quartic_n20_p0.5_eps1e-04_seed2105,4V-FB,3,1,True,False,20,3.534311861341505e-11,0.5628085996530688,-1,0.0002141499108114786,5.219717503794398e-15,2.1111111111111113e-13,True,True,5.271999998512911e-05,9.500000032858225e-06,8.144000003085239e-05,perturbed_saddle,quartic,20,0.5,0.0001,2105
perturbed_quartic_n20_p0.5_eps1e-04_seed2105,4V-FB,26,1,True,False,19,0.11553371203833457,0.5628085996530688,-1,-0.018025610305812734,5.219717503794398e-15,2.0770700887391689e-13,True,False,3.688000015245052e-05,9.070000032807002e-06,6.245000008675561e-05,perturbed_saddle,quartic,20,0.5,0.0001,2105
perturbed_quartic_n20_p0.5_eps1e-04_seed2105,4V-FB,27,2,True,False,19,0.11553371337177301,0.5628085996530688,-1,-0.018025598920442754,5.219717503794398e-15,2.077070088739163e-13,True,False,2.8370000109134708e-05,8.5700000909128e-06,5.185000009078067e-05,perturbed_saddle,quartic,20,0.5,0.0001,2105
perturbed_quartic_n20_p0.5_eps1e-04_seed2105,4V-FB,29,4,True,False,19,0.11553371435029017,0.5628085996530688,-1,-0.018025590565514005,5.219717503794398e-15,2.0770700887391613e-13,True,False,2.6610000077198492e-05,8.350000143764191e-06,4.936999994242797e-05,perturbed_saddle,quartic,20,0.5,0.0001,2105
perturbed_quartic_n20_p0.5_eps1e-04_seed2105,4V-FB,33,8,True,False,19,0.11553371464432173,0.5628085996530688,-1,-0.018025588054967567,5.219717503794398e-15,2.0770700887391613e-13,True,False,2.541999992899946e-05,8.55999996929313e-06,4.838000018025923e-05,perturbed_saddle,quartic,20,0.5,0.0001,2105
perturbed_quartic_n20_p0.5_eps1e-04_seed2105,4V-FB,39,14,False,True,19,0.1155337146623453,0.5628085996530688,-1,-0.018025587901075557,5.219717503794398e-15,2.0770700887391613e-13,True,False,2.476999998179963e-05,8.650000154375448e-06,4.768000007970841e-05,perturbed_saddle,quartic,20,0.5,0.0001,2105
perturbed_quartic_n20_p0.5_eps1e-05_seed2101,4V-FB,3,1,True,False,20,-3.93762986316189e-12,0.5628085996530688,-1,0.00021412161033085297,5.219717520342775e-15,2.1111111111111108e-13,True,True,5.19499999427353e-05,9.580000096320873e-06,8.078999985627888e-05,perturbed_saddle,quartic,20,0.5,1e-05,2101
perturbed_quartic_n20_p0.5_eps1e-05_seed2101,4V-FB,26,1,True,False,19,0.1155337120382765,0.5628085996530688,-1,-0.01802561030630878,5.219717520342775e-15,2.0770700887391689e-13,True,False,3.6299999919719994e-05,8.940000043367036e-06,6.222999991223332e-05,perturbed_saddle,quartic,20,0.5,1e-05,2101
perturbed_quartic_n20_p0.5_eps1e-05_seed2101,4V-FB,27,2,True,False,19,0.11553371337174444,0.5628085996530688,-1,-0.01802559892068656,5.219717520342775e-15,2.077070088739163e-13,True,False,2.818999996634375e-05,8.530000059181475e-06,5.153000006430375e-05,perturbed_saddle,quartic,20,0.5,1e-05,2101
perturbed_quartic_n20_p0.5_eps1e-05_seed2101,4V-FB,29,4,True,False,19,0.11553371435028326,0.5628085996530688,-1,-0.01802559056557307,5.219717520342775e-15,2.0770700887391613e-13,True,False,2.478999999766529e-05,8.309999884659192e-06,4.7420000100828474e-05,perturbed_saddle,quartic,20,0.5,1e-05,2101
perturbed_quartic_n20_p0.5_eps1e-05_seed2101,4V-FB,33,8,True,False,19,0.11553371464432133,0.5628085996530688,-1,-0.018025588054970676,5.219717520342775e-15,2.0770700887391613e-13,True,False,2.582999991318502e-05,8.38999994812184e-06,4.849999982070585e-05,perturbed_saddle,quartic,20,0.5,1e-05,2101
perturbed_quartic_n20_p0.5_eps1e-05_seed2101,4V-FB,39,14,False,True,19,0.11553371466234529,0.5628085996530688,-1,-0.018025587901075557,5.219717520342775e-15,2.0770700887391613e-13,True,False,3.0030000061742612e-05,8.499999921696144e-06,5.3120000075068674e-05,perturbed_saddle,quartic,20,0.5,1e-05,2101
perturbed_quartic_n20_p0.5_eps1e-05_seed2102,4V-FB,3,1,True,False,20,-5.075308227073369e-12,0.5628085996530688,-1,0.00021411457835718295,5.219717520315674e-15,2.1111111111111108e-13,True,True,5.127999997966981e-05,9.28999997995561e-06,7.952999999361055e-05,perturbed_saddle,quartic,20,0.5,1e-05,2102
perturbed_quartic_n20_p0.5_eps1e-05_seed2102,4V-FB,26,1,True,False,19,0.11553371203826207,0.5628085996530688,-1,-0.018025610306432682,5.219717520315674e-15,2.0770700887391686e-13,True,False,3.594999998313142e-05,9.05000001694134e-06,6.192999990162207e-05,perturbed_saddle,quartic,20,0.5,1e-05,2102
perturbed_quartic_n20_p0.5_eps1e-05_seed2102,4V-FB,27,2,True,False,19,0.11553371337173735,0.5628085996530688,-1,-0.018025598920746955,5.219717520315674e-15,2.077070088739163e-13,True,False,3.431000004638918e-05,8.620000016890117e-06,5.816999987473537e-05,perturbed_saddle,quartic,20,0.5,1e-05,2102
perturbed_quartic_n20_p0.5_eps1e-05_seed2102,4V-FB,29,4,True,False,19,0.11553371435028155,0.5628085996530688,-1,-0.01802559056558728,5.219717520315674e-15,2.0770700887391618e-13,True,False,2.6120000029550283e-05,8.549999847673462e-06,4.9239999952988e-05,perturbed_saddle,quartic,20,0.5,1e-05,2102
perturbed_quartic_n20_p0.5_eps1e-05_seed2102,4V-FB,33,8,True,False,19,0.11553371464432123,0.5628085996530688,-1,-0.018025588054971564,5.219717520315674e-15,2.0770700887391613e-13,True,False,2.4559999928897014e-05,8.510000043315813e-06,4.766999995808874e-05,perturbed_saddle,quartic,20,0.5,1e-05,2102
perturbed_quartic_n20_p0.5_eps1e-05_seed2102,4V-FB,39,14,False,True,19,0.11553371466234529,0.5628085996530688,-1,-0.018025587901075557,5.219717520315674e-15,2.0770700887391613e-13,True,False,2.5049999976545223e-05,8.38999994812184e-06,4.7960000074454e-05,perturbed_saddle,quartic,20,0.5,1e-05,2102
perturbed_quartic_n20_p0.5_eps1e-05_seed2103,4V-FB,3,1,True,False,20,-4.429538614833665e-12,0.5628085996530688,-1,0.0002141167440359304,5.219717520319217e-15,2.1111111111111113e-13,True,True,5.334000002221728e-05,9.15000009626965e-06,8.163999996213533e-05,perturbed_saddle,quartic,20,0.5,1e-05,2103
perturbed_quartic_n20_p0.5_eps1e-05_seed2103,4V-FB,26,1,True,False,19,0.11553371203826651,0.5628085996530688,-1,-0.01802561030639449,5.219717520319217e-15,2.0770700887391686e-13,True,False,3.690000016831618e-05,9.110000064538326e-06,6.311000015557511e-05,perturbed_saddle,quartic,20,0.5,1e-05,2103
perturbed_quartic_n20_p0.5_eps1e-05_seed2103,4V-FB,27,2,True,False,19,0.11553371337173952,0.5628085996530688,-1,-0.018025598920728303,5.219717520319217e-15,2.077070088739163e-13,True,False,2.8609999844775302e-05,8.49000002745015e-06,5.267999995339778e-05,perturbed_saddle,quartic,20,0.5,1e-05,2103
perturbed_quartic_n20_p0.5_eps1e-05_seed2103,4V-FB,29,4,True,False,19,0.11553371435028208,0.5628085996530688,-1,-0.01802559056558284,5.219717520319217e-15,2.0770700887391618e-13,True,False,2.5889999960782006e-05,8.479999905830482e-06,4.904999991595105e-05,perturbed_saddle,quartic,20,0.5,1e-05,2103
perturbed_quartic_n20_p0.5_eps1e-05_seed2103,4V-FB,33,8,True,False,19,0.11553371464432126,0.5628085996530688,-1,-0.01802558805497112,5.219717520319217e-15,2.0770700887391618e-13,True,False,2.5849999929050682e-05,8.539999953427468e-06,4.9269999863099656e-05,perturbed_saddle,quartic,20,0.5,1e-05,2103
perturbed_quartic_n20_p0.5_eps1e-05_seed2103,4V-FB,39,14,False,True,19,0.11553371466234529,0.5628085996530688,-1,-0.018025587901075557,5.219717520319217e-15,2.0770700887391613e-13,True,False,3.0390000119950855e-05,8.590000106778461e-06,5.370999997467152e-05,perturbed_saddle,quartic,20,0.5,1e-05,2103
perturbed_quartic_n20_p0.5_eps1e-05_seed2104,4V-FB,3,1,True,False,20,-3.2566832764915707e-12,0.5628085996530688,-1,0.00021411930671844104,5.219717520328933e-15,2.1111111111111118e-13,True,True,5.381000005399983e-05,9.549999958835542e-06,8.23200000468205e-05,perturbed_saddle,quartic,20,0.5,1e-05,2104
perturbed_quartic_n20_p0.5_eps1e-05_seed2104,4V-FB,26,1,True,False,19,0.11553371203827177,0.5628085996530688,-1,-0.018025610306349638,5.219717520328933e-15,2.0770700887391686e-13,True,False,3.7300000030882074e-05,9.450000106880907e-06,6.383999993886391e-05,perturbed_saddle,quartic,20,0.5,1e-05,2104
perturbed_quartic_n20_p0.5_eps1e-05_seed2104,4V-FB,27,2,True,False,19,0.11553371337174212,0.5628085996530688,-1,-0.018025598920706543,5.219717520328933e-15,2.077070088739163e-13,True,False,2.8110000130254775e-05,8.689999958733097e-06,5.2050000022063614e-05,perturbed_saddle,quartic,20,0.5,1e-05,2104
perturbed_quartic_n20_p0.5_eps1e-05_seed2104,4V-FB,29,4,True,False,19,0.1155337143502827,0.5628085996530688,-1,-0.01802559056557751,5.219717520328933e-15,2.0770700887391613e-13,True,False,2.511000002414221e-05,8.680000064487103e-06,4.828999999517691e-05,perturbed_saddle,quartic,20,0.5,1e-05,2104
perturbed_quartic_n20_p0.5_eps1e-05_seed2104,4V-FB,33,8,True,False,19,0.1155337146443213,0.5628085996530688,-1,-0.018025588054970676,5.219717520328933e-15,2.0770700887391613e-13,True,False,2.52800000453135e-05,8.960000059232698e-06,4.91200000851677e-05,perturbed_saddle,quartic,20,0.5,1e-05,2104
perturbed_quartic_n20_p0.5_eps1e-05_seed2104,4V-FB,39,14,False,True,19,0.11553371466234529,0.5628085996530688,-1,-0.018025587901075557,5.219717520328933e-15,2.0770700887391613e-13,True,False,2.436999989186006e-05,8.5700000909128e-06,4.7409999979208806e-05,perturbed_saddle,quartic,20,0.5,1e-05,2104
perturbed_quartic_n20_p0.5_eps1e-05_seed2105,4V-FB,3,1,True,False,20,4.4188736150682615e-12,0.5628085996530688,-1,0.0002141174655201361,5.219717520321348e-15,2.1111111111111113e-13,True,True,5.561000011766737e-05,9.560000080455211e-06,8.434999995188264e-05,perturbed_saddle,quartic,20,0.5,1e-05,2105
perturbed_quartic_n20_p0.5_eps1e-05_seed2105,4V-FB,26,1,True,False,19,0.11553371203826801,0.5628085996530688,-1,-0.018025610306381168,5.219717520321348e-15,2.0770700887391689e-13,True,False,4.020000005766633e-05,9.070000032807002e-06,6.641000004492525e-05,perturbed_saddle,quartic,20,0.5,1e-05,2105
perturbed_quartic_n20_p0.5_eps1e-05_seed2105,4V-FB,27,2,True,False,19,0.11553371337174026,0.5628085996530688,-1,-0.018025598920722086,5.219717520321348e-15,2.077070088739163e-13,True,False,3.0030000061742612e-05,8.609999895270448e-06,5.364999992707453e-05,perturbed_saddle,quartic,20,0.5,1e-05,2105
perturbed_quartic_n20_p0.5_eps1e-05_seed2105,4V-FB,29,4,True,False,19,0.11553371435028226,0.5628085996530688,-1,-0.018025590565581506,5.219717520321348e-15,2.0770700887391613e-13,True,False,2.878999998756626e-05,8.470000011584489e-06,5.19900002018403e-05,perturbed_saddle,quartic,20,0.5,1e-05,2105
perturbed_quartic_n20_p0.5_eps1e-05_seed2105,4V-FB,33,8,True,False,19,0.11553371464432127,0.5628085996530688,-1,-0.018025588054970676,5.219717520321348e-15,2.0770700887391618e-13,True,False,2.9049999966446194e-05,8.510000043315813e-06,5.22299999374809e-05,perturbed_saddle,quartic,20,0.5,1e-05,2105
perturbed_quartic_n20_p0.5_eps1e-05_seed2105,4V-FB,39,14,False,True,19,0.11553371466234529,0.5628085996530688,-1,-0.018025587901075557,5.219717520321348e-15,2.0770700887391613e-13,True,False,2.8980000024603214e-05,8.55999996929313e-06,5.243999999038351e-05,perturbed_saddle,quartic,20,0.5,1e-05,2105
perturbed_quartic_n20_p0.8_eps1e-02_seed2101,4V-FB,5,1,True,False,20,-2.2162818150443043e-07,0.4619485798512441,-1,4.4113029604275766e-05,3.8671954267176746e-12,2.666666666666375e-13,False,True,6.282999993345584e-05,1.0289999863744015e-05,9.369999997943523e-05,perturbed_saddle,quartic,20,0.8,0.01,2101
perturbed_quartic_n20_p0.8_eps1e-02_seed2101,4V-FB,42,1,True,False,19,0.04851935168124098,0.4619485798512441,-1,-0.00508611961883787,3.8671954267176746e-12,2.6564508562627317e-13,False,False,4.067000008944888e-05,9.71000008576084e-06,6.853000013506971e-05,perturbed_saddle,quartic,20,0.8,0.01,2101
perturbed_quartic_n20_p0.8_eps1e-02_seed2101,4V-FB,43,2,True,False,19,0.0485193537139674,0.4619485798512441,-1,-0.005086110320847936,3.8671954267176746e-12,2.656450856262719e-13,False,False,3.87700001738267e-05,9.369999816044583e-06,6.38999999864609e-05,perturbed_saddle,quartic,20,0.8,0.01,2101
perturbed_quartic_n20_p0.8_eps1e-02_seed2101,4V-FB,45,4,True,False,19,0.04851935516389921,0.4619485798512441,-1,-0.005086103688642929,3.8671954267176746e-12,2.6564508562627155e-13,False,False,2.831000006153772e-05,9.210000143866637e-06,5.271999998512911e-05,perturbed_saddle,quartic,20,0.8,0.01,2101
perturbed_quartic_n20_p0.8_eps1e-02_seed2101,4V-FB,49,8,True,False,19,0.04851935557793981,0.4619485798512441,-1,-0.005086101794758768,3.8671954267176746e-12,2.6564508562627155e-13,False,False,2.5950000008378993e-05,9.190000128000975e-06,5.025000018576975e-05,perturbed_saddle,quartic,20,0.8,0.01,2101
perturbed_quartic_n20_p0.8_eps1e-02_seed2101,4V-FB,55,14,False,True,19,0.04851935560116104,0.4619485798512441,-1,-0.005086101688541511,3.8671954267176746e-12,2.6564508562627155e-13,False,False,2.6810000008481438e-05,9.149999868895975e-06,5.0760000021909946e-05,perturbed_saddle,quartic,20,0.8,0.01,2101
perturbed_quartic_n20_p0.8_eps1e-02_seed2102,4V-FB,5,1,True,False,20,-1.9071209675946666e-09,0.4619485798512441,-1,4.229806492084265e-05,3.867191816962119e-12,2.6666666666666673e-13,False,True,5.196000006435497e-05,1.0089999932461069e-05,8.158000014191202e-05,perturbed_saddle,quartic,20,0.8,0.01,2102
perturbed_quartic_n20_p0.8_eps1e-02_seed2102,4V-FB,43,1,True,False,19,0.0485193517512269,0.4619485798512441,-1,-0.005086119298712166,3.867191816962119e-12,2.656450856262731e-13,False,False,3.820999995696184e-05,1.5240000038829749e-05,7.082999991325778e-05,perturbed_saddle,quartic,20,0.8,0.01,2102
perturbed_quartic_n20_p0.8_eps1e-02_seed2102,4V-FB,44,2,True,False,19,0.0485193537476639,0.4619485798512441,-1,-0.005086110166715674,3.867191816962119e-12,2.6564508562627186e-13,False,False,2.8709999924103613e-05,9.139999974649982e-06,5.303000011736003e-05,perturbed_saddle,quartic,20,0.8,0.01,2102
perturbed_quartic_n20_p0.8_eps1e-02_seed2102,4V-FB,46,4,True,False,19,0.04851935517171069,0.4619485798512441,-1,-0.005086103652912399,3.867191816962119e-12,2.6564508562627155e-13,False,False,2.470000003995665e-05,9.139999974649982e-06,4.854000007981085e-05,perturbed_saddle,quartic,20,0.8,0.01,2102
perturbed_quartic_n20_p0.8_eps1e-02_seed2102,4V-FB,50,8,True,False,19,0.048519355578359596,0.4619485798512441,-1,-0.005086101792838971,3.867191816962119e-12,2.656450856262715e-13,False,False,2.3610000198459602e-05,9.089999821298989e-06,4.736999994747748e-05,perturbed_saddle,quartic,20,0.8,0.01,2102
perturbed_quartic_n20_p0.8_eps1e-02_seed2102,4V-FB,56,14,False,True,19,0.04851935560116627,0.4619485798512441,-1,-0.00508610168851753,3.867191816962119e-12,2.6564508562627155e-13,False,False,2.4930000108724926e-05,9.139999974649982e-06,4.8719999995228136e-05,perturbed_saddle,quartic,20,0.8,0.01,2102
perturbed_quartic_n20_p0.8_eps1e-02_seed2103,4V-FB,5,1,True,False,20,-3.067671725897843e-08,0.4619485798512441,-1,4.2852189698461274e-05,3.867192297723037e-12,2.666666666666661e-13,False,True,5.932999988544907e-05,1.0299999985363684e-05,8.950999995249731e-05,perturbed_saddle,quartic,20,0.8,0.01,2103
perturbed_quartic_n20_p0.8_eps1e-02_seed2103,4V-FB,43,1,True,False,19,0.048519351781302594,0.4619485798512441,-1,-0.005086119161141767,3.867192297723037e-12,2.6564508562627307e-13,False,False,3.766999998333631e-05,9.59999988481286e-06,6.482000003416033e-05,perturbed_saddle,quartic,20,0.8,0.01,2103
perturbed_quartic_n20_p0.8_eps1e-02_seed2103,4V-FB,44,2,True,False,19,0.048519353762144606,0.4619485798512441,-1,-0.005086110100477548,3.867192297723037e-12,2.656450856262719e-13,False,False,2.8579999934663647e-05,9.159999990515644e-06,5.295999994814338e-05,perturbed_saddle,quartic,20,0.8,0.01,2103
perturbed_quartic_n20_p0.8_eps1e-02_seed2103,4V-FB,46,4,True,False,19,0.048519355175067586,0.4619485798512441,-1,-0.005086103637557127,3.867192297723037e-12,2.6564508562627155e-13,False,False,2.642000004016154e-05,9.240000053978292e-06,5.073000011179829e-05,perturbed_saddle,quartic,20,0.8,0.01,2103
perturbed_quartic_n20_p0.8_eps1e-02_seed2103,4V-FB,50,8,True,False,19,0.048519355578539994,0.4619485798512441,-1,-0.005086101792013853,3.867192297723037e-12,2.656450856262715e-13,False,False,2.5090000008276547e-05,9.22000003811263e-06,4.9360000048181973e-05,perturbed_saddle,quartic,20,0.8,0.01,2103
perturbed_quartic_n20_p0.8_eps1e-02_seed2103,4V-FB,56,14,False,True,19,0.04851935560116851,0.4619485798512441,-1,-0.005086101688507316,3.867192297723037e-12,2.656450856262715e-13,False,False,2.5510000114081777e-05,9.300000101575279e-06,5.013000009057578e-05,perturbed_saddle,quartic,20,0.8,0.01,2103
perturbed_quartic_n20_p0.8_eps1e-02_seed2104,4V-FB,5,1,True,False,20,-1.094494737691333e-07,0.4619485798512441,-1,4.351348017683776e-05,3.867193590756028e-12,2.666666666666596e-13,False,True,7.899000001998502e-05,1.0619999784466927e-05,0.00012108999999327352,perturbed_saddle,quartic,20,0.8,0.01,2104
perturbed_quartic_n20_p0.8_eps1e-02_seed2104,4V-FB,42,1,True,False,19,0.04851935165261184,0.4619485798512441,-1,-0.005086119749791784,3.867193590756028e-12,2.6564508562627317e-13,False,False,3.979999996772676e-05,9.689999842521502e-06,6.768999992345925e-05,perturbed_saddle,quartic,20,0.8,0.01,2104
perturbed_quartic_n20_p0.8_eps1e-02_seed2104,4V-FB,43,2,True,False,19,0.048519353700183177,0.4619485798512441,-1,-0.005086110383899278,3.867193590756028e-12,2.656450856262719e-13,False,False,2.8300000167291728e-05,9.339999905932928e-06,5.3140000090934336e-05,perturbed_saddle,quartic,20,0.8,0.01,2104
perturbed_quartic_n20_p0.8_eps1e-02_seed2104,4V-FB,45,4,True,False,19,0.04851935516070377,0.4619485798512441,-1,-0.005086103703259681,3.867193590756028e-12,2.6564508562627155e-13,False,False,2.5980000145864324e-05,9.22000003811263e-06,5.041000008532137e-05,perturbed_saddle,quartic,20,0.8,0.01,2104
perturbed_quartic_n20_p0.8_eps1e-02_seed2104,4V-FB,49,8,True,False,19,0.048519355577768083,0.4619485798512441,-1,-0.005086101795544362,3.867193590756028e-12,2.6564508562627155e-13,False,False,2.5150000055873534e-05,9.200000022246968e-06,4.940999997415929e-05,perturbed_saddle,quartic,20,0.8,0.01,2104
perturbed_quartic_n20_p0.8_eps1e-02_seed2104,4V-FB,55,14,False,True,19,0.048519355601158894,0.4619485798512441,-1,-0.005086101688551281,3.867193590756028e-12,2.6564508562627155e-13,False,False,2.513000004000787e-05,9.11999995878432e-06,4.932000001645065e-05,perturbed_saddle,quartic,20,0.8,0.01,2104
perturbed_quartic_n20_p0.8_eps1e-02_seed2105,4V-FB,5,1,True,False,20,-4.797074707424725e-08,0.4619485798512441,-1,4.30381282865433e-05,3.867192581727653e-12,2.666666666666653e-13,False,True,6.8669999791382e-05,1.0180000117543386e-05,9.920999991663848e-05,perturbed_saddle,quartic,20,0.8,0.01,2105
perturbed_quartic_n20_p0.8_eps1e-02_seed2105,4V-FB,43,1,True,False,19,0.04851935179148057,0.4619485798512441,-1,-0.005086119114586118,3.867192581727653e-12,2.6564508562627307e-13,False,False,3.74500000361877e-05,9.849999969446799e-06,6.495999991784629e-05,perturbed_saddle,quartic,20,0.8,0.01,2105
perturbed_quartic_n20_p0.8_eps1e-02_seed2105,4V-FB,44,2,True,False,19,0.048519353767045054,0.4619485798512441,-1,-0.005086110078063033,3.867192581727653e-12,2.6564508562627186e-13,False,False,2.83800000033807e-05,9.22000003811263e-06,5.3120000075068674e-05,perturbed_saddle,quartic,20,0.8,0.01,2105
perturbed_quartic_n20_p0.8_eps1e-02_seed2105,4V-FB,46,4,True,False,19,0.0485193551762036,0.4619485798512441,-1,-0.005086103632360839,3.867192581727653e-12,2.6564508562627155e-13,False,False,2.5240000013582176e-05,9.300000101575279e-06,4.9310000122204656e-05,perturbed_saddle,quartic,20,0.8,0.01,2105
perturbed_quartic_n20_p0.8_eps1e-02_seed2105,4V-FB,50,8,True,False,19,0.04851935557860104,0.4619485798512441,-1,-0.005086101791734077,3.867192581727653e-12,2.6564508562627155e-13,False,False,2.5539999796819757e-05,9.130000080403988e-06,4.981000006409886e-05,perturbed_saddle,quartic,20,0.8,0.01,2105
perturbed_quartic_n20_p0.8_eps1e-02_seed2105,4V-FB,56,14,False,True,19,0.048519355601169274,0.4619485798512441,-1,-0.0050861016885037635,3.867192581727653e-12,2.6564508562627155e-13,False,False,2.482000013515062e-05,9.05000001694134e-06,4.882999996880244e-05,perturbed_saddle,quartic,20,0.8,0.01,2105
perturbed_quartic_n20_p0.8_eps1e-03_seed2101,4V-FB,4,1,True,False,20,-2.2288424748153455e-09,0.4619485798512441,-1,4.231288079692419e-05,3.867214624037146e-12,2.6666666666666673e-13,False,True,5.289999990054639e-05,9.820000059335143e-06,8.193999997274659e-05,perturbed_saddle,quartic,20,0.8,0.001,2101
perturbed_quartic_n20_p0.8_eps1e-03_seed2101,4V-FB,42,1,True,False,19,0.04851935175202617,0.4619485798512441,-1,-0.00508611929505598,3.867214624037146e-12,2.6564508562627307e-13,False,False,3.5809999872071785e-05,9.899999895424116e-06,6.258999997044157e-05,perturbed_saddle,quartic,20,0.8,0.001,2101
perturbed_quartic_n20_p0.8_eps1e-03_seed2101,4V-FB,43,2,True,False,19,0.04851935374804873,0.4619485798512441,-1,-0.00508611016495486,3.867214624037146e-12,2.656450856262719e-13,False,False,2.785999981824716e-05,9.240000053978292e-06,5.197999985284696e-05,perturbed_saddle,quartic,20,0.8,0.001,2101
perturbed_quartic_n20_p0.8_eps1e-03_seed2101,4V-FB,45,4,True,False,19,0.048519355171799894,0.4619485798512441,-1,-0.005086103652504281,3.867214624037146e-12,2.6564508562627155e-13,False,False,2.5289999939559493e-05,9.269999964089948e-06,4.9460000127510284e-05,perturbed_saddle,quartic,20,0.8,0.001,2101
perturbed_quartic_n20_p0.8_eps1e-03_seed2101,4V-FB,49,8,True,False,19,0.04851935557836439,0.4619485798512441,-1,-0.005086101792816766,3.867214624037146e-12,2.6564508562627155e-13,False,False,2.5990000040110317e-05,9.159999990515644e-06,4.988999990018783e-05,perturbed_saddle,quartic,20,0.8,0.001,2101
perturbed_quartic_n20_p0.8_eps1e-03_seed2101,4V-FB,55,14,False,True,19,0.048519355601166325,0.4619485798512441,-1,-0.00508610168851753,3.867214624037146e-12,2.6564508562627155e-13,False,False,2.463000009811367e-05,9.159999990515644e-06,4.826000008506526e-05,perturbed_saddle,quartic,20,0.8,0.001,2101
perturbed_quartic_n20_p0.8_eps1e-03_seed2102,4V-FB,4,1,True,False,20,-3.747350816237104e-11,0.4619485798512441,-1,4.21338481433331e-05,3.867214587938675e-12,2.6666666666666673e-13,False,True,5.2000000096086296e-05,1.0090000159834744e-05,8.1659999978001e-05,perturbed_saddle,quartic,20,0.8,0.001,2102
perturbed_quartic_n20_p0.8_eps1e-03_seed2102,4V-FB,42,1,True,False,19,0.048519351742385204,0.4619485798512441,-1,-0.0050861193391553705,3.867214587938675e-12,2.656450856262731e-13,False,False,3.741000000445638e-05,9.849999969446799e-06,6.529999996018887e-05,perturbed_saddle,quartic,20,0.8,0.001,2102
perturbed_quartic_n20_p0.8_eps1e-03_seed2102,4V-FB,43,2,True,False,19,0.04851935374340684,0.4619485798512441,-1,-0.005086110186187653,3.867214587938675e-12,2.656450856262719e-13,False,False,2.8400000019246363e-05,9.1899999006273e-06,5.3429999979925924e-05,perturbed_saddle,quartic,20,0.8,0.001,2102
perturbed_quartic_n20_p0.8_eps1e-03_seed2102,4V-FB,45,4,True,False,19,0.048519355170723824,0.4619485798512441,-1,-0.005086103657426122,3.867214587938675e-12,2.6564508562627155e-13,False,False,2.534999998715648e-05,9.35999992179859e-06,5.02899999901274e-05,perturbed_saddle,quartic,20,0.8,0.001,2102
perturbed_quartic_n20_p0.8_eps1e-03_seed2102,4V-FB,49,8,True,False,19,0.04851935557830656,0.4619485798512441,-1,-0.005086101793081443,3.867214587938675e-12,2.6564508562627155e-13,False,False,2.4799999891911284e-05,9.269999964089948e-06,4.942999999002495e-05,perturbed_saddle,quartic,20,0.8,0.001,2102
perturbed_quartic_n20_p0.8_eps1e-03_seed2102,4V-FB,55,14,False,True,19,0.04851935560116561,0.4619485798512441,-1,-0.005086101688521083,3.867214587938675e-12,2.656450856262715e-13,False,False,2.5639999876148067e-05,9.350000027552596e-06,5.032000012761273e-05,perturbed_saddle,quartic,20,0.8,0.001,2102
perturbed_quartic_n20_p0.8_eps1e-03_seed2103,4V-FB,4,1,True,False,20,-3.226062487136403e-10,0.4619485798512441,-1,4.218893911511756e-05,3.867214592673629e-12,2.6666666666666673e-13,False,True,5.320000013853132e-05,1.0200000133409048e-05,9.131000001616485e-05,perturbed_saddle,quartic,20,0.8,0.001,2103
perturbed_quartic_n20_p0.8_eps1e-03_seed2103,4V-FB,42,1,True,False,19,0.048519351745347834,0.4619485798512441,-1,-0.005086119325603544,3.867214592673629e-12,2.656450856262731e-13,False,False,3.665999997792824e-05,9.899999895424116e-06,6.480000001829467e-05,perturbed_saddle,quartic,20,0.8,0.001,2103
perturbed_quartic_n20_p0.8_eps1e-03_seed2103,4V-FB,43,2,True,False,19,0.04851935374483327,0.4619485798512441,-1,-0.005086110179662651,3.867214592673629e-12,2.656450856262719e-13,False,False,2.8159999828858417e-05,9.139999974649982e-06,5.245000011200318e-05,perturbed_saddle,quartic,20,0.8,0.001,2103
perturbed_quartic_n20_p0.8_eps1e-03_seed2103,4V-FB,45,4,True,False,19,0.0485193551710545,0.4619485798512441,-1,-0.005086103655913554,3.867214592673629e-12,2.6564508562627155e-13,False,False,2.5540000024193432e-05,9.200000022246968e-06,4.978999982085952e-05,perturbed_saddle,quartic,20,0.8,0.001,2103
perturbed_quartic_n20_p0.8_eps1e-03_seed2103,4V-FB,49,8,True,False,19,0.04851935557832433,0.4619485798512441,-1,-0.005086101793000175,3.867214592673629e-12,2.6564508562627155e-13,False,False,2.5000000050567905e-05,9.4600000011269e-06,5.6800000038492726e-05,perturbed_saddle,quartic,20,0.8,0.001,2103
perturbed_quartic_n20_p0.8_eps1e-03_seed2103,4V-FB,55,14,False,True,19,0.048519355601165826,0.4619485798512441,-1,-0.005086101688519307,3.867214592673629e-12,2.6564508562627155e-13,False,False,2.5390000018887804e-05,9.379999937664252e-06,4.9790000048233196e-05,perturbed_saddle,quartic,20,0.8,0.001,2103
perturbed_quartic_n20_p0.8_eps1e-03_seed2104,4V-FB,4,1,True,False,20,-1.105472959680048e-09,0.4619485798512441,-1,4.225418600967146e-05,3.867214605614668e-12,2.6666666666666673e-13,False,True,5.147000001670676e-05,1.0080000038215076e-05,8.058999992499594e-05,perturbed_saddle,quartic,20,0.8,0.001,2104
perturbed_quartic_n20_p0.8_eps1e-03_seed2104,4V-FB,42,1,True,False,19,0.04851935174886127,0.4619485798512441,-1,-0.005086119309532844,3.867214605614668e-12,2.656450856262731e-13,False,False,4.09399999625748e-05,9.910000017043785e-06,6.85499999235617e-05,perturbed_saddle,quartic,20,0.8,0.001,2104
perturbed_quartic_n20_p0.8_eps1e-03_seed2104,4V-FB,43,2,True,False,19,0.048519353746524906,0.4619485798512441,-1,-0.005086110171925284,3.867214605614668e-12,2.656450856262719e-13,False,False,2.8919999977006228e-05,9.409999847775907e-06,5.4009999985282775e-05,perturbed_saddle,quartic,20,0.8,0.001,2104
perturbed_quartic_n20_p0.8_eps1e-03_seed2104,4V-FB,45,4,True,False,19,0.04851935517144665,0.4619485798512441,-1,-0.005086103654119878,3.867214605614668e-12,2.6564508562627155e-13,False,False,2.4919999987105257e-05,9.339999905932928e-06,4.934000003231631e-05,perturbed_saddle,quartic,20,0.8,0.001,2104
perturbed_quartic_n20_p0.8_eps1e-03_seed2104,4V-FB,49,8,True,False,19,0.048519355578345406,0.4619485798512441,-1,-0.005086101792903364,3.867214605614668e-12,2.6564508562627155e-13,False,False,2.4699999812582973e-05,9.159999990515644e-06,4.8830000196176115e-05,perturbed_saddle,quartic,20,0.8,0.001,2104
perturbed_quartic_n20_p0.8_eps1e-03_seed2104,4V-FB,55,14,False,True,19,0.04851935560116609,0.4619485798512441,-1,-0.005086101688518863,3.867214605614668e-12,2.656450856262715e-13,False,False,2.5479999976596446e-05,9.22000003811263e-06,4.9659999831419555e-05,perturbed_saddle,quartic,20,0.8,0.001,2104
perturbed_quartic_n20_p0.8_eps1e-03_seed2105,4V-FB,4,1,True,False,20,-4.6332176998047837e-10,0.4619485798512441,-1,4.220733752902106e-05,3.867214595517899e-12,2.666666666666667e-13,False,True,5.306000002747169e-05,9.869999985312461e-06,8.185000001503795e-05,perturbed_saddle,quartic,20,0.8,0.001,2105
perturbed_quartic_n20_p0.8_eps1e-03_seed2105,4V-FB,42,1,True,False,19,0.048519351746338236,0.4619485798512441,-1,-0.005086119321073834,3.867214595517899e-12,2.656450856262731e-13,False,False,3.652000009424228e-05,9.800000043469481e-06,6.363000011333497e-05,perturbed_saddle,quartic,20,0.8,0.001,2105
perturbed_quartic_n20_p0.8_eps1e-03_seed2105,4V-FB,43,2,True,False,19,0.04851935374531013,0.4619485798512441,-1,-0.0050861101774817286,3.867214595517899e-12,2.656450856262719e-13,False,False,2.917999995588616e-05,9.250000175597961e-06,5.367999983718619e-05,perturbed_saddle,quartic,20,0.8,0.001,2105
perturbed_quartic_n20_p0.8_eps1e-03_seed2105,4V-FB,45,4,True,False,19,0.04851935517116504,0.4619485798512441,-1,-0.005086103655408181,3.867214595517899e-12,2.6564508562627155e-13,False,False,2.575999997134204e-05,9.1899999006273e-06,4.9439999884270946e-05,perturbed_saddle,quartic,20,0.8,0.001,2105
perturbed_quartic_n20_p0.8_eps1e-03_seed2105,4V-FB,49,8,True,False,19,0.04851935557833027,0.4619485798512441,-1,-0.0050861017929726415,3.867214595517899e-12,2.6564508562627155e-13,False,False,2.483999992364261e-05,9.11999995878432e-06,4.853999985243718e-05,perturbed_saddle,quartic,20,0.8,0.001,2105
perturbed_quartic_n20_p0.8_eps1e-03_seed2105,4V-FB,55,14,False,True,19,0.0485193556011659,0.4619485798512441,-1,-0.005086101688519751,3.867214595517899e-12,2.656450856262715e-13,False,False,2.496000001883658e-05,9.169999884761637e-06,4.867000006925082e-05,perturbed_saddle,quartic,20,0.8,0.001,2105
perturbed_quartic_n20_p0.8_eps1e-04_seed2101,4V-FB,3,1,True,False,20,-4.3567316860703115e-11,0.4619485798512441,-1,4.2135326647763094e-05,3.8672148159703785e-12,2.666666666666667e-13,False,True,5.201999988457828e-05,9.76999990598415e-06,8.077999996203289e-05,perturbed_saddle,quartic,20,0.8,0.0001,2101
perturbed_quartic_n20_p0.8_eps1e-04_seed2101,4V-FB,41,1,True,False,19,0.04851935174246465,0.4619485798512441,-1,-0.0050861193387921055,3.8672148159703785e-12,2.656450856262731e-13,False,False,3.7300000030882074e-05,9.71000008576084e-06,6.45500001610344e-05,perturbed_saddle,quartic,20,0.8,0.0001,2101
perturbed_quartic_n20_p0.8_eps1e-04_seed2101,4V-FB,42,2,True,False,19,0.04851935374344509,0.4619485798512441,-1,-0.005086110186012238,3.8672148159703785e-12,2.656450856262719e-13,False,False,2.8810000003431924e-05,9.369999816044583e-06,5.329999999048596e-05,perturbed_saddle,quartic,20,0.8,0.0001,2101
perturbed_quartic_n20_p0.8_eps1e-04_seed2101,4V-FB,44,4,True,False,19,0.048519355170732685,0.4619485798512441,-1,-0.00508610365738571,3.8672148159703785e-12,2.6564508562627155e-13,False,False,2.5369999775648466e-05,9.22000003811263e-06,4.925000007460767e-05,perturbed_saddle,quartic,20,0.8,0.0001,2101
perturbed_quartic_n20_p0.8_eps1e-04_seed2101,4V-FB,48,8,True,False,19,0.048519355578307034,0.4619485798512441,-1,-0.005086101793079223,3.8672148159703785e-12,2.656450856262715e-13,False,False,2.409999979136046e-05,9.079999927052995e-06,4.7649999942223076e-05,perturbed_saddle,quartic,20,0.8,0.0001,2101
perturbed_quartic_n20_p0.8_eps1e-04_seed2101,4V-FB,54,14,False,True,19,0.04851935560116561,0.4619485798512441,-1,-0.005086101688520639,3.8672148159703785e-12,2.656450856262715e-13,False,False,2.4339999981748406e-05,9.11999995878432e-06,4.814999988411728e-05,perturbed_saddle,quartic,20,0.8,0.0001,2101
perturbed_quartic_n20_p0.8_eps1e-04_seed2102,4V-FB,3,1,True,False,20,-3.135259129036789e-11,0.4619485798512441,-1,4.211744887960833e-05,3.867214815609393e-12,2.6666666666666673e-13,False,True,5.2769999911106424e-05,9.729999874252826e-06,8.987000001070555e-05,perturbed_saddle,quartic,20,0.8,0.0001,2102
perturbed_quartic_n20_p0.8_eps1e-04_seed2102,4V-FB,41,1,True,False,19,0.048519351741503916,0.4619485798512441,-1,-0.005086119343185924,3.867214815609393e-12,2.6564508562627317e-13,False,False,3.702000003613648e-05,9.689999842521502e-06,6.413000005522917e-05,perturbed_saddle,quartic,20,0.8,0.0001,2102
perturbed_quartic_n20_p0.8_eps1e-04_seed2102,4V-FB,42,2,True,False,19,0.048519353742982524,0.4619485798512441,-1,-0.005086110188128767,3.867214815609393e-12,2.6564508562627186e-13,False,False,2.7870000167240505e-05,9.260000069843954e-06,5.2730000106748776e-05,perturbed_saddle,quartic,20,0.8,0.0001,2102
perturbed_quartic_n20_p0.8_eps1e-04_seed2102,4V-FB,44,4,True,False,19,0.04851935517062546,0.4619485798512441,-1,-0.005086103657875984,3.867214815609393e-12,2.6564508562627155e-13,False,False,2.4949999897216912e-05,9.229999932358623e-06,4.919000002701068e-05,perturbed_saddle,quartic,20,0.8,0.0001,2102
perturbed_quartic_n20_p0.8_eps1e-04_seed2102,4V-FB,48,8,True,False,19,0.048519355578301275,0.4619485798512441,-1,-0.005086101793105424,3.867214815609393e-12,2.6564508562627155e-13,False,False,3.130000004603062e-05,9.520000048723887e-06,5.6220000033135875e-05,perturbed_saddle,quartic,20,0.8,0.0001,2102
perturbed_quartic_n20_p0.8_eps1e-04_seed2102,4V-FB,54,14,False,True,19,0.04851935560116554,0.4619485798512441,-1,-0.005086101688521527,3.867214815609393e-12,2.656450856262715e-13,False,False,2.5060000098164892e-05,9.180000006381306e-06,4.9199999921256676e-05,perturbed_saddle,quartic,20,0.8,0.0001,2102
perturbed_quartic_n20_p0.8_eps1e-04_seed2103,4V-FB,3,1,True,False,20,-2.989931303941033e-11,0.4619485798512441,-1,4.212295430994217e-05,3.8672148156566694e-12,2.6666666666666673e-13,False,True,5.308999993758334e-05,9.970000064640772e-06,8.236999997279781e-05,perturbed_saddle,quartic,20,0.8,0.0001,2103
perturbed_quartic_n20_p0.8_eps1e-04_seed2103,4V-FB,41,1,True,False,19,0.04851935174179974,0.4619485798512441,-1,-0.0050861193418332284,3.8672148156566694e-12,2.656450856262731e-13,False,False,3.749000006791903e-05,1.0099999826707062e-05,6.495999991784629e-05,perturbed_saddle,quartic,20,0.8,0.0001,2103
perturbed_quartic_n20_p0.8_eps1e-04_seed2103,4V-FB,42,2,True,False,19,0.04851935374312495,0.4619485798512441,-1,-0.005086110187476844,3.8672148156566694e-12,2.6564508562627186e-13,False,False,2.8969999902983545e-05,9.399999953529914e-06,5.387999999584281e-05,perturbed_saddle,quartic,20,0.8,0.0001,2103
perturbed_quartic_n20_p0.8_eps1e-04_seed2103,4V-FB,44,4,True,False,19,0.048519355170658474,0.4619485798512441,-1,-0.005086103657725438,3.8672148156566694e-12,2.6564508562627155e-13,False,False,3.313000001980981e-05,9.39000005928392e-06,5.771999985881848e-05,perturbed_saddle,quartic,20,0.8,0.0001,2103
perturbed_quartic_n20_p0.8_eps1e-04_seed2103,4V-FB,48,8,True,False,19,0.04851935557830305,0.4619485798512441,-1,-0.0050861017930969865,3.8672148156566694e-12,2.6564508562627155e-13,False,False,2.427999993415142e-05,9.300000101575279e-06,4.84699999105942e-05,perturbed_saddle,quartic,20,0.8,0.0001,2103
perturbed_quartic_n20_p0.8_eps1e-04_seed2103,4V-FB,54,14,False,True,19,0.04851935560116556,0.4619485798512441,-1,-0.005086101688521083,3.8672148156566694e-12,2.656450856262715e-13,False,False,2.5230000119336182e-05,9.229999932358623e-06,4.97399998948822e-05,perturbed_saddle,quartic,20,0.8,0.0001,2103
perturbed_quartic_n20_p0.8_eps1e-04_seed2104,4V-FB,3,1,True,False,20,-2.9577929826336174e-11,0.4619485798512441,-1,4.2129469357110594e-05,3.867214815786091e-12,2.666666666666667e-13,False,True,5.228000009083189e-05,9.88000010693213e-06,8.120000006783812e-05,perturbed_saddle,quartic,20,0.8,0.0001,2104
perturbed_quartic_n20_p0.8_eps1e-04_seed2104,4V-FB,41,1,True,False,19,0.04851935174214988,0.4619485798512441,-1,-0.005086119340232287,3.867214815786091e-12,2.6564508562627307e-13,False,False,3.7369999972725054e-05,9.490000138612231e-06,6.430999997064646e-05,perturbed_saddle,quartic,20,0.8,0.0001,2104
perturbed_quartic_n20_p0.8_eps1e-04_seed2104,4V-FB,42,2,True,False,19,0.04851935374329354,0.4619485798512441,-1,-0.0050861101867059055,3.867214815786091e-12,2.6564508562627186e-13,False,False,2.9529999892474734e-05,9.430000091015245e-06,5.4809999937788234e-05,perturbed_saddle,quartic,20,0.8,0.0001,2104
perturbed_quartic_n20_p0.8_eps1e-04_seed2104,4V-FB,44,4,True,False,19,0.04851935517069755,0.4619485798512441,-1,-0.005086103657546026,3.867214815786091e-12,2.6564508562627155e-13,False,False,2.6460000071892864e-05,9.309999995821272e-06,5.0999999984924216e-05,perturbed_saddle,quartic,20,0.8,0.0001,2104
perturbed_quartic_n20_p0.8_eps1e-04_seed2104,4V-FB,48,8,True,False,19,0.04851935557830515,0.4619485798512441,-1,-0.005086101793088549,3.867214815786091e-12,2.656450856262715e-13,False,False,2.492999988135125e-05,9.169999884761637e-06,4.892000015388476e-05,perturbed_saddle,quartic,20,0.8,0.0001,2104
perturbed_quartic_n20_p0.8_eps1e-04_seed2104,4V-FB,54,14,False,True,19,0.04851935560116559,0.4619485798512441,-1,-0.005086101688521083,3.867214815786091e-12,2.656450856262715e-13,False,False,2.5920000098267337e-05,9.159999990515644e-06,4.998999997951614e-05,perturbed_saddle,quartic,20,0.8,0.0001,2104
perturbed_quartic_n20_p0.8_eps1e-04_seed2105,4V-FB,3,1,True,False,20,2.2959187668246214e-11,0.4619485798512441,-1,4.212478638931927e-05,3.867214815685119e-12,2.6666666666666673e-13,False,True,5.314999998518033e-05,9.970000064640772e-06,8.250999985648377e-05,perturbed_saddle,quartic,20,0.8,0.0001,2105
perturbed_quartic_n20_p0.8_eps1e-04_seed2105,4V-FB,41,1,True,False,19,0.04851935174189852,0.4619485798512441,-1,-0.005086119341381146,3.867214815685119e-12,2.656450856262731e-13,False,False,3.773999992517929e-05,9.849999969446799e-06,6.57100001717481e-05,perturbed_saddle,quartic,20,0.8,0.0001,2105
perturbed_quartic_n20_p0.8_eps1e-04_seed2105,4V-FB,42,2,True,False,19,0.04851935374317251,0.4619485798512441,-1,-0.005086110187259241,3.867214815685119e-12,2.656450856262719e-13,False,False,2.8729999939969275e-05,9.28999997995561e-06,5.38899998900888e-05,perturbed_saddle,quartic,20,0.8,0.0001,2105
perturbed_quartic_n20_p0.8_eps1e-04_seed2105,4V-FB,44,4,True,False,19,0.0485193551706695,0.4619485798512441,-1,-0.005086103657674812,3.867214815685119e-12,2.6564508562627155e-13,False,False,2.599999993435631e-05,9.030000001075678e-06,5.0190000138172763e-05,perturbed_saddle,quartic,20,0.8,0.0001,2105
perturbed_quartic_n20_p0.8_eps1e-04_seed2105,4V-FB,48,8,True,False,19,0.04851935557830364,0.4619485798512441,-1,-0.005086101793094766,3.867214815685119e-12,2.656450856262715e-13,False,False,2.6449999950273195e-05,9.260000069843954e-06,5.112000008011819e-05,perturbed_saddle,quartic,20,0.8,0.0001,2105
perturbed_quartic_n20_p0.8_eps1e-04_seed2105,4V-FB,54,14,False,True,19,0.04851935560116557,0.4619485798512441,-1,-0.005086101688521083,3.867214815685119e-12,2.656450856262715e-13,False,False,2.5410000034753466e-05,9.22000003811263e-06,5.0210000154038426e-05,perturbed_saddle,quartic,20,0.8,0.0001,2105
perturbed_quartic_n20_p0.8_eps1e-05_seed2101,4V-FB,2,1,True,False,20,-3.6255739396924396e-11,0.4619485798512441,-1,4.21175972187271e-05,3.867214817889669e-12,2.6666666666666673e-13,False,True,5.2630000027420465e-05,1.0059999794975738e-05,8.216000014726887e-05,perturbed_saddle,quartic,20,0.8,1e-05,2101
perturbed_quartic_n20_p0.8_eps1e-05_seed2101,4V-FB,40,1,True,False,19,0.048519351741511854,0.4619485798512441,-1,-0.005086119343149953,3.867214817889669e-12,2.6564508562627317e-13,False,False,4.433999993125326e-05,1.0080000038215076e-05,7.239999990815704e-05,perturbed_saddle,quartic,20,0.8,1e-05,2101
perturbed_quartic_n20_p0.8_eps1e-05_seed2101,4V-FB,41,2,True,False,19,0.04851935374298635,0.4619485798512441,-1,-0.005086110188111004,3.867214817889669e-12,2.6564508562627186e-13,False,False,2.924999989772914e-05,9.249999948224286e-06,5.4430000091088004e-05,perturbed_saddle,quartic,20,0.8,1e-05,2101
perturbed_quartic_n20_p0.8_eps1e-05_seed2101,4V-FB,43,4,True,False,19,0.04851935517062634,0.4619485798512441,-1,-0.005086103657871988,3.867214817889669e-12,2.6564508562627155e-13,False,False,2.6279999929101905e-05,9.520000048723887e-06,5.098999986330455e-05,perturbed_saddle,quartic,20,0.8,1e-05,2101
perturbed_quartic_n20_p0.8_eps1e-05_seed2101,4V-FB,47,8,True,False,19,0.048519355578301324,0.4619485798512441,-1,-0.00508610179310498,3.867214817889669e-12,2.6564508562627155e-13,False,False,2.5430000050619128e-05,9.670000054029515e-06,5.0099999953090446e-05,perturbed_saddle,quartic,20,0.8,1e-05,2101
perturbed_quartic_n20_p0.8_eps1e-05_seed2101,4V-FB,53,14,False,True,19,0.04851935560116554,0.4619485798512441,-1,-0.005086101688521527,3.867214817889669e-12,2.656450856262715e-13,False,False,2.5939999886759324e-05,9.40000018090359e-06,5.0520000058895675e-05,perturbed_saddle,quartic,20,0.8,1e-05,2101
perturbed_quartic_n20_p0.8_eps1e-05_seed2102,4V-FB,2,1,True,False,20,-5.245958192185795e-11,0.4619485798512441,-1,4.211581144675236e-05,3.867214817886057e-12,2.6666666666666673e-13,False,True,5.230000010669755e-05,1.0070000143969082e-05,8.18799999251496e-05,perturbed_saddle,quartic,20,0.8,1e-05,2102
perturbed_quartic_n20_p0.8_eps1e-05_seed2102,4V-FB,40,1,True,False,19,0.04851935174141582,0.4619485798512441,-1,-0.005086119343589601,3.867214817886057e-12,2.656450856262731e-13,False,False,3.697000011015916e-05,9.999999974752427e-06,6.454999993366073e-05,perturbed_saddle,quartic,20,0.8,1e-05,2102
perturbed_quartic_n20_p0.8_eps1e-05_seed2102,4V-FB,41,2,True,False,19,0.048519353742940106,0.4619485798512441,-1,-0.005086110188321946,3.867214817886057e-12,2.656450856262719e-13,False,False,2.9400000130408444e-05,9.099999942918657e-06,5.405999991126009e-05,perturbed_saddle,quartic,20,0.8,1e-05,2102
perturbed_quartic_n20_p0.8_eps1e-05_seed2102,4V-FB,43,4,True,False,19,0.048519355170615626,0.4619485798512441,-1,-0.0050861036579212815,3.867214817886057e-12,2.656450856262715e-13,False,False,2.6359999992564553e-05,9.159999990515644e-06,5.050999993727601e-05,perturbed_saddle,quartic,20,0.8,1e-05,2102
perturbed_quartic_n20_p0.8_eps1e-05_seed2102,4V-FB,47,8,True,False,19,0.04851935557830075,0.4619485798512441,-1,-0.005086101793108089,3.867214817886057e-12,2.656450856262715e-13,False,False,2.6480000087758526e-05,9.259999842470279e-06,5.084999997961859e-05,perturbed_saddle,quartic,20,0.8,1e-05,2102
perturbed_quartic_n20_p0.8_eps1e-05_seed2102,4V-FB,53,14,False,True,19,0.048519355601165534,0.4619485798512441,-1,-0.005086101688521083,3.867214817886057e-12,2.656450856262715e-13,False,False,2.485999993950827e-05,9.039999895321671e-06,4.881999984718277e-05,perturbed_saddle,quartic,20,0.8,1e-05,2102
perturbed_quartic_n20_p0.8_eps1e-05_seed2103,4V-FB,2,1,True,False,20,-4.519902813477369e-11,0.4619485798512441,-1,4.211636117634754e-05,3.867214817886536e-12,2.6666666666666673e-13,False,True,5.6039999890344916e-05,9.95000004877511e-06,8.570999989387929e-05,perturbed_saddle,quartic,20,0.8,1e-05,2103
perturbed_quartic_n20_p0.8_eps1e-05_seed2103,4V-FB,40,1,True,False,19,0.04851935174144539,0.4619485798512441,-1,-0.005086119343454154,3.867214817886536e-12,2.656450856262731e-13,False,False,3.957000012633216e-05,9.589999990566866e-06,6.65000000026339e-05,perturbed_saddle,quartic,20,0.8,1e-05,2103
perturbed_quartic_n20_p0.8_eps1e-05_seed2103,4V-FB,41,2,True,False,19,0.048519353742954345,0.4619485798512441,-1,-0.005086110188257553,3.867214817886536e-12,2.6564508562627186e-13,False,False,2.934999997705745e-05,9.35999992179859e-06,5.409999994299142e-05,perturbed_saddle,quartic,20,0.8,1e-05,2103
perturbed_quartic_n20_p0.8_eps1e-05_seed2103,4V-FB,43,4,True,False,19,0.04851935517061892,0.4619485798512441,-1,-0.005086103657905738,3.867214817886536e-12,2.6564508562627155e-13,False,False,2.6789999992615776e-05,9.209999916492961e-06,5.061000001660432e-05,perturbed_saddle,quartic,20,0.8,1e-05,2103
perturbed_quartic_n20_p0.8_eps1e-05_seed2103,4V-FB,47,8,True,False,19,0.04851935557830092,0.4619485798512441,-1,-0.0050861017931072006,3.867214817886536e-12,2.656450856262715e-13,False,False,2.786999993986683e-05,9.210000143866637e-06,5.168000006960938e-05,perturbed_saddle,quartic,20,0.8,1e-05,2103
perturbed_quartic_n20_p0.8_eps1e-05_seed2103,4V-FB,53,14,False,True,19,0.048519355601165534,0.4619485798512441,-1,-0.005086101688521083,3.867214817886536e-12,2.6564508562627155e-13,False,False,2.66000001829525e-05,9.190000128000975e-06,5.033000002185872e-05,perturbed_saddle,quartic,20,0.8,1e-05,2103
perturbed_quartic_n20_p0.8_eps1e-05_seed2104,4V-FB,2,1,True,False,20,-3.1476815059173335e-11,0.4619485798512441,-1,4.211701111422883e-05,3.867214817887826e-12,2.6666666666666673e-13,False,True,5.3109999953449005e-05,9.709999858387164e-06,8.206999996218656e-05,perturbed_saddle,quartic,20,0.8,1e-05,2104
perturbed_quartic_n20_p0.8_eps1e-05_seed2104,4V-FB,40,1,True,False,19,0.0485193517414804,0.4619485798512441,-1,-0.005086119343294282,3.867214817887826e-12,2.656450856262731e-13,False,False,3.708999997797946e-05,9.890000001178123e-06,6.456999994952639e-05,perturbed_saddle,quartic,20,0.8,1e-05,2104
perturbed_quartic_n20_p0.8_eps1e-05_seed2104,4V-FB,41,2,True,False,19,0.0485193537429712,0.4619485798512441,-1,-0.005086110188179838,3.867214817887826e-12,2.656450856262719e-13,False,False,2.8079999992769444e-05,9.089999821298989e-06,5.214000020714593e-05,perturbed_saddle,quartic,20,0.8,1e-05,2104
perturbed_quartic_n20_p0.8_eps1e-05_seed2104,4V-FB,43,4,True,False,19,0.04851935517062283,0.4619485798512441,-1,-0.005086103657888419,3.867214817887826e-12,2.6564508562627155e-13,False,False,2.5390000018887804e-05,8.920000027501374e-06,4.893000004813075e-05,perturbed_saddle,quartic,20,0.8,1e-05,2104
perturbed_quartic_n20_p0.8_eps1e-05_seed2104,4V-FB,47,8,True,False,19,0.04851935557830113,0.4619485798512441,-1,-0.005086101793105868,3.867214817887826e-12,2.6564508562627155e-13,False,False,2.5440000172238797e-05,9.379999937664252e-06,4.938999995829363e-05,perturbed_saddle,quartic,20,0.8,1e-05,2104
perturbed_quartic_n20_p0.8_eps1e-05_seed2104,4V-FB,53,14,False,True,19,0.048519355601165534,0.4619485798512441,-1,-0.005086101688521083,3.867214817887826e-12,2.656450856262715e-13,False,False,2.4169999960577115e-05,9.139999974649982e-06,4.7649999942223076e-05,perturbed_saddle,quartic,20,0.8,1e-05,2104
perturbed_quartic_n20_p0.8_eps1e-05_seed2105,4V-FB,2,1,True,False,20,4.667670454373572e-11,0.4619485798512441,-1,4.211653451591246e-05,3.867214817886817e-12,2.6666666666666673e-13,False,True,5.19499999427353e-05,1.0129999964192393e-05,8.12600001154351e-05,perturbed_saddle,quartic,20,0.8,1e-05,2105
perturbed_quartic_n20_p0.8_eps1e-05_seed2105,4V-FB,40,1,True,False,19,0.048519351741455274,0.4619485798512441,-1,-0.005086119343408413,3.867214817886817e-12,2.6564508562627317e-13,False,False,3.685000001496519e-05,9.659999932409846e-06,6.387000007634924e-05,perturbed_saddle,quartic,20,0.8,1e-05,2105
perturbed_quartic_n20_p0.8_eps1e-05_seed2105,4V-FB,41,2,True,False,19,0.0485193537429591,0.4619485798512441,-1,-0.005086110188234905,3.867214817886817e-12,2.656450856262719e-13,False,False,2.8169999950478086e-05,9.200000022246968e-06,5.26100000115548e-05,perturbed_saddle,quartic,20,0.8,1e-05,2105
perturbed_quartic_n20_p0.8_eps1e-05_seed2105,4V-FB,43,4,True,False,19,0.048519355170620025,0.4619485798512441,-1,-0.005086103657900853,3.867214817886817e-12,2.6564508562627155e-13,False,False,2.5000000050567905e-05,8.950000164986704e-06,4.875000013271347e-05,perturbed_saddle,quartic,20,0.8,1e-05,2105
perturbed_quartic_n20_p0.8_eps1e-05_seed2105,4V-FB,47,8,True,False,19,0.048519355578300984,0.4619485798512441,-1,-0.0050861017931072006,3.867214817886817e-12,2.656450856262715e-13,False,False,2.650999999787018e-05,9.319999890067265e-06,5.086999999548425e-05,perturbed_saddle,quartic,20,0.8,1e-05,2105
perturbed_quartic_n20_p0.8_eps1e-05_seed2105,4V-FB,53,14,False,True,19,0.048519355601165534,0.4619485798512441,-1,-0.005086101688521083,3.867214817886817e-12,2.656450856262715e-13,False,False,2.4660000008225325e-05,9.090000048672664e-06,4.833000002690824e-05,perturbed_saddle,quartic,20,0.8,1e-05,2105
perturbed_quartic_n50_p0.3_eps1e-02_seed2101,4V-FB,5,1,True,False,50,-1.4389173899705284e-07,0.6185064075575528,-1,0.00033742096306710323,5.441682997492469e-27,5.074750830564721e-13,True,True,0.00010675999988052354,1.1080000149377156e-05,0.00013907999982620822,perturbed_saddle,quartic,50,0.3,0.01,2101
perturbed_quartic_n50_p0.3_eps1e-02_seed2101,4V-FB,27,1,True,False,49,0.1541850455672854,0.6185064075575528,-1,-0.029189332398829038,5.441682997492469e-27,5.01857506926983e-13,True,False,7.448000019394385e-05,1.0729999985414906e-05,0.0001042200001393212,perturbed_saddle,quartic,50,0.3,0.01,2101
perturbed_quartic_n50_p0.3_eps1e-02_seed2101,4V-FB,28,2,True,False,49,0.15418504637652578,0.6185064075575528,-1,-0.029189319702974004,5.441682997492469e-27,5.018575069269826e-13,True,False,6.12999999702879e-05,1.0040000006483751e-05,8.741999999983818e-05,perturbed_saddle,quartic,50,0.3,0.01,2101
perturbed_quartic_n50_p0.3_eps1e-02_seed2101,4V-FB,30,4,True,False,49,0.154185046987787,0.6185064075575528,-1,-0.02918931011313486,5.441682997492469e-27,5.018575069269825e-13,True,False,5.702000021301501e-05,9.95000004877511e-06,8.286000002044602e-05,perturbed_saddle,quartic,50,0.3,0.01,2101
perturbed_quartic_n50_p0.3_eps1e-02_seed2101,4V-FB,34,8,True,False,49,0.1541850471812674,0.6185064075575528,-1,-0.029189307077693627,5.441682997492469e-27,5.018575069269826e-13,True,False,5.452999994304264e-05,9.809999937715475e-06,7.993000008355011e-05,perturbed_saddle,quartic,50,0.3,0.01,2101
perturbed_quartic_n50_p0.3_eps1e-02_seed2101,4V-FB,41,15,False,True,49,0.15418504719435602,0.6185064075575528,-1,-0.029189306872352105,5.441682997492469e-27,5.018575069269825e-13,True,False,5.561000011766737e-05,1.0109999948326731e-05,8.152999998856103e-05,perturbed_saddle,quartic,50,0.3,0.01,2101
perturbed_quartic_n50_p0.3_eps1e-02_seed2102,4V-FB,5,1,True,False,50,-1.7166115800292422e-09,0.6185064075575528,-1,0.00033207525311329533,5.4416734296209386e-27,5.074750830564784e-13,True,True,9.297999986301875e-05,1.1039999890272156e-05,0.00012444999993022066,perturbed_saddle,quartic,50,0.3,0.01,2102
perturbed_quartic_n50_p0.3_eps1e-02_seed2102,4V-FB,27,1,True,False,49,0.15418504556279977,0.6185064075575528,-1,-0.02918933246920208,5.4416734296209386e-27,5.01857506926983e-13,True,False,7.194999989224016e-05,1.059999999597494e-05,0.00010128000008080562,perturbed_saddle,quartic,50,0.3,0.01,2102
perturbed_quartic_n50_p0.3_eps1e-02_seed2102,4V-FB,28,2,True,False,49,0.15418504637427097,0.6185064075575528,-1,-0.029189319738347486,5.4416734296209386e-27,5.018575069269826e-13,True,False,6.177000000207045e-05,1.0260000181006035e-05,8.84099999893806e-05,perturbed_saddle,quartic,50,0.3,0.01,2102
perturbed_quartic_n50_p0.3_eps1e-02_seed2102,4V-FB,30,4,True,False,49,0.15418504698721727,0.6185064075575528,-1,-0.02918931012207171,5.4416734296209386e-27,5.018575069269826e-13,True,False,5.6289999974978855e-05,1.0089999932461069e-05,8.205999984056689e-05,perturbed_saddle,quartic,50,0.3,0.01,2102
perturbed_quartic_n50_p0.3_eps1e-02_seed2102,4V-FB,34,8,True,False,49,0.15418504718123102,0.6185064075575528,-1,-0.029189307078265614,5.4416734296209386e-27,5.018575069269825e-13,True,False,5.7200000128432293e-05,9.93999992715544e-06,8.288000003631169e-05,perturbed_saddle,quartic,50,0.3,0.01,2102
perturbed_quartic_n50_p0.3_eps1e-02_seed2102,4V-FB,41,15,False,True,49,0.15418504719435575,0.6185064075575528,-1,-0.029189306872356546,5.4416734296209386e-27,5.018575069269825e-13,True,False,5.55999999960477e-05,1.0329999895475339e-05,8.129000002554676e-05,perturbed_saddle,quartic,50,0.3,0.01,2102
perturbed_quartic_n50_p0.3_eps1e-02_seed2103,4V-FB,5,1,True,False,50,-1.3899096783056512e-08,0.6185064075575528,-1,0.0003332804430122849,5.441674248859821e-27,5.074750830564783e-13,True,True,9.124999996856786e-05,1.0849999853235204e-05,0.00012250999998286716,perturbed_saddle,quartic,50,0.3,0.01,2103
perturbed_quartic_n50_p0.3_eps1e-02_seed2103,4V-FB,27,1,True,False,49,0.15418504556381563,0.6185064075575528,-1,-0.02918933245326283,5.441674248859821e-27,5.018575069269831e-13,True,False,7.150999999794294e-05,1.077000001714623e-05,0.00010072999998556043,perturbed_saddle,quartic,50,0.3,0.01,2103
perturbed_quartic_n50_p0.3_eps1e-02_seed2103,4V-FB,28,2,True,False,49,0.15418504637478161,0.6185064075575528,-1,-0.029189319730336116,5.441674248859821e-27,5.018575069269826e-13,True,False,6.0408999843275524e-05,9.930000032909447e-06,8.651899997857981e-05,perturbed_saddle,quartic,50,0.3,0.01,2103
perturbed_quartic_n50_p0.3_eps1e-02_seed2103,4V-FB,30,4,True,False,49,0.1541850469873463,0.6185064075575528,-1,-0.02918931012004755,5.441674248859821e-27,5.018575069269825e-13,True,False,5.7669999932841165e-05,9.919999911289779e-06,8.33199999306089e-05,perturbed_saddle,quartic,50,0.3,0.01,2103
perturbed_quartic_n50_p0.3_eps1e-02_seed2103,4V-FB,34,8,True,False,49,0.15418504718123927,0.6185064075575528,-1,-0.02918930707813594,5.441674248859821e-27,5.018575069269825e-13,True,False,5.448000001706532e-05,9.730000101626501e-06,8.004999995137041e-05,perturbed_saddle,quartic,50,0.3,0.01,2103
perturbed_quartic_n50_p0.3_eps1e-02_seed2103,4V-FB,41,15,False,True,49,0.1541850471943558,0.6185064075575528,-1,-0.029189306872356546,5.441674248859821e-27,5.018575069269824e-13,True,False,5.6019999874479254e-05,9.820000059335143e-06,8.135999996738974e-05,perturbed_saddle,quartic,50,0.3,0.01,2103
perturbed_quartic_n50_p0.3_eps1e-02_seed2104,4V-FB,5,1,True,False,50,-6.660550429263155e-08,0.6185064075575528,-1,0.00033549615579619996,5.4416778036913975e-27,5.074750830564772e-13,True,True,0.00010942999983853952,1.1280000080660102e-05,0.00014253000017561135,perturbed_saddle,quartic,50,0.3,0.01,2104
perturbed_quartic_n50_p0.3_eps1e-02_seed2104,4V-FB,27,1,True,False,49,0.1541850455656763,0.6185064075575528,-1,-0.02918933242407462,5.4416778036913975e-27,5.01857506926983e-13,True,False,7.372999994004203e-05,1.0799999927257886e-05,0.00010334000012335309,perturbed_saddle,quartic,50,0.3,0.01,2104
perturbed_quartic_n50_p0.3_eps1e-02_seed2104,4V-FB,28,2,True,False,49,0.15418504637571692,0.6185064075575528,-1,-0.02918931971566341,5.4416778036913975e-27,5.018575069269826e-13,True,False,6.278000000747852e-05,9.95000004877511e-06,8.963999994193728e-05,perturbed_saddle,quartic,50,0.3,0.01,2104
perturbed_quartic_n50_p0.3_eps1e-02_seed2104,4V-FB,30,4,True,False,49,0.15418504698758262,0.6185064075575528,-1,-0.029189310116339406,5.4416778036913975e-27,5.018575069269826e-13,True,False,5.6560000075478456e-05,9.93999992715544e-06,8.213999990402954e-05,perturbed_saddle,quartic,50,0.3,0.01,2104
perturbed_quartic_n50_p0.3_eps1e-02_seed2104,4V-FB,34,8,True,False,49,0.15418504718125436,0.6185064075575528,-1,-0.029189307077899684,5.4416778036913975e-27,5.018575069269825e-13,True,False,5.474999989019125e-05,9.899999895424116e-06,8.055000012063829e-05,perturbed_saddle,quartic,50,0.3,0.01,2104
perturbed_quartic_n50_p0.3_eps1e-02_seed2104,4V-FB,41,15,False,True,49,0.15418504719435594,0.6185064075575528,-1,-0.02918930687235477,5.4416778036913975e-27,5.018575069269825e-13,True,False,5.5570000085936044e-05,1.0089999932461069e-05,8.152999998856103e-05,perturbed_saddle,quartic,50,0.3,0.01,2104
perturbed_quartic_n50_p0.3_eps1e-02_seed2105,4V-FB,5,1,True,False,50,-2.4302442504298367e-08,0.6185064075575528,-1,0.0003338805318708893,5.441674954855714e-27,5.074750830564782e-13,True,True,9.109999996326223e-05,1.1069999800383812e-05,0.0001228700000410754,perturbed_saddle,quartic,50,0.3,0.01,2105
perturbed_quartic_n50_p0.3_eps1e-02_seed2105,4V-FB,27,1,True,False,49,0.15418504556432044,0.6185064075575528,-1,-0.02918933244534383,5.441674954855714e-27,5.018575069269831e-13,True,False,7.168000001911423e-05,1.0779999911392224e-05,0.00010066000004371745,perturbed_saddle,quartic,50,0.3,0.01,2105
perturbed_quartic_n50_p0.3_eps1e-02_seed2105,4V-FB,28,2,True,False,49,0.15418504637503536,0.6185064075575528,-1,-0.0291893197263553,5.441674954855714e-27,5.018575069269826e-13,True,False,6.11800001024676e-05,9.900000122797792e-06,8.740999987821851e-05,perturbed_saddle,quartic,50,0.3,0.01,2105
perturbed_quartic_n50_p0.3_eps1e-02_seed2105,4V-FB,30,4,True,False,49,0.15418504698741042,0.6185064075575528,-1,-0.029189310119042133,5.441674954855714e-27,5.018575069269825e-13,True,False,5.615999998553889e-05,9.959999943021103e-06,8.208999997805222e-05,perturbed_saddle,quartic,50,0.3,0.01,2105
perturbed_quartic_n50_p0.3_eps1e-02_seed2105,4V-FB,34,8,True,False,49,0.15418504718124337,0.6185064075575528,-1,-0.02918930707807199,5.441674954855714e-27,5.018575069269825e-13,True,False,5.5760000122973e-05,1.0269999847878353e-05,8.183999989341828e-05,perturbed_saddle,quartic,50,0.3,0.01,2105
perturbed_quartic_n50_p0.3_eps1e-02_seed2105,4V-FB,41,15,False,True,49,0.15418504719435583,0.6185064075575528,-1,-0.029189306872355658,5.441674954855714e-27,5.018575069269825e-13,True,False,5.420000002231973e-05,9.930000032909447e-06,7.981999988260213e-05,perturbed_saddle,quartic,50,0.3,0.01,2105
perturbed_quartic_n50_p0.3_eps1e-03_seed2101,4V-FB,4,1,True,False,50,-1.4478328018432614e-09,0.6185064075575528,-1,0.00033202178828073414,5.441856718273019e-27,5.074750830564784e-13,True,True,9.088999991035962e-05,1.0980000070048845e-05,0.00012240000000929285,perturbed_saddle,quartic,50,0.3,0.001,2101
perturbed_quartic_n50_p0.3_eps1e-03_seed2101,4V-FB,26,1,True,False,49,0.15418504556275464,0.6185064075575528,-1,-0.029189332469909957,5.441856718273019e-27,5.018575069269831e-13,True,False,7.260000006681366e-05,1.0659999816198251e-05,0.00010149000013370824,perturbed_saddle,quartic,50,0.3,0.001,2101
perturbed_quartic_n50_p0.3_eps1e-03_seed2101,4V-FB,27,2,True,False,49,0.1541850463742483,0.6185064075575528,-1,-0.029189319738703645,5.441856718273019e-27,5.018575069269826e-13,True,False,6.04100000600738e-05,9.910000017043785e-06,8.638999997856445e-05,perturbed_saddle,quartic,50,0.3,0.001,2101
perturbed_quartic_n50_p0.3_eps1e-03_seed2101,4V-FB,29,4,True,False,49,0.15418504698721153,0.6185064075575528,-1,-0.029189310122162304,5.441856718273019e-27,5.018575069269825e-13,True,False,5.7589999869378516e-05,9.88000010693213e-06,8.312999989357195e-05,perturbed_saddle,quartic,50,0.3,0.001,2101
perturbed_quartic_n50_p0.3_eps1e-03_seed2101,4V-FB,33,8,True,False,49,0.15418504718123066,0.6185064075575528,-1,-0.029189307078270943,5.441856718273019e-27,5.018575069269825e-13,True,False,5.426999996416271e-05,9.650000038163853e-06,7.922999998299929e-05,perturbed_saddle,quartic,50,0.3,0.001,2101
perturbed_quartic_n50_p0.3_eps1e-03_seed2101,4V-FB,40,15,False,True,49,0.15418504719435575,0.6185064075575528,-1,-0.029189306872356546,5.441856718273019e-27,5.018575069269825e-13,True,False,5.455000018628198e-05,9.979999958886765e-06,8.01099999989674e-05,perturbed_saddle,quartic,50,0.3,0.001,2101
perturbed_quartic_n50_p0.3_eps1e-03_seed2102,4V-FB,4,1,True,False,50,-3.2480871507504353e-11,0.6185064075575528,-1,0.00033149066062065913,5.44185662258541e-27,5.074750830564783e-13,True,True,9.092000004784495e-05,1.07399998796609e-05,0.00012235000008331554,perturbed_saddle,quartic,50,0.3,0.001,2102
perturbed_quartic_n50_p0.3_eps1e-03_seed2102,4V-FB,26,1,True,False,49,0.15418504556230606,0.6185064075575528,-1,-0.029189332476946994,5.44185662258541e-27,5.018575069269831e-13,True,False,7.275000007211929e-05,1.0449999990669312e-05,0.00010166999982175184,perturbed_saddle,quartic,50,0.3,0.001,2102
perturbed_quartic_n50_p0.3_eps1e-03_seed2102,4V-FB,27,2,True,False,49,0.15418504637402278,0.6185064075575528,-1,-0.029189319742242148,5.44185662258541e-27,5.018575069269826e-13,True,False,6.0839999832751346e-05,9.900000122797792e-06,8.699999989403295e-05,perturbed_saddle,quartic,50,0.3,0.001,2102
perturbed_quartic_n50_p0.3_eps1e-03_seed2102,4V-FB,29,4,True,False,49,0.15418504698715457,0.6185064075575528,-1,-0.02918931012305581,5.44185662258541e-27,5.018575069269825e-13,True,False,5.673999999089574e-05,9.890000001178123e-06,8.203000015782891e-05,perturbed_saddle,quartic,50,0.3,0.001,2102
perturbed_quartic_n50_p0.3_eps1e-03_seed2102,4V-FB,33,8,True,False,49,0.15418504718122703,0.6185064075575528,-1,-0.029189307078328675,5.44185662258541e-27,5.018575069269825e-13,True,False,5.583999995906197e-05,9.910000017043785e-06,8.119999984046444e-05,perturbed_saddle,quartic,50,0.3,0.001,2102
perturbed_quartic_n50_p0.3_eps1e-03_seed2102,4V-FB,40,15,False,True,49,0.15418504719435572,0.6185064075575528,-1,-0.029189306872357434,5.44185662258541e-27,5.018575069269825e-13,True,False,5.461000000650529e-05,9.93999992715544e-06,7.976000006237882e-05,perturbed_saddle,quartic,50,0.3,0.001,2102
perturbed_quartic_n50_p0.3_eps1e-03_seed2103,4V-FB,4,1,True,False,50,-1.483413019977095e-10,0.6185064075575528,-1,0.00033161088405186945,5.4418566307857355e-27,5.074750830564784e-13,True,True,9.175000013783574e-05,1.0879999990720535e-05,0.0001235300001098949,perturbed_saddle,quartic,50,0.3,0.001,2103
perturbed_quartic_n50_p0.3_eps1e-03_seed2103,4V-FB,26,1,True,False,49,0.15418504556240764,0.6185064075575528,-1,-0.029189332475352714,5.4418566307857355e-27,5.018575069269831e-13,True,False,7.279999999809661e-05,1.0679999832063913e-05,0.00010234000001219101,perturbed_saddle,quartic,50,0.3,0.001,2103
perturbed_quartic_n50_p0.3_eps1e-03_seed2103,4V-FB,27,2,True,False,49,0.15418504637407385,0.6185064075575528,-1,-0.029189319741439235,5.4418566307857355e-27,5.018575069269827e-13,True,False,6.115999985922826e-05,1.0100000054080738e-05,8.729999990464421e-05,perturbed_saddle,quartic,50,0.3,0.001,2103
perturbed_quartic_n50_p0.3_eps1e-03_seed2103,4V-FB,29,4,True,False,49,0.15418504698716745,0.6185064075575528,-1,-0.029189310122853307,5.4418566307857355e-27,5.018575069269825e-13,True,False,5.711000017072365e-05,9.93999992715544e-06,8.258999991994642e-05,perturbed_saddle,quartic,50,0.3,0.001,2103
perturbed_quartic_n50_p0.3_eps1e-03_seed2103,4V-FB,33,8,True,False,49,0.15418504718122786,0.6185064075575528,-1,-0.029189307078315352,5.4418566307857355e-27,5.018575069269825e-13,True,False,5.486999998538522e-05,9.959999943021103e-06,8.018999983505637e-05,perturbed_saddle,quartic,50,0.3,0.001,2103
perturbed_quartic_n50_p0.3_eps1e-03_seed2103,4V-FB,40,15,False,True,49,0.15418504719435572,0.6185064075575528,-1,-0.029189306872356546,5.4418566307857355e-27,5.018575069269825e-13,True,False,5.575000000135333e-05,9.879999879558454e-06,8.153999988280702e-05,perturbed_saddle,quartic,50,0.3,0.001,2103
perturbed_quartic_n50_p0.3_eps1e-03_seed2104,4V-FB,4,1,True,False,50,-6.735769442988041e-10,0.6185064075575528,-1,0.0003318311802358309,5.441856666266387e-27,5.074750830564785e-13,True,True,9.129999989454518e-05,1.0859999974854873e-05,0.00012283000000934408,perturbed_saddle,quartic,50,0.3,0.001,2104
perturbed_quartic_n50_p0.3_eps1e-03_seed2104,4V-FB,26,1,True,False,49,0.15418504556259371,0.6185064075575528,-1,-0.029189332472435048,5.441856666266387e-27,5.01857506926983e-13,True,False,7.806000007803959e-05,1.0900000006586197e-05,0.00010788999998112558,perturbed_saddle,quartic,50,0.3,0.001,2104
perturbed_quartic_n50_p0.3_eps1e-03_seed2104,4V-FB,27,2,True,False,49,0.15418504637416738,0.6185064075575528,-1,-0.029189319739972852,5.441856666266387e-27,5.018575069269826e-13,True,False,6.139999982224253e-05,9.869999985312461e-06,8.748999994168116e-05,perturbed_saddle,quartic,50,0.3,0.001,2104
perturbed_quartic_n50_p0.3_eps1e-03_seed2104,4V-FB,29,4,True,False,49,0.1541850469871911,0.6185064075575528,-1,-0.029189310122482937,5.441856666266387e-27,5.018575069269825e-13,True,False,5.6189999895650544e-05,9.81000016508915e-06,8.178000007319497e-05,perturbed_saddle,quartic,50,0.3,0.001,2104
perturbed_quartic_n50_p0.3_eps1e-03_seed2104,4V-FB,33,8,True,False,49,0.15418504718122936,0.6185064075575528,-1,-0.02918930707829137,5.441856666266387e-27,5.018575069269825e-13,True,False,5.4739999995945254e-05,9.709999858387164e-06,8.015999992494471e-05,perturbed_saddle,quartic,50,0.3,0.001,2104
perturbed_quartic_n50_p0.3_eps1e-03_seed2104,4V-FB,40,15,False,True,49,0.15418504719435572,0.6185064075575528,-1,-0.029189306872356546,5.441856666266387e-27,5.018575069269825e-13,True,False,5.570000007537601e-05,9.959999943021103e-06,8.15400001101807e-05,perturbed_saddle,quartic,50,0.3,0.001,2104
perturbed_quartic_n50_p0.3_eps1e-03_seed2105,4V-FB,4,1,True,False,50,-2.327962451629397e-10,0.6185064075575528,-1,0.00033167063802252983,5.441856637799766e-27,5.074750830564785e-13,True,True,9.174000001621607e-05,1.1240000048928778e-05,0.00012345000004643225,perturbed_saddle,quartic,50,0.3,0.001,2105
perturbed_quartic_n50_p0.3_eps1e-03_seed2105,4V-FB,26,1,True,False,49,0.15418504556245813,0.6185064075575528,-1,-0.029189332474561347,5.441856637799766e-27,5.018575069269831e-13,True,False,7.901000003585068e-05,1.0949999932563514e-05,0.00010870000005525071,perturbed_saddle,quartic,50,0.3,0.001,2105
perturbed_quartic_n50_p0.3_eps1e-03_seed2105,4V-FB,27,2,True,False,49,0.15418504637409924,0.6185064075575528,-1,-0.029189319741043107,5.441856637799766e-27,5.018575069269826e-13,True,False,6.181000003380177e-05,9.849999969446799e-06,8.769999999458378e-05,perturbed_saddle,quartic,50,0.3,0.001,2105
perturbed_quartic_n50_p0.3_eps1e-03_seed2105,4V-FB,29,4,True,False,49,0.15418504698717386,0.6185064075575528,-1,-0.029189310122752943,5.441856637799766e-27,5.018575069269825e-13,True,False,5.6050000011964585e-05,9.840000075200805e-06,8.132000016303209e-05,perturbed_saddle,quartic,50,0.3,0.001,2105
perturbed_quartic_n50_p0.3_eps1e-03_seed2105,4V-FB,33,8,True,False,49,0.15418504718122827,0.6185064075575528,-1,-0.029189307078308246,5.441856637799766e-27,5.018575069269826e-13,True,False,5.4079999927125755e-05,9.760000011738157e-06,7.916000004115631e-05,perturbed_saddle,quartic,50,0.3,0.001,2105
perturbed_quartic_n50_p0.3_eps1e-03_seed2105,4V-FB,40,15,False,True,49,0.15418504719435572,0.6185064075575528,-1,-0.029189306872356546,5.441856637799766e-27,5.018575069269825e-13,True,False,5.505000012817618e-05,9.789999921849812e-06,8.037999987209332e-05,perturbed_saddle,quartic,50,0.3,0.001,2105
perturbed_quartic_n50_p0.3_eps1e-04_seed2101,4V-FB,3,1,True,False,50,-3.115517532132394e-11,0.6185064075575528,-1,0.00033148532113180806,5.441858455464044e-27,5.074750830564783e-13,True,True,9.17800000479474e-05,1.1230000154682784e-05,0.0001233699999829696,perturbed_saddle,quartic,50,0.3,0.0001,2101
perturbed_quartic_n50_p0.3_eps1e-04_seed2101,4V-FB,25,1,True,False,49,0.15418504556230156,0.6185064075575528,-1,-0.029189332477018937,5.441858455464044e-27,5.018575069269831e-13,True,False,7.20399998499488e-05,1.0869999869100866e-05,0.00010121999980583496,perturbed_saddle,quartic,50,0.3,0.0001,2101
perturbed_quartic_n50_p0.3_eps1e-04_seed2101,4V-FB,26,2,True,False,49,0.15418504637402053,0.6185064075575528,-1,-0.029189319742277675,5.441858455464044e-27,5.018575069269826e-13,True,False,6.101000008129631e-05,9.990000080506434e-06,8.712999988347292e-05,perturbed_saddle,quartic,50,0.3,0.0001,2101
perturbed_quartic_n50_p0.3_eps1e-04_seed2101,4V-FB,28,4,True,False,49,0.154185046987154,0.6185064075575528,-1,-0.029189310123064693,5.441858455464044e-27,5.018575069269825e-13,True,False,5.604000011771859e-05,9.849999969446799e-06,8.142000001498673e-05,perturbed_saddle,quartic,50,0.3,0.0001,2101
perturbed_quartic_n50_p0.3_eps1e-04_seed2101,4V-FB,32,8,True,False,49,0.154185047181227,0.6185064075575528,-1,-0.029189307078328675,5.441858455464044e-27,5.018575069269825e-13,True,False,5.352999983188056e-05,1.001999999061809e-05,7.875000005697075e-05,perturbed_saddle,quartic,50,0.3,0.0001,2101
perturbed_quartic_n50_p0.3_eps1e-04_seed2101,4V-FB,39,15,False,True,49,0.15418504719435572,0.6185064075575528,-1,-0.029189306872357434,5.441858455464044e-27,5.018575069269825e-13,True,False,5.519000001186214e-05,9.859999863692792e-06,8.06500001999666e-05,perturbed_saddle,quartic,50,0.3,0.0001,2101
perturbed_quartic_n50_p0.3_eps1e-04_seed2102,4V-FB,3,1,True,False,50,-2.892442019393363e-11,0.6185064075575528,-1,0.00033143224524589954,5.4418584545071556e-27,5.074750830564786e-13,True,True,9.094000006371061e-05,1.0709999969549244e-05,0.0001220900001044356,perturbed_saddle,quartic,50,0.3,0.0001,2102
perturbed_quartic_n50_p0.3_eps1e-04_seed2102,4V-FB,25,1,True,False,49,0.15418504556225668,0.6185064075575528,-1,-0.029189332477721486,5.4418584545071556e-27,5.018575069269831e-13,True,False,7.233999986056006e-05,1.0609999890220934e-05,0.00010152000004381989,perturbed_saddle,quartic,50,0.3,0.0001,2102
perturbed_quartic_n50_p0.3_eps1e-04_seed2102,4V-FB,26,2,True,False,49,0.15418504637399796,0.6185064075575528,-1,-0.02918931974263206,5.4418584545071556e-27,5.018575069269826e-13,True,False,6.10299998697883e-05,9.81000016508915e-06,8.672999979353335e-05,perturbed_saddle,quartic,50,0.3,0.0001,2102
perturbed_quartic_n50_p0.3_eps1e-04_seed2102,4V-FB,28,4,True,False,49,0.1541850469871483,0.6185064075575528,-1,-0.029189310123155288,5.4418584545071556e-27,5.018575069269825e-13,True,False,5.5709999969622004e-05,9.900000122797792e-06,8.111000011012948e-05,perturbed_saddle,quartic,50,0.3,0.0001,2102
perturbed_quartic_n50_p0.3_eps1e-04_seed2102,4V-FB,32,8,True,False,49,0.15418504718122664,0.6185064075575528,-1,-0.029189307078334004,5.4418584545071556e-27,5.018575069269825e-13,True,False,5.55999999960477e-05,9.659999932409846e-06,8.081999999376421e-05,perturbed_saddle,quartic,50,0.3,0.0001,2102
perturbed_quartic_n50_p0.3_eps1e-04_seed2102,4V-FB,39,15,False,True,49,0.15418504719435572,0.6185064075575528,-1,-0.029189306872357434,5.4418584545071556e-27,5.018575069269825e-13,True,False,5.376000012802251e-05,9.869999985312461e-06,7.863999985602277e-05,perturbed_saddle,quartic,50,0.3,0.0001,2102
perturbed_quartic_n50_p0.3_eps1e-04_seed2103,4V-FB,3,1,True,False,50,-1.8945878681492524e-11,0.6185064075575528,-1,0.0003314442622324165,5.441858454589176e-27,5.074750830564784e-13,True,True,9.070999999494234e-05,1.1129999847980798e-05,0.0001224800000727555,perturbed_saddle,quartic,50,0.3,0.0001,2103
perturbed_quartic_n50_p0.3_eps1e-04_seed2103,4V-FB,25,1,True,False,49,0.15418504556226684,0.6185064075575528,-1,-0.029189332477562502,5.441858454589176e-27,5.018575069269831e-13,True,False,7.20299999557028e-05,1.0479999900780967e-05,0.00010122999992745463,perturbed_saddle,quartic,50,0.3,0.0001,2103
perturbed_quartic_n50_p0.3_eps1e-04_seed2103,4V-FB,26,2,True,False,49,0.15418504637400307,0.6185064075575528,-1,-0.029189319742551234,5.441858454589176e-27,5.018575069269826e-13,True,False,6.028000007063383e-05,9.859999863692792e-06,8.615999990979617e-05,perturbed_saddle,quartic,50,0.3,0.0001,2103
perturbed_quartic_n50_p0.3_eps1e-04_seed2103,4V-FB,28,4,True,False,49,0.15418504698714958,0.6185064075575528,-1,-0.02918931012313397,5.441858454589176e-27,5.018575069269825e-13,True,False,5.531000010705611e-05,9.829999953581137e-06,8.086000002549554e-05,perturbed_saddle,quartic,50,0.3,0.0001,2103
perturbed_quartic_n50_p0.3_eps1e-04_seed2103,4V-FB,32,8,True,False,49,0.15418504718122672,0.6185064075575528,-1,-0.029189307078334892,5.441858454589176e-27,5.018575069269824e-13,True,False,5.550999981096538e-05,1.0080000038215076e-05,8.12700000096811e-05,perturbed_saddle,quartic,50,0.3,0.0001,2103
perturbed_quartic_n50_p0.3_eps1e-04_seed2103,4V-FB,39,15,False,True,49,0.15418504719435572,0.6185064075575528,-1,-0.029189306872357434,5.441858454589176e-27,5.018575069269825e-13,True,False,5.36600000486942e-05,9.800000043469481e-06,7.9050000067582e-05,perturbed_saddle,quartic,50,0.3,0.0001,2103
perturbed_quartic_n50_p0.3_eps1e-04_seed2104,4V-FB,3,1,True,False,50,-2.0790425815720267e-11,0.6185064075575528,-1,0.0003314662784008604,5.441858454943905e-27,5.074750830564785e-13,True,True,9.011999986796582e-05,1.0649999921952258e-05,0.00012132999995628779,perturbed_saddle,quartic,50,0.3,0.0001,2104
perturbed_quartic_n50_p0.3_eps1e-04_seed2104,4V-FB,25,1,True,False,49,0.15418504556228546,0.6185064075575528,-1,-0.02918933247727118,5.441858454943905e-27,5.01857506926983e-13,True,False,7.223000011435943e-05,1.0619999784466927e-05,0.00010124999994332029,perturbed_saddle,quartic,50,0.3,0.0001,2104
perturbed_quartic_n50_p0.3_eps1e-04_seed2104,4V-FB,26,2,True,False,49,0.15418504637401242,0.6185064075575528,-1,-0.029189319742404685,5.441858454943905e-27,5.018575069269826e-13,True,False,6.007000001773122e-05,1.001999999061809e-05,8.618999981990783e-05,perturbed_saddle,quartic,50,0.3,0.0001,2104
perturbed_quartic_n50_p0.3_eps1e-04_seed2104,4V-FB,28,4,True,False,49,0.15418504698715194,0.6185064075575528,-1,-0.029189310123096668,5.441858454943905e-27,5.018575069269825e-13,True,False,5.7040000001506996e-05,9.900000122797792e-06,8.316999992530327e-05,perturbed_saddle,quartic,50,0.3,0.0001,2104
perturbed_quartic_n50_p0.3_eps1e-04_seed2104,4V-FB,32,8,True,False,49,0.15418504718122686,0.6185064075575528,-1,-0.029189307078329563,5.441858454943905e-27,5.018575069269826e-13,True,False,5.417000011220807e-05,9.970000064640772e-06,7.987999993019912e-05,perturbed_saddle,quartic,50,0.3,0.0001,2104
perturbed_quartic_n50_p0.3_eps1e-04_seed2104,4V-FB,39,15,False,True,49,0.15418504719435572,0.6185064075575528,-1,-0.029189306872357434,5.441858454943905e-27,5.018575069269825e-13,True,False,5.4110000064611086e-05,1.001999999061809e-05,7.970999990902783e-05,perturbed_saddle,quartic,50,0.3,0.0001,2104
perturbed_quartic_n50_p0.3_eps1e-04_seed2105,4V-FB,3,1,True,False,50,1.67739272848807e-11,0.6185064075575528,-1,0.00033145022719249795,5.441858454659262e-27,5.074750830564784e-13,True,True,8.9399999978923e-05,1.1139999969600467e-05,0.00013306000005286478,perturbed_saddle,quartic,50,0.3,0.0001,2105
perturbed_quartic_n50_p0.3_eps1e-04_seed2105,4V-FB,25,1,True,False,49,0.1541850455622719,0.6185064075575528,-1,-0.029189332477482566,5.441858454659262e-27,5.018575069269831e-13,True,False,7.099000004018308e-05,1.0640000027706265e-05,9.939000005942944e-05,perturbed_saddle,quartic,50,0.3,0.0001,2105
perturbed_quartic_n50_p0.3_eps1e-04_seed2105,4V-FB,26,2,True,False,49,0.15418504637400562,0.6185064075575528,-1,-0.029189319742511266,5.441858454659262e-27,5.018575069269826e-13,True,False,6.802000007155584e-05,9.790000149223488e-06,9.445999990020937e-05,perturbed_saddle,quartic,50,0.3,0.0001,2105
perturbed_quartic_n50_p0.3_eps1e-04_seed2105,4V-FB,28,4,True,False,49,0.15418504698715021,0.6185064075575528,-1,-0.0291893101231242,5.441858454659262e-27,5.018575069269825e-13,True,False,5.6640000138941105e-05,9.659999932409846e-06,8.170000000973232e-05,perturbed_saddle,quartic,50,0.3,0.0001,2105
perturbed_quartic_n50_p0.3_eps1e-04_seed2105,4V-FB,32,8,True,False,49,0.15418504718122675,0.6185064075575528,-1,-0.029189307078333115,5.441858454659262e-27,5.018575069269825e-13,True,False,5.4079999927125755e-05,9.720000207380508e-06,7.903999994596234e-05,perturbed_saddle,quartic,50,0.3,0.0001,2105
perturbed_quartic_n50_p0.3_eps1e-04_seed2105,4V-FB,39,15,False,True,49,0.15418504719435572,0.6185064075575528,-1,-0.029189306872357434,5.441858454659262e-27,5.018575069269825e-13,True,False,5.461000000650529e-05,9.830000180954812e-06,7.98300000042218e-05,perturbed_saddle,quartic,50,0.3,0.0001,2105
perturbed_quartic_n50_p0.3_eps1e-05_seed2101,4V-FB,3,1,True,False,50,-1.820560148546956e-12,0.6185064075575528,-1,0.0003314317051579252,5.441858472835894e-27,5.074750830564785e-13,True,True,0.00010050000014416582,1.150000002780871e-05,0.00013384999988375057,perturbed_saddle,quartic,50,0.3,1e-05,2101
perturbed_quartic_n50_p0.3_eps1e-05_seed2101,4V-FB,25,1,True,False,49,0.15418504556225623,0.6185064075575528,-1,-0.02918933247772948,5.441858472835894e-27,5.01857506926983e-13,True,False,7.06499999978405e-05,1.0279999969498022e-05,9.87599999007216e-05,perturbed_saddle,quartic,50,0.3,1e-05,2101
perturbed_quartic_n50_p0.3_eps1e-05_seed2101,4V-FB,26,2,True,False,49,0.15418504637399774,0.6185064075575528,-1,-0.029189319742634723,5.441858472835894e-27,5.018575069269826e-13,True,False,6.733000009262469e-05,1.0139999858438387e-05,9.408999994775513e-05,perturbed_saddle,quartic,50,0.3,1e-05,2101
perturbed_quartic_n50_p0.3_eps1e-05_seed2101,4V-FB,28,4,True,False,49,0.15418504698714824,0.6185064075575528,-1,-0.029189310123156176,5.441858472835894e-27,5.018575069269824e-13,True,False,5.551000003833906e-05,9.780000027603819e-06,8.058999992499594e-05,perturbed_saddle,quartic,50,0.3,1e-05,2101
perturbed_quartic_n50_p0.3_eps1e-05_seed2101,4V-FB,32,8,True,False,49,0.15418504718122664,0.6185064075575528,-1,-0.029189307078334892,5.441858472835894e-27,5.018575069269825e-13,True,False,5.4180000006454065e-05,9.95000004877511e-06,7.976000006237882e-05,perturbed_saddle,quartic,50,0.3,1e-05,2101
perturbed_quartic_n50_p0.3_eps1e-05_seed2101,4V-FB,39,15,False,True,49,0.15418504719435572,0.6185064075575528,-1,-0.029189306872357434,5.441858472835894e-27,5.018575069269825e-13,True,False,5.495999994309386e-05,9.829999953581137e-06,8.043000002544431e-05,perturbed_saddle,quartic,50,0.3,1e-05,2101
perturbed_quartic_n50_p0.3_eps1e-05_seed2102,4V-FB,3,1,True,False,50,-2.8770714853451634e-12,0.6185064075575528,-1,0.00033142639791083894,5.441858472826336e-27,5.074750830564784e-13,True,True,9.032000002662244e-05,1.0799999927257886e-05,0.00012207999998281593,perturbed_saddle,quartic,50,0.3,1e-05,2102
perturbed_quartic_n50_p0.3_eps1e-05_seed2102,4V-FB,25,1,True,False,49,0.15418504556225177,0.6185064075575528,-1,-0.029189332477800534,5.441858472826336e-27,5.01857506926983e-13,True,False,7.193999999799416e-05,1.8179999869971653e-05,0.00010861999999178806,perturbed_saddle,quartic,50,0.3,1e-05,2102
perturbed_quartic_n50_p0.3_eps1e-05_seed2102,4V-FB,26,2,True,False,49,0.1541850463739955,0.6185064075575528,-1,-0.02918931974267025,5.441858472826336e-27,5.018575069269826e-13,True,False,6.185999995977909e-05,1.005000012810342e-05,8.830999991005228e-05,perturbed_saddle,quartic,50,0.3,1e-05,2102
perturbed_quartic_n50_p0.3_eps1e-05_seed2102,4V-FB,28,4,True,False,49,0.15418504698714766,0.6185064075575528,-1,-0.02918931012316417,5.441858472826336e-27,5.018575069269825e-13,True,False,5.648000001201581e-05,1.0140000085812062e-05,8.250999985648377e-05,perturbed_saddle,quartic,50,0.3,1e-05,2102
perturbed_quartic_n50_p0.3_eps1e-05_seed2102,4V-FB,32,8,True,False,49,0.15418504718122658,0.6185064075575528,-1,-0.029189307078334892,5.441858472826336e-27,5.018575069269825e-13,True,False,5.46699998267286e-05,9.820000059335143e-06,8.008999998310173e-05,perturbed_saddle,quartic,50,0.3,1e-05,2102
perturbed_quartic_n50_p0.3_eps1e-05_seed2102,4V-FB,39,15,False,True,49,0.15418504719435572,0.6185064075575528,-1,-0.029189306872357434,5.441858472826336e-27,5.018575069269825e-13,True,False,5.4840000075273565e-05,1.0219999921901035e-05,8.073000003605557e-05,perturbed_saddle,quartic,50,0.3,1e-05,2102
perturbed_quartic_n50_p0.3_eps1e-05_seed2103,4V-FB,3,1,True,False,50,-1.769538581005251e-12,0.6185064075575528,-1,0.00033142759958071366,5.4418584728271655e-27,5.074750830564784e-13,True,True,9.148000003733614e-05,1.07800001387659e-05,0.00012250999998286716,perturbed_saddle,quartic,50,0.3,1e-05,2103
perturbed_quartic_n50_p0.3_eps1e-05_seed2103,4V-FB,25,1,True,False,49,0.15418504556225276,0.6185064075575528,-1,-0.02918933247778277,5.4418584728271655e-27,5.018575069269831e-13,True,False,7.175000018833089e-05,1.059999999597494e-05,0.00010086999986924639,perturbed_saddle,quartic,50,0.3,1e-05,2103
perturbed_quartic_n50_p0.3_eps1e-05_seed2103,4V-FB,26,2,True,False,49,0.154185046373996,0.6185064075575528,-1,-0.029189319742661368,5.4418584728271655e-27,5.018575069269826e-13,True,False,6.108000002313929e-05,1.005000012810342e-05,8.725000020604057e-05,perturbed_saddle,quartic,50,0.3,1e-05,2103
perturbed_quartic_n50_p0.3_eps1e-05_seed2103,4V-FB,28,4,True,False,49,0.1541850469871478,0.6185064075575528,-1,-0.029189310123161505,5.4418584728271655e-27,5.018575069269825e-13,True,False,5.716999999094696e-05,1.0340000017095008e-05,8.335000006809423e-05,perturbed_saddle,quartic,50,0.3,1e-05,2103
perturbed_quartic_n50_p0.3_eps1e-05_seed2103,4V-FB,32,8,True,False,49,0.1541850471812266,0.6185064075575528,-1,-0.029189307078334892,5.4418584728271655e-27,5.018575069269825e-13,True,False,5.454000006466231e-05,1.0159999874304049e-05,8.019999995667604e-05,perturbed_saddle,quartic,50,0.3,1e-05,2103
perturbed_quartic_n50_p0.3_eps1e-05_seed2103,4V-FB,39,15,False,True,49,0.15418504719435572,0.6185064075575528,-1,-0.029189306872357434,5.4418584728271655e-27,5.018575069269825e-13,True,False,5.493000003298221e-05,1.0069999916595407e-05,8.086000002549554e-05,perturbed_saddle,quartic,50,0.3,1e-05,2103
perturbed_quartic_n50_p0.3_eps1e-05_seed2104,4V-FB,3,1,True,False,50,-1.4796331255615428e-12,0.6185064075575528,-1,0.0003314298010703709,5.441858472830696e-27,5.074750830564785e-13,True,True,9.124999996856786e-05,1.077000001714623e-05,0.0001221500001520326,perturbed_saddle,quartic,50,0.3,1e-05,2104
perturbed_quartic_n50_p0.3_eps1e-05_seed2104,4V-FB,25,1,True,False,49,0.15418504556225462,0.6185064075575528,-1,-0.02918933247775346,5.441858472830696e-27,5.018575069269831e-13,True,False,7.250999988173135e-05,1.0419999853183981e-05,0.00010124999994332029,perturbed_saddle,quartic,50,0.3,1e-05,2104
perturbed_quartic_n50_p0.3_eps1e-05_seed2104,4V-FB,26,2,True,False,49,0.15418504637399694,0.6185064075575528,-1,-0.029189319742647157,5.441858472830696e-27,5.018575069269826e-13,True,False,6.0910000001968e-05,9.820000059335143e-06,8.689999981470464e-05,perturbed_saddle,quartic,50,0.3,1e-05,2104
perturbed_quartic_n50_p0.3_eps1e-05_seed2104,4V-FB,28,4,True,False,49,0.15418504698714802,0.6185064075575528,-1,-0.02918931012315884,5.441858472830696e-27,5.018575069269825e-13,True,False,5.674999988514173e-05,9.930000032909447e-06,8.252000020547712e-05,perturbed_saddle,quartic,50,0.3,1e-05,2104
perturbed_quartic_n50_p0.3_eps1e-05_seed2104,4V-FB,32,8,True,False,49,0.1541850471812266,0.6185064075575528,-1,-0.029189307078334892,5.441858472830696e-27,5.018575069269825e-13,True,False,5.413000008047675e-05,9.98000018626044e-06,7.948999996187922e-05,perturbed_saddle,quartic,50,0.3,1e-05,2104
perturbed_quartic_n50_p0.3_eps1e-05_seed2104,4V-FB,39,15,False,True,49,0.15418504719435572,0.6185064075575528,-1,-0.029189306872357434,5.441858472830696e-27,5.018575069269825e-13,True,False,5.45499999589083e-05,9.750000117492164e-06,7.974000004651316e-05,perturbed_saddle,quartic,50,0.3,1e-05,2104
perturbed_quartic_n50_p0.3_eps1e-05_seed2105,4V-FB,3,1,True,False,50,1.8961480006639564e-12,0.6185064075575528,-1,0.00033142819605203044,5.441858472827869e-27,5.074750830564785e-13,True,True,9.047999992617406e-05,1.0689999953683582e-05,0.00012186999992991332,perturbed_saddle,quartic,50,0.3,1e-05,2105
perturbed_quartic_n50_p0.3_eps1e-05_seed2105,4V-FB,25,1,True,False,49,0.15418504556225326,0.6185064075575528,-1,-0.029189332477774776,5.441858472827869e-27,5.018575069269831e-13,True,False,7.144000005609996e-05,1.0759999895526562e-05,0.00010067000016533711,perturbed_saddle,quartic,50,0.3,1e-05,2105
perturbed_quartic_n50_p0.3_eps1e-05_seed2105,4V-FB,26,2,True,False,49,0.15418504637399624,0.6185064075575528,-1,-0.029189319742657815,5.441858472827869e-27,5.018575069269826e-13,True,False,5.944999998064304e-05,9.930000032909447e-06,8.539000009477604e-05,perturbed_saddle,quartic,50,0.3,1e-05,2105
perturbed_quartic_n50_p0.3_eps1e-05_seed2105,4V-FB,28,4,True,False,49,0.15418504698714786,0.6185064075575528,-1,-0.029189310123160617,5.441858472827869e-27,5.018575069269826e-13,True,False,5.6849999964470044e-05,1.001999999061809e-05,8.250999985648377e-05,perturbed_saddle,quartic,50,0.3,1e-05,2105
perturbed_quartic_n50_p0.3_eps1e-05_seed2105,4V-FB,32,8,True,False,49,0.1541850471812266,0.6185064075575528,-1,-0.029189307078334892,5.441858472827869e-27,5.018575069269825e-13,True,False,5.357000009098556e-05,9.929999805535772e-06,7.89499999882537e-05,perturbed_saddle,quartic,50,0.3,1e-05,2105
perturbed_quartic_n50_p0.3_eps1e-05_seed2105,4V-FB,39,15,False,True,49,0.15418504719435572,0.6185064075575528,-1,-0.029189306872357434,5.441858472827869e-27,5.018575069269825e-13,True,False,5.4589999990639626e-05,9.879999879558454e-06,8.008999998310173e-05,perturbed_saddle,quartic,50,0.3,1e-05,2105
perturbed_quartic_n50_p0.5_eps1e-02_seed2101,4V-FB,5,1,True,False,50,-1.501677925628097e-07,0.5628085996530688,-1,0.00021860135390117108,3.4334654660114077e-18,5.277777777777713e-13,True,True,0.00010929999984909955,1.1029999996026163e-05,0.00014265000004343165,perturbed_saddle,quartic,50,0.5,0.01,2101
perturbed_quartic_n50_p0.5_eps1e-02_seed2101,4V-FB,28,1,True,False,49,0.11553371204741018,0.5628085996530688,-1,-0.01802561022832183,3.4334654660114077e-18,5.243736755405836e-13,True,False,7.357000004049041e-05,1.0520000159885967e-05,0.00010248000012325065,perturbed_saddle,quartic,50,0.5,0.01,2101
perturbed_quartic_n50_p0.5_eps1e-02_seed2101,4V-FB,29,2,True,False,49,0.11553371337623713,0.5628085996530688,-1,-0.018025598882326577,3.4334654660114077e-18,5.243736755405829e-13,True,False,6.116000008660194e-05,9.339999905932928e-06,8.634000005258713e-05,perturbed_saddle,quartic,50,0.5,0.01,2101
perturbed_quartic_n50_p0.5_eps1e-02_seed2101,4V-FB,31,4,True,False,49,0.11553371435137026,0.5628085996530688,-1,-0.018025590556289828,3.4334654660114077e-18,5.243736755405828e-13,True,False,5.5709999969622004e-05,9.229999932358623e-06,8.044000014706398e-05,perturbed_saddle,quartic,50,0.5,0.01,2101
perturbed_quartic_n50_p0.5_eps1e-02_seed2101,4V-FB,35,8,True,False,49,0.11553371464438496,0.5628085996530688,-1,-0.01802558805442711,3.4334654660114077e-18,5.243736755405828e-13,True,False,5.527000007532479e-05,9.480000016992562e-06,8.009999987734773e-05,perturbed_saddle,quartic,50,0.5,0.01,2101
perturbed_quartic_n50_p0.5_eps1e-02_seed2101,4V-FB,41,14,False,True,49,0.11553371466234619,0.5628085996530688,-1,-0.018025587901068008,3.4334654660114077e-18,5.243736755405828e-13,True,False,5.4439999985334e-05,9.209999916492961e-06,7.89499999882537e-05,perturbed_saddle,quartic,50,0.5,0.01,2101
perturbed_quartic_n50_p0.5_eps1e-02_seed2102,4V-FB,5,1,True,False,50,-1.7936031631748945e-09,0.5628085996530688,-1,0.00021459984231064766,3.4334631133019924e-18,5.277777777777777e-13,True,True,0.00010004999990087526,1.083999995898921e-05,0.00013211999998929969,perturbed_saddle,quartic,50,0.5,0.01,2102
perturbed_quartic_n50_p0.5_eps1e-02_seed2102,4V-FB,28,1,True,False,49,0.11553371203925691,0.5628085996530688,-1,-0.018025610297937256,3.4334631133019924e-18,5.243736755405836e-13,True,False,7.200999993983714e-05,1.0320000001229346e-05,0.0001011899998957233,perturbed_saddle,quartic,50,0.5,0.01,2102
perturbed_quartic_n50_p0.5_eps1e-02_seed2102,4V-FB,29,2,True,False,49,0.11553371337222668,0.5628085996530688,-1,-0.01802559891656852,3.4334631133019924e-18,5.243736755405829e-13,True,False,6.15299998116825e-05,9.340000133306603e-06,8.711999998922693e-05,perturbed_saddle,quartic,50,0.5,0.01,2102
perturbed_quartic_n50_p0.5_eps1e-02_seed2102,4V-FB,31,4,True,False,49,0.11553371435039994,0.5628085996530688,-1,-0.01802559056457742,3.4334631133019924e-18,5.243736755405828e-13,True,False,5.7739999874684145e-05,9.509999927104218e-06,8.299999990413198e-05,perturbed_saddle,quartic,50,0.5,0.01,2102
perturbed_quartic_n50_p0.5_eps1e-02_seed2102,4V-FB,35,8,True,False,49,0.11553371464432816,0.5628085996530688,-1,-0.018025588054913833,3.4334631133019924e-18,5.243736755405827e-13,True,False,6.092000012358767e-05,9.35999992179859e-06,8.651999996800441e-05,perturbed_saddle,quartic,50,0.5,0.01,2102
perturbed_quartic_n50_p0.5_eps1e-02_seed2102,4V-FB,41,14,False,True,49,0.11553371466234538,0.5628085996530688,-1,-0.018025587901076,3.4334631133019924e-18,5.243736755405827e-13,True,False,5.6610000001455774e-05,9.200000022246968e-06,8.167000009962067e-05,perturbed_saddle,quartic,50,0.5,0.01,2102
perturbed_quartic_n50_p0.5_eps1e-02_seed2103,4V-FB,5,1,True,False,50,-1.4506500637261277e-08,0.5628085996530688,-1,0.00021550172167206227,3.433463314657524e-18,5.277777777777777e-13,True,True,8.97999998414889e-05,1.0369999927206663e-05,0.00012005999997199979,perturbed_saddle,quartic,50,0.5,0.01,2103
perturbed_quartic_n50_p0.5_eps1e-02_seed2103,4V-FB,28,1,True,False,49,0.11553371204110233,0.5628085996530688,-1,-0.018025610282182747,3.433463314657524e-18,5.243736755405836e-13,True,False,7.301999994524522e-05,1.0039999779110076e-05,0.00010129999986929761,perturbed_saddle,quartic,50,0.5,0.01,2103
perturbed_quartic_n50_p0.5_eps1e-02_seed2103,4V-FB,29,2,True,False,49,0.11553371337313441,0.5628085996530688,-1,-0.018025598908819163,3.433463314657524e-18,5.243736755405828e-13,True,False,6.14600000972132e-05,9.350000027552596e-06,8.682999987286166e-05,perturbed_saddle,quartic,50,0.5,0.01,2103
perturbed_quartic_n50_p0.5_eps1e-02_seed2103,4V-FB,31,4,True,False,49,0.11553371435061957,0.5628085996530688,-1,-0.0180255905627007,3.433463314657524e-18,5.243736755405828e-13,True,False,5.631999988509051e-05,9.239999826604617e-06,8.094000008895819e-05,perturbed_saddle,quartic,50,0.5,0.01,2103
perturbed_quartic_n50_p0.5_eps1e-02_seed2103,4V-FB,35,8,True,False,49,0.115533714644341,0.5628085996530688,-1,-0.018025588054801922,3.433463314657524e-18,5.243736755405828e-13,True,False,5.589000011241296e-05,9.180000006381306e-06,8.052000021052663e-05,perturbed_saddle,quartic,50,0.5,0.01,2103
perturbed_quartic_n50_p0.5_eps1e-02_seed2103,4V-FB,41,14,False,True,49,0.11553371466234558,0.5628085996530688,-1,-0.01802558790107245,3.433463314657524e-18,5.243736755405828e-13,True,False,5.3620000016962877e-05,9.269999964089948e-06,7.793000008859963e-05,perturbed_saddle,quartic,50,0.5,0.01,2103
perturbed_quartic_n50_p0.5_eps1e-02_seed2104,4V-FB,5,1,True,False,50,-6.951102413600074e-08,0.5628085996530688,-1,0.000217160202448774,3.4334641896929897e-18,5.277777777777764e-13,True,True,0.00010167000004912552,1.059999999597494e-05,0.00013414999989436183,perturbed_saddle,quartic,50,0.5,0.01,2104
perturbed_quartic_n50_p0.5_eps1e-02_seed2104,4V-FB,28,1,True,False,49,0.11553371204448401,0.5628085996530688,-1,-0.018025610253308066,3.4334641896929897e-18,5.243736755405836e-13,True,False,7.239999990815704e-05,9.959999943021103e-06,0.00010021000002780056,perturbed_saddle,quartic,50,0.5,0.01,2104
perturbed_quartic_n50_p0.5_eps1e-02_seed2104,4V-FB,29,2,True,False,49,0.1155337133747978,0.5628085996530688,-1,-0.018025598894615413,3.4334641896929897e-18,5.243736755405829e-13,True,False,6.010000015521655e-05,9.379999937664252e-06,8.524999998371641e-05,perturbed_saddle,quartic,50,0.5,0.01,2104
perturbed_quartic_n50_p0.5_eps1e-02_seed2104,4V-FB,31,4,True,False,49,0.11553371435102201,0.5628085996530688,-1,-0.018025590559264337,3.4334641896929897e-18,5.243736755405828e-13,True,False,5.7079999805864645e-05,9.180000006381306e-06,8.152999998856103e-05,perturbed_saddle,quartic,50,0.5,0.01,2104
perturbed_quartic_n50_p0.5_eps1e-02_seed2104,4V-FB,35,8,True,False,49,0.11553371464436457,0.5628085996530688,-1,-0.018025588054602082,3.4334641896929897e-18,5.243736755405827e-13,True,False,5.374000011215685e-05,9.120000186157995e-06,7.811000000401691e-05,perturbed_saddle,quartic,50,0.5,0.01,2104
perturbed_quartic_n50_p0.5_eps1e-02_seed2104,4V-FB,41,14,False,True,49,0.1155337146623459,0.5628085996530688,-1,-0.018025587901070672,3.4334641896929897e-18,5.243736755405828e-13,True,False,5.4589999990639626e-05,9.260000069843954e-06,7.879000008870207e-05,perturbed_saddle,quartic,50,0.5,0.01,2104
perturbed_quartic_n50_p0.5_eps1e-02_seed2105,4V-FB,5,1,True,False,50,-2.5360659008652202e-08,0.5628085996530688,-1,0.00021595083789804903,3.4334634888592887e-18,5.277777777777776e-13,True,True,9.040000009008509e-05,9.859999863692792e-06,0.00012083000001439359,perturbed_saddle,quartic,50,0.5,0.01,2105
perturbed_quartic_n50_p0.5_eps1e-02_seed2105,4V-FB,28,1,True,False,49,0.11553371204201959,0.5628085996530688,-1,-0.018025610274349013,3.4334634888592887e-18,5.243736755405836e-13,True,False,7.115999983398069e-05,1.0080000038215076e-05,9.915999999066116e-05,perturbed_saddle,quartic,50,0.5,0.01,2105
perturbed_quartic_n50_p0.5_eps1e-02_seed2105,4V-FB,29,2,True,False,49,0.1155337133735856,0.5628085996530688,-1,-0.018025598904965356,3.4334634888592887e-18,5.24373675540583e-13,True,False,6.030999998074549e-05,9.260000069843954e-06,8.484999989377684e-05,perturbed_saddle,quartic,50,0.5,0.01,2105
perturbed_quartic_n50_p0.5_eps1e-02_seed2105,4V-FB,31,4,True,False,49,0.11553371435072873,0.5628085996530688,-1,-0.01802559056176989,3.4334634888592887e-18,5.243736755405827e-13,True,False,5.510999994839949e-05,1.6340000001946464e-05,8.65800000156014e-05,perturbed_saddle,quartic,50,0.5,0.01,2105
perturbed_quartic_n50_p0.5_eps1e-02_seed2105,4V-FB,35,8,True,False,49,0.1155337146443474,0.5628085996530688,-1,-0.01802558805474863,3.4334634888592887e-18,5.243736755405827e-13,True,False,5.480000004354224e-05,9.070000032807002e-06,7.893999986663403e-05,perturbed_saddle,quartic,50,0.5,0.01,2105
perturbed_quartic_n50_p0.5_eps1e-02_seed2105,4V-FB,41,14,False,True,49,0.11553371466234566,0.5628085996530688,-1,-0.018025587901073337,3.4334634888592887e-18,5.243736755405828e-13,True,False,5.5080000038287835e-05,9.000000090964022e-06,7.912000000942498e-05,perturbed_saddle,quartic,50,0.5,0.01,2105
perturbed_quartic_n50_p0.5_eps1e-03_seed2101,4V-FB,4,1,True,False,50,-1.5127952778535261e-09,0.5628085996530688,-1,0.00021455983562379544,3.433508184836712e-18,5.277777777777777e-13,True,True,0.00010041900009127858,1.042999997480365e-05,0.0001320490000580321,perturbed_saddle,quartic,50,0.5,0.001,2101
perturbed_quartic_n50_p0.5_eps1e-03_seed2101,4V-FB,27,1,True,False,49,0.11553371203917494,0.5628085996530688,-1,-0.01802561029863803,3.433508184836712e-18,5.243736755405836e-13,True,False,7.310000000870787e-05,1.0389999943072326e-05,0.00010279999992235389,perturbed_saddle,quartic,50,0.5,0.001,2101
perturbed_quartic_n50_p0.5_eps1e-03_seed2101,4V-FB,28,2,True,False,49,0.11553371337218636,0.5628085996530688,-1,-0.01802559891691402,3.433508184836712e-18,5.243736755405828e-13,True,False,6.166000002849614e-05,9.549999958835542e-06,8.78599998941354e-05,perturbed_saddle,quartic,50,0.5,0.001,2101
perturbed_quartic_n50_p0.5_eps1e-03_seed2101,4V-FB,30,4,True,False,49,0.11553371435039018,0.5628085996530688,-1,-0.01802559056466091,3.433508184836712e-18,5.243736755405828e-13,True,False,5.6869999980335706e-05,9.469999895372894e-06,8.888000002116314e-05,perturbed_saddle,quartic,50,0.5,0.001,2101
perturbed_quartic_n50_p0.5_eps1e-03_seed2101,4V-FB,34,8,True,False,49,0.11553371464432759,0.5628085996530688,-1,-0.018025588054916497,3.433508184836712e-18,5.243736755405828e-13,True,False,6.249000011848693e-05,1.0629999906086596e-05,9.015999989969714e-05,perturbed_saddle,quartic,50,0.5,0.001,2101
perturbed_quartic_n50_p0.5_eps1e-03_seed2101,4V-FB,40,14,False,True,49,0.11553371466234538,0.5628085996530688,-1,-0.018025587901076,3.433508184836712e-18,5.243736755405827e-13,True,False,5.71499999750813e-05,9.360000149172265e-06,8.266000008916308e-05,perturbed_saddle,quartic,50,0.5,0.001,2101
perturbed_quartic_n50_p0.5_eps1e-03_seed2102,4V-FB,4,1,True,False,50,-3.703561636301572e-11,0.5628085996530688,-1,0.00021416242904148675,3.433508161307278e-18,5.277777777777777e-13,True,True,9.202000001096167e-05,1.0629999906086596e-05,0.00012345999994067824,perturbed_saddle,quartic,50,0.5,0.001,2102
perturbed_quartic_n50_p0.5_eps1e-03_seed2102,4V-FB,27,1,True,False,49,0.11553371203836023,0.5628085996530688,-1,-0.018025610305596018,3.433508161307278e-18,5.243736755405834e-13,True,False,7.86199998401571e-05,1.0779999911392224e-05,0.00010797000004458823,perturbed_saddle,quartic,50,0.5,0.001,2102
perturbed_quartic_n50_p0.5_eps1e-03_seed2102,4V-FB,28,2,True,False,49,0.11553371337178563,0.5628085996530688,-1,-0.018025598920334396,3.433508161307278e-18,5.24373675540583e-13,True,False,6.12499998169369e-05,9.350000027552596e-06,8.653000008962408e-05,perturbed_saddle,quartic,50,0.5,0.001,2102
perturbed_quartic_n50_p0.5_eps1e-03_seed2102,4V-FB,30,4,True,False,49,0.11553371435029322,0.5628085996530688,-1,-0.018025590565486915,3.433508161307278e-18,5.243736755405828e-13,True,False,5.602000010185293e-05,9.309999995821272e-06,8.058000003074994e-05,perturbed_saddle,quartic,50,0.5,0.001,2102
perturbed_quartic_n50_p0.5_eps1e-03_seed2102,4V-FB,34,8,True,False,49,0.11553371464432191,0.5628085996530688,-1,-0.018025588054965347,3.433508161307278e-18,5.243736755405828e-13,True,False,5.392000002757413e-05,1.5730000086477958e-05,8.490000004712783e-05,perturbed_saddle,quartic,50,0.5,0.001,2102
perturbed_quartic_n50_p0.5_eps1e-03_seed2102,4V-FB,40,14,False,True,49,0.1155337146623453,0.5628085996530688,-1,-0.018025587901076,3.433508161307278e-18,5.243736755405828e-13,True,False,5.450999992717698e-05,9.319999890067265e-06,7.914999991953664e-05,perturbed_saddle,quartic,50,0.5,0.001,2102
perturbed_quartic_n50_p0.5_eps1e-03_seed2103,4V-FB,4,1,True,False,50,-1.5672598125387888e-10,0.5628085996530688,-1,0.00021425238118411016,3.4335081633236304e-18,5.277777777777778e-13,True,True,8.989000002657122e-05,1.0209999800281366e-05,0.00012057000003551366,perturbed_saddle,quartic,50,0.5,0.001,2103
perturbed_quartic_n50_p0.5_eps1e-03_seed2103,4V-FB,27,1,True,False,49,0.11553371203854472,0.5628085996530688,-1,-0.0180256103040195,3.4335081633236304e-18,5.243736755405836e-13,True,False,7.232999996631406e-05,9.899999895424116e-06,0.00010012000007009192,perturbed_saddle,quartic,50,0.5,0.001,2103
perturbed_quartic_n50_p0.5_eps1e-03_seed2103,4V-FB,28,2,True,False,49,0.11553371337187637,0.5628085996530688,-1,-0.018025598919560792,3.4335081633236304e-18,5.243736755405828e-13,True,False,6.0439999970185454e-05,9.11999995878432e-06,8.53100000313134e-05,perturbed_saddle,quartic,50,0.5,0.001,2103
perturbed_quartic_n50_p0.5_eps1e-03_seed2103,4V-FB,30,4,True,False,49,0.11553371435031519,0.5628085996530688,-1,-0.018025590565300398,3.4335081633236304e-18,5.243736755405828e-13,True,False,5.516999999599648e-05,9.389999831910245e-06,7.956000013109588e-05,perturbed_saddle,quartic,50,0.5,0.001,2103
perturbed_quartic_n50_p0.5_eps1e-03_seed2103,4V-FB,34,8,True,False,49,0.1155337146443232,0.5628085996530688,-1,-0.01802558805495469,3.4335081633236304e-18,5.243736755405828e-13,True,False,6.25699999545759e-05,9.380000165037927e-06,8.752999997341249e-05,perturbed_saddle,quartic,50,0.5,0.001,2103
perturbed_quartic_n50_p0.5_eps1e-03_seed2103,4V-FB,40,14,False,True,49,0.11553371466234531,0.5628085996530688,-1,-0.018025587901075113,3.4335081633236304e-18,5.243736755405828e-13,True,False,5.4009999985282775e-05,9.120000186157995e-06,7.814000014150224e-05,perturbed_saddle,quartic,50,0.5,0.001,2103
perturbed_quartic_n50_p0.5_eps1e-03_seed2104,4V-FB,4,1,True,False,50,-7.044903928065779e-10,0.5628085996530688,-1,0.00021441721300785588,3.4335081720491804e-18,5.277777777777777e-13,True,True,9.093000016946462e-05,1.0380000048826332e-05,0.00012162999996689905,perturbed_saddle,quartic,50,0.5,0.001,2104
perturbed_quartic_n50_p0.5_eps1e-03_seed2104,4V-FB,27,1,True,False,49,0.11553371203888266,0.5628085996530688,-1,-0.01802561030113292,3.4335081720491804e-18,5.243736755405836e-13,True,False,7.062000008772884e-05,9.639999916544184e-06,9.776000001693319e-05,perturbed_saddle,quartic,50,0.5,0.001,2104
perturbed_quartic_n50_p0.5_eps1e-03_seed2104,4V-FB,28,2,True,False,49,0.1155337133720426,0.5628085996530688,-1,-0.018025598918141483,3.4335081720491804e-18,5.243736755405829e-13,True,False,6.088999998610234e-05,9.130000080403988e-06,8.582000009482726e-05,perturbed_saddle,quartic,50,0.5,0.001,2104
perturbed_quartic_n50_p0.5_eps1e-03_seed2104,4V-FB,30,4,True,False,49,0.11553371435035541,0.5628085996530688,-1,-0.018025590564955785,3.4335081720491804e-18,5.243736755405828e-13,True,False,5.6459999996150145e-05,9.229999932358623e-06,8.124999999381544e-05,perturbed_saddle,quartic,50,0.5,0.001,2104
perturbed_quartic_n50_p0.5_eps1e-03_seed2104,4V-FB,34,8,True,False,49,0.11553371464432555,0.5628085996530688,-1,-0.01802558805493426,3.4335081720491804e-18,5.243736755405828e-13,True,False,5.465000003823661e-05,9.15000009626965e-06,7.909999999355932e-05,perturbed_saddle,quartic,50,0.5,0.001,2104
perturbed_quartic_n50_p0.5_eps1e-03_seed2104,4V-FB,40,14,False,True,49,0.11553371466234535,0.5628085996530688,-1,-0.018025587901075113,3.4335081720491804e-18,5.243736755405828e-13,True,False,5.465000003823661e-05,9.22000003811263e-06,7.912999990367098e-05,perturbed_saddle,quartic,50,0.5,0.001,2104
perturbed_quartic_n50_p0.5_eps1e-03_seed2105,4V-FB,4,1,True,False,50,-2.408509533999277e-10,0.5628085996530688,-1,0.00021429708922227064,3.4335081650489693e-18,5.277777777777779e-13,True,True,9.075999992091965e-05,1.0750000001280569e-05,0.00012195999988762196,perturbed_saddle,quartic,50,0.5,0.001,2105
perturbed_quartic_n50_p0.5_eps1e-03_seed2105,4V-FB,27,1,True,False,49,0.11553371203863641,0.5628085996530688,-1,-0.018025610303237016,3.4335081650489693e-18,5.243736755405836e-13,True,False,7.129000005079433e-05,1.0060000022349413e-05,9.898000007524388e-05,perturbed_saddle,quartic,50,0.5,0.001,2105
perturbed_quartic_n50_p0.5_eps1e-03_seed2105,4V-FB,28,2,True,False,49,0.11553371337192146,0.5628085996530688,-1,-0.018025598919175323,3.4335081650489693e-18,5.243736755405829e-13,True,False,6.0269999949014164e-05,9.39000005928392e-06,8.559999992030498e-05,perturbed_saddle,quartic,50,0.5,0.001,2105
perturbed_quartic_n50_p0.5_eps1e-03_seed2105,4V-FB,30,4,True,False,49,0.1155337143503261,0.5628085996530688,-1,-0.01802559056520625,3.4335081650489693e-18,5.243736755405828e-13,True,False,5.5230000043593463e-05,9.209999916492961e-06,7.982000010997581e-05,perturbed_saddle,quartic,50,0.5,0.001,2105
perturbed_quartic_n50_p0.5_eps1e-03_seed2105,4V-FB,34,8,True,False,49,0.11553371464432383,0.5628085996530688,-1,-0.01802558805494847,3.4335081650489693e-18,5.243736755405828e-13,True,False,5.5320000001302105e-05,9.340000133306603e-06,8.015000003069872e-05,perturbed_saddle,quartic,50,0.5,0.001,2105
perturbed_quartic_n50_p0.5_eps1e-03_seed2105,4V-FB,40,14,False,True,49,0.11553371466234533,0.5628085996530688,-1,-0.018025587901075113,3.4335081650489693e-18,5.243736755405828e-13,True,False,5.370999997467152e-05,9.22000003811263e-06,7.797000012033095e-05,perturbed_saddle,quartic,50,0.5,0.001,2105
perturbed_quartic_n50_p0.5_eps1e-04_seed2101,4V-FB,3,1,True,False,50,-3.505140051257819e-11,0.5628085996530688,-1,0.00021415843392080802,3.4335086120110047e-18,5.277777777777778e-13,True,True,9.088000001611363e-05,1.1480000011943048e-05,0.0001229300000886724,perturbed_saddle,quartic,50,0.5,0.0001,2101
perturbed_quartic_n50_p0.5_eps1e-04_seed2101,4V-FB,26,1,True,False,49,0.11553371203835204,0.5628085996530688,-1,-0.018025610305664408,3.4335086120110047e-18,5.243736755405836e-13,True,False,7.884999990892538e-05,1.025999995363236e-05,0.00010739999993347737,perturbed_saddle,quartic,50,0.5,0.0001,2101
perturbed_quartic_n50_p0.5_eps1e-04_seed2101,4V-FB,27,2,True,False,49,0.11553371337178159,0.5628085996530688,-1,-0.018025598920368147,3.4335086120110047e-18,5.24373675540583e-13,True,False,6.278999990172451e-05,9.350000027552596e-06,8.825999998407497e-05,perturbed_saddle,quartic,50,0.5,0.0001,2101
perturbed_quartic_n50_p0.5_eps1e-04_seed2101,4V-FB,29,4,True,False,49,0.11553371435029225,0.5628085996530688,-1,-0.018025590565495797,3.4335086120110047e-18,5.243736755405828e-13,True,False,5.643999998028448e-05,9.309999995821272e-06,8.139000010487507e-05,perturbed_saddle,quartic,50,0.5,0.0001,2101
perturbed_quartic_n50_p0.5_eps1e-04_seed2101,4V-FB,33,8,True,False,49,0.11553371464432186,0.5628085996530688,-1,-0.018025588054965347,3.4335086120110047e-18,5.243736755405828e-13,True,False,5.491999991136254e-05,1.6649999906803714e-05,8.692000005794398e-05,perturbed_saddle,quartic,50,0.5,0.0001,2101
perturbed_quartic_n50_p0.5_eps1e-04_seed2101,4V-FB,39,14,False,True,49,0.1155337146623453,0.5628085996530688,-1,-0.018025587901076,3.4335086120110047e-18,5.243736755405828e-13,True,False,5.534000001716777e-05,9.39000005928392e-06,8.007999986148207e-05,perturbed_saddle,quartic,50,0.5,0.0001,2101
perturbed_quartic_n50_p0.5_eps1e-04_seed2102,4V-FB,3,1,True,False,50,-3.4537732350809146e-11,0.5628085996530688,-1,0.00021411872301424495,3.4335086117757057e-18,5.277777777777778e-13,True,True,9.058000000550237e-05,1.0349999911341001e-05,0.00012119000007260183,perturbed_saddle,quartic,50,0.5,0.0001,2102
perturbed_quartic_n50_p0.5_eps1e-04_seed2102,4V-FB,26,1,True,False,49,0.11553371203827056,0.5628085996530688,-1,-0.01802561030636074,3.4335086117757057e-18,5.243736755405834e-13,True,False,7.255000014083635e-05,9.93999992715544e-06,0.00010043999986919516,perturbed_saddle,quartic,50,0.5,0.0001,2102
perturbed_quartic_n50_p0.5_eps1e-04_seed2102,4V-FB,27,2,True,False,49,0.11553371337174152,0.5628085996530688,-1,-0.018025598920710983,3.4335086117757057e-18,5.243736755405829e-13,True,False,6.82100001085928e-05,9.4600000011269e-06,9.361999991597258e-05,perturbed_saddle,quartic,50,0.5,0.0001,2102
perturbed_quartic_n50_p0.5_eps1e-04_seed2102,4V-FB,29,4,True,False,49,0.11553371435028256,0.5628085996530688,-1,-0.018025590565579286,3.4335086117757057e-18,5.243736755405828e-13,True,False,5.652000004374713e-05,9.240000053978292e-06,8.109000009426381e-05,perturbed_saddle,quartic,50,0.5,0.0001,2102
perturbed_quartic_n50_p0.5_eps1e-04_seed2102,4V-FB,33,8,True,False,49,0.11553371464432129,0.5628085996530688,-1,-0.018025588054970676,3.4335086117757057e-18,5.243736755405828e-13,True,False,5.495000004884787e-05,9.15000009626965e-06,7.890000006227638e-05,perturbed_saddle,quartic,50,0.5,0.0001,2102
perturbed_quartic_n50_p0.5_eps1e-04_seed2102,4V-FB,39,14,False,True,49,0.11553371466234529,0.5628085996530688,-1,-0.018025587901076,3.4335086117757057e-18,5.243736755405828e-13,True,False,5.4709999858459923e-05,9.389999831910245e-06,7.92799999089766e-05,perturbed_saddle,quartic,50,0.5,0.0001,2102
perturbed_quartic_n50_p0.5_eps1e-04_seed2103,4V-FB,3,1,True,False,50,-2.2429333358178863e-11,0.5628085996530688,-1,0.00021412771361806193,3.4335086117958737e-18,5.277777777777777e-13,True,True,9.105999993153091e-05,1.0400000064691994e-05,0.00012162999996689905,perturbed_saddle,quartic,50,0.5,0.0001,2103
perturbed_quartic_n50_p0.5_eps1e-04_seed2103,4V-FB,26,1,True,False,49,0.11553371203828902,0.5628085996530688,-1,-0.018025610306202644,3.4335086117958737e-18,5.243736755405836e-13,True,False,7.204999997156847e-05,1.0279999969498022e-05,0.00010059999999612046,perturbed_saddle,quartic,50,0.5,0.0001,2103
perturbed_quartic_n50_p0.5_eps1e-04_seed2103,4V-FB,27,2,True,False,49,0.1155337133717506,0.5628085996530688,-1,-0.018025598920632824,3.4335086117958737e-18,5.24373675540583e-13,True,False,6.037999992258847e-05,9.32000011744094e-06,8.531999992555939e-05,perturbed_saddle,quartic,50,0.5,0.0001,2103
perturbed_quartic_n50_p0.5_eps1e-04_seed2103,4V-FB,29,4,True,False,49,0.11553371435028476,0.5628085996530688,-1,-0.018025590565560634,3.4335086117958737e-18,5.243736755405828e-13,True,False,5.701000009139534e-05,9.280000085709617e-06,8.145999981934438e-05,perturbed_saddle,quartic,50,0.5,0.0001,2103
perturbed_quartic_n50_p0.5_eps1e-04_seed2103,4V-FB,33,8,True,False,49,0.11553371464432141,0.5628085996530688,-1,-0.018025588054969788,3.4335086117958737e-18,5.243736755405828e-13,True,False,5.4739999995945254e-05,9.269999964089948e-06,7.918000005702197e-05,perturbed_saddle,quartic,50,0.5,0.0001,2103
perturbed_quartic_n50_p0.5_eps1e-04_seed2103,4V-FB,39,14,False,True,49,0.11553371466234529,0.5628085996530688,-1,-0.018025587901076,3.4335086117958737e-18,5.243736755405828e-13,True,False,5.534999991141376e-05,9.239999826604617e-06,7.992999985617644e-05,perturbed_saddle,quartic,50,0.5,0.0001,2103
perturbed_quartic_n50_p0.5_eps1e-04_seed2104,4V-FB,3,1,True,False,50,-2.3835693768585397e-11,0.5628085996530688,-1,0.0002141441859802029,3.4335086118831068e-18,5.277777777777777e-13,True,True,9.148999993158213e-05,1.053000005413196e-05,0.00012240000000929285,perturbed_saddle,quartic,50,0.5,0.0001,2104
perturbed_quartic_n50_p0.5_eps1e-04_seed2104,4V-FB,26,1,True,False,49,0.11553371203832281,0.5628085996530688,-1,-0.018025610305913986,3.4335086118831068e-18,5.243736755405836e-13,True,False,7.234999998217972e-05,9.789999921849812e-06,0.00010009000015998026,perturbed_saddle,quartic,50,0.5,0.0001,2104
perturbed_quartic_n50_p0.5_eps1e-04_seed2104,4V-FB,27,2,True,False,49,0.11553371337176721,0.5628085996530688,-1,-0.018025598920491603,3.4335086118831068e-18,5.24373675540583e-13,True,False,6.305000010797812e-05,9.379999937664252e-06,8.836000006340328e-05,perturbed_saddle,quartic,50,0.5,0.0001,2104
perturbed_quartic_n50_p0.5_eps1e-04_seed2104,4V-FB,29,4,True,False,49,0.11553371435028878,0.5628085996530688,-1,-0.01802559056552422,3.4335086118831068e-18,5.243736755405828e-13,True,False,5.714000008083531e-05,9.28999997995561e-06,8.196999988285825e-05,perturbed_saddle,quartic,50,0.5,0.0001,2104
perturbed_quartic_n50_p0.5_eps1e-04_seed2104,4V-FB,33,8,True,False,49,0.11553371464432165,0.5628085996530688,-1,-0.018025588054967123,3.4335086118831068e-18,5.243736755405828e-13,True,False,5.4809999937788234e-05,9.229999932358623e-06,7.912999990367098e-05,perturbed_saddle,quartic,50,0.5,0.0001,2104
perturbed_quartic_n50_p0.5_eps1e-04_seed2104,4V-FB,39,14,False,True,49,0.1155337146623453,0.5628085996530688,-1,-0.018025587901076,3.4335086118831068e-18,5.243736755405828e-13,True,False,5.539000017051876e-05,9.28899999053101e-06,8.004899996194581e-05,perturbed_saddle,quartic,50,0.5,0.0001,2104
perturbed_quartic_n50_p0.5_eps1e-04_seed2105,4V-FB,3,1,True,False,50,2.0412125617747922e-11,0.5628085996530688,-1,0.0002141321749906666,3.433508611813107e-18,5.277777777777777e-13,True,True,0.00010053999994852347,1.0910000128205866e-05,0.00013278999995236518,perturbed_saddle,quartic,50,0.5,0.0001,2105
perturbed_quartic_n50_p0.5_eps1e-04_seed2105,4V-FB,26,1,True,False,49,0.11553371203829818,0.5628085996530688,-1,-0.018025610306125373,3.433508611813107e-18,5.243736755405836e-13,True,False,7.196000001385983e-05,1.029000009111769e-05,0.00010072999998556043,perturbed_saddle,quartic,50,0.5,0.0001,2105
perturbed_quartic_n50_p0.5_eps1e-04_seed2105,4V-FB,27,2,True,False,49,0.11553371337175511,0.5628085996530688,-1,-0.018025598920594632,3.433508611813107e-18,5.243736755405829e-13,True,False,6.10299998697883e-05,9.530000170343556e-06,8.656999989398173e-05,perturbed_saddle,quartic,50,0.5,0.0001,2105
perturbed_quartic_n50_p0.5_eps1e-04_seed2105,4V-FB,29,4,True,False,49,0.11553371435028584,0.5628085996530688,-1,-0.018025590565550864,3.433508611813107e-18,5.243736755405828e-13,True,False,5.635000002257584e-05,9.240000053978292e-06,8.092999996733852e-05,perturbed_saddle,quartic,50,0.5,0.0001,2105
perturbed_quartic_n50_p0.5_eps1e-04_seed2105,4V-FB,33,8,True,False,49,0.11553371464432148,0.5628085996530688,-1,-0.0180255880549689,3.433508611813107e-18,5.243736755405828e-13,True,False,5.5490000022473396e-05,9.170000112135313e-06,8.026000000427302e-05,perturbed_saddle,quartic,50,0.5,0.0001,2105
perturbed_quartic_n50_p0.5_eps1e-04_seed2105,4V-FB,39,14,False,True,49,0.11553371466234529,0.5628085996530688,-1,-0.018025587901076,3.433508611813107e-18,5.243736755405828e-13,True,False,5.526999984795111e-05,9.1899999006273e-06,7.967000010467018e-05,perturbed_saddle,quartic,50,0.5,0.0001,2105
perturbed_quartic_n50_p0.5_eps1e-05_seed2101,4V-FB,3,1,True,False,50,-2.153730165684981e-12,0.5628085996530688,-1,0.00021411831773487933,3.4335086162827323e-18,5.277777777777777e-13,True,True,9.002000001601118e-05,1.0279999969498022e-05,0.00012050000009367068,perturbed_saddle,quartic,50,0.5,1e-05,2101
perturbed_quartic_n50_p0.5_eps1e-05_seed2101,4V-FB,26,1,True,False,49,0.11553371203826976,0.5628085996530688,-1,-0.018025610306367845,3.4335086162827323e-18,5.243736755405836e-13,True,False,7.201999983408314e-05,9.780000027603819e-06,9.943000009116076e-05,perturbed_saddle,quartic,50,0.5,1e-05,2101
perturbed_quartic_n50_p0.5_eps1e-05_seed2101,4V-FB,27,2,True,False,49,0.11553371337174112,0.5628085996530688,-1,-0.018025598920715424,3.4335086162827323e-18,5.243736755405828e-13,True,False,6.037999992258847e-05,9.340000133306603e-06,8.550000006835035e-05,perturbed_saddle,quartic,50,0.5,1e-05,2101
perturbed_quartic_n50_p0.5_eps1e-05_seed2101,4V-FB,29,4,True,False,49,0.11553371435028247,0.5628085996530688,-1,-0.018025590565578398,3.4335086162827323e-18,5.243736755405828e-13,True,False,5.592999991677061e-05,9.169999884761637e-06,8.040000011533266e-05,perturbed_saddle,quartic,50,0.5,1e-05,2101
perturbed_quartic_n50_p0.5_eps1e-05_seed2101,4V-FB,33,8,True,False,49,0.11553371464432127,0.5628085996530688,-1,-0.018025588054970676,3.4335086162827323e-18,5.243736755405828e-13,True,False,5.5320000001302105e-05,9.379999937664252e-06,8.026000000427302e-05,perturbed_saddle,quartic,50,0.5,1e-05,2101
perturbed_quartic_n50_p0.5_eps1e-05_seed2101,4V-FB,39,14,False,True,49,0.11553371466234529,0.5628085996530688,-1,-0.018025587901076,3.4335086162827323e-18,5.243736755405828e-13,True,False,5.364999992707453e-05,9.410000075149583e-06,8.445000003121095e-05,perturbed_saddle,quartic,50,0.5,1e-05,2101
perturbed_quartic_n50_p0.5_eps1e-05_seed2102,4V-FB,3,1,True,False,50,-3.4377331334547252e-12,0.5628085996530688,-1,0.0002141143469174267,3.433508616280381e-18,5.277777777777778e-13,True,True,8.910999986255774e-05,1.0210000027655042e-05,0.00011941000002479996,perturbed_saddle,quartic,50,0.5,1e-05,2102
perturbed_quartic_n50_p0.5_eps1e-05_seed2102,4V-FB,26,1,True,False,49,0.1155337120382616,0.5628085996530688,-1,-0.018025610306435347,3.433508616280381e-18,5.243736755405836e-13,True,False,7.093999988683208e-05,9.859999863692792e-06,9.88000001598266e-05,perturbed_saddle,quartic,50,0.5,1e-05,2102
perturbed_quartic_n50_p0.5_eps1e-05_seed2102,4V-FB,27,2,True,False,49,0.11553371337173711,0.5628085996530688,-1,-0.018025598920748287,3.433508616280381e-18,5.24373675540583e-13,True,False,6.1030000097161974e-05,9.439999985261238e-06,8.661000015308673e-05,perturbed_saddle,quartic,50,0.5,1e-05,2102
perturbed_quartic_n50_p0.5_eps1e-05_seed2102,4V-FB,29,4,True,False,49,0.1155337143502815,0.5628085996530688,-1,-0.018025590565588168,3.433508616280381e-18,5.243736755405828e-13,True,False,5.6230000154755544e-05,9.350000027552596e-06,8.107999997264415e-05,perturbed_saddle,quartic,50,0.5,1e-05,2102
perturbed_quartic_n50_p0.5_eps1e-05_seed2102,4V-FB,33,8,True,False,49,0.11553371464432122,0.5628085996530688,-1,-0.018025588054970676,3.433508616280381e-18,5.243736755405828e-13,True,False,5.4670000054102275e-05,9.200000022246968e-06,7.913000013104465e-05,perturbed_saddle,quartic,50,0.5,1e-05,2102
perturbed_quartic_n50_p0.5_eps1e-05_seed2102,4V-FB,39,14,False,True,49,0.11553371466234529,0.5628085996530688,-1,-0.018025587901076,3.433508616280381e-18,5.243736755405828e-13,True,False,5.503000011231052e-05,9.399999953529914e-06,7.986000014170713e-05,perturbed_saddle,quartic,50,0.5,1e-05,2102
perturbed_quartic_n50_p0.5_eps1e-05_seed2103,4V-FB,3,1,True,False,50,-2.1124513935199313e-12,0.5628085996530688,-1,0.00021411524595471576,3.4335086162805764e-18,5.277777777777777e-13,True,True,8.97999998414889e-05,1.019000001178938e-05,0.00011994000010417949,perturbed_saddle,quartic,50,0.5,1e-05,2103
perturbed_quartic_n50_p0.5_eps1e-05_seed2103,4V-FB,26,1,True,False,49,0.11553371203826344,0.5628085996530688,-1,-0.01802561030641936,3.4335086162805764e-18,5.243736755405836e-13,True,False,7.097000002431741e-05,9.890000001178123e-06,9.868999995887862e-05,perturbed_saddle,quartic,50,0.5,1e-05,2103
perturbed_quartic_n50_p0.5_eps1e-05_seed2103,4V-FB,27,2,True,False,49,0.11553371337173801,0.5628085996530688,-1,-0.01802559892074118,3.4335086162805764e-18,5.24373675540583e-13,True,False,6.060000009711075e-05,9.4600000011269e-06,8.569999999963329e-05,perturbed_saddle,quartic,50,0.5,1e-05,2103
perturbed_quartic_n50_p0.5_eps1e-05_seed2103,4V-FB,29,4,True,False,49,0.11553371435028172,0.5628085996530688,-1,-0.018025590565585503,3.4335086162805764e-18,5.243736755405828e-13,True,False,6.357999995998398e-05,9.389999831910245e-06,8.870999999999185e-05,perturbed_saddle,quartic,50,0.5,1e-05,2103
perturbed_quartic_n50_p0.5_eps1e-05_seed2103,4V-FB,33,8,True,False,49,0.11553371464432123,0.5628085996530688,-1,-0.018025588054970676,3.4335086162805764e-18,5.243736755405828e-13,True,False,5.403000000114844e-05,9.180000006381306e-06,7.825999978194886e-05,perturbed_saddle,quartic,50,0.5,1e-05,2103
perturbed_quartic_n50_p0.5_eps1e-05_seed2103,4V-FB,39,14,False,True,49,0.11553371466234529,0.5628085996530688,-1,-0.018025587901076,3.4335086162805764e-18,5.243736755405828e-13,True,False,5.385000008573115e-05,9.040000122695346e-06,7.774000005156267e-05,perturbed_saddle,quartic,50,0.5,1e-05,2103
perturbed_quartic_n50_p0.5_eps1e-05_seed2104,4V-FB,3,1,True,False,50,-1.7580367755437107e-12,0.5628085996530688,-1,0.0002141168930895887,3.4335086162814516e-18,5.277777777777777e-13,True,True,9.933999990607845e-05,1.0630000133460271e-05,0.00013076999994154903,perturbed_saddle,quartic,50,0.5,1e-05,2104
perturbed_quartic_n50_p0.5_eps1e-05_seed2104,4V-FB,26,1,True,False,49,0.11553371203826683,0.5628085996530688,-1,-0.018025610306392714,3.4335086162814516e-18,5.243736755405836e-13,True,False,7.204999997156847e-05,9.999999974752427e-06,0.00010006999991674093,perturbed_saddle,quartic,50,0.5,1e-05,2104
perturbed_quartic_n50_p0.5_eps1e-05_seed2104,4V-FB,27,2,True,False,49,0.11553371337173968,0.5628085996530688,-1,-0.01802559892072786,3.4335086162814516e-18,5.243736755405828e-13,True,False,6.127999995442224e-05,9.509999927104218e-06,8.698000010554097e-05,perturbed_saddle,quartic,50,0.5,1e-05,2104
perturbed_quartic_n50_p0.5_eps1e-05_seed2104,4V-FB,29,4,True,False,49,0.11553371435028212,0.5628085996530688,-1,-0.01802559056558195,3.4335086162814516e-18,5.243736755405828e-13,True,False,5.607000002783025e-05,9.159999990515644e-06,8.071000002018991e-05,perturbed_saddle,quartic,50,0.5,1e-05,2104
perturbed_quartic_n50_p0.5_eps1e-05_seed2104,4V-FB,33,8,True,False,49,0.11553371464432126,0.5628085996530688,-1,-0.018025588054971564,3.4335086162814516e-18,5.243736755405828e-13,True,False,5.6109999832187896e-05,9.130000080403988e-06,8.086999991974153e-05,perturbed_saddle,quartic,50,0.5,1e-05,2104
perturbed_quartic_n50_p0.5_eps1e-05_seed2104,4V-FB,39,14,False,True,49,0.11553371466234529,0.5628085996530688,-1,-0.018025587901076,3.4335086162814516e-18,5.243736755405828e-13,True,False,5.581999994319631e-05,9.379999937664252e-06,8.062000006248127e-05,perturbed_saddle,quartic,50,0.5,1e-05,2104
perturbed_quartic_n50_p0.5_eps1e-05_seed2105,4V-FB,3,1,True,False,50,2.2695237710457652e-12,0.5628085996530688,-1,0.00021411569207163694,3.433508616280756e-18,5.277777777777777e-13,True,True,9.217999991051329e-05,1.0049999900729745e-05,0.00012294000021029206,perturbed_saddle,quartic,50,0.5,1e-05,2105
perturbed_quartic_n50_p0.5_eps1e-05_seed2105,4V-FB,26,1,True,False,49,0.11553371203826437,0.5628085996530688,-1,-0.018025610306412254,3.433508616280756e-18,5.243736755405836e-13,True,False,7.21999999768741e-05,1.01200000699464e-05,0.00010066999993796344,perturbed_saddle,quartic,50,0.5,1e-05,2105
perturbed_quartic_n50_p0.5_eps1e-05_seed2105,4V-FB,27,2,True,False,49,0.11553371337173847,0.5628085996530688,-1,-0.018025598920738517,3.433508616280756e-18,5.243736755405829e-13,True,False,6.114999996498227e-05,9.370000043418258e-06,8.660000003146706e-05,perturbed_saddle,quartic,50,0.5,1e-05,2105
perturbed_quartic_n50_p0.5_eps1e-05_seed2105,4V-FB,29,4,True,False,49,0.11553371435028181,0.5628085996530688,-1,-0.018025590565585503,3.433508616280756e-18,5.243736755405828e-13,True,False,6.441000004997477e-05,9.679999948275508e-06,8.990000014819088e-05,perturbed_saddle,quartic,50,0.5,1e-05,2105
perturbed_quartic_n50_p0.5_eps1e-05_seed2105,4V-FB,33,8,True,False,49,0.11553371464432124,0.5628085996530688,-1,-0.018025588054971564,3.433508616280756e-18,5.243736755405828e-13,True,False,5.515999987437681e-05,9.39000005928392e-06,7.974000004651316e-05,perturbed_saddle,quartic,50,0.5,1e-05,2105
perturbed_quartic_n50_p0.5_eps1e-05_seed2105,4V-FB,39,14,False,True,49,0.11553371466234529,0.5628085996530688,-1,-0.018025587901076,3.433508616280756e-18,5.243736755405828e-13,True,False,5.570000007537601e-05,9.28999997995561e-06,8.045999993555597e-05,perturbed_saddle,quartic,50,0.5,1e-05,2105
perturbed_quartic_n50_p0.8_eps1e-02_seed2101,4V-FB,5,1,True,False,50,-7.330982765315908e-08,0.4619485798512441,-1,4.3257627070580895e-05,4.0261064141589016e-14,6.666666666666637e-13,True,True,0.00010031900001195027,1.1029999996026163e-05,0.00013307900007930584,perturbed_saddle,quartic,50,0.8,0.01,2101
perturbed_quartic_n50_p0.8_eps1e-02_seed2101,4V-FB,43,1,True,False,49,0.0485193518035527,0.4619485798512441,-1,-0.00508611905936629,4.0261064141589016e-14,6.656450856262731e-13,True,False,7.469000001947279e-05,1.0870000096474541e-05,0.00010541000006014656,perturbed_saddle,quartic,50,0.8,0.01,2101
perturbed_quartic_n50_p0.8_eps1e-02_seed2101,4V-FB,44,2,True,False,49,0.04851935377285749,0.4619485798512441,-1,-0.005086110051475856,4.0261064141589016e-14,6.656450856262719e-13,True,False,6.192000000737607e-05,1.0149999980058055e-05,8.85199999629549e-05,perturbed_saddle,quartic,50,0.8,0.01,2101
perturbed_quartic_n50_p0.8_eps1e-02_seed2101,4V-FB,46,4,True,False,49,0.04851935517755103,0.4619485798512441,-1,-0.005086103626198657,4.0261064141589016e-14,6.656450856262716e-13,True,False,6.443999996008642e-05,1.019000001178938e-05,9.075000002667366e-05,perturbed_saddle,quartic,50,0.8,0.01,2101
perturbed_quartic_n50_p0.8_eps1e-02_seed2101,4V-FB,50,8,True,False,49,0.048519355578673456,0.4619485798512441,-1,-0.00508610179140323,4.0261064141589016e-14,6.656450856262716e-13,True,False,5.529000009119045e-05,9.979999958886765e-06,8.113000012599514e-05,perturbed_saddle,quartic,50,0.8,0.01,2101
perturbed_quartic_n50_p0.8_eps1e-02_seed2101,4V-FB,56,14,False,True,49,0.048519355601170176,0.4619485798512441,-1,-0.0050861016884988786,4.0261064141589016e-14,6.656450856262716e-13,True,False,5.5010000096444855e-05,1.0119999842572724e-05,8.083000011538388e-05,perturbed_saddle,quartic,50,0.8,0.01,2101
perturbed_quartic_n50_p0.8_eps1e-02_seed2102,4V-FB,5,1,True,False,50,-8.778075527191415e-10,0.4619485798512441,-1,4.2239177981073794e-05,4.0261059160660746e-14,6.666666666666667e-13,True,True,9.039000019583909e-05,1.0870000096474541e-05,0.00012230000015733822,perturbed_saddle,quartic,50,0.8,0.01,2102
perturbed_quartic_n50_p0.8_eps1e-02_seed2102,4V-FB,43,1,True,False,49,0.04851935174805269,0.4619485798512441,-1,-0.005086119313231663,4.0261059160660746e-14,6.656450856262731e-13,True,False,7.29700000192679e-05,1.0629999906086596e-05,0.000102400000059788,perturbed_saddle,quartic,50,0.8,0.01,2102
perturbed_quartic_n50_p0.8_eps1e-02_seed2102,4V-FB,44,2,True,False,49,0.0485193537461356,0.4619485798512441,-1,-0.00508611017370697,4.0261059160660746e-14,6.656450856262719e-13,True,False,6.0849999954371015e-05,9.979999958886765e-06,8.69600000896753e-05,perturbed_saddle,quartic,50,0.8,0.01,2102
perturbed_quartic_n50_p0.8_eps1e-02_seed2102,4V-FB,46,4,True,False,49,0.0485193551713564,0.4619485798512441,-1,-0.005086103654533325,4.0261059160660746e-14,6.656450856262715e-13,True,False,5.5570000085936044e-05,9.69999996414117e-06,8.065999986683892e-05,perturbed_saddle,quartic,50,0.8,0.01,2102
perturbed_quartic_n50_p0.8_eps1e-02_seed2102,4V-FB,50,8,True,False,49,0.048519355578340556,0.4619485798512441,-1,-0.005086101792926456,4.0261059160660746e-14,6.656450856262715e-13,True,False,5.569000018113002e-05,1.0129999964192393e-05,8.124999999381544e-05,perturbed_saddle,quartic,50,0.8,0.01,2102
perturbed_quartic_n50_p0.8_eps1e-02_seed2102,4V-FB,56,14,False,True,49,0.04851935560116603,0.4619485798512441,-1,-0.0050861016885184185,4.0261059160660746e-14,6.656450856262716e-13,True,False,5.3770000022268505e-05,9.919999911289779e-06,7.899000001998502e-05,perturbed_saddle,quartic,50,0.8,0.01,2102
perturbed_quartic_n50_p0.8_eps1e-02_seed2103,4V-FB,5,1,True,False,50,-7.083096321706897e-09,0.4619485798512441,-1,4.246854680367562e-05,4.026105958677825e-14,6.666666666666668e-13,True,True,9.060000002136803e-05,1.1339999900883413e-05,0.00012267000010979245,perturbed_saddle,quartic,50,0.8,0.01,2103
perturbed_quartic_n50_p0.8_eps1e-02_seed2103,4V-FB,43,1,True,False,49,0.04851935176043999,0.4619485798512441,-1,-0.005086119256570321,4.026105958677825e-14,6.656450856262731e-13,True,False,7.261000018843333e-05,1.0510000038266298e-05,0.00010191000001213979,perturbed_saddle,quartic,50,0.8,0.01,2103
perturbed_quartic_n50_p0.8_eps1e-02_seed2103,4V-FB,44,2,True,False,49,0.04851935375209977,0.4619485798512441,-1,-0.005086110146425682,4.026105958677825e-14,6.656450856262719e-13,True,False,6.295000002864981e-05,1.0400000064691994e-05,8.981000019048224e-05,perturbed_saddle,quartic,50,0.8,0.01,2103
perturbed_quartic_n50_p0.8_eps1e-02_seed2103,4V-FB,46,4,True,False,49,0.048519355172739004,0.4619485798512441,-1,-0.005086103648208606,4.026105958677825e-14,6.656450856262716e-13,True,False,5.824000004395202e-05,1.0010000096372096e-05,8.466999997835956e-05,perturbed_saddle,quartic,50,0.8,0.01,2103
perturbed_quartic_n50_p0.8_eps1e-02_seed2103,4V-FB,50,8,True,False,49,0.04851935557841485,0.4619485798512441,-1,-0.005086101792586284,4.026105958677825e-14,6.656450856262715e-13,True,False,5.463000002237095e-05,1.0210000027655042e-05,8.02100000782957e-05,perturbed_saddle,quartic,50,0.8,0.01,2103
perturbed_quartic_n50_p0.8_eps1e-02_seed2103,4V-FB,56,14,False,True,49,0.04851935560116696,0.4619485798512441,-1,-0.005086101688514866,4.026105958677825e-14,6.656450856262715e-13,True,False,5.600000008598727e-05,1.0089999932461069e-05,8.185000001503795e-05,perturbed_saddle,quartic,50,0.8,0.01,2103
perturbed_quartic_n50_p0.8_eps1e-02_seed2104,4V-FB,5,1,True,False,50,-3.3934789644863535e-08,0.4619485798512441,-1,4.289060177242732e-05,4.026106144101199e-14,6.666666666666661e-13,True,True,0.00010281999993821955,1.1009999980160501e-05,0.00013501000012183795,perturbed_saddle,quartic,50,0.8,0.01,2104
perturbed_quartic_n50_p0.8_eps1e-02_seed2104,4V-FB,43,1,True,False,49,0.04851935178340162,0.4619485798512441,-1,-0.00508611915153967,4.026106144101199e-14,6.656450856262731e-13,True,False,8.075000005192123e-05,1.1250000170548446e-05,0.00011134999999740103,perturbed_saddle,quartic,50,0.8,0.01,2104
perturbed_quartic_n50_p0.8_eps1e-02_seed2104,4V-FB,44,2,True,False,49,0.048519353763155235,0.4619485798512441,-1,-0.005086110095856355,4.026106144101199e-14,6.656450856262719e-13,True,False,6.159000008665316e-05,1.0040000006483751e-05,8.797999998932937e-05,perturbed_saddle,quartic,50,0.8,0.01,2104
perturbed_quartic_n50_p0.8_eps1e-02_seed2104,4V-FB,46,4,True,False,49,0.04851935517530187,0.4619485798512441,-1,-0.005086103636485539,4.026106144101199e-14,6.656450856262716e-13,True,False,5.619000012302422e-05,1.0029999884864083e-05,8.197000011023192e-05,perturbed_saddle,quartic,50,0.8,0.01,2104
perturbed_quartic_n50_p0.8_eps1e-02_seed2104,4V-FB,50,8,True,False,49,0.04851935557855258,0.4619485798512441,-1,-0.005086101791956565,4.026106144101199e-14,6.656450856262715e-13,True,False,5.417000011220807e-05,9.970000064640772e-06,8.675999993101868e-05,perturbed_saddle,quartic,50,0.8,0.01,2104
perturbed_quartic_n50_p0.8_eps1e-02_seed2104,4V-FB,56,14,False,True,49,0.04851935560116867,0.4619485798512441,-1,-0.005086101688506872,4.026106144101199e-14,6.656450856262715e-13,True,False,5.6139999969673227e-05,9.890000001178123e-06,8.173000014721765e-05,perturbed_saddle,quartic,50,0.8,0.01,2104
perturbed_quartic_n50_p0.8_eps1e-02_seed2105,4V-FB,5,1,True,False,50,-1.2378964810051305e-08,0.4619485798512441,-1,4.258280383417912e-05,4.026105995669278e-14,6.666666666666666e-13,True,True,9.0730000010808e-05,1.0610000117594609e-05,0.00012214000003041292,perturbed_saddle,quartic,50,0.8,0.01,2105
perturbed_quartic_n50_p0.8_eps1e-02_seed2105,4V-FB,43,1,True,False,49,0.04851935176663437,0.4619485798512441,-1,-0.005086119228235653,4.026105995669278e-14,6.656450856262732e-13,True,False,7.200999993983714e-05,1.0510000038266298e-05,0.00010122000003320863,perturbed_saddle,quartic,50,0.8,0.01,2105
perturbed_quartic_n50_p0.8_eps1e-02_seed2105,4V-FB,44,2,True,False,49,0.04851935375508222,0.4619485798512441,-1,-0.005086110132782373,4.026105995669278e-14,6.65645085626272e-13,True,False,6.069000005481939e-05,9.990000080506434e-06,8.695999986230163e-05,perturbed_saddle,quartic,50,0.8,0.01,2105
perturbed_quartic_n50_p0.8_eps1e-02_seed2105,4V-FB,46,4,True,False,49,0.048519355173430395,0.4619485798512441,-1,-0.005086103645044915,4.026105995669278e-14,6.656450856262717e-13,True,False,5.645000010190415e-05,9.780000027603819e-06,8.190999983526126e-05,perturbed_saddle,quartic,50,0.8,0.01,2105
perturbed_quartic_n50_p0.8_eps1e-02_seed2105,4V-FB,50,8,True,False,49,0.04851935557845201,0.4619485798512441,-1,-0.005086101792416642,4.026105995669278e-14,6.656450856262715e-13,True,False,5.4399999953602673e-05,9.95000004877511e-06,7.967999999891617e-05,perturbed_saddle,quartic,50,0.8,0.01,2105
perturbed_quartic_n50_p0.8_eps1e-02_seed2105,4V-FB,56,14,False,True,49,0.04851935560116742,0.4619485798512441,-1,-0.005086101688513089,4.026105995669278e-14,6.656450856262715e-13,True,False,5.4709999858459923e-05,9.849999969446799e-06,8.004999995137041e-05,perturbed_saddle,quartic,50,0.8,0.01,2105
perturbed_quartic_n50_p0.8_eps1e-03_seed2101,4V-FB,4,1,True,False,50,-7.403568996839061e-10,0.4619485798512441,-1,4.2229005445371115e-05,4.026115458469888e-14,6.666666666666667e-13,True,True,9.059000012712204e-05,1.077000001714623e-05,0.0001223100000515842,perturbed_saddle,quartic,50,0.8,0.001,2101
perturbed_quartic_n50_p0.8_eps1e-03_seed2101,4V-FB,42,1,True,False,49,0.04851935174750477,0.4619485798512441,-1,-0.005086119315736326,4.026115458469888e-14,6.656450856262732e-13,True,False,7.24199999240227e-05,1.0490000022400636e-05,0.00010195999993811711,perturbed_saddle,quartic,50,0.8,0.001,2101
perturbed_quartic_n50_p0.8_eps1e-03_seed2101,4V-FB,43,2,True,False,49,0.04851935374587178,0.4619485798512441,-1,-0.0050861101749131166,4.026115458469888e-14,6.656450856262719e-13,True,False,6.17999999121821e-05,9.779999800230144e-06,8.790999982011272e-05,perturbed_saddle,quartic,50,0.8,0.001,2101
perturbed_quartic_n50_p0.8_eps1e-03_seed2101,4V-FB,45,4,True,False,49,0.04851935517129524,0.4619485798512441,-1,-0.005086103654812213,4.026115458469888e-14,6.656450856262716e-13,True,False,6.426999993891513e-05,9.88000010693213e-06,9.012000009533949e-05,perturbed_saddle,quartic,50,0.8,0.001,2101
perturbed_quartic_n50_p0.8_eps1e-03_seed2101,4V-FB,49,8,True,False,49,0.04851935557833727,0.4619485798512441,-1,-0.005086101792940667,4.026115458469888e-14,6.656450856262715e-13,True,False,5.495000004884787e-05,9.76999990598415e-06,8.037999987209332e-05,perturbed_saddle,quartic,50,0.8,0.001,2101
perturbed_quartic_n50_p0.8_eps1e-03_seed2101,4V-FB,55,14,False,True,49,0.04851935560116599,0.4619485798512441,-1,-0.005086101688519307,4.026115458469888e-14,6.656450856262715e-13,True,False,5.557999998018204e-05,9.850000196820474e-06,8.105999995677848e-05,perturbed_saddle,quartic,50,0.8,0.001,2101
perturbed_quartic_n50_p0.8_eps1e-03_seed2102,4V-FB,4,1,True,False,50,-2.1245992976500356e-11,0.4619485798512441,-1,4.21279703193278e-05,4.0261154534884086e-14,6.666666666666668e-13,True,True,9.081999996851664e-05,1.0680000059437589e-05,0.00012180999988231633,perturbed_saddle,quartic,50,0.8,0.001,2102
perturbed_quartic_n50_p0.8_eps1e-03_seed2102,4V-FB,42,1,True,False,49,0.04851935174206936,0.4619485798512441,-1,-0.0050861193405991045,4.0261154534884086e-14,6.656450856262732e-13,True,False,7.199000015134516e-05,1.0609999890220934e-05,0.00010110000016538834,perturbed_saddle,quartic,50,0.8,0.001,2102
perturbed_quartic_n50_p0.8_eps1e-03_seed2102,4V-FB,43,2,True,False,49,0.04851935374325477,0.4619485798512441,-1,-0.005086110186883097,4.0261154534884086e-14,6.656450856262719e-13,True,False,6.067000003895373e-05,1.01200000699464e-05,8.716000002095825e-05,perturbed_saddle,quartic,50,0.8,0.001,2102
perturbed_quartic_n50_p0.8_eps1e-03_seed2102,4V-FB,45,4,True,False,49,0.04851935517068857,0.4619485798512441,-1,-0.0050861036575877705,4.0261154534884086e-14,6.656450856262715e-13,True,False,5.718000011256663e-05,9.76999990598415e-06,8.288000003631169e-05,perturbed_saddle,quartic,50,0.8,0.001,2102
perturbed_quartic_n50_p0.8_eps1e-03_seed2102,4V-FB,49,8,True,False,49,0.04851935557830467,0.4619485798512441,-1,-0.005086101793089881,4.0261154534884086e-14,6.656450856262715e-13,True,False,5.465000003823661e-05,1.001999999061809e-05,8.017000004656438e-05,perturbed_saddle,quartic,50,0.8,0.001,2102
perturbed_quartic_n50_p0.8_eps1e-03_seed2102,4V-FB,55,14,False,True,49,0.04851935560116558,0.4619485798512441,-1,-0.005086101688521083,4.0261154534884086e-14,6.656450856262715e-13,True,False,5.5969999948501936e-05,9.809999937715475e-06,8.18799999251496e-05,perturbed_saddle,quartic,50,0.8,0.001,2102
perturbed_quartic_n50_p0.8_eps1e-03_seed2103,4V-FB,4,1,True,False,50,-7.844306224638253e-11,0.4619485798512441,-1,4.215083750747084e-05,4.0261154539152745e-14,6.666666666666667e-13,True,True,9.027999999489111e-05,1.0980000070048845e-05,0.00012163999986114504,perturbed_saddle,quartic,50,0.8,0.001,2103
perturbed_quartic_n50_p0.8_eps1e-03_seed2103,4V-FB,42,1,True,False,49,0.04851935174329852,0.4619485798512441,-1,-0.005086119334976935,4.0261154539152745e-14,6.656450856262732e-13,True,False,7.351999988713942e-05,1.0689999953683582e-05,0.00010294999992765952,perturbed_saddle,quartic,50,0.8,0.001,2103
perturbed_quartic_n50_p0.8_eps1e-03_seed2103,4V-FB,43,2,True,False,49,0.048519353743846576,0.4619485798512441,-1,-0.005086110184175929,4.0261154539152745e-14,6.65645085626272e-13,True,False,6.263000000217289e-05,1.0129999964192393e-05,8.993999995254853e-05,perturbed_saddle,quartic,50,0.8,0.001,2103
perturbed_quartic_n50_p0.8_eps1e-03_seed2103,4V-FB,45,4,True,False,49,0.048519355170825756,0.4619485798512441,-1,-0.0050861036569607165,4.0261154539152745e-14,6.656450856262715e-13,True,False,5.677999979525339e-05,1.0040000006483751e-05,8.301000002575165e-05,perturbed_saddle,quartic,50,0.8,0.001,2103
perturbed_quartic_n50_p0.8_eps1e-03_seed2103,4V-FB,49,8,True,False,49,0.04851935557831204,0.4619485798512441,-1,-0.00508610179305613,4.0261154539152745e-14,6.656450856262715e-13,True,False,5.47100000858336e-05,9.900000122797792e-06,8.043999991969031e-05,perturbed_saddle,quartic,50,0.8,0.001,2103
perturbed_quartic_n50_p0.8_eps1e-03_seed2103,4V-FB,55,14,False,True,49,0.04851935560116567,0.4619485798512441,-1,-0.005086101688520195,4.0261154539152745e-14,6.656450856262715e-13,True,False,5.55999999960477e-05,9.869999985312461e-06,8.131000004141242e-05,perturbed_saddle,quartic,50,0.8,0.001,2103
perturbed_quartic_n50_p0.8_eps1e-03_seed2104,4V-FB,4,1,True,False,50,-3.4547136217467066e-10,0.4619485798512441,-1,4.2192743202384975e-05,4.0261154557627615e-14,6.666666666666667e-13,True,True,8.993999995254853e-05,1.1039999890272156e-05,0.00012166999999863037,perturbed_saddle,quartic,50,0.8,0.001,2104
perturbed_quartic_n50_p0.8_eps1e-03_seed2104,4V-FB,42,1,True,False,49,0.048519351745552594,0.4619485798512441,-1,-0.005086119324667848,4.0261154557627615e-14,6.656450856262731e-13,True,False,7.252999989759701e-05,1.0640000027706265e-05,0.00010206000001744542,perturbed_saddle,quartic,50,0.8,0.001,2104
perturbed_quartic_n50_p0.8_eps1e-03_seed2104,4V-FB,43,2,True,False,49,0.04851935374493186,0.4619485798512441,-1,-0.0050861101792119,4.0261154557627615e-14,6.656450856262719e-13,True,False,6.115000019235595e-05,1.0389999943072326e-05,8.791000004748639e-05,perturbed_saddle,quartic,50,0.8,0.001,2104
perturbed_quartic_n50_p0.8_eps1e-03_seed2104,4V-FB,45,4,True,False,49,0.04851935517107735,0.4619485798512441,-1,-0.005086103655809637,4.0261154557627615e-14,6.656450856262715e-13,True,False,6.425999981729547e-05,1.0129999964192393e-05,9.030999990500277e-05,perturbed_saddle,quartic,50,0.8,0.001,2104
perturbed_quartic_n50_p0.8_eps1e-03_seed2104,4V-FB,49,8,True,False,49,0.04851935557832556,0.4619485798512441,-1,-0.005086101792994846,4.0261154557627615e-14,6.656450856262716e-13,True,False,5.5590000101801706e-05,9.990000080506434e-06,8.120999996208411e-05,perturbed_saddle,quartic,50,0.8,0.001,2104
perturbed_quartic_n50_p0.8_eps1e-03_seed2104,4V-FB,55,14,False,True,49,0.04851935560116584,0.4619485798512441,-1,-0.0050861016885184185,4.0261154557627615e-14,6.656450856262716e-13,True,False,5.480000004354224e-05,1.025999995363236e-05,8.086000002549554e-05,perturbed_saddle,quartic,50,0.8,0.001,2104
perturbed_quartic_n50_p0.8_eps1e-03_seed2105,4V-FB,4,1,True,False,50,-1.1546301470667782e-10,0.4619485798512441,-1,4.216220272912352e-05,4.026115454280665e-14,6.666666666666667e-13,True,True,9.023999996315979e-05,1.0640000027706265e-05,0.00012102999994567654,perturbed_saddle,quartic,50,0.8,0.001,2105
perturbed_quartic_n50_p0.8_eps1e-03_seed2105,4V-FB,42,1,True,False,49,0.04851935174390974,0.4619485798512441,-1,-0.005086119332182726,4.026115454280665e-14,6.656450856262731e-13,True,False,7.18000001143082e-05,1.0640000027706265e-05,0.00010099999985868635,perturbed_saddle,quartic,50,0.8,0.001,2105
perturbed_quartic_n50_p0.8_eps1e-03_seed2105,4V-FB,43,2,True,False,49,0.04851935374414087,0.4619485798512441,-1,-0.005086110182830339,4.026115454280665e-14,6.656450856262719e-13,True,False,6.061999988560274e-05,9.990000080506434e-06,8.655999999973574e-05,perturbed_saddle,quartic,50,0.8,0.001,2105
perturbed_quartic_n50_p0.8_eps1e-03_seed2105,4V-FB,45,4,True,False,49,0.04851935517089398,0.4619485798512441,-1,-0.005086103656648078,4.026115454280665e-14,6.656450856262716e-13,True,False,5.678999991687306e-05,9.76999990598415e-06,8.187000003090361e-05,perturbed_saddle,quartic,50,0.8,0.001,2105
perturbed_quartic_n50_p0.8_eps1e-03_seed2105,4V-FB,49,8,True,False,49,0.04851935557831571,0.4619485798512441,-1,-0.005086101793039255,4.026115454280665e-14,6.656450856262716e-13,True,False,5.3940000043439795e-05,9.789999921849812e-06,7.9059999961828e-05,perturbed_saddle,quartic,50,0.8,0.001,2105
perturbed_quartic_n50_p0.8_eps1e-03_seed2105,4V-FB,55,14,False,True,49,0.04851935560116572,0.4619485798512441,-1,-0.005086101688519307,4.026115454280665e-14,6.656450856262716e-13,True,False,5.409999994299142e-05,9.840000075200805e-06,7.931999994070793e-05,perturbed_saddle,quartic,50,0.8,0.001,2105
perturbed_quartic_n50_p0.8_eps1e-04_seed2101,4V-FB,3,1,True,False,50,-1.964185266746638e-11,0.4619485798512441,-1,4.2126954646448667e-05,4.0261155489085075e-14,6.666666666666666e-13,True,True,9.12299999527022e-05,1.1009999980160501e-05,0.0001228299997819704,perturbed_saddle,quartic,50,0.8,0.0001,2101
perturbed_quartic_n50_p0.8_eps1e-04_seed2101,4V-FB,41,1,True,False,49,0.048519351742014785,0.4619485798512441,-1,-0.005086119340849571,4.0261155489085075e-14,6.656450856262731e-13,True,False,7.226000002447108e-05,1.0380000048826332e-05,0.00010148999990633456,perturbed_saddle,quartic,50,0.8,0.0001,2101
perturbed_quartic_n50_p0.8_eps1e-04_seed2101,4V-FB,42,2,True,False,49,0.048519353743228494,0.4619485798512441,-1,-0.005086110187003889,4.0261155489085075e-14,6.65645085626272e-13,True,False,6.0819999816885684e-05,9.969999837267096e-06,8.69699999839213e-05,perturbed_saddle,quartic,50,0.8,0.0001,2101
perturbed_quartic_n50_p0.8_eps1e-04_seed2101,4V-FB,44,4,True,False,49,0.048519355170682475,0.4619485798512441,-1,-0.005086103657615304,4.0261155489085075e-14,6.656450856262716e-13,True,False,5.6540000059612794e-05,9.88000010693213e-06,8.210999999391788e-05,perturbed_saddle,quartic,50,0.8,0.0001,2101
perturbed_quartic_n50_p0.8_eps1e-04_seed2101,4V-FB,48,8,True,False,49,0.048519355578304335,0.4619485798512441,-1,-0.0050861017930916574,4.0261155489085075e-14,6.656450856262715e-13,True,False,5.4500000032930984e-05,9.730000101626501e-06,7.980999998835614e-05,perturbed_saddle,quartic,50,0.8,0.0001,2101
perturbed_quartic_n50_p0.8_eps1e-04_seed2101,4V-FB,54,14,False,True,49,0.048519355601165576,0.4619485798512441,-1,-0.005086101688521083,4.0261155489085075e-14,6.656450856262715e-13,True,False,5.473000010169926e-05,9.789999921849812e-06,7.980000009411015e-05,perturbed_saddle,quartic,50,0.8,0.0001,2101
perturbed_quartic_n50_p0.8_eps1e-04_seed2102,4V-FB,3,1,True,False,50,-2.1200328437689813e-11,0.4619485798512441,-1,4.21168601354438e-05,4.0261155488586944e-14,6.666666666666667e-13,True,True,9.088000001611363e-05,1.0799999927257886e-05,0.00012235999997756153,perturbed_saddle,quartic,50,0.8,0.0001,2102
perturbed_quartic_n50_p0.8_eps1e-04_seed2102,4V-FB,41,1,True,False,49,0.04851935174147235,0.4619485798512441,-1,-0.005086119343331141,4.0261155488586944e-14,6.656450856262731e-13,True,False,7.33599999875878e-05,1.0640000027706265e-05,0.00010283000005983922,perturbed_saddle,quartic,50,0.8,0.0001,2102
perturbed_quartic_n50_p0.8_eps1e-04_seed2102,4V-FB,42,2,True,False,49,0.04851935374296732,0.4619485798512441,-1,-0.005086110188198489,4.0261155488586944e-14,6.656450856262719e-13,True,False,6.094000013945333e-05,9.910000017043785e-06,8.720000005268957e-05,perturbed_saddle,quartic,50,0.8,0.0001,2102
perturbed_quartic_n50_p0.8_eps1e-04_seed2102,4V-FB,44,4,True,False,49,0.04851935517062193,0.4619485798512441,-1,-0.005086103657892416,4.0261155488586944e-14,6.656450856262716e-13,True,False,5.7680000054460834e-05,1.0140000085812062e-05,8.389000004171976e-05,perturbed_saddle,quartic,50,0.8,0.0001,2102
perturbed_quartic_n50_p0.8_eps1e-04_seed2102,4V-FB,48,8,True,False,49,0.04851935557830109,0.4619485798512441,-1,-0.005086101793107645,4.0261155488586944e-14,6.656450856262715e-13,True,False,5.437000004349102e-05,1.0189999784415704e-05,8.02299998667877e-05,perturbed_saddle,quartic,50,0.8,0.0001,2102
perturbed_quartic_n50_p0.8_eps1e-04_seed2102,4V-FB,54,14,False,True,49,0.048519355601165534,0.4619485798512441,-1,-0.005086101688520195,4.0261155488586944e-14,6.656450856262716e-13,True,False,5.430999999589403e-05,1.0119999842572724e-05,8.04999999672873e-05,perturbed_saddle,quartic,50,0.8,0.0001,2102
perturbed_quartic_n50_p0.8_eps1e-04_seed2103,4V-FB,3,1,True,False,50,-1.3599287011247426e-11,0.4619485798512441,-1,4.211914528262639e-05,4.0261155488629656e-14,6.666666666666667e-13,True,True,9.070000010069634e-05,1.1269999959040433e-05,0.0001229300000886724,perturbed_saddle,quartic,50,0.8,0.0001,2103
perturbed_quartic_n50_p0.8_eps1e-04_seed2103,4V-FB,41,1,True,False,49,0.04851935174159517,0.4619485798512441,-1,-0.005086119342769813,4.0261155488629656e-14,6.656450856262731e-13,True,False,7.257000015670201e-05,1.0929999916697852e-05,0.00010227000007034803,perturbed_saddle,quartic,50,0.8,0.0001,2103
perturbed_quartic_n50_p0.8_eps1e-04_seed2103,4V-FB,42,2,True,False,49,0.04851935374302646,0.4619485798512441,-1,-0.005086110187927595,4.0261155488629656e-14,6.65645085626272e-13,True,False,6.058000008124509e-05,9.859999863692792e-06,8.662999994157872e-05,perturbed_saddle,quartic,50,0.8,0.0001,2103
perturbed_quartic_n50_p0.8_eps1e-04_seed2103,4V-FB,44,4,True,False,49,0.04851935517063564,0.4619485798512441,-1,-0.005086103657830243,4.0261155488629656e-14,6.656450856262716e-13,True,False,6.269999994401587e-05,1.0159999874304049e-05,8.897999987311778e-05,perturbed_saddle,quartic,50,0.8,0.0001,2103
perturbed_quartic_n50_p0.8_eps1e-04_seed2103,4V-FB,48,8,True,False,49,0.04851935557830182,0.4619485798512441,-1,-0.005086101793102316,4.0261155488629656e-14,6.656450856262716e-13,True,False,5.497000006471353e-05,9.93999992715544e-06,8.064000007834693e-05,perturbed_saddle,quartic,50,0.8,0.0001,2103
perturbed_quartic_n50_p0.8_eps1e-04_seed2103,4V-FB,54,14,False,True,49,0.04851935560116555,0.4619485798512441,-1,-0.005086101688521971,4.0261155488629656e-14,6.656450856262715e-13,True,False,5.41699998848344e-05,9.890000001178123e-06,7.985000002008746e-05,perturbed_saddle,quartic,50,0.8,0.0001,2103
perturbed_quartic_n50_p0.8_eps1e-04_seed2104,4V-FB,3,1,True,False,50,-1.3768706874972718e-11,0.4619485798512441,-1,4.2123332594457e-05,4.026115548881434e-14,6.666666666666667e-13,True,True,9.086999989449396e-05,1.090999990083219e-05,0.00012214000003041292,perturbed_saddle,quartic,50,0.8,0.0001,2104
perturbed_quartic_n50_p0.8_eps1e-04_seed2104,4V-FB,41,1,True,False,49,0.04851935174182017,0.4619485798512441,-1,-0.005086119341739526,4.026115548881434e-14,6.656450856262732e-13,True,False,7.204000007732247e-05,1.0559999964243616e-05,0.00010094000003846304,perturbed_saddle,quartic,50,0.8,0.0001,2104
perturbed_quartic_n50_p0.8_eps1e-04_seed2104,4V-FB,42,2,True,False,49,0.04851935374313479,0.4619485798512441,-1,-0.005086110187431991,4.026115548881434e-14,6.656450856262719e-13,True,False,6.094999980632565e-05,9.899999895424116e-06,8.71300001108466e-05,perturbed_saddle,quartic,50,0.8,0.0001,2104
perturbed_quartic_n50_p0.8_eps1e-04_seed2104,4V-FB,44,4,True,False,49,0.048519355170660756,0.4619485798512441,-1,-0.005086103657713892,4.026115548881434e-14,6.656450856262715e-13,True,False,5.751999992753554e-05,1.0109999948326731e-05,8.338000020557956e-05,perturbed_saddle,quartic,50,0.8,0.0001,2104
perturbed_quartic_n50_p0.8_eps1e-04_seed2104,4V-FB,48,8,True,False,49,0.04851935557830317,0.4619485798512441,-1,-0.0050861017930969865,4.026115548881434e-14,6.656450856262715e-13,True,False,5.435999992187135e-05,1.0030000112237758e-05,7.978999997249048e-05,perturbed_saddle,quartic,50,0.8,0.0001,2104
perturbed_quartic_n50_p0.8_eps1e-04_seed2104,4V-FB,54,14,False,True,49,0.04851935560116556,0.4619485798512441,-1,-0.005086101688521083,4.026115548881434e-14,6.656450856262715e-13,True,False,5.51000000541535e-05,9.690000069895177e-06,8.0380000099467e-05,perturbed_saddle,quartic,50,0.8,0.0001,2104
perturbed_quartic_n50_p0.8_eps1e-04_seed2105,4V-FB,3,1,True,False,50,1.2863313533739892e-11,0.4619485798512441,-1,4.2120278324730975e-05,4.026115548866615e-14,6.666666666666667e-13,True,True,9.077000004253932e-05,1.0670000165191595e-05,0.00012204000017845829,perturbed_saddle,quartic,50,0.8,0.0001,2105
perturbed_quartic_n50_p0.8_eps1e-04_seed2105,4V-FB,41,1,True,False,49,0.04851935174165621,0.4619485798512441,-1,-0.005086119342489148,4.026115548866615e-14,6.656450856262732e-13,True,False,7.24199999240227e-05,1.0419999853183981e-05,0.00010094999993270903,perturbed_saddle,quartic,50,0.8,0.0001,2105
perturbed_quartic_n50_p0.8_eps1e-04_seed2105,4V-FB,42,2,True,False,49,0.04851935374305585,0.4619485798512441,-1,-0.005086110187792592,4.026115548866615e-14,6.65645085626272e-13,True,False,6.175999988045078e-05,9.750000117492164e-06,8.77400000263151e-05,perturbed_saddle,quartic,50,0.8,0.0001,2105
perturbed_quartic_n50_p0.8_eps1e-04_seed2105,4V-FB,44,4,True,False,49,0.04851935517064246,0.4619485798512441,-1,-0.005086103657799157,4.026115548866615e-14,6.656450856262715e-13,True,False,5.6780000022627064e-05,9.820000059335143e-06,8.257000013145444e-05,perturbed_saddle,quartic,50,0.8,0.0001,2105
perturbed_quartic_n50_p0.8_eps1e-04_seed2105,4V-FB,48,8,True,False,49,0.04851935557830219,0.4619485798512441,-1,-0.005086101793101427,4.026115548866615e-14,6.656450856262716e-13,True,False,5.463000002237095e-05,1.001999999061809e-05,8.019999995667604e-05,perturbed_saddle,quartic,50,0.8,0.0001,2105
perturbed_quartic_n50_p0.8_eps1e-04_seed2105,4V-FB,54,14,False,True,49,0.04851935560116555,0.4619485798512441,-1,-0.005086101688520195,4.026115548866615e-14,6.656450856262716e-13,True,False,5.551999993258505e-05,9.869999985312461e-06,8.09900000149355e-05,perturbed_saddle,quartic,50,0.8,0.0001,2105
perturbed_quartic_n50_p0.8_eps1e-05_seed2101,4V-FB,2,1,True,False,50,-2.0797715305898423e-11,0.4619485798512441,-1,4.2116758541155264e-05,4.0261155498128885e-14,6.666666666666667e-13,True,True,9.097999986806826e-05,1.0940000038317521e-05,0.0001225900000463298,perturbed_saddle,quartic,50,0.8,1e-05,2101
perturbed_quartic_n50_p0.8_eps1e-05_seed2101,4V-FB,40,1,True,False,49,0.04851935174146689,0.4619485798512441,-1,-0.00508611934335601,4.0261155498128885e-14,6.656450856262731e-13,True,False,7.320999998228217e-05,1.0689999953683582e-05,0.00010300000008101051,perturbed_saddle,quartic,50,0.8,1e-05,2101
perturbed_quartic_n50_p0.8_eps1e-05_seed2101,4V-FB,41,2,True,False,49,0.0485193537429647,0.4619485798512441,-1,-0.0050861101882091475,4.0261155498128885e-14,6.65645085626272e-13,True,False,6.146999999145919e-05,9.989999853132758e-06,8.792000016910606e-05,perturbed_saddle,quartic,50,0.8,1e-05,2101
perturbed_quartic_n50_p0.8_eps1e-05_seed2101,4V-FB,43,4,True,False,49,0.04851935517062132,0.4619485798512441,-1,-0.00508610365789508,4.0261155498128885e-14,6.656450856262715e-13,True,False,5.738999993809557e-05,9.990000080506434e-06,8.316999992530327e-05,perturbed_saddle,quartic,50,0.8,1e-05,2101
perturbed_quartic_n50_p0.8_eps1e-05_seed2101,4V-FB,47,8,True,False,49,0.04851935557830105,0.4619485798512441,-1,-0.0050861017931067565,4.0261155498128885e-14,6.656450856262716e-13,True,False,5.45499999589083e-05,9.940000154529116e-06,8.026999989851902e-05,perturbed_saddle,quartic,50,0.8,1e-05,2101
perturbed_quartic_n50_p0.8_eps1e-05_seed2101,4V-FB,53,14,False,True,49,0.048519355601165534,0.4619485798512441,-1,-0.005086101688520195,4.0261155498128885e-14,6.656450856262716e-13,True,False,5.519000001186214e-05,1.0010000096372096e-05,8.096000010482385e-05,perturbed_saddle,quartic,50,0.8,1e-05,2101
perturbed_quartic_n50_p0.8_eps1e-05_seed2102,4V-FB,2,1,True,False,50,-3.554156965150537e-11,0.4619485798512441,-1,4.211575076062957e-05,4.026115549812393e-14,6.666666666666668e-13,True,True,9.13399999262765e-05,1.0820000170497224e-05,0.0001233600000887236,perturbed_saddle,quartic,50,0.8,1e-05,2102
perturbed_quartic_n50_p0.8_eps1e-05_seed2102,4V-FB,40,1,True,False,49,0.04851935174141266,0.4619485798512441,-1,-0.0050861193436047,4.026115549812393e-14,6.656450856262731e-13,True,False,7.198999992397148e-05,1.0779999911392224e-05,0.00010216000009677373,perturbed_saddle,quartic,50,0.8,1e-05,2102
perturbed_quartic_n50_p0.8_eps1e-05_seed2102,4V-FB,41,2,True,False,49,0.04851935374293859,0.4619485798512441,-1,-0.005086110188329052,4.026115549812393e-14,6.65645085626272e-13,True,False,6.194000002324174e-05,1.0109999948326731e-05,8.848000015859725e-05,perturbed_saddle,quartic,50,0.8,1e-05,2102
perturbed_quartic_n50_p0.8_eps1e-05_seed2102,4V-FB,43,4,True,False,49,0.04851935517061527,0.4619485798512441,-1,-0.005086103657923502,4.026115549812393e-14,6.656450856262715e-13,True,False,5.652000004374713e-05,9.879999879558454e-06,8.23100001525745e-05,perturbed_saddle,quartic,50,0.8,1e-05,2102
perturbed_quartic_n50_p0.8_eps1e-05_seed2102,4V-FB,47,8,True,False,49,0.04851935557830073,0.4619485798512441,-1,-0.005086101793108533,4.026115549812393e-14,6.656450856262715e-13,True,False,5.583999995906197e-05,9.629999794924515e-06,8.101999992504716e-05,perturbed_saddle,quartic,50,0.8,1e-05,2102
perturbed_quartic_n50_p0.8_eps1e-05_seed2102,4V-FB,53,14,False,True,49,0.048519355601165534,0.4619485798512441,-1,-0.005086101688520195,4.026115549812393e-14,6.656450856262716e-13,True,False,6.032000010236516e-05,1.001999999061809e-05,8.617999992566183e-05,perturbed_saddle,quartic,50,0.8,1e-05,2102
perturbed_quartic_n50_p0.8_eps1e-05_seed2103,4V-FB,2,1,True,False,50,-2.1707681287682038e-11,0.4619485798512441,-1,4.211597778436271e-05,4.0261155498124373e-14,6.666666666666667e-13,True,True,8.980999996310857e-05,1.0720000091168913e-05,0.00012087000004612491,perturbed_saddle,quartic,50,0.8,1e-05,2103
perturbed_quartic_n50_p0.8_eps1e-05_seed2103,4V-FB,40,1,True,False,49,0.04851935174142494,0.4619485798512441,-1,-0.005086119343547857,4.0261155498124373e-14,6.656450856262732e-13,True,False,7.282000001396227e-05,1.0720000091168913e-05,0.00010198000018135644,perturbed_saddle,quartic,50,0.8,1e-05,2103
perturbed_quartic_n50_p0.8_eps1e-05_seed2103,4V-FB,41,2,True,False,49,0.0485193537429445,0.4619485798512441,-1,-0.005086110188303294,4.0261155498124373e-14,6.656450856262719e-13,True,False,6.04100000600738e-05,1.0040000006483751e-05,8.654999987811607e-05,perturbed_saddle,quartic,50,0.8,1e-05,2103
perturbed_quartic_n50_p0.8_eps1e-05_seed2103,4V-FB,43,4,True,False,49,0.048519355170616646,0.4619485798512441,-1,-0.005086103657917285,4.0261155498124373e-14,6.656450856262715e-13,True,False,5.5149999980130815e-05,9.890000001178123e-06,8.031000015762402e-05,perturbed_saddle,quartic,50,0.8,1e-05,2103
perturbed_quartic_n50_p0.8_eps1e-05_seed2103,4V-FB,47,8,True,False,49,0.0485193555783008,0.4619485798512441,-1,-0.005086101793108533,4.0261155498124373e-14,6.656450856262715e-13,True,False,5.554999984269671e-05,9.879999879558454e-06,8.11600000361068e-05,perturbed_saddle,quartic,50,0.8,1e-05,2103
perturbed_quartic_n50_p0.8_eps1e-05_seed2103,4V-FB,53,14,False,True,49,0.048519355601165534,0.4619485798512441,-1,-0.005086101688520195,4.0261155498124373e-14,6.656450856262716e-13,True,False,5.374000011215685e-05,9.820000059335143e-06,7.903999994596234e-05,perturbed_saddle,quartic,50,0.8,1e-05,2103
perturbed_quartic_n50_p0.8_eps1e-05_seed2104,4V-FB,2,1,True,False,50,-1.749965882010997e-11,0.4619485798512441,-1,4.211639603290962e-05,4.0261155498126184e-14,6.666666666666668e-13,True,True,9.001000012176519e-05,1.0859999974854873e-05,0.00012162999996689905,perturbed_saddle,quartic,50,0.8,1e-05,2104
perturbed_quartic_n50_p0.8_eps1e-05_seed2104,4V-FB,40,1,True,False,49,0.04851935174144744,0.4619485798512441,-1,-0.005086119343444828,4.0261155498126184e-14,6.656450856262731e-13,True,False,7.252000000335102e-05,1.0969999948429177e-05,0.00010218000011263939,perturbed_saddle,quartic,50,0.8,1e-05,2104
perturbed_quartic_n50_p0.8_eps1e-05_seed2104,4V-FB,41,2,True,False,49,0.04851935374295533,0.4619485798512441,-1,-0.005086110188253556,4.0261155498126184e-14,6.656450856262719e-13,True,False,6.045000009180512e-05,9.970000064640772e-06,8.660999992571305e-05,perturbed_saddle,quartic,50,0.8,1e-05,2104
perturbed_quartic_n50_p0.8_eps1e-05_seed2104,4V-FB,43,4,True,False,49,0.04851935517061916,0.4619485798512441,-1,-0.005086103657905738,4.0261155498126184e-14,6.656450856262715e-13,True,False,5.624999994324753e-05,1.0029999884864083e-05,8.167999999386666e-05,perturbed_saddle,quartic,50,0.8,1e-05,2104
perturbed_quartic_n50_p0.8_eps1e-05_seed2104,4V-FB,47,8,True,False,49,0.048519355578300935,0.4619485798512441,-1,-0.0050861017931067565,4.0261155498126184e-14,6.656450856262715e-13,True,False,5.415000009634241e-05,9.850000196820474e-06,7.946000005176757e-05,perturbed_saddle,quartic,50,0.8,1e-05,2104
perturbed_quartic_n50_p0.8_eps1e-05_seed2104,4V-FB,53,14,False,True,49,0.048519355601165534,0.4619485798512441,-1,-0.005086101688520195,4.0261155498126184e-14,6.656450856262716e-13,True,False,5.461000000650529e-05,9.990000080506434e-06,8.01000001047214e-05,perturbed_saddle,quartic,50,0.8,1e-05,2104
perturbed_quartic_n50_p0.8_eps1e-05_seed2105,4V-FB,2,1,True,False,50,2.372549051801254e-11,0.4619485798512441,-1,4.211608621229601e-05,4.026115549812471e-14,6.666666666666667e-13,True,True,8.946000002651999e-05,1.0819999943123548e-05,0.00012070000002495362,perturbed_saddle,quartic,50,0.8,1e-05,2105
perturbed_quartic_n50_p0.8_eps1e-05_seed2105,4V-FB,40,1,True,False,49,0.048519351741431044,0.4619485798512441,-1,-0.005086119343520323,4.026115549812471e-14,6.656450856262731e-13,True,False,7.16499998816289e-05,1.0510000038266298e-05,0.00010038999994321784,perturbed_saddle,quartic,50,0.8,1e-05,2105
perturbed_quartic_n50_p0.8_eps1e-05_seed2105,4V-FB,41,2,True,False,49,0.04851935374294744,0.4619485798512441,-1,-0.005086110188289084,4.026115549812471e-14,6.656450856262719e-13,True,False,6.067000003895373e-05,9.849999969446799e-06,8.677999994688435e-05,perturbed_saddle,quartic,50,0.8,1e-05,2105
perturbed_quartic_n50_p0.8_eps1e-05_seed2105,4V-FB,43,4,True,False,49,0.048519355170617326,0.4619485798512441,-1,-0.00508610365791462,4.026115549812471e-14,6.656450856262715e-13,True,False,6.255999983295624e-05,9.88000010693213e-06,8.86299999365292e-05,perturbed_saddle,quartic,50,0.8,1e-05,2105
perturbed_quartic_n50_p0.8_eps1e-05_seed2105,4V-FB,47,8,True,False,49,0.04851935557830084,0.4619485798512441,-1,-0.005086101793107645,4.026115549812471e-14,6.656450856262715e-13,True,False,5.4729999874325586e-05,1.005000012810342e-05,8.015000003069872e-05,perturbed_saddle,quartic,50,0.8,1e-05,2105
perturbed_quartic_n50_p0.8_eps1e-05_seed2105,4V-FB,53,14,False,True,49,0.048519355601165534,0.4619485798512441,-1,-0.005086101688520195,4.026115549812471e-14,6.656450856262716e-13,True,False,5.403999989539443e-05,9.760000011738157e-06,7.92200000887533e-05,perturbed_saddle,quartic,50,0.8,1e-05,2105
