run_key,method,iter,eligible_q,scheduled,forced_final,support_size,lambda_min,eta,chosen_sign,actual_drop,required_drop,roundoff_guard,guard_dominates_theory,accepted,eig_time,probe_time,verification_time,regime,schedule,n,p,seed
schedule_ablation_powers_of_two,4V-FB,1542,1,True,False,51,0.04450507276618727,0.04944142818870401,1,-5.4281130242195275e-05,9.533972675049429e-32,5.277084562092827e-13,True,False,0.00015796000002410437,1.3100000160193304e-05,0.00019684000017150538,schedule_ablation,powers_of_two,100,0.5,1101
schedule_ablation_powers_of_two,4V-FB,1543,2,True,False,51,0.04450507267292027,0.04944142818870401,1,-5.428117337569205e-05,9.533972675049429e-32,5.277084562092823e-13,True,False,0.00010393000002295594,1.1059999906137818e-05,0.00013380999985201925,schedule_ablation,powers_of_two,100,0.5,1101
schedule_ablation_powers_of_two,4V-FB,1545,4,True,False,51,0.04450507248905851,0.04944142818870401,1,-5.428125837170228e-05,9.533972675049429e-32,5.277084562092819e-13,True,False,9.020000015880214e-05,1.1599999879763345e-05,0.00011870000003000314,schedule_ablation,powers_of_two,100,0.5,1101
schedule_ablation_powers_of_two,4V-FB,1549,8,True,False,51,0.04450507213179272,0.04944142818870401,1,-5.428142341568076e-05,9.533972675049429e-32,5.277084562092811e-13,True,False,9.285999999519845e-05,1.1070000027757487e-05,0.00012132999995628779,schedule_ablation,powers_of_two,100,0.5,1101
schedule_ablation_powers_of_two,4V-FB,1557,16,True,False,51,0.04450507145726823,0.04944142818870401,1,-5.428173459698371e-05,9.533972675049429e-32,5.277084562092797e-13,True,False,8.361000004697416e-05,1.0629999906086596e-05,0.00011085999994975282,schedule_ablation,powers_of_two,100,0.5,1101
schedule_ablation_powers_of_two,4V-FB,1573,32,True,False,51,0.044505070254681964,0.04944142818870401,1,-5.428228791259926e-05,9.533972675049429e-32,5.277084562092776e-13,True,False,8.408000007875671e-05,1.0869999869100866e-05,0.0001119799999287352,schedule_ablation,powers_of_two,100,0.5,1101
schedule_ablation_powers_of_two,4V-FB,1605,64,True,False,51,0.04450506834096381,0.04944142818870401,1,-5.428316397892985e-05,9.533972675049429e-32,5.277084562092749e-13,True,False,8.511999999427644e-05,1.0559999964243616e-05,0.00011245999985476374,schedule_ablation,powers_of_two,100,0.5,1101
schedule_ablation_powers_of_two,4V-FB,1669,128,True,False,51,0.04450506590530602,0.04944142818870401,1,-5.428426886400217e-05,9.533972675049429e-32,5.277084562092729e-13,True,False,8.483999999953085e-05,1.0559999964243616e-05,0.00011218000008739182,schedule_ablation,powers_of_two,100,0.5,1101
schedule_ablation_powers_of_two,4V-FB,1797,256,True,False,51,0.04450506389098752,0.04944142818870401,1,-5.428516909233849e-05,9.533972675049429e-32,5.277084562092722e-13,True,False,8.524000008947041e-05,1.049999991664663e-05,0.000112749999971129,schedule_ablation,powers_of_two,100,0.5,1101
schedule_ablation_powers_of_two,4V-FB,2053,512,True,False,51,0.04450506314463899,0.04944142818870401,1,-5.4285495788342075e-05,9.533972675049429e-32,5.277084562092721e-13,True,False,8.843999989949225e-05,1.6329999880326795e-05,0.00012230999982421054,schedule_ablation,powers_of_two,100,0.5,1101
schedule_ablation_powers_of_two,4V-FB,2466,925,False,True,51,0.04450506307932585,0.04944142818870401,1,-5.428552371977702e-05,9.533972675049429e-32,5.277084562092721e-13,True,False,9.359999990010692e-05,1.077000001714623e-05,0.00012240000000929285,schedule_ablation,powers_of_two,100,0.5,1101
schedule_ablation_every_eligible,4V-FB,1542,1,True,False,51,0.04450507276618727,0.04944142818870401,1,-5.4281130242195275e-05,9.533972675049429e-32,5.277084562092827e-13,True,False,0.0001247000000148546,1.2129999959142879e-05,0.00015998000003492052,schedule_ablation,every_eligible,100,0.5,1101
schedule_ablation_every_eligible,4V-FB,1543,2,True,False,51,0.04450507267292027,0.04944142818870401,1,-5.428117337569205e-05,9.533972675049429e-32,5.277084562092823e-13,True,False,9.736999982123962e-05,1.083999995898921e-05,0.0001264100001208135,schedule_ablation,every_eligible,100,0.5,1101
schedule_ablation_every_eligible,4V-FB,1544,3,True,False,51,0.04450507258054669,0.04944142818870401,1,-5.428121608375136e-05,9.533972675049429e-32,5.277084562092821e-13,True,False,8.657999978822772e-05,1.0390000170446001e-05,0.00011364000010871678,schedule_ablation,every_eligible,100,0.5,1101
schedule_ablation_every_eligible,4V-FB,1545,4,True,False,51,0.04450507248905851,0.04944142818870401,1,-5.428125837170228e-05,9.533972675049429e-32,5.277084562092819e-13,True,False,8.1659999978001e-05,1.0270000075252028e-05,0.0001079900000604539,schedule_ablation,every_eligible,100,0.5,1101
schedule_ablation_every_eligible,4V-FB,1546,5,True,False,51,0.04450507239844738,0.04944142818870401,1,-5.428130024665023e-05,9.533972675049429e-32,5.277084562092816e-13,True,False,8.002000004125875e-05,1.0129999964192393e-05,0.00010608000002321205,schedule_ablation,every_eligible,100,0.5,1101
schedule_ablation_every_eligible,4V-FB,1547,6,True,False,51,0.044505072308705276,0.04944142818870401,1,-5.428134170770704e-05,9.533972675049429e-32,5.277084562092813e-13,True,False,8.05599997875106e-05,1.0409999958937988e-05,0.0001073899998118577,schedule_ablation,every_eligible,100,0.5,1101
schedule_ablation_every_eligible,4V-FB,1548,7,True,False,51,0.04450507221982267,0.04944142818870401,1,-5.4281382761978136e-05,9.533972675049429e-32,5.277084562092812e-13,True,False,7.912000000942498e-05,1.0119999842572724e-05,0.00010502999998607265,schedule_ablation,every_eligible,100,0.5,1101
schedule_ablation_every_eligible,4V-FB,1549,8,True,False,51,0.04450507213179272,0.04944142818870401,1,-5.428142341568076e-05,9.533972675049429e-32,5.277084562092811e-13,True,False,7.845999994060548e-05,1.0440000096423319e-05,0.00010444000008646981,schedule_ablation,every_eligible,100,0.5,1101
schedule_ablation_every_eligible,4V-FB,1550,9,True,False,51,0.044505072044606145,0.04944142818870401,1,-5.42814636697031e-05,9.533972675049429e-32,5.277084562092809e-13,True,False,7.862999996177678e-05,1.001999999061809e-05,0.00010463999979037908,schedule_ablation,every_eligible,100,0.5,1101
schedule_ablation_every_eligible,4V-FB,1551,10,True,False,51,0.044505071958256176,0.04944142818870401,1,-5.428150352937422e-05,9.533972675049429e-32,5.277084562092808e-13,True,False,7.824999988770287e-05,1.0239999937766697e-05,0.00010410999993837322,schedule_ablation,every_eligible,100,0.5,1101
schedule_ablation_every_eligible,4V-FB,1552,11,True,False,51,0.044505071872733906,0.04944142818870401,1,-5.4281542997358656e-05,9.533972675049429e-32,5.277084562092804e-13,True,False,7.97100001364015e-05,1.0210000027655042e-05,0.00010573000008662348,schedule_ablation,every_eligible,100,0.5,1101
schedule_ablation_every_eligible,4V-FB,1553,12,True,False,51,0.04450507178803184,0.04944142818870401,1,-5.428158207454459e-05,9.533972675049429e-32,5.277084562092804e-13,True,False,7.86699999935081e-05,1.0279999969498022e-05,0.00010457999997015577,schedule_ablation,every_eligible,100,0.5,1101
schedule_ablation_every_eligible,4V-FB,1554,13,True,False,51,0.04450507170414224,0.04944142818870401,1,-5.4281620772478334e-05,9.533972675049429e-32,5.277084562092802e-13,True,False,7.832999995116552e-05,1.0049999900729745e-05,0.00010397999994893325,schedule_ablation,every_eligible,100,0.5,1101
schedule_ablation_every_eligible,4V-FB,1555,14,True,False,51,0.04450507162105638,0.04944142818870401,1,-5.428165908760718e-05,9.533972675049429e-32,5.277084562092801e-13,True,False,7.7739999824189e-05,1.0040000006483751e-05,0.00010307999991709949,schedule_ablation,every_eligible,100,0.5,1101
schedule_ablation_every_eligible,4V-FB,1556,15,True,False,51,0.0445050715387678,0.04944142818870401,1,-5.4281697027924736e-05,9.533972675049429e-32,5.277084562092799e-13,True,False,7.831000016267353e-05,1.0040000006483751e-05,0.0001038999998854706,schedule_ablation,every_eligible,100,0.5,1101
schedule_ablation_every_eligible,4V-FB,1557,16,True,False,51,0.04450507145726823,0.04944142818870401,1,-5.428173459698371e-05,9.533972675049429e-32,5.277084562092797e-13,True,False,8.555999988857366e-05,1.0289999863744015e-05,0.0001116999999339896,schedule_ablation,every_eligible,100,0.5,1101
schedule_ablation_every_eligible,4V-FB,1558,17,True,False,51,0.04450507137655052,0.04944142818870401,1,-5.428177179656046e-05,9.533972675049429e-32,5.277084562092796e-13,True,False,7.795999999871128e-05,1.0529999826758285e-05,0.00010404999989077623,schedule_ablation,every_eligible,100,0.5,1101
schedule_ablation_every_eligible,4V-FB,1559,18,True,False,51,0.044505071296607274,0.04944142818870401,1,-5.4281808630207706e-05,9.533972675049429e-32,5.277084562092794e-13,True,False,7.862999996177678e-05,1.0169999995923718e-05,0.00010466999992786441,schedule_ablation,every_eligible,100,0.5,1101
schedule_ablation_every_eligible,4V-FB,1560,19,True,False,51,0.04450507121743082,0.04944142818870401,1,-5.4281845101478154e-05,9.533972675049429e-32,5.277084562092793e-13,True,False,7.819000006747956e-05,1.0230000043520704e-05,0.00010444000008646981,schedule_ablation,every_eligible,100,0.5,1101
schedule_ablation_every_eligible,4V-FB,1561,20,True,False,51,0.04450507113901374,0.04944142818870401,1,-5.428188121836541e-05,9.533972675049429e-32,5.277084562092791e-13,True,False,7.864999997764244e-05,1.0180000117543386e-05,0.00010540000016590056,schedule_ablation,every_eligible,100,0.5,1101
schedule_ablation_every_eligible,4V-FB,1562,21,True,False,51,0.04450507106134817,0.04944142818870401,1,-5.428191697731677e-05,9.533972675049429e-32,5.27708456209279e-13,True,False,8.461000015813624e-05,1.0449999990669312e-05,0.00011165999990225828,schedule_ablation,every_eligible,100,0.5,1101
schedule_ablation_every_eligible,4V-FB,1563,22,True,False,51,0.04450507098442909,0.04944142818870401,1,-5.428195238632583e-05,9.533972675049429e-32,5.277084562092789e-13,True,False,7.776000006742834e-05,1.005000012810342e-05,0.00010330000009162177,schedule_ablation,every_eligible,100,0.5,1101
schedule_ablation_every_eligible,4V-FB,1564,23,True,False,51,0.04450507090824772,0.04944142818870401,1,-5.4281987447168945e-05,9.533972675049429e-32,5.277084562092788e-13,True,False,7.744000004095142e-05,9.960000170394778e-06,0.00010302999999112217,schedule_ablation,every_eligible,100,0.5,1101
schedule_ablation_every_eligible,4V-FB,1565,24,True,False,51,0.0445050708327968,0.04944142818870401,1,-5.4282022164287014e-05,9.533972675049429e-32,5.277084562092787e-13,True,False,7.768000000396569e-05,9.900000122797792e-06,0.00010309000003871915,schedule_ablation,every_eligible,100,0.5,1101
schedule_ablation_every_eligible,4V-FB,1566,25,True,False,51,0.04450507075807009,0.04944142818870401,1,-5.428205654034457e-05,9.533972675049429e-32,5.277084562092785e-13,True,False,7.732999984000344e-05,9.979999958886765e-06,0.00010263000012855628,schedule_ablation,every_eligible,100,0.5,1101
schedule_ablation_every_eligible,4V-FB,1567,26,True,False,51,0.0445050706840604,0.04944142818870401,1,-5.428209058155886e-05,9.533972675049429e-32,5.277084562092782e-13,True,False,7.720999997218314e-05,1.6510000023117755e-05,0.00010888000019804167,schedule_ablation,every_eligible,100,0.5,1101
schedule_ablation_every_eligible,4V-FB,1568,27,True,False,51,0.04450507061076048,0.04944142818870401,1,-5.4282124285265354e-05,9.533972675049429e-32,5.277084562092782e-13,True,False,7.787999993524863e-05,9.959999943021103e-06,0.00010305000000698783,schedule_ablation,every_eligible,100,0.5,1101
schedule_ablation_every_eligible,4V-FB,1569,28,True,False,51,0.044505070538164354,0.04944142818870401,1,-5.4282157657681296e-05,9.533972675049429e-32,5.277084562092782e-13,True,False,7.651000009900599e-05,9.979999958886765e-06,0.00010152999993806588,schedule_ablation,every_eligible,100,0.5,1101
schedule_ablation_every_eligible,4V-FB,1570,29,True,False,51,0.04450507046626535,0.04944142818870401,1,-5.4282190705912114e-05,9.533972675049429e-32,5.27708456209278e-13,True,False,7.600999992973811e-05,9.859999863692792e-06,0.0001012300001548283,schedule_ablation,every_eligible,100,0.5,1101
schedule_ablation_every_eligible,4V-FB,1571,30,True,False,51,0.044505070395056634,0.04944142818870401,1,-5.428222342818145e-05,9.533972675049429e-32,5.277084562092778e-13,True,False,7.699999991928053e-05,9.970000064640772e-06,0.00010211000017079641,schedule_ablation,every_eligible,100,0.5,1101
schedule_ablation_every_eligible,4V-FB,1572,31,True,False,51,0.044505070324530605,0.04944142818870401,1,-5.4282255828930204e-05,9.533972675049429e-32,5.277084562092777e-13,True,False,7.649999997738632e-05,9.910000017043785e-06,0.00010141999996449158,schedule_ablation,every_eligible,100,0.5,1101
schedule_ablation_every_eligible,4V-FB,1573,32,True,False,51,0.044505070254681964,0.04944142818870401,1,-5.428228791259926e-05,9.533972675049429e-32,5.277084562092776e-13,True,False,7.744999993519741e-05,9.899999895424116e-06,0.00010232999989057134,schedule_ablation,every_eligible,100,0.5,1101
schedule_ablation_every_eligible,4V-FB,1574,33,True,False,51,0.04450507018550377,0.04944142818870401,1,-5.4282319680076796e-05,9.533972675049429e-32,5.277084562092775e-13,True,False,7.646999983990099e-05,9.750000117492164e-06,0.00010167000004912552,schedule_ablation,every_eligible,100,0.5,1101
schedule_ablation_every_eligible,4V-FB,1575,34,True,False,51,0.04450507011698911,0.04944142818870401,1,-5.428235113491553e-05,9.533972675049429e-32,5.277084562092775e-13,True,False,7.615000004079775e-05,1.0129999964192393e-05,0.00010139999994862592,schedule_ablation,every_eligible,100,0.5,1101
schedule_ablation_every_eligible,4V-FB,1576,35,True,False,51,0.04450507004913336,0.04944142818870401,1,-5.428238228422089e-05,9.533972675049429e-32,5.277084562092773e-13,True,False,7.698000013078854e-05,9.959999943021103e-06,0.00010222000014437072,schedule_ablation,every_eligible,100,0.5,1101
schedule_ablation_every_eligible,4V-FB,1577,36,True,False,51,0.04450506998192817,0.04944142818870401,1,-5.428241312532833e-05,9.533972675049429e-32,5.277084562092772e-13,True,False,7.641000001967768e-05,1.0180000117543386e-05,0.00010188999999627413,schedule_ablation,every_eligible,100,0.5,1101
schedule_ablation_every_eligible,4V-FB,1578,37,True,False,51,0.04450506991536818,0.04944142818870401,1,-5.4282443665343294e-05,9.533972675049429e-32,5.277084562092771e-13,True,False,8.421999996244267e-05,1.042999997480365e-05,0.00010993999990205339,schedule_ablation,every_eligible,100,0.5,1101
schedule_ablation_every_eligible,4V-FB,1579,38,True,False,51,0.04450506984944738,0.04944142818870401,1,-5.428247390337759e-05,9.533972675049429e-32,5.27708456209277e-13,True,False,7.733000006737711e-05,9.979999958886765e-06,0.00010253000004922797,schedule_ablation,every_eligible,100,0.5,1101
schedule_ablation_every_eligible,4V-FB,1580,39,True,False,51,0.0445050697841604,0.04944142818870401,1,-5.42825038447603e-05,9.533972675049429e-32,5.277084562092769e-13,True,False,7.709000010436284e-05,1.0059999794975738e-05,0.00010227999996459403,schedule_ablation,every_eligible,100,0.5,1101
schedule_ablation_every_eligible,4V-FB,1581,40,True,False,51,0.04450506971949948,0.04944142818870401,1,-5.4282533493932306e-05,9.533972675049429e-32,5.277084562092767e-13,True,False,7.740999990346609e-05,1.0169999995923718e-05,0.0001029099998959282,schedule_ablation,every_eligible,100,0.5,1101
schedule_ablation_every_eligible,4V-FB,1582,41,True,False,51,0.04450506965545929,0.04944142818870401,1,-5.428256285266997e-05,9.533972675049429e-32,5.277084562092767e-13,True,False,7.664000008844596e-05,9.819999831961468e-06,0.00010130999999091728,schedule_ablation,every_eligible,100,0.5,1101
schedule_ablation_every_eligible,4V-FB,1583,42,True,False,51,0.044505069592034804,0.04944142818870401,1,-5.428259192186147e-05,9.533972675049429e-32,5.277084562092766e-13,True,False,8.305999995172897e-05,1.0200000133409048e-05,0.00010866999991776538,schedule_ablation,every_eligible,100,0.5,1101
schedule_ablation_every_eligible,4V-FB,1584,43,True,False,51,0.04450506952921911,0.04944142818870401,1,-5.4282620705059514e-05,9.533972675049429e-32,5.277084562092765e-13,True,False,7.715000015195983e-05,9.979999958886765e-06,0.0001022399999328627,schedule_ablation,every_eligible,100,0.5,1101
schedule_ablation_every_eligible,4V-FB,1585,44,True,False,51,0.04450506946700701,0.04944142818870401,1,-5.4282649206705e-05,9.533972675049429e-32,5.277084562092764e-13,True,False,7.683999979235523e-05,1.005000012810342e-05,0.00010193000002800545,schedule_ablation,every_eligible,100,0.5,1101
schedule_ablation_every_eligible,4V-FB,1586,45,True,False,51,0.04450506940539173,0.04944142818870401,1,-5.428267742679793e-05,9.533972675049429e-32,5.277084562092762e-13,True,False,7.668000012017728e-05,9.879999879558454e-06,0.00010178000002269982,schedule_ablation,every_eligible,100,0.5,1101
schedule_ablation_every_eligible,4V-FB,1587,46,True,False,51,0.04450506934436928,0.04944142818870401,1,-5.428270537155555e-05,9.533972675049429e-32,5.277084562092762e-13,True,False,7.654000000911765e-05,9.999999974752427e-06,0.00010171000008085684,schedule_ablation,every_eligible,100,0.5,1101
schedule_ablation_every_eligible,4V-FB,1588,47,True,False,51,0.044505069283932414,0.04944142818870401,1,-5.4282733042754217e-05,9.533972675049429e-32,5.277084562092762e-13,True,False,7.66100001783343e-05,1.0029999884864083e-05,0.00010165000003325986,schedule_ablation,every_eligible,100,0.5,1101
schedule_ablation_every_eligible,4V-FB,1589,48,True,False,51,0.04450506922407593,0.04944142818870401,1,-5.428276044128211e-05,9.533972675049429e-32,5.27708456209276e-13,True,False,7.80099999246886e-05,9.95000004877511e-06,0.00010324999993827078,schedule_ablation,every_eligible,100,0.5,1101
schedule_ablation_every_eligible,4V-FB,1590,49,True,False,51,0.04450506916479503,0.04944142818870401,1,-5.428278756980376e-05,9.533972675049429e-32,5.27708456209276e-13,True,False,7.714999992458615e-05,9.770000133357826e-06,0.00010183999984292313,schedule_ablation,every_eligible,100,0.5,1101
schedule_ablation_every_eligible,4V-FB,1591,50,True,False,51,0.04450506910608333,0.04944142818870401,1,-5.42828144354246e-05,9.533972675049429e-32,5.277084562092759e-13,True,False,7.660999995096063e-05,9.999999974752427e-06,0.00010154000005968555,schedule_ablation,every_eligible,100,0.5,1101
schedule_ablation_every_eligible,4V-FB,1592,51,True,False,51,0.04450506904793575,0.04944142818870401,1,-5.4282841032815554e-05,9.533972675049429e-32,5.277084562092759e-13,True,False,7.72800001413998e-05,9.999999974752427e-06,0.00010261000011269061,schedule_ablation,every_eligible,100,0.5,1101
schedule_ablation_every_eligible,4V-FB,1593,52,True,False,51,0.0445050689903467,0.04944142818870401,1,-5.428286737263477e-05,9.533972675049429e-32,5.277084562092757e-13,True,False,7.650000020476e-05,9.930000032909447e-06,0.00010167000004912552,schedule_ablation,every_eligible,100,0.5,1101
schedule_ablation_every_eligible,4V-FB,1594,53,True,False,51,0.04450506893331113,0.04944142818870401,1,-5.4282893452217706e-05,9.533972675049429e-32,5.277084562092757e-13,True,False,8.603000014772988e-05,1.025999995363236e-05,0.00011195000001862354,schedule_ablation,every_eligible,100,0.5,1101
schedule_ablation_every_eligible,4V-FB,1595,54,True,False,51,0.044505068876823775,0.04944142818870401,1,-5.428291927600526e-05,9.533972675049429e-32,5.277084562092757e-13,True,False,7.67300000461546e-05,9.989999853132758e-06,0.00010195999993811711,schedule_ablation,every_eligible,100,0.5,1101
schedule_ablation_every_eligible,4V-FB,1596,55,True,False,51,0.04450506882087921,0.04944142818870401,1,-5.428294484666196e-05,9.533972675049429e-32,5.277084562092756e-13,True,False,7.6459999945655e-05,9.729999874252826e-06,0.00010122999992745463,schedule_ablation,every_eligible,100,0.5,1101
schedule_ablation_every_eligible,4V-FB,1597,56,True,False,51,0.04450506876547243,0.04944142818870401,1,-5.428297016685235e-05,9.533972675049429e-32,5.277084562092755e-13,True,False,7.639000000381202e-05,9.890000001178123e-06,0.00010153999983231188,schedule_ablation,every_eligible,100,0.5,1101
schedule_ablation_every_eligible,4V-FB,1598,57,True,False,51,0.04450506871059792,0.04944142818870401,1,-5.428299523835278e-05,9.533972675049429e-32,5.277084562092753e-13,True,False,7.63499999720807e-05,9.830000180954812e-06,0.00010137999993276026,schedule_ablation,every_eligible,100,0.5,1101
schedule_ablation_every_eligible,4V-FB,1599,58,True,False,51,0.044505068656250785,0.04944142818870401,1,-5.428302006293961e-05,9.533972675049429e-32,5.277084562092753e-13,True,False,8.247999994637212e-05,1.0080000038215076e-05,0.00010814999996000552,schedule_ablation,every_eligible,100,0.5,1101
schedule_ablation_every_eligible,4V-FB,1600,59,True,False,51,0.04450506860242623,0.04944142818870401,1,-5.428304464327738e-05,9.533972675049429e-32,5.277084562092753e-13,True,False,7.68499999139749e-05,9.76999990598415e-06,0.00010165000003325986,schedule_ablation,every_eligible,100,0.5,1101
schedule_ablation_every_eligible,4V-FB,1601,60,True,False,51,0.04450506854911834,0.04944142818870401,1,-5.428306898291879e-05,9.533972675049429e-32,5.277084562092753e-13,True,False,7.682000000386324e-05,9.849999969446799e-06,0.00010176000000683416,schedule_ablation,every_eligible,100,0.5,1101
schedule_ablation_every_eligible,4V-FB,1602,61,True,False,51,0.044505068496323366,0.04944142818870401,1,-5.428309308275203e-05,9.533972675049429e-32,5.277084562092753e-13,True,False,7.632999995621503e-05,9.910000017043785e-06,0.00010118000000147731,schedule_ablation,every_eligible,100,0.5,1101
schedule_ablation_every_eligible,4V-FB,1603,62,True,False,51,0.044505068444035664,0.04944142818870401,1,-5.428311694899435e-05,9.533972675049429e-32,5.277084562092751e-13,True,False,7.638000010956603e-05,9.729999874252826e-06,0.0001009600000543287,schedule_ablation,every_eligible,100,0.5,1101
schedule_ablation_every_eligible,4V-FB,1604,63,True,False,51,0.04450506839225073,0.04944142818870401,1,-5.4283140578981204e-05,9.533972675049429e-32,5.27708456209275e-13,True,False,7.591000007778348e-05,9.76999990598415e-06,0.00010066000004371745,schedule_ablation,every_eligible,100,0.5,1101
schedule_ablation_every_eligible,4V-FB,1605,64,True,False,51,0.04450506834096381,0.04944142818870401,1,-5.428316397892985e-05,9.533972675049429e-32,5.277084562092749e-13,True,False,7.758000015201105e-05,9.929999805535772e-06,0.0001027900000281079,schedule_ablation,every_eligible,100,0.5,1101
schedule_ablation_every_eligible,4V-FB,1606,65,True,False,51,0.04450506829017037,0.04944142818870401,1,-5.4283187147952106e-05,9.533972675049429e-32,5.277084562092748e-13,True,False,7.613999991917808e-05,9.920000138663454e-06,0.00010102000010192569,schedule_ablation,every_eligible,100,0.5,1101
schedule_ablation_every_eligible,4V-FB,1607,66,True,False,51,0.04450506823986483,0.04944142818870401,1,-5.428321008782433e-05,9.533972675049429e-32,5.277084562092748e-13,True,False,7.666000010431162e-05,9.949999821401434e-06,0.00010149999980058055,schedule_ablation,every_eligible,100,0.5,1101
schedule_ablation_every_eligible,4V-FB,1608,67,True,False,51,0.04450506819004317,0.04944142818870401,1,-5.4283232802099235e-05,9.533972675049429e-32,5.277084562092748e-13,True,False,7.604999996146944e-05,9.890000001178123e-06,0.0001009600000543287,schedule_ablation,every_eligible,100,0.5,1101
schedule_ablation_every_eligible,4V-FB,1609,68,True,False,51,0.044505068140700044,0.04944142818870401,1,-5.428325529699407e-05,9.533972675049429e-32,5.277084562092747e-13,True,False,7.617000005666341e-05,9.960000170394778e-06,0.0001008500000807544,schedule_ablation,every_eligible,100,0.5,1101
schedule_ablation_every_eligible,4V-FB,1610,69,True,False,51,0.04450506809183201,0.04944142818870401,1,-5.428327757073248e-05,9.533972675049429e-32,5.277084562092746e-13,True,False,7.774999994580867e-05,9.959999943021103e-06,0.00010928000006060756,schedule_ablation,every_eligible,100,0.5,1101
schedule_ablation_every_eligible,4V-FB,1611,70,True,False,51,0.04450506804343318,0.04944142818870401,1,-5.428329962331446e-05,9.533972675049429e-32,5.277084562092745e-13,True,False,7.68900001730799e-05,1.0099999826707062e-05,0.00010195999993811711,schedule_ablation,every_eligible,100,0.5,1101
schedule_ablation_every_eligible,4V-FB,1612,71,True,False,51,0.044505067995499886,0.04944142818870401,1,-5.428332145918091e-05,9.533972675049429e-32,5.277084562092746e-13,True,False,7.669000001442328e-05,9.930000032909447e-06,0.0001015799998640432,schedule_ablation,every_eligible,100,0.5,1101
schedule_ablation_every_eligible,4V-FB,1613,72,True,False,51,0.044505067948028165,0.04944142818870401,1,-5.428334308277272e-05,9.533972675049429e-32,5.277084562092745e-13,True,False,7.67300000461546e-05,9.990000080506434e-06,0.00010182000005443115,schedule_ablation,every_eligible,100,0.5,1101
schedule_ablation_every_eligible,4V-FB,1614,73,True,False,51,0.044505067901013134,0.04944142818870401,1,-5.4283364492313524e-05,9.533972675049429e-32,5.277084562092745e-13,True,False,7.664999998269195e-05,9.88000010693213e-06,0.00010158000009141688,schedule_ablation,every_eligible,100,0.5,1101
schedule_ablation_every_eligible,4V-FB,1615,74,True,False,51,0.04450506785444913,0.04944142818870401,1,-5.428338569490876e-05,9.533972675049429e-32,5.277084562092744e-13,True,False,8.363000006283983e-05,1.0159999874304049e-05,0.00010911999993368227,schedule_ablation,every_eligible,100,0.5,1101
schedule_ablation_every_eligible,4V-FB,1616,75,True,False,51,0.04450506780833395,0.04944142818870401,1,-5.428340668434117e-05,9.533972675049429e-32,5.277084562092745e-13,True,False,7.709999999860884e-05,9.930000032909447e-06,0.00010204000000157976,schedule_ablation,every_eligible,100,0.5,1101
schedule_ablation_every_eligible,4V-FB,1617,76,True,False,51,0.04450506776266247,0.04944142818870401,1,-5.4283427472157086e-05,9.533972675049429e-32,5.277084562092744e-13,True,False,7.63400000778347e-05,9.910000017043785e-06,0.00010111999995388032,schedule_ablation,every_eligible,100,0.5,1101
schedule_ablation_every_eligible,4V-FB,1618,77,True,False,51,0.04450506771743026,0.04944142818870401,1,-5.4283448054803785e-05,9.533972675049429e-32,5.277084562092743e-13,True,False,7.63400000778347e-05,9.850000196820474e-06,0.00010104000011779135,schedule_ablation,every_eligible,100,0.5,1101
schedule_ablation_every_eligible,4V-FB,1619,78,True,False,51,0.04450506767263264,0.04944142818870401,1,-5.42834684349458e-05,9.533972675049429e-32,5.277084562092743e-13,True,False,7.666000010431162e-05,9.990000080506434e-06,0.00010167999994337151,schedule_ablation,every_eligible,100,0.5,1101
schedule_ablation_every_eligible,4V-FB,1620,79,True,False,51,0.0445050676282662,0.04944142818870401,1,-5.42834886143595e-05,9.533972675049429e-32,5.277084562092743e-13,True,False,7.683000012548291e-05,9.890000001178123e-06,0.0001014599999962229,schedule_ablation,every_eligible,100,0.5,1101
schedule_ablation_every_eligible,4V-FB,1621,80,True,False,51,0.04450506758432653,0.04944142818870401,1,-5.4283508596597585e-05,9.533972675049429e-32,5.277084562092742e-13,True,False,7.758000015201105e-05,1.001999999061809e-05,0.00010283000005983922,schedule_ablation,every_eligible,100,0.5,1101
schedule_ablation_every_eligible,4V-FB,1622,81,True,False,51,0.044505067540810295,0.04944142818870401,1,-5.428352838254824e-05,9.533972675049429e-32,5.277084562092742e-13,True,False,7.66200000725803e-05,9.869999985312461e-06,0.00010144999987460324,schedule_ablation,every_eligible,100,0.5,1101
schedule_ablation_every_eligible,4V-FB,1623,82,True,False,51,0.04450506749771166,0.04944142818870401,1,-5.428354797398782e-05,9.533972675049429e-32,5.27708456209274e-13,True,False,7.644000015716301e-05,9.829999953581137e-06,0.00010134000012840261,schedule_ablation,every_eligible,100,0.5,1101
schedule_ablation_every_eligible,4V-FB,1624,83,True,False,51,0.04450506745502851,0.04944142818870401,1,-5.428356737180451e-05,9.533972675049429e-32,5.27708456209274e-13,True,False,7.662999996682629e-05,9.910000017043785e-06,0.00010161000000152853,schedule_ablation,every_eligible,100,0.5,1101
schedule_ablation_every_eligible,4V-FB,1625,84,True,False,51,0.04450506741275553,0.04944142818870401,1,-5.428358658043919e-05,9.533972675049429e-32,5.277084562092741e-13,True,False,7.641000001967768e-05,9.869999985312461e-06,0.00010133999990102893,schedule_ablation,every_eligible,100,0.5,1101
schedule_ablation_every_eligible,4V-FB,1626,85,True,False,51,0.04450506737089037,0.04944142818870401,1,-5.428360560166823e-05,9.533972675049429e-32,5.277084562092741e-13,True,False,7.716999994045182e-05,9.749999890118488e-06,0.00010199000007560244,schedule_ablation,every_eligible,100,0.5,1101
schedule_ablation_every_eligible,4V-FB,1627,86,True,False,51,0.044505067329426676,0.04944142818870401,1,-5.428362443460344e-05,9.533972675049429e-32,5.277084562092739e-13,True,False,7.630000004610338e-05,9.820000059335143e-06,0.0001007999999274034,schedule_ablation,every_eligible,100,0.5,1101
schedule_ablation_every_eligible,4V-FB,1628,87,True,False,51,0.04450506728836272,0.04944142818870401,1,-5.4283643084573896e-05,9.533972675049429e-32,5.277084562092739e-13,True,False,7.602000005135778e-05,9.869999985312461e-06,0.00010100999998030602,schedule_ablation,every_eligible,100,0.5,1101
schedule_ablation_every_eligible,4V-FB,1629,88,True,False,51,0.04450506724769414,0.04944142818870401,1,-5.428366155069142e-05,9.533972675049429e-32,5.277084562092738e-13,True,False,7.63499999720807e-05,9.919999911289779e-06,0.00010145000010197691,schedule_ablation,every_eligible,100,0.5,1101
schedule_ablation_every_eligible,4V-FB,1630,89,True,False,51,0.0445050672074163,0.04944142818870401,1,-5.428367983384419e-05,9.533972675049429e-32,5.277084562092739e-13,True,False,7.660000005671463e-05,1.0010000096372096e-05,0.00010141000007024559,schedule_ablation,every_eligible,100,0.5,1101
schedule_ablation_every_eligible,4V-FB,1631,90,True,False,51,0.04450506716752714,0.04944142818870401,1,-5.428369794113763e-05,9.533972675049429e-32,5.277084562092737e-13,True,False,8.35900000311085e-05,1.0169999995923718e-05,0.00010906000011345895,schedule_ablation,every_eligible,100,0.5,1101
schedule_ablation_every_eligible,4V-FB,1632,91,True,False,51,0.04450506712802124,0.04944142818870401,1,-5.42837158663545e-05,9.533972675049429e-32,5.277084562092738e-13,True,False,7.671999992453493e-05,9.76999990598415e-06,0.00010141999996449158,schedule_ablation,every_eligible,100,0.5,1101
schedule_ablation_every_eligible,4V-FB,1633,92,True,False,51,0.0445050670888955,0.04944142818870401,1,-5.4283733616600216e-05,9.533972675049429e-32,5.277084562092738e-13,True,False,7.639999989805801e-05,1.0090000159834744e-05,0.00010141000007024559,schedule_ablation,every_eligible,100,0.5,1101
schedule_ablation_every_eligible,4V-FB,1634,93,True,False,51,0.04450506705014712,0.04944142818870401,1,-5.428375119365114e-05,9.533972675049429e-32,5.277084562092738e-13,True,False,7.692999997743755e-05,9.959999943021103e-06,0.00010200999986409442,schedule_ablation,every_eligible,100,0.5,1101
schedule_ablation_every_eligible,4V-FB,1635,94,True,False,51,0.04450506701177133,0.04944142818870401,1,-5.4283768598395454e-05,9.533972675049429e-32,5.277084562092738e-13,True,False,7.694999999330321e-05,9.829999953581137e-06,0.00010165000003325986,schedule_ablation,every_eligible,100,0.5,1101
schedule_ablation_every_eligible,4V-FB,1636,95,True,False,51,0.04450506697376487,0.04944142818870401,1,-5.428378583349769e-05,9.533972675049429e-32,5.277084562092737e-13,True,False,7.644999982403533e-05,9.820000059335143e-06,0.00010111000005963433,schedule_ablation,every_eligible,100,0.5,1101
schedule_ablation_every_eligible,4V-FB,1637,96,True,False,51,0.04450506693612458,0.04944142818870401,1,-5.4283802898957845e-05,9.533972675049429e-32,5.277084562092736e-13,True,False,7.751999987704039e-05,9.95000004877511e-06,0.00010264000002280227,schedule_ablation,every_eligible,100,0.5,1101
schedule_ablation_every_eligible,4V-FB,1638,97,True,False,51,0.04450506689884609,0.04944142818870401,1,-5.428381979477592e-05,9.533972675049429e-32,5.277084562092736e-13,True,False,7.664999998269195e-05,9.910000017043785e-06,0.0001015799998640432,schedule_ablation,every_eligible,100,0.5,1101
schedule_ablation_every_eligible,4V-FB,1639,98,True,False,51,0.04450506686192682,0.04944142818870401,1,-5.4283836525392815e-05,9.533972675049429e-32,5.277084562092736e-13,True,False,7.580000010420918e-05,9.840000075200805e-06,0.00010042999997494917,schedule_ablation,every_eligible,100,0.5,1101
schedule_ablation_every_eligible,4V-FB,1640,99,True,False,51,0.04450506682536322,0.04944142818870401,1,-5.42838530916967e-05,9.533972675049429e-32,5.277084562092736e-13,True,False,7.600000003549212e-05,9.890000001178123e-06,0.00010094000003846304,schedule_ablation,every_eligible,100,0.5,1101
schedule_ablation_every_eligible,4V-FB,1641,100,True,False,51,0.0445050667891517,0.04944142818870401,1,-5.428386949724029e-05,9.533972675049429e-32,5.277084562092734e-13,True,False,7.591999997202947e-05,9.95000004877511e-06,0.00010081000004902307,schedule_ablation,every_eligible,100,0.5,1101
schedule_ablation_every_eligible,4V-FB,1642,101,True,False,51,0.0445050667532893,0.04944142818870401,1,-5.428388573935905e-05,9.533972675049429e-32,5.277084562092736e-13,True,False,7.699000002503453e-05,9.849999969446799e-06,0.00010202999987996009,schedule_ablation,every_eligible,100,0.5,1101
schedule_ablation_every_eligible,4V-FB,1643,102,True,False,51,0.04450506671777116,0.04944142818870401,1,-5.428390182338205e-05,9.533972675049429e-32,5.277084562092734e-13,True,False,7.697999990341486e-05,9.959999943021103e-06,0.00010218000011263939,schedule_ablation,every_eligible,100,0.5,1101
schedule_ablation_every_eligible,4V-FB,1644,103,True,False,51,0.044505066682595795,0.04944142818870401,1,-5.4283917750197475e-05,9.533972675049429e-32,5.277084562092734e-13,True,False,7.671999992453493e-05,9.849999969446799e-06,0.00010169999995923718,schedule_ablation,every_eligible,100,0.5,1101
schedule_ablation_every_eligible,4V-FB,1645,104,True,False,51,0.04450506664775883,0.04944142818870401,1,-5.428393351891714e-05,9.533972675049429e-32,5.277084562092734e-13,True,False,7.611000000906643e-05,9.829999953581137e-06,0.00010072000009131443,schedule_ablation,every_eligible,100,0.5,1101
schedule_ablation_every_eligible,4V-FB,1646,105,True,False,51,0.04450506661325812,0.04944142818870401,1,-5.4283949133093756e-05,9.533972675049429e-32,5.277084562092734e-13,True,False,7.590000018353749e-05,9.959999943021103e-06,0.00010082000017064274,schedule_ablation,every_eligible,100,0.5,1101
schedule_ablation_every_eligible,4V-FB,1647,106,True,False,51,0.04450506657908862,0.04944142818870401,1,-5.428396459716822e-05,9.533972675049429e-32,5.277084562092733e-13,True,False,8.297999988826632e-05,1.0299999985363684e-05,0.00010844999997061677,schedule_ablation,every_eligible,100,0.5,1101
schedule_ablation_every_eligible,4V-FB,1648,107,True,False,51,0.04450506654524958,0.04944142818870401,1,-5.4283979904923285e-05,9.533972675049429e-32,5.277084562092733e-13,True,False,7.66200000725803e-05,9.93999992715544e-06,0.0001013599999168946,schedule_ablation,every_eligible,100,0.5,1101
schedule_ablation_every_eligible,4V-FB,1649,108,True,False,51,0.04450506651173523,0.04944142818870401,1,-5.428399506612891e-05,9.533972675049429e-32,5.277084562092732e-13,True,False,7.696000011492288e-05,9.969999837267096e-06,0.00010210000004917674,schedule_ablation,every_eligible,100,0.5,1101
schedule_ablation_every_eligible,4V-FB,1650,109,True,False,51,0.04450506647854452,0.04944142818870401,1,-5.4284010075456024e-05,9.533972675049429e-32,5.277084562092733e-13,True,False,7.759000004625705e-05,9.959999943021103e-06,0.0001025100000333623,schedule_ablation,every_eligible,100,0.5,1101
schedule_ablation_every_eligible,4V-FB,1651,110,True,False,51,0.04450506644567301,0.04944142818870401,1,-5.42840249382337e-05,9.533972675049429e-32,5.277084562092732e-13,True,False,7.677999997213192e-05,1.0109999948326731e-05,0.00010205000012319942,schedule_ablation,every_eligible,100,0.5,1101
schedule_ablation_every_eligible,4V-FB,1652,111,True,False,51,0.04450506641311841,0.04944142818870401,1,-5.428403965623829e-05,9.533972675049429e-32,5.277084562092732e-13,True,False,7.648000018889434e-05,1.0080000038215076e-05,0.00010168000017074519,schedule_ablation,every_eligible,100,0.5,1101
schedule_ablation_every_eligible,4V-FB,1653,112,True,False,51,0.044505066380877534,0.04944142818870401,1,-5.428405423124616e-05,9.533972675049429e-32,5.277084562092731e-13,True,False,7.784000013089099e-05,1.0080000038215076e-05,0.0001032899999700021,schedule_ablation,every_eligible,100,0.5,1101
schedule_ablation_every_eligible,4V-FB,1654,113,True,False,51,0.044505066348947186,0.04944142818870401,1,-5.428406865792823e-05,9.533972675049429e-32,5.277084562092732e-13,True,False,7.720999997218314e-05,9.840000075200805e-06,0.00010216999999101972,schedule_ablation,every_eligible,100,0.5,1101
schedule_ablation_every_eligible,4V-FB,1655,114,True,False,51,0.04450506631732429,0.04944142818870401,1,-5.428408294605447e-05,9.533972675049429e-32,5.277084562092732e-13,True,False,7.630000004610338e-05,9.800000043469481e-06,0.00010098000007019436,schedule_ablation,every_eligible,100,0.5,1101
schedule_ablation_every_eligible,4V-FB,1656,115,True,False,51,0.04450506628600648,0.04944142818870401,1,-5.4284097094736694e-05,9.533972675049429e-32,5.277084562092731e-13,True,False,7.59099998504098e-05,9.739999995872495e-06,0.00010064999992209778,schedule_ablation,every_eligible,100,0.5,1101
schedule_ablation_every_eligible,4V-FB,1657,116,True,False,51,0.04450506625499015,0.04944142818870401,1,-5.428411110397491e-05,9.533972675049429e-32,5.277084562092731e-13,True,False,7.671999992453493e-05,9.860000091066468e-06,0.00010171999997510284,schedule_ablation,every_eligible,100,0.5,1101
schedule_ablation_every_eligible,4V-FB,1658,117,True,False,51,0.044505066224272805,0.04944142818870401,1,-5.428412497554547e-05,9.533972675049429e-32,5.277084562092731e-13,True,False,7.747000017843675e-05,1.001999999061809e-05,0.00010264000002280227,schedule_ablation,every_eligible,100,0.5,1101
schedule_ablation_every_eligible,4V-FB,1659,118,True,False,51,0.044505066193851375,0.04944142818870401,1,-5.4284138712112906e-05,9.533972675049429e-32,5.27708456209273e-13,True,False,7.697999990341486e-05,1.0040000006483751e-05,0.00010204000000157976,schedule_ablation,every_eligible,100,0.5,1101
schedule_ablation_every_eligible,4V-FB,1660,119,True,False,51,0.04450506616372314,0.04944142818870401,1,-5.428415231190087e-05,9.533972675049429e-32,5.277084562092731e-13,True,False,7.656000002498331e-05,1.0139999858438387e-05,0.00010182999994867714,schedule_ablation,every_eligible,100,0.5,1101
schedule_ablation_every_eligible,4V-FB,1661,120,True,False,51,0.04450506613388529,0.04944142818870401,1,-5.428416577757389e-05,9.533972675049429e-32,5.277084562092731e-13,True,False,7.667999989280361e-05,9.869999985312461e-06,0.00010153999983231188,schedule_ablation,every_eligible,100,0.5,1101
schedule_ablation_every_eligible,4V-FB,1662,121,True,False,51,0.04450506610433477,0.04944142818870401,1,-5.428417911268468e-05,9.533972675049429e-32,5.277084562092731e-13,True,False,7.682000000386324e-05,9.900000122797792e-06,0.00010167000004912552,schedule_ablation,every_eligible,100,0.5,1101
schedule_ablation_every_eligible,4V-FB,1663,122,True,False,51,0.04450506607506957,0.04944142818870401,1,-5.428419231723325e-05,9.533972675049429e-32,5.27708456209273e-13,True,False,8.33600001897139e-05,1.0099999826707062e-05,0.00010896000003413064,schedule_ablation,every_eligible,100,0.5,1101
schedule_ablation_every_eligible,4V-FB,1664,123,True,False,51,0.044505066046086075,0.04944142818870401,1,-5.4284205391219587e-05,9.533972675049429e-32,5.27708456209273e-13,True,False,7.664999998269195e-05,9.840000075200805e-06,0.00010156999996979721,schedule_ablation,every_eligible,100,0.5,1101
schedule_ablation_every_eligible,4V-FB,1665,124,True,False,51,0.04450506601738209,0.04944142818870401,1,-5.428421833819641e-05,9.533972675049429e-32,5.27708456209273e-13,True,False,7.644999982403533e-05,1.0139999858438387e-05,0.0001018499999645428,schedule_ablation,every_eligible,100,0.5,1101
schedule_ablation_every_eligible,4V-FB,1666,125,True,False,51,0.04450506598895439,0.04944142818870401,1,-5.428423115727554e-05,9.533972675049429e-32,5.277084562092729e-13,True,False,7.627000013599172e-05,9.990000080506434e-06,0.00010116999987985764,schedule_ablation,every_eligible,100,0.5,1101
schedule_ablation_every_eligible,4V-FB,1667,126,True,False,51,0.04450506596080134,0.04944142818870401,1,-5.428424385023334e-05,9.533972675049429e-32,5.277084562092729e-13,True,False,7.647000006727467e-05,9.930000032909447e-06,0.00010141000007024559,schedule_ablation,every_eligible,100,0.5,1101
schedule_ablation_every_eligible,4V-FB,1668,127,True,False,51,0.04450506593291938,0.04944142818870401,1,-5.4284256418846155e-05,9.533972675049429e-32,5.277084562092729e-13,True,False,7.692999997743755e-05,1.001999999061809e-05,0.0001020100000914681,schedule_ablation,every_eligible,100,0.5,1101
schedule_ablation_every_eligible,4V-FB,1669,128,True,False,51,0.04450506590530602,0.04944142818870401,1,-5.428426886400217e-05,9.533972675049429e-32,5.277084562092729e-13,True,False,7.694000009905722e-05,1.0089999932461069e-05,0.00010208999992755707,schedule_ablation,every_eligible,100,0.5,1101
schedule_ablation_every_eligible,4V-FB,1670,129,True,False,51,0.04450506587795912,0.04944142818870401,1,-5.428428118658957e-05,9.533972675049429e-32,5.277084562092729e-13,True,False,7.62300001042604e-05,9.849999969446799e-06,0.00010119000012309698,schedule_ablation,every_eligible,100,0.5,1101
schedule_ablation_every_eligible,4V-FB,1671,130,True,False,51,0.044505065850875894,0.04944142818870401,1,-5.42842933883847e-05,9.533972675049429e-32,5.277084562092729e-13,True,False,7.653000011487165e-05,9.979999958886765e-06,0.0001014599999962229,schedule_ablation,every_eligible,100,0.5,1101
schedule_ablation_every_eligible,4V-FB,1672,131,True,False,51,0.04450506582405357,0.04944142818870401,1,-5.428430547116392e-05,9.533972675049429e-32,5.277084562092729e-13,True,False,7.66200000725803e-05,9.879999879558454e-06,0.00010133999990102893,schedule_ablation,every_eligible,100,0.5,1101
schedule_ablation_every_eligible,4V-FB,1673,132,True,False,51,0.04450506579749,0.04944142818870401,1,-5.428431743581541e-05,9.533972675049429e-32,5.277084562092727e-13,True,False,7.59600000037608e-05,9.869999985312461e-06,0.00010077000001729175,schedule_ablation,every_eligible,100,0.5,1101
schedule_ablation_every_eligible,4V-FB,1674,133,True,False,51,0.044505065771182475,0.04944142818870401,1,-5.4284329281450994e-05,9.533972675049429e-32,5.277084562092728e-13,True,False,7.72389998928702e-05,9.890000001178123e-06,0.00010242899998047506,schedule_ablation,every_eligible,100,0.5,1101
schedule_ablation_every_eligible,4V-FB,1675,134,True,False,51,0.04450506574512887,0.04944142818870401,1,-5.428434100895885e-05,9.533972675049429e-32,5.277084562092729e-13,True,False,7.630999994034937e-05,9.800000043469481e-06,0.00010105000001203734,schedule_ablation,every_eligible,100,0.5,1101
schedule_ablation_every_eligible,4V-FB,1676,135,True,False,51,0.044505065719326706,0.04944142818870401,1,-5.42843526254444e-05,9.533972675049429e-32,5.277084562092727e-13,True,False,7.647999996152066e-05,9.719999980006833e-06,0.000101070000027903,schedule_ablation,every_eligible,100,0.5,1101
schedule_ablation_every_eligible,4V-FB,1677,136,True,False,51,0.04450506569377248,0.04944142818870401,1,-5.428436412557858e-05,9.533972675049429e-32,5.277084562092728e-13,True,False,7.602999994560378e-05,9.930000032909447e-06,0.00010087000009662006,schedule_ablation,every_eligible,100,0.5,1101
schedule_ablation_every_eligible,4V-FB,1678,137,True,False,51,0.04450506566846521,0.04944142818870401,1,-5.4284375513802274e-05,9.533972675049429e-32,5.277084562092727e-13,True,False,7.611000000906643e-05,9.800000043469481e-06,0.00010075000000142609,schedule_ablation,every_eligible,100,0.5,1101
schedule_ablation_every_eligible,4V-FB,1679,138,True,False,51,0.04450506564340215,0.04944142818870401,1,-5.428438679011549e-05,9.533972675049429e-32,5.277084562092727e-13,True,False,8.273000003100606e-05,9.930000032909447e-06,0.00010788000008687959,schedule_ablation,every_eligible,100,0.5,1101
schedule_ablation_every_eligible,4V-FB,1680,139,True,False,51,0.04450506561858063,0.04944142818870401,1,-5.4284397954518226e-05,9.533972675049429e-32,5.277084562092727e-13,True,False,7.677999997213192e-05,9.979999958886765e-06,0.00010175000011258817,schedule_ablation,every_eligible,100,0.5,1101
schedule_ablation_every_eligible,4V-FB,1681,140,True,False,51,0.04450506559399868,0.04944142818870401,1,-5.428440901233955e-05,9.533972675049429e-32,5.277084562092727e-13,True,False,7.665999987693795e-05,9.840000075200805e-06,0.00010149000013370824,schedule_ablation,every_eligible,100,0.5,1101
schedule_ablation_every_eligible,4V-FB,1682,141,True,False,51,0.04450506556965304,0.04944142818870401,1,-5.4284419958250396e-05,9.533972675049429e-32,5.277084562092727e-13,True,False,7.626999990861805e-05,9.860000091066468e-06,0.000101070000027903,schedule_ablation,every_eligible,100,0.5,1101
schedule_ablation_every_eligible,4V-FB,1683,142,True,False,51,0.04450506554554336,0.04944142818870401,1,-5.428443079846801e-05,9.533972675049429e-32,5.277084562092727e-13,True,False,7.632000006196904e-05,9.899999895424116e-06,0.00010100999998030602,schedule_ablation,every_eligible,100,0.5,1101
schedule_ablation_every_eligible,4V-FB,1684,143,True,False,51,0.044505065521665804,0.04944142818870401,1,-5.428444153299239e-05,9.533972675049429e-32,5.277084562092726e-13,True,False,7.669000001442328e-05,1.0049999900729745e-05,0.00010203000010733376,schedule_ablation,every_eligible,100,0.5,1101
schedule_ablation_every_eligible,4V-FB,1685,144,True,False,51,0.044505065498018456,0.04944142818870401,1,-5.4284452159159e-05,9.533972675049429e-32,5.277084562092727e-13,True,False,7.746000005681708e-05,1.0100000054080738e-05,0.00010282999983246555,schedule_ablation,every_eligible,100,0.5,1101
schedule_ablation_every_eligible,4V-FB,1686,145,True,False,51,0.04450506547459969,0.04944142818870401,1,-5.42844626831851e-05,9.533972675049429e-32,5.277084562092727e-13,True,False,7.694000009905722e-05,1.0060000022349413e-05,0.00010206000001744542,schedule_ablation,every_eligible,100,0.5,1101
schedule_ablation_every_eligible,4V-FB,1687,146,True,False,51,0.04450506545140605,0.04944142818870401,1,-5.428447310240614e-05,9.533972675049429e-32,5.277084562092727e-13,True,False,7.611000000906643e-05,9.999999974752427e-06,0.00010116999987985764,schedule_ablation,every_eligible,100,0.5,1101
schedule_ablation_every_eligible,4V-FB,1688,147,True,False,51,0.044505065428436616,0.04944142818870401,1,-5.42844834221512e-05,9.533972675049429e-32,5.277084562092727e-13,True,False,7.63499999720807e-05,9.730000101626501e-06,0.00010090000000673172,schedule_ablation,every_eligible,100,0.5,1101
schedule_ablation_every_eligible,4V-FB,1689,148,True,False,51,0.04450506540568924,0.04944142818870401,1,-5.428449363886756e-05,9.533972675049429e-32,5.277084562092727e-13,True,False,7.666999999855761e-05,9.859999863692792e-06,0.0001013500000226486,schedule_ablation,every_eligible,100,0.5,1101
schedule_ablation_every_eligible,4V-FB,1690,149,True,False,51,0.04450506538316043,0.04944142818870401,1,-5.428450375610794e-05,9.533972675049429e-32,5.277084562092725e-13,True,False,7.707999998274317e-05,9.869999985312461e-06,0.00010215999986940005,schedule_ablation,every_eligible,100,0.5,1101
schedule_ablation_every_eligible,4V-FB,1691,150,True,False,51,0.04450506536084918,0.04944142818870401,1,-5.428451377209598e-05,9.533972675049429e-32,5.277084562092726e-13,True,False,7.678999986637791e-05,9.949999821401434e-06,0.00010180000003856549,schedule_ablation,every_eligible,100,0.5,1101
schedule_ablation_every_eligible,4V-FB,1692,151,True,False,51,0.04450506533875348,0.04944142818870401,1,-5.428452369038439e-05,9.533972675049429e-32,5.277084562092726e-13,True,False,7.690999996157188e-05,9.779999800230144e-06,0.0001016200001231482,schedule_ablation,every_eligible,100,0.5,1101
schedule_ablation_every_eligible,4V-FB,1693,152,True,False,51,0.04450506531687122,0.04944142818870401,1,-5.428453351363771e-05,9.533972675049429e-32,5.277084562092725e-13,True,False,7.6450000051409e-05,1.001999999061809e-05,0.00010111000005963433,schedule_ablation,every_eligible,100,0.5,1101
schedule_ablation_every_eligible,4V-FB,1694,153,True,False,51,0.04450506529519982,0.04944142818870401,1,-5.428454323830323e-05,9.533972675049429e-32,5.277084562092726e-13,True,False,7.615999993504374e-05,9.869999985312461e-06,0.00010083000006488874,schedule_ablation,every_eligible,100,0.5,1101
schedule_ablation_every_eligible,4V-FB,1695,154,True,False,51,0.04450506527373778,0.04944142818870401,1,-5.4284552868821834e-05,9.533972675049429e-32,5.277084562092726e-13,True,False,8.290999994642334e-05,1.0199999906035373e-05,0.00010861999999178806,schedule_ablation,every_eligible,100,0.5,1101
schedule_ablation_every_eligible,4V-FB,1696,155,True,False,51,0.04450506525248224,0.04944142818870401,1,-5.428456240252899e-05,9.533972675049429e-32,5.277084562092725e-13,True,False,7.679000009375159e-05,9.979999958886765e-06,0.00010188999999627413,schedule_ablation,every_eligible,100,0.5,1101
schedule_ablation_every_eligible,4V-FB,1697,156,True,False,51,0.04450506523143262,0.04944142818870401,1,-5.428457184386559e-05,9.533972675049429e-32,5.277084562092725e-13,True,False,7.60699999773351e-05,9.869999985312461e-06,0.00010108000014952268,schedule_ablation,every_eligible,100,0.5,1101
schedule_ablation_every_eligible,4V-FB,1698,157,True,False,51,0.04450506521058585,0.04944142818870401,1,-5.428458119283164e-05,9.533972675049429e-32,5.277084562092725e-13,True,False,7.570000002488086e-05,9.869999985312461e-06,0.00010055999996438914,schedule_ablation,every_eligible,100,0.5,1101
schedule_ablation_every_eligible,4V-FB,1699,158,True,False,51,0.04450506518994006,0.04944142818870401,1,-5.4284590451203485e-05,9.533972675049429e-32,5.277084562092725e-13,True,False,7.569000013063487e-05,9.990000080506434e-06,0.00010079000003315741,schedule_ablation,every_eligible,100,0.5,1101
schedule_ablation_every_eligible,4V-FB,1700,159,True,False,51,0.04450506516949361,0.04944142818870401,1,-5.4284599617204776e-05,9.533972675049429e-32,5.277084562092725e-13,True,False,7.587000004605216e-05,9.809999937715475e-06,0.00010066999993796344,schedule_ablation,every_eligible,100,0.5,1101
schedule_ablation_every_eligible,4V-FB,1701,160,True,False,51,0.044505065149244655,0.04944142818870401,1,-5.428460869261187e-05,9.533972675049429e-32,5.277084562092725e-13,True,False,7.740999990346609e-05,1.0089999932461069e-05,0.00010262000000693661,schedule_ablation,every_eligible,100,0.5,1101
schedule_ablation_every_eligible,4V-FB,1702,161,True,False,51,0.04450506512919129,0.04944142818870401,1,-5.4284617680977476e-05,9.533972675049429e-32,5.277084562092723e-13,True,False,7.698000013078854e-05,9.789999921849812e-06,0.00010184000007029681,schedule_ablation,every_eligible,100,0.5,1101
schedule_ablation_every_eligible,4V-FB,1703,162,True,False,51,0.04450506510933128,0.04944142818870401,1,-5.4284626578748885e-05,9.533972675049429e-32,5.277084562092724e-13,True,False,7.67300000461546e-05,9.820000059335143e-06,0.00010141000007024559,schedule_ablation,every_eligible,100,0.5,1101
schedule_ablation_every_eligible,4V-FB,1704,163,True,False,51,0.044505065089662704,0.04944142818870401,1,-5.4284635390366986e-05,9.533972675049429e-32,5.277084562092724e-13,True,False,7.648000018889434e-05,9.860000091066468e-06,0.00010111000005963433,schedule_ablation,every_eligible,100,0.5,1101
schedule_ablation_every_eligible,4V-FB,1705,164,True,False,51,0.04450506507018463,0.04944142818870401,1,-5.428464411583178e-05,9.533972675049429e-32,5.277084562092724e-13,True,False,7.61200001306861e-05,9.910000017043785e-06,0.00010094000003846304,schedule_ablation,every_eligible,100,0.5,1101
schedule_ablation_every_eligible,4V-FB,1706,165,True,False,51,0.04450506505089438,0.04944142818870401,1,-5.428465275425509e-05,9.533972675049429e-32,5.277084562092725e-13,True,False,7.708900011493824e-05,9.840000075200805e-06,0.00010206899992226681,schedule_ablation,every_eligible,100,0.5,1101
schedule_ablation_every_eligible,4V-FB,1707,166,True,False,51,0.04450506503178968,0.04944142818870401,1,-5.428466130830145e-05,9.533972675049429e-32,5.277084562092725e-13,True,False,7.607000020470878e-05,9.88000010693213e-06,0.000101079999922149,schedule_ablation,every_eligible,100,0.5,1101
schedule_ablation_every_eligible,4V-FB,1708,167,True,False,51,0.04450506501287066,0.04944142818870401,1,-5.42846697806354e-05,9.533972675049429e-32,5.277084562092724e-13,True,False,7.593999998789513e-05,9.940000154529116e-06,0.00010100000008606003,schedule_ablation,every_eligible,100,0.5,1101
schedule_ablation_every_eligible,4V-FB,1709,168,True,False,51,0.04450506499413376,0.04944142818870401,1,-5.4284678167704215e-05,9.533972675049429e-32,5.277084562092723e-13,True,False,7.608999999320076e-05,9.919999911289779e-06,0.00010118000000147731,schedule_ablation,every_eligible,100,0.5,1101
schedule_ablation_every_eligible,4V-FB,1710,169,True,False,51,0.04450506497557748,0.04944142818870401,1,-5.428468647217244e-05,9.533972675049429e-32,5.277084562092724e-13,True,False,7.619000007252907e-05,9.739999995872495e-06,0.00010086999986924639,schedule_ablation,every_eligible,100,0.5,1101
schedule_ablation_every_eligible,4V-FB,1711,170,True,False,51,0.044505064957200496,0.04944142818870401,1,-5.428469469848096e-05,9.533972675049429e-32,5.277084562092723e-13,True,False,8.232999994106649e-05,1.0080000038215076e-05,0.00010777000011330529,schedule_ablation,every_eligible,100,0.5,1101
schedule_ablation_every_eligible,4V-FB,1712,171,True,False,51,0.04450506493900115,0.04944142818870401,1,-5.428470283863618e-05,9.533972675049429e-32,5.277084562092724e-13,True,False,7.686999992984056e-05,9.970000064640772e-06,0.00010186999998040847,schedule_ablation,every_eligible,100,0.5,1101
schedule_ablation_every_eligible,4V-FB,1713,172,True,False,51,0.04450506492097732,0.04944142818870401,1,-5.428471090151987e-05,9.533972675049429e-32,5.277084562092724e-13,True,False,7.647999996152066e-05,9.930000032909447e-06,0.00010144999987460324,schedule_ablation,every_eligible,100,0.5,1101
schedule_ablation_every_eligible,4V-FB,1714,173,True,False,51,0.04450506490312743,0.04944142818870401,1,-5.428471888535569e-05,9.533972675049429e-32,5.277084562092723e-13,True,False,7.604999996146944e-05,9.88000010693213e-06,0.00010101999987455201,schedule_ablation,every_eligible,100,0.5,1101
schedule_ablation_every_eligible,4V-FB,1715,174,True,False,51,0.044505064885450474,0.04944142818870401,1,-5.428472679191998e-05,9.533972675049429e-32,5.277084562092723e-13,True,False,7.62300001042604e-05,9.929999805535772e-06,0.000101070000027903,schedule_ablation,every_eligible,100,0.5,1101
schedule_ablation_every_eligible,4V-FB,1716,175,True,False,51,0.044505064867943825,0.04944142818870401,1,-5.428473461943639e-05,9.533972675049429e-32,5.277084562092723e-13,True,False,7.611000000906643e-05,9.960000170394778e-06,0.00010115000009136565,schedule_ablation,every_eligible,100,0.5,1101
schedule_ablation_every_eligible,4V-FB,1717,176,True,False,51,0.044505064850605985,0.04944142818870401,1,-5.428474237056946e-05,9.533972675049429e-32,5.277084562092723e-13,True,False,7.671000003028894e-05,9.910000017043785e-06,0.00010180999993281148,schedule_ablation,every_eligible,100,0.5,1101
schedule_ablation_every_eligible,4V-FB,1718,177,True,False,51,0.04450506483343626,0.04944142818870401,1,-5.428475004443101e-05,9.533972675049429e-32,5.277084562092723e-13,True,False,7.655000013073732e-05,9.760000011738157e-06,0.00010158000009141688,schedule_ablation,every_eligible,100,0.5,1101
schedule_ablation_every_eligible,4V-FB,1719,178,True,False,51,0.04450506481643164,0.04944142818870401,1,-5.428475764546192e-05,9.533972675049429e-32,5.277084562092723e-13,True,False,7.604000006722345e-05,9.93999992715544e-06,0.00010075000000142609,schedule_ablation,every_eligible,100,0.5,1101
schedule_ablation_every_eligible,4V-FB,1720,179,True,False,51,0.044505064799591876,0.04944142818870401,1,-5.4284765170109495e-05,9.533972675049429e-32,5.277084562092723e-13,True,False,7.585000003018649e-05,9.910000017043785e-06,0.00010072000009131443,schedule_ablation,every_eligible,100,0.5,1101
schedule_ablation_every_eligible,4V-FB,1721,180,True,False,51,0.04450506478291481,0.04944142818870401,1,-5.428477262103826e-05,9.533972675049429e-32,5.277084562092724e-13,True,False,7.602000005135778e-05,9.869999985312461e-06,0.00010092000002259738,schedule_ablation,every_eligible,100,0.5,1101
schedule_ablation_every_eligible,4V-FB,1722,181,True,False,51,0.044505064766398886,0.04944142818870401,1,-5.428477999913639e-05,9.533972675049429e-32,5.277084562092723e-13,True,False,7.691999985581788e-05,9.829999953581137e-06,0.00010183999984292313,schedule_ablation,every_eligible,100,0.5,1101
schedule_ablation_every_eligible,4V-FB,1723,182,True,False,51,0.044505064750042,0.04944142818870401,1,-5.4284787303515714e-05,9.533972675049429e-32,5.277084562092723e-13,True,False,7.636999998794636e-05,1.0169999995923718e-05,0.0001014599999962229,schedule_ablation,every_eligible,100,0.5,1101
schedule_ablation_every_eligible,4V-FB,1724,183,True,False,51,0.044505064733843275,0.04944142818870401,1,-5.42847945395053e-05,9.533972675049429e-32,5.277084562092723e-13,True,False,7.63499999720807e-05,9.899999895424116e-06,0.0001013500000226486,schedule_ablation,every_eligible,100,0.5,1101
schedule_ablation_every_eligible,4V-FB,1725,184,True,False,51,0.04450506471780116,0.04944142818870401,1,-5.4284801701776075e-05,9.533972675049429e-32,5.277084562092723e-13,True,False,7.642000014129735e-05,9.95000004877511e-06,0.00010147000011784257,schedule_ablation,every_eligible,100,0.5,1101
schedule_ablation_every_eligible,4V-FB,1726,185,True,False,51,0.04450506470191394,0.04944142818870401,1,-5.428480879299258e-05,9.533972675049429e-32,5.277084562092723e-13,True,False,7.591999997202947e-05,9.930000032909447e-06,0.00010098000007019436,schedule_ablation,every_eligible,100,0.5,1101
schedule_ablation_every_eligible,4V-FB,1727,186,True,False,51,0.04450506468618025,0.04944142818870401,1,-5.428481581581934e-05,9.533972675049429e-32,5.277084562092723e-13,True,False,8.286999991469202e-05,9.999999974752427e-06,0.00010831000008693081,schedule_ablation,every_eligible,100,0.5,1101
schedule_ablation_every_eligible,4V-FB,1728,187,True,False,51,0.04450506467059899,0.04944142818870401,1,-5.428482277025637e-05,9.533972675049429e-32,5.277084562092723e-13,True,False,7.692000008319155e-05,9.739999995872495e-06,0.00010164000013901386,schedule_ablation,every_eligible,100,0.5,1101
schedule_ablation_every_eligible,4V-FB,1729,188,True,False,51,0.0445050646551676,0.04944142818870401,1,-5.4284829657191835e-05,9.533972675049429e-32,5.277084562092723e-13,True,False,7.62999998187297e-05,9.969999837267096e-06,0.00010108000014952268,schedule_ablation,every_eligible,100,0.5,1101
schedule_ablation_every_eligible,4V-FB,1730,189,True,False,51,0.0445050646398851,0.04944142818870401,1,-5.4284836473961207e-05,9.533972675049429e-32,5.277084562092723e-13,True,False,7.623999999850639e-05,9.809999937715475e-06,0.00010098000007019436,schedule_ablation,every_eligible,100,0.5,1101
schedule_ablation_every_eligible,4V-FB,1731,190,True,False,51,0.044505064624751026,0.04944142818870401,1,-5.4284843225005375e-05,9.533972675049429e-32,5.277084562092723e-13,True,False,7.651000009900599e-05,9.840000075200805e-06,0.00010161000000152853,schedule_ablation,every_eligible,100,0.5,1101
schedule_ablation_every_eligible,4V-FB,1732,191,True,False,51,0.04450506460976274,0.04944142818870401,1,-5.428484991032434e-05,9.533972675049429e-32,5.277084562092723e-13,True,False,7.626999990861805e-05,9.76999990598415e-06,0.00010095999982695503,schedule_ablation,every_eligible,100,0.5,1101
schedule_ablation_every_eligible,4V-FB,1733,192,True,False,51,0.04450506459491976,0.04944142818870401,1,-5.4284856528141745e-05,9.533972675049429e-32,5.277084562092723e-13,True,False,7.744999993519741e-05,9.989999853132758e-06,0.00010305000000698783,schedule_ablation,every_eligible,100,0.5,1101
schedule_ablation_every_eligible,4V-FB,1734,193,True,False,51,0.04450506458021998,0.04944142818870401,1,-5.428486308378666e-05,9.533972675049429e-32,5.277084562092723e-13,True,False,7.675999995626626e-05,9.670000054029515e-06,0.00010136000014426827,schedule_ablation,every_eligible,100,0.5,1101
schedule_ablation_every_eligible,4V-FB,1735,194,True,False,51,0.0445050645656621,0.04944142818870401,1,-5.4284869573706374e-05,9.533972675049429e-32,5.277084562092723e-13,True,False,7.654000000911765e-05,9.999999974752427e-06,0.00010177000012845383,schedule_ablation,every_eligible,100,0.5,1101
schedule_ablation_every_eligible,4V-FB,1736,195,True,False,51,0.0445050645512451,0.04944142818870401,1,-5.428487600056542e-05,9.533972675049429e-32,5.277084562092722e-13,True,False,7.640000012543169e-05,9.820000059335143e-06,0.00010100999998030602,schedule_ablation,every_eligible,100,0.5,1101
schedule_ablation_every_eligible,4V-FB,1737,196,True,False,51,0.044505064536967454,0.04944142818870401,1,-5.428488236347562e-05,9.533972675049429e-32,5.277084562092723e-13,True,False,7.651000009900599e-05,9.979999958886765e-06,0.00010156999996979721,schedule_ablation,every_eligible,100,0.5,1101
schedule_ablation_every_eligible,4V-FB,1738,197,True,False,51,0.04450506452282764,0.04944142818870401,1,-5.4284888664213327e-05,9.533972675049429e-32,5.277084562092722e-13,True,False,7.708000021011685e-05,9.920000138663454e-06,0.0001020100000914681,schedule_ablation,every_eligible,100,0.5,1101
schedule_ablation_every_eligible,4V-FB,1739,198,True,False,51,0.044505064508824466,0.04944142818870401,1,-5.4284894902778547e-05,9.533972675049429e-32,5.277084562092723e-13,True,False,7.636000009370036e-05,9.88000010693213e-06,0.00010141999996449158,schedule_ablation,every_eligible,100,0.5,1101
schedule_ablation_every_eligible,4V-FB,1740,199,True,False,51,0.044505064494956545,0.04944142818870401,1,-5.4284901080947634e-05,9.533972675049429e-32,5.277084562092722e-13,True,False,7.619000007252907e-05,9.849999969446799e-06,0.00010110999983226066,schedule_ablation,every_eligible,100,0.5,1101
schedule_ablation_every_eligible,4V-FB,1741,200,True,False,51,0.04450506448122289,0.04944142818870401,1,-5.428490719872059e-05,9.533972675049429e-32,5.277084562092722e-13,True,False,7.653000011487165e-05,9.900000122797792e-06,0.00010133000000678294,schedule_ablation,every_eligible,100,0.5,1101
schedule_ablation_every_eligible,4V-FB,1742,201,True,False,51,0.044505064467621966,0.04944142818870401,1,-5.428491325609741e-05,9.533972675049429e-32,5.277084562092722e-13,True,False,7.59500001095148e-05,9.929999805535772e-06,0.00010100999998030602,schedule_ablation,every_eligible,100,0.5,1101
schedule_ablation_every_eligible,4V-FB,1743,202,True,False,51,0.04450506445415271,0.04944142818870401,1,-5.42849192530781e-05,9.533972675049429e-32,5.277084562092722e-13,True,False,8.25499998882151e-05,1.0800000154631562e-05,0.0001098799998544564,schedule_ablation,every_eligible,100,0.5,1101
schedule_ablation_every_eligible,4V-FB,1744,203,True,False,51,0.04450506444081338,0.04944142818870401,1,-5.428492519055084e-05,9.533972675049429e-32,5.277084562092723e-13,True,False,7.768999989821168e-05,1.0069999916595407e-05,0.00010282000016559323,schedule_ablation,every_eligible,100,0.5,1101
schedule_ablation_every_eligible,4V-FB,1745,204,True,False,51,0.0445050644276031,0.04944142818870401,1,-5.4284931070291975e-05,9.533972675049429e-32,5.277084562092723e-13,True,False,7.641000001967768e-05,9.970000064640772e-06,0.00010137000003851426,schedule_ablation,every_eligible,100,0.5,1101
schedule_ablation_every_eligible,4V-FB,1746,205,True,False,51,0.04450506441452054,0.04944142818870401,1,-5.4284936893189695e-05,9.533972675049429e-32,5.277084562092723e-13,True,False,7.651999999325199e-05,9.929999805535772e-06,0.00010148000001208857,schedule_ablation,every_eligible,100,0.5,1101
schedule_ablation_every_eligible,4V-FB,1747,206,True,False,51,0.044505064401564265,0.04944142818870401,1,-5.428494265746764e-05,9.533972675049429e-32,5.277084562092723e-13,True,False,7.697999990341486e-05,1.0080000038215076e-05,0.00010225000005448237,schedule_ablation,every_eligible,100,0.5,1101
schedule_ablation_every_eligible,4V-FB,1748,207,True,False,51,0.04450506438873361,0.04944142818870401,1,-5.42849483675667e-05,9.533972675049429e-32,5.277084562092722e-13,True,False,7.731999994575744e-05,9.969999837267096e-06,0.00010214999997515406,schedule_ablation,every_eligible,100,0.5,1101
schedule_ablation_every_eligible,4V-FB,1749,208,True,False,51,0.044505064376026804,0.04944142818870401,1,-5.4284954018157805e-05,9.533972675049429e-32,5.277084562092723e-13,True,False,7.80000000304426e-05,9.959999943021103e-06,0.00010332000010748743,schedule_ablation,every_eligible,100,0.5,1101
schedule_ablation_every_eligible,4V-FB,1750,209,True,False,51,0.04450506436344244,0.04944142818870401,1,-5.428495961812274e-05,9.533972675049429e-32,5.277084562092723e-13,True,False,7.737999999335443e-05,9.88000010693213e-06,0.00010227000007034803,schedule_ablation,every_eligible,100,0.5,1101
schedule_ablation_every_eligible,4V-FB,1751,210,True,False,51,0.0445050643509808,0.04944142818870401,1,-5.42849651594679e-05,9.533972675049429e-32,5.277084562092722e-13,True,False,7.699999991928053e-05,9.879999879558454e-06,0.00010195999993811711,schedule_ablation,every_eligible,100,0.5,1101
schedule_ablation_every_eligible,4V-FB,1752,211,True,False,51,0.044505064338638864,0.04944142818870401,1,-5.4284970648410535e-05,9.533972675049429e-32,5.277084562092722e-13,True,False,7.632000006196904e-05,9.869999985312461e-06,0.00010124999994332029,schedule_ablation,every_eligible,100,0.5,1101
schedule_ablation_every_eligible,4V-FB,1753,212,True,False,51,0.04450506432641675,0.04944142818870401,1,-5.428497608139793e-05,9.533972675049429e-32,5.277084562092723e-13,True,False,7.648999985576665e-05,1.001999999061809e-05,0.00010148000001208857,schedule_ablation,every_eligible,100,0.5,1101
schedule_ablation_every_eligible,4V-FB,1754,213,True,False,51,0.04450506431431231,0.04944142818870401,1,-5.428498146109462e-05,9.533972675049429e-32,5.277084562092723e-13,True,False,7.692999997743755e-05,9.930000032909447e-06,0.0001021200000650424,schedule_ablation,every_eligible,100,0.5,1101
schedule_ablation_every_eligible,4V-FB,1755,214,True,False,51,0.04450506430232529,0.04944142818870401,1,-5.4284986790165135e-05,9.533972675049429e-32,5.277084562092722e-13,True,False,7.631999983459536e-05,9.960000170394778e-06,0.00010128000008080562,schedule_ablation,every_eligible,100,0.5,1101
schedule_ablation_every_eligible,4V-FB,1756,215,True,False,51,0.0445050642904538,0.04944142818870401,1,-5.428499206594495e-05,9.533972675049429e-32,5.277084562092722e-13,True,False,7.635999986632669e-05,9.819999831961468e-06,0.00010116999987985764,schedule_ablation,every_eligible,100,0.5,1101
schedule_ablation_every_eligible,4V-FB,1757,216,True,False,51,0.0445050642786973,0.04944142818870401,1,-5.428499729109859e-05,9.533972675049429e-32,5.277084562092722e-13,True,False,7.589999995616381e-05,9.869999985312461e-06,0.0001008099998216494,schedule_ablation,every_eligible,100,0.5,1101
schedule_ablation_every_eligible,4V-FB,1758,217,True,False,51,0.04450506426705492,0.04944142818870401,1,-5.428500246296153e-05,9.533972675049429e-32,5.277084562092722e-13,True,False,7.599000014124613e-05,9.690000069895177e-06,0.00010037999982159818,schedule_ablation,every_eligible,100,0.5,1101
schedule_ablation_every_eligible,4V-FB,1759,218,True,False,51,0.04450506425552475,0.04944142818870401,1,-5.42850075841983e-05,9.533972675049429e-32,5.277084562092722e-13,True,False,8.223999998335785e-05,1.015000020743173e-05,0.00010767999992822297,schedule_ablation,every_eligible,100,0.5,1101
schedule_ablation_every_eligible,4V-FB,1760,219,True,False,51,0.044505064244106274,0.04944142818870401,1,-5.4285012655697074e-05,9.533972675049429e-32,5.277084562092722e-13,True,False,7.619000007252907e-05,9.890000001178123e-06,0.00010126000006493996,schedule_ablation,every_eligible,100,0.5,1101
schedule_ablation_every_eligible,4V-FB,1761,220,True,False,51,0.044505064232797875,0.04944142818870401,1,-5.428501767745786e-05,9.533972675049429e-32,5.277084562092722e-13,True,False,7.638000010956603e-05,1.0040000006483751e-05,0.0001014599999962229,schedule_ablation,every_eligible,100,0.5,1101
schedule_ablation_every_eligible,4V-FB,1762,221,True,False,51,0.0445050642215994,0.04944142818870401,1,-5.428502264948065e-05,9.533972675049429e-32,5.277084562092722e-13,True,False,7.643000003554334e-05,9.809999937715475e-06,0.00010137000003851426,schedule_ablation,every_eligible,100,0.5,1101
schedule_ablation_every_eligible,4V-FB,1763,222,True,False,51,0.04450506421050858,0.04944142818870401,1,-5.428502757354181e-05,9.533972675049429e-32,5.277084562092722e-13,True,False,7.651000009900599e-05,9.760000011738157e-06,0.00010140999984287191,schedule_ablation,every_eligible,100,0.5,1101
schedule_ablation_every_eligible,4V-FB,1764,223,True,False,51,0.044505064199525046,0.04944142818870401,1,-5.4285032448753157e-05,9.533972675049429e-32,5.277084562092722e-13,True,False,7.583999990856682e-05,9.859999863692792e-06,0.00010641999983818096,schedule_ablation,every_eligible,100,0.5,1101
schedule_ablation_every_eligible,4V-FB,1765,224,True,False,51,0.044505064188648455,0.04944142818870401,1,-5.428503727511469e-05,9.533972675049429e-32,5.277084562092723e-13,True,False,7.71100001202285e-05,9.919999911289779e-06,0.00010213999985353439,schedule_ablation,every_eligible,100,0.5,1101
schedule_ablation_every_eligible,4V-FB,1766,225,True,False,51,0.04450506417787707,0.04944142818870401,1,-5.428504205617912e-05,9.533972675049429e-32,5.277084562092722e-13,True,False,7.642000014129735e-05,9.869999985312461e-06,0.00010126999995918595,schedule_ablation,every_eligible,100,0.5,1101
schedule_ablation_every_eligible,4V-FB,1767,226,True,False,51,0.044505064167209535,0.04944142818870401,1,-5.428504678839374e-05,9.533972675049429e-32,5.277084562092722e-13,True,False,7.643000003554334e-05,9.919999911289779e-06,0.0001013500000226486,schedule_ablation,every_eligible,100,0.5,1101
schedule_ablation_every_eligible,4V-FB,1768,227,True,False,51,0.04450506415664543,0.04944142818870401,1,-5.428505147619944e-05,9.533972675049429e-32,5.277084562092722e-13,True,False,7.616000016241742e-05,9.820000059335143e-06,0.00010111999995388032,schedule_ablation,every_eligible,100,0.5,1101
schedule_ablation_every_eligible,4V-FB,1769,228,True,False,51,0.04450506414618344,0.04944142818870401,1,-5.4285056116043506e-05,9.533972675049429e-32,5.277084562092722e-13,True,False,7.626000001437205e-05,9.999999974752427e-06,0.00010130000009667128,schedule_ablation,every_eligible,100,0.5,1101
schedule_ablation_every_eligible,4V-FB,1770,229,True,False,51,0.04450506413582242,0.04944142818870401,1,-5.428506071147865e-05,9.533972675049429e-32,5.277084562092722e-13,True,False,7.70000001466542e-05,9.970000064640772e-06,0.00010204000000157976,schedule_ablation,every_eligible,100,0.5,1101
schedule_ablation_every_eligible,4V-FB,1771,230,True,False,51,0.044505064125562016,0.04944142818870401,1,-5.4285065261616694e-05,9.533972675049429e-32,5.277084562092722e-13,True,False,7.620999986102106e-05,1.0030000112237758e-05,0.00010141999996449158,schedule_ablation,every_eligible,100,0.5,1101
schedule_ablation_every_eligible,4V-FB,1772,231,True,False,51,0.044505064115400714,0.04944142818870401,1,-5.428506976734582e-05,9.533972675049429e-32,5.277084562092722e-13,True,False,7.601000015711179e-05,9.840000075200805e-06,0.00010087999999086605,schedule_ablation,every_eligible,100,0.5,1101
schedule_ablation_every_eligible,4V-FB,1773,232,True,False,51,0.04450506410533761,0.04944142818870401,1,-5.428507422688966e-05,9.533972675049429e-32,5.277084562092722e-13,True,False,7.649999997738632e-05,9.900000122797792e-06,0.00010121000013896264,schedule_ablation,every_eligible,100,0.5,1101
schedule_ablation_every_eligible,4V-FB,1774,233,True,False,51,0.04450506409537215,0.04944142818870401,1,-5.42850786455773e-05,9.533972675049429e-32,5.277084562092722e-13,True,False,7.648999985576665e-05,9.959999943021103e-06,0.00010137000003851426,schedule_ablation,every_eligible,100,0.5,1101
schedule_ablation_every_eligible,4V-FB,1775,234,True,False,51,0.04450506408550245,0.04944142818870401,1,-5.428508301896784e-05,9.533972675049429e-32,5.277084562092722e-13,True,False,8.294999997815466e-05,1.0129999964192393e-05,0.00010829000007106515,schedule_ablation,every_eligible,100,0.5,1101
schedule_ablation_every_eligible,4V-FB,1776,235,True,False,51,0.04450506407572878,0.04944142818870401,1,-5.4285087349725814e-05,9.533972675049429e-32,5.277084562092722e-13,True,False,7.685000014134857e-05,1.0010000096372096e-05,0.00010175000011258817,schedule_ablation,every_eligible,100,0.5,1101
schedule_ablation_every_eligible,4V-FB,1777,236,True,False,51,0.0445050640660499,0.04944142818870401,1,-5.42850916387394e-05,9.533972675049429e-32,5.277084562092722e-13,True,False,7.632999995621503e-05,9.990000080506434e-06,0.00010152000004381989,schedule_ablation,every_eligible,100,0.5,1101
schedule_ablation_every_eligible,4V-FB,1778,237,True,False,51,0.044505064056464455,0.04944142818870401,1,-5.428509588512043e-05,9.533972675049429e-32,5.277084562092722e-13,True,False,7.622999987688672e-05,9.920000138663454e-06,0.00010155999984817754,schedule_ablation,every_eligible,100,0.5,1101
schedule_ablation_every_eligible,4V-FB,1779,238,True,False,51,0.04450506404697199,0.04944142818870401,1,-5.4285100089757066e-05,9.533972675049429e-32,5.277084562092722e-13,True,False,7.669900014661835e-05,9.900000122797792e-06,0.00010158899999623827,schedule_ablation,every_eligible,100,0.5,1101
schedule_ablation_every_eligible,4V-FB,1780,239,True,False,51,0.04450506403757115,0.04944142818870401,1,-5.42851042535375e-05,9.533972675049429e-32,5.277084562092722e-13,True,False,7.629000015185738e-05,1.5790000134074944e-05,0.00010699999984353781,schedule_ablation,every_eligible,100,0.5,1101
schedule_ablation_every_eligible,4V-FB,1781,240,True,False,51,0.04450506402826121,0.04944142818870401,1,-5.4285108374685365e-05,9.533972675049429e-32,5.277084562092722e-13,True,False,7.692999997743755e-05,1.0109999948326731e-05,0.00010217999988526572,schedule_ablation,every_eligible,100,0.5,1101
schedule_ablation_every_eligible,4V-FB,1782,241,True,False,51,0.044505064019041474,0.04944142818870401,1,-5.428511245675338e-05,9.533972675049429e-32,5.277084562092722e-13,True,False,7.680000021537126e-05,9.860000091066468e-06,0.00010152000004381989,schedule_ablation,every_eligible,100,0.5,1101
schedule_ablation_every_eligible,4V-FB,1783,242,True,False,51,0.0445050640099109,0.04944142818870401,1,-5.428511649974155e-05,9.533972675049429e-32,5.277084562092722e-13,True,False,7.653000011487165e-05,9.959999943021103e-06,0.00010140999984287191,schedule_ablation,every_eligible,100,0.5,1101
schedule_ablation_every_eligible,4V-FB,1784,243,True,False,51,0.04450506400086897,0.04944142818870401,1,-5.428512050187351e-05,9.533972675049429e-32,5.277084562092722e-13,True,False,7.666999999855761e-05,9.76999990598415e-06,0.00010137999993276026,schedule_ablation,every_eligible,100,0.5,1101
schedule_ablation_every_eligible,4V-FB,1785,244,True,False,51,0.04450506399191452,0.04944142818870401,1,-5.428512446226108e-05,9.533972675049429e-32,5.277084562092723e-13,True,False,7.6459999945655e-05,9.890000001178123e-06,0.00010128000008080562,schedule_ablation,every_eligible,100,0.5,1101
schedule_ablation_every_eligible,4V-FB,1786,245,True,False,51,0.044505063983047,0.04944142818870401,1,-5.4285128388009696e-05,9.533972675049429e-32,5.277084562092722e-13,True,False,7.712999990872049e-05,9.910000017043785e-06,0.00010229999998045969,schedule_ablation,every_eligible,100,0.5,1101
schedule_ablation_every_eligible,4V-FB,1787,246,True,False,51,0.044505063974264805,0.04944142818870401,1,-5.428513227556664e-05,9.533972675049429e-32,5.27708456209272e-13,True,False,7.659999982934096e-05,9.93999992715544e-06,0.0001015799998640432,schedule_ablation,every_eligible,100,0.5,1101
schedule_ablation_every_eligible,4V-FB,1788,247,True,False,51,0.04450506396556814,0.04944142818870401,1,-5.4285136122267375e-05,9.533972675049429e-32,5.277084562092722e-13,True,False,7.664000008844596e-05,9.919999911289779e-06,0.00010166000015487953,schedule_ablation,every_eligible,100,0.5,1101
schedule_ablation_every_eligible,4V-FB,1789,248,True,False,51,0.04450506395695504,0.04944142818870401,1,-5.4285139931664617e-05,9.533972675049429e-32,5.277084562092722e-13,True,False,7.690999996157188e-05,9.959999943021103e-06,0.00010167000004912552,schedule_ablation,every_eligible,100,0.5,1101
schedule_ablation_every_eligible,4V-FB,1790,249,True,False,51,0.04450506394842563,0.04944142818870401,1,-5.4285143703758365e-05,9.533972675049429e-32,5.277084562092721e-13,True,False,7.626000001437205e-05,9.999999974752427e-06,0.00010111999995388032,schedule_ablation,every_eligible,100,0.5,1101
schedule_ablation_every_eligible,4V-FB,1791,250,True,False,51,0.044505063939978176,0.04944142818870401,1,-5.42851474394368e-05,9.533972675049429e-32,5.277084562092722e-13,True,False,8.247999994637212e-05,1.0040000006483751e-05,0.00010752000002867135,schedule_ablation,every_eligible,100,0.5,1101
schedule_ablation_every_eligible,4V-FB,1792,251,True,False,51,0.0445050639316137,0.04944142818870401,1,-5.428515113692356e-05,9.533972675049429e-32,5.277084562092722e-13,True,False,7.681000010961725e-05,9.959999943021103e-06,0.00010165000003325986,schedule_ablation,every_eligible,100,0.5,1101
schedule_ablation_every_eligible,4V-FB,1793,252,True,False,51,0.044505063923329424,0.04944142818870401,1,-5.4285154798883184e-05,9.533972675049429e-32,5.277084562092723e-13,True,False,7.643000003554334e-05,1.0060000022349413e-05,0.00010142999985873757,schedule_ablation,every_eligible,100,0.5,1101
schedule_ablation_every_eligible,4V-FB,1794,253,True,False,51,0.044505063915125306,0.04944142818870401,1,-5.428515842798021e-05,9.533972675049429e-32,5.27708456209272e-13,True,False,7.563999997728388e-05,9.899999895424116e-06,0.00010060999989036645,schedule_ablation,every_eligible,100,0.5,1101
schedule_ablation_every_eligible,4V-FB,1795,254,True,False,51,0.044505063907000986,0.04944142818870401,1,-5.4285162015332844e-05,9.533972675049429e-32,5.277084562092722e-13,True,False,7.608999999320076e-05,9.900000122797792e-06,0.00010103999989041768,schedule_ablation,every_eligible,100,0.5,1101
schedule_ablation_every_eligible,4V-FB,1796,255,True,False,51,0.044505063898955255,0.04944142818870401,1,-5.4285165571599237e-05,9.533972675049429e-32,5.277084562092722e-13,True,False,7.647000006727467e-05,1.563999990139564e-05,0.00010713000006035145,schedule_ablation,every_eligible,100,0.5,1101
schedule_ablation_every_eligible,4V-FB,1797,256,True,False,51,0.04450506389098752,0.04944142818870401,1,-5.428516909233849e-05,9.533972675049429e-32,5.277084562092722e-13,True,False,7.720000007793715e-05,1.0040000006483751e-05,0.00010234000001219101,schedule_ablation,every_eligible,100,0.5,1101
schedule_ablation_every_eligible,4V-FB,1798,257,True,False,51,0.04450506388309694,0.04944142818870401,1,-5.4285172580215146e-05,9.533972675049429e-32,5.277084562092721e-13,True,False,7.669000001442328e-05,9.900000122797792e-06,0.0001017300000967225,schedule_ablation,every_eligible,100,0.5,1101
schedule_ablation_every_eligible,4V-FB,1799,258,True,False,51,0.04450506387528265,0.04944142818870401,1,-5.428517603078831e-05,9.533972675049429e-32,5.277084562092722e-13,True,False,7.658999993509497e-05,9.910000017043785e-06,0.00010141000007024559,schedule_ablation,every_eligible,100,0.5,1101
schedule_ablation_every_eligible,4V-FB,1800,259,True,False,51,0.04450506386754387,0.04944142818870401,1,-5.428517944672251e-05,9.533972675049429e-32,5.277084562092722e-13,True,False,7.641000001967768e-05,9.770000133357826e-06,0.00010114999986399198,schedule_ablation,every_eligible,100,0.5,1101
schedule_ablation_every_eligible,4V-FB,1801,260,True,False,51,0.04450506385987989,0.04944142818870401,1,-5.4285182832458645e-05,9.533972675049429e-32,5.277084562092722e-13,True,False,7.583000001432083e-05,9.739999995872495e-06,0.00010038000004897185,schedule_ablation,every_eligible,100,0.5,1101
schedule_ablation_every_eligible,4V-FB,1802,261,True,False,51,0.04450506385229103,0.04944142818870401,1,-5.4285186184444e-05,9.533972675049429e-32,5.277084562092722e-13,True,False,7.733000006737711e-05,9.95000004877511e-06,0.0001027800001338619,schedule_ablation,every_eligible,100,0.5,1101
schedule_ablation_every_eligible,4V-FB,1803,262,True,False,51,0.044505063844775136,0.04944142818870401,1,-5.4285189504454934e-05,9.533972675049429e-32,5.27708456209272e-13,True,False,7.639000000381202e-05,1.0060000022349413e-05,0.0001015799998640432,schedule_ablation,every_eligible,100,0.5,1101
schedule_ablation_every_eligible,4V-FB,1804,263,True,False,51,0.044505063837331924,0.04944142818870401,1,-5.428519278805055e-05,9.533972675049429e-32,5.277084562092721e-13,True,False,7.572999993499252e-05,9.849999969446799e-06,0.00010064000002785178,schedule_ablation,every_eligible,100,0.5,1101
schedule_ablation_every_eligible,4V-FB,1805,264,True,False,51,0.044505063829960875,0.04944142818870401,1,-5.42851960414481e-05,9.533972675049429e-32,5.277084562092722e-13,True,False,7.597000012538047e-05,9.990000080506434e-06,0.00010105999990628334,schedule_ablation,every_eligible,100,0.5,1101
schedule_ablation_every_eligible,4V-FB,1806,265,True,False,51,0.04450506382266119,0.04944142818870401,1,-5.428519926287123e-05,9.533972675049429e-32,5.277084562092722e-13,True,False,7.604999996146944e-05,9.849999969446799e-06,0.0001008099998216494,schedule_ablation,every_eligible,100,0.5,1101
schedule_ablation_every_eligible,4V-FB,1807,266,True,False,51,0.044505063815431845,0.04944142818870401,1,-5.4285202452319936e-05,9.533972675049429e-32,5.277084562092722e-13,True,False,8.230999992520083e-05,1.0289999863744015e-05,0.00010777000011330529,schedule_ablation,every_eligible,100,0.5,1101
schedule_ablation_every_eligible,4V-FB,1808,267,True,False,51,0.04450506380827364,0.04944142818870401,1,-5.4285205610682397e-05,9.533972675049429e-32,5.277084562092722e-13,True,False,7.666999999855761e-05,9.930000032909447e-06,0.00010141999996449158,schedule_ablation,every_eligible,100,0.5,1101
schedule_ablation_every_eligible,4V-FB,1809,268,True,False,51,0.04450506380118412,0.04944142818870401,1,-5.428520873884679e-05,9.533972675049429e-32,5.277084562092721e-13,True,False,7.620999986102106e-05,9.760000011738157e-06,0.00010075999989567208,schedule_ablation,every_eligible,100,0.5,1101
schedule_ablation_every_eligible,4V-FB,1810,269,True,False,51,0.044505063794162705,0.04944142818870401,1,-5.428521183503676e-05,9.533972675049429e-32,5.277084562092722e-13,True,False,7.664999998269195e-05,1.025999995363236e-05,0.0001021299999592884,schedule_ablation,every_eligible,100,0.5,1101
schedule_ablation_every_eligible,4V-FB,1811,270,True,False,51,0.04450506378720985,0.04944142818870401,1,-5.4285214901916845e-05,9.533972675049429e-32,5.277084562092722e-13,True,False,7.656000002498331e-05,1.0060000022349413e-05,0.00010204000000157976,schedule_ablation,every_eligible,100,0.5,1101
schedule_ablation_every_eligible,4V-FB,1812,271,True,False,51,0.04450506378032437,0.04944142818870401,1,-5.428521793859886e-05,9.533972675049429e-32,5.277084562092721e-13,True,False,7.633000018358871e-05,1.6350000123566133e-05,0.00010795000002872257,schedule_ablation,every_eligible,100,0.5,1101
schedule_ablation_every_eligible,4V-FB,1813,272,True,False,51,0.04450506377350574,0.04944142818870401,1,-5.4285220943306456e-05,9.533972675049429e-32,5.277084562092722e-13,True,False,7.742999991933175e-05,9.98000018626044e-06,0.00010242000007565366,schedule_ablation,every_eligible,100,0.5,1101
schedule_ablation_every_eligible,4V-FB,1814,273,True,False,51,0.04450506376675241,0.04944142818870401,1,-5.42852239213687e-05,9.533972675049429e-32,5.277084562092722e-13,True,False,7.616000016241742e-05,1.022000014927471e-05,0.00010137999993276026,schedule_ablation,every_eligible,100,0.5,1101
schedule_ablation_every_eligible,4V-FB,1815,274,True,False,51,0.04450506376006551,0.04944142818870401,1,-5.428522687100923e-05,9.533972675049429e-32,5.277084562092721e-13,True,False,7.635999986632669e-05,9.999999974752427e-06,0.00010153000016543956,schedule_ablation,every_eligible,100,0.5,1101
schedule_ablation_every_eligible,4V-FB,1816,275,True,False,51,0.04450506375344296,0.04944142818870401,1,-5.4285229789563516e-05,9.533972675049429e-32,5.277084562092721e-13,True,False,7.646999983990099e-05,9.849999969446799e-06,0.00010128000008080562,schedule_ablation,every_eligible,100,0.5,1101
schedule_ablation_every_eligible,4V-FB,1817,276,True,False,51,0.04450506374688468,0.04944142818870401,1,-5.4285232678807915e-05,9.533972675049429e-32,5.277084562092722e-13,True,False,7.626899991919345e-05,9.869999985312461e-06,0.00010144900011255231,schedule_ablation,every_eligible,100,0.5,1101
schedule_ablation_every_eligible,4V-FB,1818,277,True,False,51,0.04450506374038987,0.04944142818870401,1,-5.4285235540518784e-05,9.533972675049429e-32,5.27708456209272e-13,True,False,7.768000000396569e-05,1.001999999061809e-05,0.00010318999989067379,schedule_ablation,every_eligible,100,0.5,1101
schedule_ablation_every_eligible,4V-FB,1819,278,True,False,51,0.04450506373395756,0.04944142818870401,1,-5.42852383755843e-05,9.533972675049429e-32,5.27708456209272e-13,True,False,7.688000005146023e-05,1.0010000096372096e-05,0.00010197999995398277,schedule_ablation,every_eligible,100,0.5,1101
schedule_ablation_every_eligible,4V-FB,1820,279,True,False,51,0.04450506372758804,0.04944142818870401,1,-5.428524117867539e-05,9.533972675049429e-32,5.277084562092722e-13,True,False,7.657000014660298e-05,1.0070000143969082e-05,0.00010180000003856549,schedule_ablation,every_eligible,100,0.5,1101
schedule_ablation_every_eligible,4V-FB,1821,280,True,False,51,0.044505063721280505,0.04944142818870401,1,-5.4285243958673846e-05,9.533972675049429e-32,5.277084562092722e-13,True,False,7.70699998611235e-05,1.0080000038215076e-05,0.00010236000002805667,schedule_ablation,every_eligible,100,0.5,1101
schedule_ablation_every_eligible,4V-FB,1822,281,True,False,51,0.044505063715033905,0.04944142818870401,1,-5.428524671025059e-05,9.533972675049429e-32,5.277084562092722e-13,True,False,7.65699999192293e-05,9.860000091066468e-06,0.0001013599999168946,schedule_ablation,every_eligible,100,0.5,1101
schedule_ablation_every_eligible,4V-FB,1823,282,True,False,51,0.04450506370884737,0.04944142818870401,1,-5.4285249433405625e-05,9.533972675049429e-32,5.277084562092722e-13,True,False,8.272999980363238e-05,9.979999958886765e-06,0.00010803000009218522,schedule_ablation,every_eligible,100,0.5,1101
schedule_ablation_every_eligible,4V-FB,1824,283,True,False,51,0.04450506370272157,0.04944142818870401,1,-5.4285252131691664e-05,9.533972675049429e-32,5.27708456209272e-13,True,False,7.650999987163232e-05,9.999999974752427e-06,0.00010156000007555122,schedule_ablation,every_eligible,100,0.5,1101
schedule_ablation_every_eligible,4V-FB,1825,284,True,False,51,0.04450506369665473,0.04944142818870401,1,-5.428525480244417e-05,9.533972675049429e-32,5.277084562092721e-13,True,False,7.626000001437205e-05,1.001999999061809e-05,0.00010137999993276026,schedule_ablation,every_eligible,100,0.5,1101
schedule_ablation_every_eligible,4V-FB,1826,285,True,False,51,0.044505063690646315,0.04944142818870401,1,-5.428525744655133e-05,9.533972675049429e-32,5.277084562092722e-13,True,False,7.626999990861805e-05,9.919999911289779e-06,0.00010127999985343195,schedule_ablation,every_eligible,100,0.5,1101
schedule_ablation_every_eligible,4V-FB,1827,286,True,False,51,0.04450506368469623,0.04944142818870401,1,-5.4285260067565844e-05,9.533972675049429e-32,5.27708456209272e-13,True,False,7.619999996677507e-05,1.0010000096372096e-05,0.00010092000002259738,schedule_ablation,every_eligible,100,0.5,1101
schedule_ablation_every_eligible,4V-FB,1828,287,True,False,51,0.04450506367880408,0.04944142818870401,1,-5.428526265927047e-05,9.533972675049429e-32,5.277084562092721e-13,True,False,7.625000012012606e-05,1.0069999916595407e-05,0.00010960999998133047,schedule_ablation,every_eligible,100,0.5,1101
schedule_ablation_every_eligible,4V-FB,1829,288,True,False,51,0.044505063672969,0.04944142818870401,1,-5.428526522521793e-05,9.533972675049429e-32,5.277084562092722e-13,True,False,7.74599998294434e-05,1.0039999779110076e-05,0.00010269000017615326,schedule_ablation,every_eligible,100,0.5,1101
schedule_ablation_every_eligible,4V-FB,1830,289,True,False,51,0.04450506366719019,0.04944142818870401,1,-5.428526776896092e-05,9.533972675049429e-32,5.27708456209272e-13,True,False,7.6450000051409e-05,9.930000032909447e-06,0.00010131999988516327,schedule_ablation,every_eligible,100,0.5,1101
schedule_ablation_every_eligible,4V-FB,1831,290,True,False,51,0.04450506366146817,0.04944142818870401,1,-5.4285270284282205e-05,9.533972675049429e-32,5.277084562092722e-13,True,False,7.658999993509497e-05,1.0060000022349413e-05,0.00010169999995923718,schedule_ablation,every_eligible,100,0.5,1101
schedule_ablation_every_eligible,4V-FB,1832,291,True,False,51,0.044505063655801105,0.04944142818870401,1,-5.4285272779175386e-05,9.533972675049429e-32,5.277084562092721e-13,True,False,7.66200000725803e-05,9.809999937715475e-06,0.0001016300000173942,schedule_ablation,every_eligible,100,0.5,1101
schedule_ablation_every_eligible,4V-FB,1833,292,True,False,51,0.04450506365018911,0.04944142818870401,1,-5.4285275246535036e-05,9.533972675049429e-32,5.277084562092721e-13,True,False,7.664999998269195e-05,9.890000001178123e-06,0.00010134000012840261,schedule_ablation,every_eligible,100,0.5,1101
schedule_ablation_every_eligible,4V-FB,1834,293,True,False,51,0.04450506364463108,0.04944142818870401,1,-5.428527768991387e-05,9.533972675049429e-32,5.277084562092722e-13,True,False,7.694000009905722e-05,9.990000080506434e-06,0.00010213999985353439,schedule_ablation,every_eligible,100,0.5,1101
schedule_ablation_every_eligible,4V-FB,1835,294,True,False,51,0.04450506363912718,0.04944142818870401,1,-5.4285280109311884e-05,9.533972675049429e-32,5.277084562092722e-13,True,False,7.621999998264073e-05,9.849999969446799e-06,0.00010115999998561165,schedule_ablation,every_eligible,100,0.5,1101
schedule_ablation_every_eligible,4V-FB,1836,295,True,False,51,0.04450506363367705,0.04944142818870401,1,-5.428528250650544e-05,9.533972675049429e-32,5.277084562092721e-13,True,False,7.654999990336364e-05,9.859999863692792e-06,0.00010143999998035724,schedule_ablation,every_eligible,100,0.5,1101
schedule_ablation_every_eligible,4V-FB,1837,296,True,False,51,0.04450506362827908,0.04944142818870401,1,-5.428528487883e-05,9.533972675049429e-32,5.277084562092722e-13,True,False,7.677999997213192e-05,9.879999879558454e-06,0.00010160000010728254,schedule_ablation,every_eligible,100,0.5,1101
schedule_ablation_every_eligible,4V-FB,1838,297,True,False,51,0.044505063622933785,0.04944142818870401,1,-5.428528722806192e-05,9.533972675049429e-32,5.277084562092721e-13,True,False,7.668000012017728e-05,9.930000032909447e-06,0.00010176000000683416,schedule_ablation,every_eligible,100,0.5,1101
schedule_ablation_every_eligible,4V-FB,1839,298,True,False,51,0.04450506361764081,0.04944142818870401,1,-5.4285289556865735e-05,9.533972675049429e-32,5.27708456209272e-13,True,False,8.335999996234023e-05,1.0219999921901035e-05,0.00010891000010815333,schedule_ablation,every_eligible,100,0.5,1101
schedule_ablation_every_eligible,4V-FB,1840,299,True,False,51,0.04450506361239842,0.04944142818870401,1,-5.42852918590242e-05,9.533972675049429e-32,5.277084562092721e-13,True,False,7.676000018363993e-05,9.829999953581137e-06,0.00010165999992750585,schedule_ablation,every_eligible,100,0.5,1101
schedule_ablation_every_eligible,4V-FB,1841,300,True,False,51,0.04450506360720702,0.04944142818870401,1,-5.42852941389782e-05,9.533972675049429e-32,5.277084562092722e-13,True,False,7.670000013604295e-05,9.840000075200805e-06,0.0001016300000173942,schedule_ablation,every_eligible,100,0.5,1101
schedule_ablation_every_eligible,4V-FB,1842,301,True,False,51,0.04450506360206616,0.04944142818870401,1,-5.428529639761592e-05,9.533972675049429e-32,5.277084562092721e-13,True,False,7.58400001359405e-05,1.001999999061809e-05,0.00010068000005958311,schedule_ablation,every_eligible,100,0.5,1101
schedule_ablation_every_eligible,4V-FB,1843,302,True,False,51,0.04450506359697541,0.04944142818870401,1,-5.4285298634049184e-05,9.533972675049429e-32,5.277084562092721e-13,True,False,7.622999987688672e-05,9.959999943021103e-06,0.00010102999999617168,schedule_ablation,every_eligible,100,0.5,1101
schedule_ablation_every_eligible,4V-FB,1844,303,True,False,51,0.04450506359193311,0.04944142818870401,1,-5.4285300848277984e-05,9.533972675049429e-32,5.277084562092722e-13,True,False,7.621999998264073e-05,1.0410000186311663e-05,0.00010805000010805088,schedule_ablation,every_eligible,100,0.5,1101
schedule_ablation_every_eligible,4V-FB,1845,304,True,False,51,0.044505063586939994,0.04944142818870401,1,-5.42853030411905e-05,9.533972675049429e-32,5.277084562092721e-13,True,False,7.716000004620582e-05,9.88000010693213e-06,0.00010204000000157976,schedule_ablation,every_eligible,100,0.5,1101
schedule_ablation_every_eligible,4V-FB,1846,305,True,False,51,0.04450506358199571,0.04944142818870401,1,-5.428530521101038e-05,9.533972675049429e-32,5.277084562092722e-13,True,False,7.621000008839474e-05,9.83999984782713e-06,0.00010085999997500039,schedule_ablation,every_eligible,100,0.5,1101
schedule_ablation_every_eligible,4V-FB,1847,306,True,False,51,0.04450506357709899,0.04944142818870401,1,-5.4285307362178514e-05,9.533972675049429e-32,5.277084562092722e-13,True,False,7.610000011482043e-05,9.820000059335143e-06,0.00010081000004902307,schedule_ablation,every_eligible,100,0.5,1101
schedule_ablation_every_eligible,4V-FB,1848,307,True,False,51,0.04450506357225044,0.04944142818870401,1,-5.4285309492030365e-05,9.533972675049429e-32,5.27708456209272e-13,True,False,7.636999998794636e-05,9.850000196820474e-06,0.00010113999996974599,schedule_ablation,every_eligible,100,0.5,1101
schedule_ablation_every_eligible,4V-FB,1849,308,True,False,51,0.044505063567447975,0.04944142818870401,1,-5.428531159701322e-05,9.533972675049429e-32,5.277084562092722e-13,True,False,7.600000003549212e-05,9.95000004877511e-06,0.00010087999999086605,schedule_ablation,every_eligible,100,0.5,1101
schedule_ablation_every_eligible,4V-FB,1850,309,True,False,51,0.044505063562692126,0.04944142818870401,1,-5.4285313684232506e-05,9.533972675049429e-32,5.277084562092722e-13,True,False,7.72299999880488e-05,9.979999958886765e-06,0.00010261000011269061,schedule_ablation,every_eligible,100,0.5,1101
schedule_ablation_every_eligible,4V-FB,1851,310,True,False,51,0.0445050635579832,0.04944142818870401,1,-5.4285315752800045e-05,9.533972675049429e-32,5.277084562092721e-13,True,False,7.640000012543169e-05,9.990000080506434e-06,0.0001018499999645428,schedule_ablation,every_eligible,100,0.5,1101
schedule_ablation_every_eligible,4V-FB,1852,311,True,False,51,0.0445050635533194,0.04944142818870401,1,-5.4285317798274946e-05,9.533972675049429e-32,5.277084562092722e-13,True,False,7.654000000911765e-05,9.869999985312461e-06,0.00010171000008085684,schedule_ablation,every_eligible,100,0.5,1101
schedule_ablation_every_eligible,4V-FB,1853,312,True,False,51,0.044505063548700985,0.04944142818870401,1,-5.428531982420992e-05,9.533972675049429e-32,5.277084562092722e-13,True,False,7.616999982928974e-05,9.940000154529116e-06,0.00010126000006493996,schedule_ablation,every_eligible,100,0.5,1101
schedule_ablation_every_eligible,4V-FB,1854,313,True,False,51,0.044505063544127144,0.04944142818870401,1,-5.428532183149315e-05,9.533972675049429e-32,5.277084562092721e-13,True,False,7.609999988744676e-05,1.001999999061809e-05,0.00010111999995388032,schedule_ablation,every_eligible,100,0.5,1101
schedule_ablation_every_eligible,4V-FB,1855,314,True,False,51,0.04450506353959828,0.04944142818870401,1,-5.4285323818348274e-05,9.533972675049429e-32,5.277084562092721e-13,True,False,8.290999994642334e-05,9.98000018626044e-06,0.00010808000001816254,schedule_ablation,every_eligible,100,0.5,1101
schedule_ablation_every_eligible,4V-FB,1856,315,True,False,51,0.04450506353511298,0.04944142818870401,1,-5.428532578655165e-05,9.533972675049429e-32,5.27708456209272e-13,True,False,7.669999990866927e-05,9.920000138663454e-06,0.00010189999989052012,schedule_ablation,every_eligible,100,0.5,1101
schedule_ablation_every_eligible,4V-FB,1857,316,True,False,51,0.044505063530671185,0.04944142818870401,1,-5.428532773343875e-05,9.533972675049429e-32,5.277084562092722e-13,True,False,7.613000002493209e-05,9.899999895424116e-06,0.00010091000012835138,schedule_ablation,every_eligible,100,0.5,1101
schedule_ablation_every_eligible,4V-FB,1858,317,True,False,51,0.0445050635262719,0.04944142818870401,1,-5.42853296616741e-05,9.533972675049429e-32,5.277084562092721e-13,True,False,7.575000017823186e-05,9.910000017043785e-06,0.00010064000002785178,schedule_ablation,every_eligible,100,0.5,1101
schedule_ablation_every_eligible,4V-FB,1859,318,True,False,51,0.044505063521916355,0.04944142818870401,1,-5.42853315712577e-05,9.533972675049429e-32,5.277084562092721e-13,True,False,7.573999982923851e-05,9.920000138663454e-06,0.00010050999981103814,schedule_ablation,every_eligible,100,0.5,1101
schedule_ablation_every_eligible,4V-FB,1860,319,True,False,51,0.044505063517602514,0.04944142818870401,1,-5.428533346396591e-05,9.533972675049429e-32,5.27708456209272e-13,True,False,8.18100002106803e-05,1.0070000143969082e-05,0.00010726000004979142,schedule_ablation,every_eligible,100,0.5,1101
schedule_ablation_every_eligible,4V-FB,1861,320,True,False,51,0.04450506351333039,0.04944142818870401,1,-5.428533533535784e-05,9.533972675049429e-32,5.277084562092721e-13,True,False,7.679000009375159e-05,1.0069999916595407e-05,0.0001018599998587888,schedule_ablation,every_eligible,100,0.5,1101
schedule_ablation_every_eligible,4V-FB,1862,321,True,False,51,0.0445050635090993,0.04944142818870401,1,-5.4285337188986205e-05,9.533972675049429e-32,5.277084562092721e-13,True,False,7.640000012543169e-05,1.0060000022349413e-05,0.00010137999993276026,schedule_ablation,every_eligible,100,0.5,1101
schedule_ablation_every_eligible,4V-FB,1863,322,True,False,51,0.04450506350491039,0.04944142818870401,1,-5.428533902396282e-05,9.533972675049429e-32,5.277084562092721e-13,True,False,7.626999990861805e-05,9.970000064640772e-06,0.00010138000016013393,schedule_ablation,every_eligible,100,0.5,1101
schedule_ablation_every_eligible,4V-FB,1864,323,True,False,51,0.04450506350076168,0.04944142818870401,1,-5.4285340842064045e-05,9.533972675049429e-32,5.277084562092721e-13,True,False,7.675000006202026e-05,9.990000080506434e-06,0.00010171000008085684,schedule_ablation,every_eligible,100,0.5,1101
schedule_ablation_every_eligible,4V-FB,1865,324,True,False,51,0.04450506349665248,0.04944142818870401,1,-5.428534264328988e-05,9.533972675049429e-32,5.277084562092721e-13,True,False,7.642000014129735e-05,1.001999999061809e-05,0.00010147000011784257,schedule_ablation,every_eligible,100,0.5,1101
schedule_ablation_every_eligible,4V-FB,1866,325,True,False,51,0.044505063492584,0.04944142818870401,1,-5.428534442497579e-05,9.533972675049429e-32,5.277084562092721e-13,True,False,7.764999986648036e-05,9.800000043469481e-06,0.00010271999985889124,schedule_ablation,every_eligible,100,0.5,1101
schedule_ablation_every_eligible,4V-FB,1867,326,True,False,51,0.04450506348855489,0.04944142818870401,1,-5.428534618978631e-05,9.533972675049429e-32,5.277084562092721e-13,True,False,7.720000007793715e-05,1.024999983201269e-05,0.00010292000001754786,schedule_ablation,every_eligible,100,0.5,1101
schedule_ablation_every_eligible,4V-FB,1868,327,True,False,51,0.04450506348456465,0.04944142818870401,1,-5.428534793772144e-05,9.533972675049429e-32,5.277084562092721e-13,True,False,7.686000003559457e-05,9.999999974752427e-06,0.0001022399999328627,schedule_ablation,every_eligible,100,0.5,1101
schedule_ablation_every_eligible,4V-FB,1869,328,True,False,51,0.044505063480613005,0.04944142818870401,1,-5.4285349667893e-05,9.533972675049429e-32,5.277084562092721e-13,True,False,7.665999987693795e-05,1.0119999842572724e-05,0.00010178000002269982,schedule_ablation,every_eligible,100,0.5,1101
schedule_ablation_every_eligible,4V-FB,1870,329,True,False,51,0.044505063476700024,0.04944142818870401,1,-5.428535138207735e-05,9.533972675049429e-32,5.27708456209272e-13,True,False,7.627000013599172e-05,1.0109999948326731e-05,0.00010164000013901386,schedule_ablation,every_eligible,100,0.5,1101
schedule_ablation_every_eligible,4V-FB,1871,330,True,False,51,0.044505063472824694,0.04944142818870401,1,-5.428535307849813e-05,9.533972675049429e-32,5.27708456209272e-13,True,False,8.290000005217735e-05,1.0149999980058055e-05,0.00010825000003933383,schedule_ablation,every_eligible,100,0.5,1101
schedule_ablation_every_eligible,4V-FB,1872,331,True,False,51,0.044505063468986916,0.04944142818870401,1,-5.4285354758043525e-05,9.533972675049429e-32,5.277084562092721e-13,True,False,7.702000016251986e-05,9.910000017043785e-06,0.00010195000004387111,schedule_ablation,every_eligible,100,0.5,1101
schedule_ablation_every_eligible,4V-FB,1873,332,True,False,51,0.044505063465186706,0.04944142818870401,1,-5.428535642248988e-05,9.533972675049429e-32,5.277084562092721e-13,True,False,7.682000000386324e-05,9.930000032909447e-06,0.00010176000000683416,schedule_ablation,every_eligible,100,0.5,1101
schedule_ablation_every_eligible,4V-FB,1874,333,True,False,51,0.04450506346142359,0.04944142818870401,1,-5.4285358068284495e-05,9.533972675049429e-32,5.27708456209272e-13,True,False,7.649999997738632e-05,1.000999986899842e-05,0.00010163999991164019,schedule_ablation,every_eligible,100,0.5,1101
schedule_ablation_every_eligible,4V-FB,1875,334,True,False,51,0.04450506345769657,0.04944142818870401,1,-5.4285359698980074e-05,9.533972675049429e-32,5.277084562092722e-13,True,False,7.714000003034016e-05,9.969999837267096e-06,0.00010222999981124303,schedule_ablation,every_eligible,100,0.5,1101
schedule_ablation_every_eligible,4V-FB,1876,335,True,False,51,0.0445050634540059,0.04944142818870401,1,-5.4285361316352976e-05,9.533972675049429e-32,5.27708456209272e-13,True,False,8.273999992525205e-05,1.0030000112237758e-05,0.00010812000004989386,schedule_ablation,every_eligible,100,0.5,1101
schedule_ablation_every_eligible,4V-FB,1877,336,True,False,51,0.04450506345035099,0.04944142818870401,1,-5.4285362912409596e-05,9.533972675049429e-32,5.277084562092721e-13,True,False,7.720999997218314e-05,9.930000032909447e-06,0.00010221999991699704,schedule_ablation,every_eligible,100,0.5,1101
schedule_ablation_every_eligible,4V-FB,1878,337,True,False,51,0.04450506344673122,0.04944142818870401,1,-5.42853644969199e-05,9.533972675049429e-32,5.277084562092721e-13,True,False,7.697999990341486e-05,9.859999863692792e-06,0.0001018499999645428,schedule_ablation,every_eligible,100,0.5,1101
schedule_ablation_every_eligible,4V-FB,1879,338,True,False,51,0.04450506344314728,0.04944142818870401,1,-5.428536606455481e-05,9.533972675049429e-32,5.277084562092721e-13,True,False,7.658000004084897e-05,1.0140000085812062e-05,0.00010159999987990886,schedule_ablation,every_eligible,100,0.5,1101
schedule_ablation_every_eligible,4V-FB,1880,339,True,False,51,0.04450506343959783,0.04944142818870401,1,-5.428536761620251e-05,9.533972675049429e-32,5.277084562092721e-13,True,False,7.672000015190861e-05,9.999999974752427e-06,0.00010167000004912552,schedule_ablation,every_eligible,100,0.5,1101
schedule_ablation_every_eligible,4V-FB,1881,340,True,False,51,0.04450506343608236,0.04944142818870401,1,-5.428536915452753e-05,9.533972675049429e-32,5.27708456209272e-13,True,False,7.681000010961725e-05,1.0080000038215076e-05,0.00010195999993811711,schedule_ablation,every_eligible,100,0.5,1101
schedule_ablation_every_eligible,4V-FB,1882,341,True,False,51,0.04450506343260141,0.04944142818870401,1,-5.4285370675088984e-05,9.533972675049429e-32,5.277084562092722e-13,True,False,7.737999999335443e-05,9.869999985312461e-06,0.00010236999992230267,schedule_ablation,every_eligible,100,0.5,1101
schedule_ablation_every_eligible,4V-FB,1883,342,True,False,51,0.04450506342915392,0.04944142818870401,1,-5.428537218410412e-05,9.533972675049429e-32,5.277084562092721e-13,True,False,7.714000003034016e-05,1.0139999858438387e-05,0.00010247000000163098,schedule_ablation,every_eligible,100,0.5,1101
schedule_ablation_every_eligible,4V-FB,1884,343,True,False,51,0.04450506342574051,0.04944142818870401,1,-5.4285373675355686e-05,9.533972675049429e-32,5.277084562092722e-13,True,False,7.662999996682629e-05,9.869999985312461e-06,0.00010141000007024559,schedule_ablation,every_eligible,100,0.5,1101
schedule_ablation_every_eligible,4V-FB,1885,344,True,False,51,0.044505063422359964,0.04944142818870401,1,-5.428537515506093e-05,9.533972675049429e-32,5.27708456209272e-13,True,False,7.636999998794636e-05,9.970000064640772e-06,0.00010122999992745463,schedule_ablation,every_eligible,100,0.5,1101
schedule_ablation_every_eligible,4V-FB,1886,345,True,False,51,0.044505063419012406,0.04944142818870401,1,-5.428537661700261e-05,9.533972675049429e-32,5.27708456209272e-13,True,False,7.617000005666341e-05,9.840000075200805e-06,0.00010103999989041768,schedule_ablation,every_eligible,100,0.5,1101
schedule_ablation_every_eligible,4V-FB,1887,346,True,False,51,0.04450506341569692,0.04944142818870401,1,-5.4285378065621614e-05,9.533972675049429e-32,5.277084562092721e-13,True,False,7.727999991402612e-05,9.970000064640772e-06,0.00010869000016100472,schedule_ablation,every_eligible,100,0.5,1101
schedule_ablation_every_eligible,4V-FB,1888,347,True,False,51,0.0445050634124136,0.04944142818870401,1,-5.4285379499141584e-05,9.533972675049429e-32,5.277084562092721e-13,True,False,7.665899988751335e-05,9.970000064640772e-06,0.00010164900004383526,schedule_ablation,every_eligible,100,0.5,1101
schedule_ablation_every_eligible,4V-FB,1889,348,True,False,51,0.04450506340916266,0.04944142818870401,1,-5.4285380920227055e-05,9.533972675049429e-32,5.277084562092721e-13,True,False,7.652999988749798e-05,9.910000017043785e-06,0.00010158999998566287,schedule_ablation,every_eligible,100,0.5,1101
schedule_ablation_every_eligible,4V-FB,1890,349,True,False,51,0.04450506340594276,0.04944142818870401,1,-5.428538232798985e-05,9.533972675049429e-32,5.277084562092721e-13,True,False,7.654000000911765e-05,9.90999978967011e-06,0.00010158999998566287,schedule_ablation,every_eligible,100,0.5,1101
schedule_ablation_every_eligible,4V-FB,1891,350,True,False,51,0.04450506340275433,0.04944142818870401,1,-5.428538372065361e-05,9.533972675049429e-32,5.27708456209272e-13,True,False,7.647000006727467e-05,9.88000010693213e-06,0.00010122999992745463,schedule_ablation,every_eligible,100,0.5,1101
schedule_ablation_every_eligible,4V-FB,1892,351,True,False,51,0.04450506339959688,0.04944142818870401,1,-5.428538509910652e-05,9.533972675049429e-32,5.27708456209272e-13,True,False,8.27100000151404e-05,1.0180000117543386e-05,0.0001080900001397822,schedule_ablation,every_eligible,100,0.5,1101
schedule_ablation_every_eligible,4V-FB,1893,352,True,False,51,0.04450506339646984,0.04944142818870401,1,-5.428538646423675e-05,9.533972675049429e-32,5.277084562092721e-13,True,False,7.709000010436284e-05,9.999999974752427e-06,0.00010210999994342274,schedule_ablation,every_eligible,100,0.5,1101
schedule_ablation_every_eligible,4V-FB,1894,353,True,False,51,0.044505063393373345,0.04944142818870401,1,-5.4285387816044306e-05,9.533972675049429e-32,5.277084562092722e-13,True,False,7.709999999860884e-05,1.0040000006483751e-05,0.00010221000002275105,schedule_ablation,every_eligible,100,0.5,1101
schedule_ablation_every_eligible,4V-FB,1895,354,True,False,51,0.04450506339030713,0.04944142818870401,1,-5.428538915541736e-05,9.533972675049429e-32,5.277084562092721e-13,True,False,7.642999980816967e-05,9.920000138663454e-06,0.00010128000008080562,schedule_ablation,every_eligible,100,0.5,1101
schedule_ablation_every_eligible,4V-FB,1896,355,True,False,51,0.044505063387270616,0.04944142818870401,1,-5.4285390481467743e-05,9.533972675049429e-32,5.277084562092721e-13,True,False,7.621999998264073e-05,9.799999816095806e-06,0.00010081000004902307,schedule_ablation,every_eligible,100,0.5,1101
schedule_ablation_every_eligible,4V-FB,1897,356,True,False,51,0.04450506338426374,0.04944142818870401,1,-5.428539179330727e-05,9.533972675049429e-32,5.277084562092721e-13,True,False,7.609999988744676e-05,9.860000091066468e-06,0.00010102999999617168,schedule_ablation,every_eligible,100,0.5,1101
schedule_ablation_every_eligible,4V-FB,1898,357,True,False,51,0.04450506338128539,0.04944142818870401,1,-5.428539309537683e-05,9.533972675049429e-32,5.27708456209272e-13,True,False,7.686000003559457e-05,9.930000032909447e-06,0.00010208999992755707,schedule_ablation,every_eligible,100,0.5,1101
schedule_ablation_every_eligible,4V-FB,1899,358,True,False,51,0.04450506337833639,0.04944142818870401,1,-5.4285394381459184e-05,9.533972675049429e-32,5.277084562092721e-13,True,False,7.654000000911765e-05,9.979999958886765e-06,0.0001017399999909685,schedule_ablation,every_eligible,100,0.5,1101
schedule_ablation_every_eligible,4V-FB,1900,359,True,False,51,0.04450506337541578,0.04944142818870401,1,-5.428539565421886e-05,9.533972675049429e-32,5.277084562092722e-13,True,False,7.647000006727467e-05,1.019000001178938e-05,0.00010204000000157976,schedule_ablation,every_eligible,100,0.5,1101
schedule_ablation_every_eligible,4V-FB,1901,360,True,False,51,0.04450506337252383,0.04944142818870401,1,-5.428539691720857e-05,9.533972675049429e-32,5.277084562092722e-13,True,False,7.671000003028894e-05,9.93999992715544e-06,0.00010169000006499118,schedule_ablation,every_eligible,100,0.5,1101
schedule_ablation_every_eligible,4V-FB,1902,361,True,False,51,0.0445050633696604,0.04944142818870401,1,-5.428539816598743e-05,9.533972675049429e-32,5.277084562092722e-13,True,False,7.636000009370036e-05,9.869999985312461e-06,0.00010100999998030602,schedule_ablation,every_eligible,100,0.5,1101
schedule_ablation_every_eligible,4V-FB,1903,362,True,False,51,0.044505063366824124,0.04944142818870401,1,-5.428539940321997e-05,9.533972675049429e-32,5.277084562092721e-13,True,False,7.729999992989178e-05,9.959999943021103e-06,0.0001081000000340282,schedule_ablation,every_eligible,100,0.5,1101
schedule_ablation_every_eligible,4V-FB,1904,363,True,False,51,0.04450506336401544,0.04944142818870401,1,-5.428540062979437e-05,9.533972675049429e-32,5.277084562092721e-13,True,False,7.683000012548291e-05,9.780000027603819e-06,0.00010161000000152853,schedule_ablation,every_eligible,100,0.5,1101
schedule_ablation_every_eligible,4V-FB,1905,364,True,False,51,0.04450506336123426,0.04944142818870401,1,-5.428540184304609e-05,9.533972675049429e-32,5.277084562092721e-13,True,False,7.630000004610338e-05,9.930000032909447e-06,0.0001013500000226486,schedule_ablation,every_eligible,100,0.5,1101
schedule_ablation_every_eligible,4V-FB,1906,365,True,False,51,0.044505063358479535,0.04944142818870401,1,-5.428540304386331e-05,9.533972675049429e-32,5.27708456209272e-13,True,False,7.631000016772305e-05,9.910000017043785e-06,0.000101079999922149,schedule_ablation,every_eligible,100,0.5,1101
schedule_ablation_every_eligible,4V-FB,1907,366,True,False,51,0.044505063355752536,0.04944142818870401,1,-5.4285404234022394e-05,9.533972675049429e-32,5.277084562092721e-13,True,False,7.63499999720807e-05,9.780000027603819e-06,0.00010099000019181403,schedule_ablation,every_eligible,100,0.5,1101
schedule_ablation_every_eligible,4V-FB,1908,367,True,False,51,0.04450506335305164,0.04944142818870401,1,-5.42854054108588e-05,9.533972675049429e-32,5.277084562092722e-13,True,False,8.253000009972311e-05,1.0049999900729745e-05,0.00010777000011330529,schedule_ablation,every_eligible,100,0.5,1101
schedule_ablation_every_eligible,4V-FB,1909,368,True,False,51,0.04450506335037675,0.04944142818870401,1,-5.4285406577037065e-05,9.533972675049429e-32,5.277084562092721e-13,True,False,7.67800001995056e-05,9.859999863692792e-06,0.00010150999992220022,schedule_ablation,every_eligible,100,0.5,1101
schedule_ablation_every_eligible,4V-FB,1910,369,True,False,51,0.04450506334772744,0.04944142818870401,1,-5.428540773078083e-05,9.533972675049429e-32,5.277084562092722e-13,True,False,7.605000018884311e-05,9.95000004877511e-06,0.000101079999922149,schedule_ablation,every_eligible,100,0.5,1101
schedule_ablation_every_eligible,4V-FB,1911,370,True,False,51,0.04450506334510421,0.04944142818870401,1,-5.428540887475464e-05,9.533972675049429e-32,5.277084562092721e-13,True,False,7.644999982403533e-05,1.0080000038215076e-05,0.00010158999998566287,schedule_ablation,every_eligible,100,0.5,1101
schedule_ablation_every_eligible,4V-FB,1912,371,True,False,51,0.044505063342506146,0.04944142818870401,1,-5.428541000718212e-05,9.533972675049429e-32,5.277084562092722e-13,True,False,7.610000011482043e-05,9.860000091066468e-06,0.00010103999989041768,schedule_ablation,every_eligible,100,0.5,1101
schedule_ablation_every_eligible,4V-FB,1913,372,True,False,51,0.04450506333993408,0.04944142818870401,1,-5.428541112806329e-05,9.533972675049429e-32,5.277084562092721e-13,True,False,7.600999992973811e-05,9.899999895424116e-06,0.00010098000007019436,schedule_ablation,every_eligible,100,0.5,1101
schedule_ablation_every_eligible,4V-FB,1914,373,True,False,51,0.04450506333738674,0.04944142818870401,1,-5.428541223917449e-05,9.533972675049429e-32,5.277084562092721e-13,True,False,7.690999996157188e-05,1.01200000699464e-05,0.00010247000000163098,schedule_ablation,every_eligible,100,0.5,1101
schedule_ablation_every_eligible,4V-FB,1915,374,True,False,51,0.04450506333486408,0.04944142818870401,1,-5.428541333696302e-05,9.533972675049429e-32,5.277084562092721e-13,True,False,7.617000005666341e-05,1.0069999916595407e-05,0.00010148000001208857,schedule_ablation,every_eligible,100,0.5,1101
schedule_ablation_every_eligible,4V-FB,1916,375,True,False,51,0.044505063332365924,0.04944142818870401,1,-5.428541442498158e-05,9.533972675049429e-32,5.277084562092722e-13,True,False,7.643000003554334e-05,9.799999816095806e-06,0.0001013500000226486,schedule_ablation,every_eligible,100,0.5,1101
schedule_ablation_every_eligible,4V-FB,1917,376,True,False,51,0.044505063329891695,0.04944142818870401,1,-5.428541550411836e-05,9.533972675049429e-32,5.277084562092721e-13,True,False,7.654000000911765e-05,9.81000016508915e-06,0.00010165000003325986,schedule_ablation,every_eligible,100,0.5,1101
schedule_ablation_every_eligible,4V-FB,1918,377,True,False,51,0.04450506332744214,0.04944142818870401,1,-5.428541656904429e-05,9.533972675049429e-32,5.277084562092722e-13,True,False,7.632000006196904e-05,1.0040000006483751e-05,0.00010132000011253695,schedule_ablation,every_eligible,100,0.5,1101
schedule_ablation_every_eligible,4V-FB,1919,378,True,False,51,0.044505063325016136,0.04944142818870401,1,-5.4285417626864785e-05,9.533972675049429e-32,5.277084562092721e-13,True,False,7.766999988234602e-05,1.0060000022349413e-05,0.00010944000018753286,schedule_ablation,every_eligible,100,0.5,1101
schedule_ablation_every_eligible,4V-FB,1920,379,True,False,51,0.04450506332261392,0.04944142818870401,1,-5.428541867313896e-05,9.533972675049429e-32,5.277084562092721e-13,True,False,7.669999990866927e-05,1.0179999890169711e-05,0.00010199999996984843,schedule_ablation,every_eligible,100,0.5,1101
schedule_ablation_every_eligible,4V-FB,1921,380,True,False,51,0.044505063320234045,0.04944142818870401,1,-5.428541970964318e-05,9.533972675049429e-32,5.277084562092721e-13,True,False,7.649999997738632e-05,9.93999992715544e-06,0.00010188999999627413,schedule_ablation,every_eligible,100,0.5,1101
schedule_ablation_every_eligible,4V-FB,1922,381,True,False,51,0.04450506331787833,0.04944142818870401,1,-5.428542073637743e-05,9.533972675049429e-32,5.27708456209272e-13,True,False,7.66200000725803e-05,9.959999943021103e-06,0.00010163999991164019,schedule_ablation,every_eligible,100,0.5,1101
schedule_ablation_every_eligible,4V-FB,1923,382,True,False,51,0.04450506331554499,0.04944142818870401,1,-5.428542175067719e-05,9.533972675049429e-32,5.277084562092722e-13,True,False,7.63499999720807e-05,1.019000001178938e-05,0.00010161999989577453,schedule_ablation,every_eligible,100,0.5,1101
schedule_ablation_every_eligible,4V-FB,1924,383,True,False,51,0.04450506331323434,0.04944142818870401,1,-5.428542275698334e-05,9.533972675049429e-32,5.277084562092721e-13,True,False,8.238999998866348e-05,1.0139999858438387e-05,0.00010819999988598283,schedule_ablation,every_eligible,100,0.5,1101
schedule_ablation_every_eligible,4V-FB,1925,384,True,False,51,0.044505063310946585,0.04944142818870401,1,-5.4285423752631345e-05,9.533972675049429e-32,5.277084562092721e-13,True,False,7.707999998274317e-05,1.0149999980058055e-05,0.0001026800000545336,schedule_ablation,every_eligible,100,0.5,1101
schedule_ablation_every_eligible,4V-FB,1926,385,True,False,51,0.04450506330868059,0.04944142818870401,1,-5.428542473850939e-05,9.533972675049429e-32,5.277084562092721e-13,True,False,7.637999988219235e-05,9.920000138663454e-06,0.00010147000011784257,schedule_ablation,every_eligible,100,0.5,1101
schedule_ablation_every_eligible,4V-FB,1927,386,True,False,51,0.04450506330643675,0.04944142818870401,1,-5.428542571639383e-05,9.533972675049429e-32,5.27708456209272e-13,True,False,7.672000015190861e-05,9.949999821401434e-06,0.00010182999994867714,schedule_ablation,every_eligible,100,0.5,1101
schedule_ablation_every_eligible,4V-FB,1928,387,True,False,51,0.044505063304214845,0.04944142818870401,1,-5.428542668006742e-05,9.533972675049429e-32,5.277084562092722e-13,True,False,7.643999992978934e-05,1.0010000096372096e-05,0.00010154000005968555,schedule_ablation,every_eligible,100,0.5,1101
schedule_ablation_every_eligible,4V-FB,1929,388,True,False,51,0.04450506330201422,0.04944142818870401,1,-5.428542764107647e-05,9.533972675049429e-32,5.27708456209272e-13,True,False,7.623999999850639e-05,1.0109999948326731e-05,0.00010141000007024559,schedule_ablation,every_eligible,100,0.5,1101
schedule_ablation_every_eligible,4V-FB,1930,389,True,False,51,0.04450506329983506,0.04944142818870401,1,-5.4285428586098305e-05,9.533972675049429e-32,5.277084562092722e-13,True,False,7.722000009380281e-05,1.0029999884864083e-05,0.0001025100000333623,schedule_ablation,every_eligible,100,0.5,1101
schedule_ablation_every_eligible,4V-FB,1931,390,True,False,51,0.044505063297677575,0.04944142818870401,1,-5.428542952756743e-05,9.533972675049429e-32,5.27708456209272e-13,True,False,7.680999988224357e-05,9.999999974752427e-06,0.00010183999984292313,schedule_ablation,every_eligible,100,0.5,1101
schedule_ablation_every_eligible,4V-FB,1932,391,True,False,51,0.04450506329554059,0.04944142818870401,1,-5.42854304548257e-05,9.533972675049429e-32,5.277084562092722e-13,True,False,7.647000006727467e-05,9.989999853132758e-06,0.00010147000011784257,schedule_ablation,every_eligible,100,0.5,1101
schedule_ablation_every_eligible,4V-FB,1933,392,True,False,51,0.044505063293424366,0.04944142818870401,1,-5.428543137497854e-05,9.533972675049429e-32,5.27708456209272e-13,True,False,7.699000002503453e-05,9.88000010693213e-06,0.0001016300000173942,schedule_ablation,every_eligible,100,0.5,1101
schedule_ablation_every_eligible,4V-FB,1934,393,True,False,51,0.04450506329132867,0.04944142818870401,1,-5.428543228802596e-05,9.533972675049429e-32,5.27708456209272e-13,True,False,7.669999990866927e-05,9.869999985312461e-06,0.00010166999982175184,schedule_ablation,every_eligible,100,0.5,1101
schedule_ablation_every_eligible,4V-FB,1935,394,True,False,51,0.044505063289253466,0.04944142818870401,1,-5.4285433189527055e-05,9.533972675049429e-32,5.277084562092721e-13,True,False,7.74599998294434e-05,9.829999953581137e-06,0.00010252000015498197,schedule_ablation,every_eligible,100,0.5,1101
schedule_ablation_every_eligible,4V-FB,1936,395,True,False,51,0.04450506328719854,0.04944142818870401,1,-5.4285434083034545e-05,9.533972675049429e-32,5.277084562092721e-13,True,False,7.660000005671463e-05,1.0040000006483751e-05,0.00010158999998566287,schedule_ablation,every_eligible,100,0.5,1101
schedule_ablation_every_eligible,4V-FB,1937,396,True,False,51,0.04450506328516393,0.04944142818870401,1,-5.428543496854843e-05,9.533972675049429e-32,5.27708456209272e-13,True,False,7.72399998822948e-05,1.0040000006483751e-05,0.00010241999984827999,schedule_ablation,every_eligible,100,0.5,1101
schedule_ablation_every_eligible,4V-FB,1938,397,True,False,51,0.04450506328314814,0.04944142818870401,1,-5.428543584340417e-05,9.533972675049429e-32,5.277084562092721e-13,True,False,7.735000008324278e-05,9.979999958886765e-06,0.00010253000004922797,schedule_ablation,every_eligible,100,0.5,1101
schedule_ablation_every_eligible,4V-FB,1939,398,True,False,51,0.0445050632811526,0.04944142818870401,1,-5.4285436712930846e-05,9.533972675049429e-32,5.27708456209272e-13,True,False,7.710999989285483e-05,9.910000017043785e-06,0.00010217999988526572,schedule_ablation,every_eligible,100,0.5,1101
schedule_ablation_every_eligible,4V-FB,1940,399,True,False,51,0.044505063279176194,0.04944142818870401,1,-5.42854375709112e-05,9.533972675049429e-32,5.277084562092719e-13,True,False,8.323999986714625e-05,1.0149999980058055e-05,0.00010868000003938505,schedule_ablation,every_eligible,100,0.5,1101
schedule_ablation_every_eligible,4V-FB,1941,400,True,False,51,0.04450506327721951,0.04944142818870401,1,-5.428543842000977e-05,9.533972675049429e-32,5.27708456209272e-13,True,False,7.795999999871128e-05,1.015000020743173e-05,0.00010320999990653945,schedule_ablation,every_eligible,100,0.5,1101
schedule_ablation_every_eligible,4V-FB,1942,401,True,False,51,0.044505063275280934,0.04944142818870401,1,-5.428543926111473e-05,9.533972675049429e-32,5.277084562092722e-13,True,False,7.718000006207149e-05,9.920000138663454e-06,0.00010220000012850505,schedule_ablation,every_eligible,100,0.5,1101
schedule_ablation_every_eligible,4V-FB,1943,402,True,False,51,0.044505063273362275,0.04944142818870401,1,-5.4285440096890625e-05,9.533972675049429e-32,5.27708456209272e-13,True,False,7.691000018894556e-05,9.910000017043785e-06,0.00010180000003856549,schedule_ablation,every_eligible,100,0.5,1101
schedule_ablation_every_eligible,4V-FB,1944,403,True,False,51,0.04450506327146117,0.04944142818870401,1,-5.428544092200838e-05,9.533972675049429e-32,5.277084562092721e-13,True,False,7.698000013078854e-05,9.999999974752427e-06,0.00010199999996984843,schedule_ablation,every_eligible,100,0.5,1101
schedule_ablation_every_eligible,4V-FB,1945,404,True,False,51,0.04450506326957908,0.04944142818870401,1,-5.428544173913252e-05,9.533972675049429e-32,5.277084562092722e-13,True,False,7.705999996687751e-05,9.919999911289779e-06,0.00010197000005973678,schedule_ablation,every_eligible,100,0.5,1101
schedule_ablation_every_eligible,4V-FB,1946,405,True,False,51,0.04450506326771557,0.04944142818870401,1,-5.428544255003942e-05,9.533972675049429e-32,5.27708456209272e-13,True,False,7.687999982408655e-05,1.0140000085812062e-05,0.00010210000004917674,schedule_ablation,every_eligible,100,0.5,1101
schedule_ablation_every_eligible,4V-FB,1947,406,True,False,51,0.04450506326586953,0.04944142818870401,1,-5.428544335206453e-05,9.533972675049429e-32,5.27708456209272e-13,True,False,7.67399999404006e-05,9.959999943021103e-06,0.00010168000017074519,schedule_ablation,every_eligible,100,0.5,1101
schedule_ablation_every_eligible,4V-FB,1948,407,True,False,51,0.04450506326404166,0.04944142818870401,1,-5.428544414520786e-05,9.533972675049429e-32,5.277084562092721e-13,True,False,7.654000000911765e-05,1.0040000006483751e-05,0.00010171999997510284,schedule_ablation,every_eligible,100,0.5,1101
schedule_ablation_every_eligible,4V-FB,1949,408,True,False,51,0.04450506326223215,0.04944142818870401,1,-5.4285444930357585e-05,9.533972675049429e-32,5.27708456209272e-13,True,False,7.685000014134857e-05,9.930000032909447e-06,0.00010163999991164019,schedule_ablation,every_eligible,100,0.5,1101
schedule_ablation_every_eligible,4V-FB,1950,409,True,False,51,0.044505063260439376,0.04944142818870401,1,-5.428544570840188e-05,9.533972675049429e-32,5.27708456209272e-13,True,False,7.662999996682629e-05,9.890000001178123e-06,0.00010130999999091728,schedule_ablation,every_eligible,100,0.5,1101
schedule_ablation_every_eligible,4V-FB,1951,410,True,False,51,0.04450506325866492,0.04944142818870401,1,-5.428544647756439e-05,9.533972675049429e-32,5.277084562092722e-13,True,False,7.808999998815125e-05,1.01200000699464e-05,0.00010331999988011376,schedule_ablation,every_eligible,100,0.5,1101
schedule_ablation_every_eligible,4V-FB,1952,411,True,False,51,0.04450506325690712,0.04944142818870401,1,-5.428544724139783e-05,9.533972675049429e-32,5.277084562092722e-13,True,False,7.717999983469781e-05,9.919999911289779e-06,0.00010216999999101972,schedule_ablation,every_eligible,100,0.5,1101
schedule_ablation_every_eligible,4V-FB,1953,412,True,False,51,0.04450506325516611,0.04944142818870401,1,-5.428544799634949e-05,9.533972675049429e-32,5.277084562092722e-13,True,False,7.694999999330321e-05,9.919999911289779e-06,0.00010216999999101972,schedule_ablation,every_eligible,100,0.5,1101
schedule_ablation_every_eligible,4V-FB,1954,413,True,False,51,0.04450506325344225,0.04944142818870401,1,-5.4285448746860254e-05,9.533972675049429e-32,5.277084562092721e-13,True,False,7.707999998274317e-05,9.800000043469481e-06,0.00010189999989052012,schedule_ablation,every_eligible,100,0.5,1101
schedule_ablation_every_eligible,4V-FB,1955,414,True,False,51,0.044505063251735394,0.04944142818870401,1,-5.4285449488489235e-05,9.533972675049429e-32,5.27708456209272e-13,True,False,7.669000001442328e-05,9.95000004877511e-06,0.00010179000014431949,schedule_ablation,every_eligible,100,0.5,1101
schedule_ablation_every_eligible,4V-FB,1956,415,True,False,51,0.04450506325004491,0.04944142818870401,1,-5.4285450219460074e-05,9.533972675049429e-32,5.277084562092721e-13,True,False,8.356000012099685e-05,1.0210000027655042e-05,0.00010899000017161597,schedule_ablation,every_eligible,100,0.5,1101
schedule_ablation_every_eligible,4V-FB,1957,416,True,False,51,0.04450506324837153,0.04944142818870401,1,-5.428545094599002e-05,9.533972675049429e-32,5.277084562092721e-13,True,False,7.746000005681708e-05,1.0119999842572724e-05,0.00010262000000693661,schedule_ablation,every_eligible,100,0.5,1101
schedule_ablation_every_eligible,4V-FB,1958,417,True,False,51,0.04450506324671334,0.04944142818870401,1,-5.428545166541454e-05,9.533972675049429e-32,5.277084562092721e-13,True,False,7.643999992978934e-05,9.860000091066468e-06,0.00010109999993801466,schedule_ablation,every_eligible,100,0.5,1101
schedule_ablation_every_eligible,4V-FB,1959,418,True,False,51,0.0445050632450717,0.04944142818870401,1,-5.4285452377733634e-05,9.533972675049429e-32,5.277084562092721e-13,True,False,7.602999994560378e-05,9.910000017043785e-06,0.00010053999994852347,schedule_ablation,every_eligible,100,0.5,1101
schedule_ablation_every_eligible,4V-FB,1960,419,True,False,51,0.044505063243446455,0.04944142818870401,1,-5.4285453084723656e-05,9.533972675049429e-32,5.27708456209272e-13,True,False,7.593000009364914e-05,9.999999974752427e-06,0.00010072999998556043,schedule_ablation,every_eligible,100,0.5,1101
schedule_ablation_every_eligible,4V-FB,1961,420,True,False,51,0.04450506324183717,0.04944142818870401,1,-5.4285453781943716e-05,9.533972675049429e-32,5.27708456209272e-13,True,False,7.6459999945655e-05,9.960000170394778e-06,0.00010132000011253695,schedule_ablation,every_eligible,100,0.5,1101
schedule_ablation_every_eligible,4V-FB,1962,421,True,False,51,0.044505063240242976,0.04944142818870401,1,-5.428545447117017e-05,9.533972675049429e-32,5.277084562092722e-13,True,False,7.727000001978013e-05,9.849999969446799e-06,0.00010222999981124303,schedule_ablation,every_eligible,100,0.5,1101
schedule_ablation_every_eligible,4V-FB,1963,422,True,False,51,0.04450506323866414,0.04944142818870401,1,-5.428545515684391e-05,9.533972675049429e-32,5.277084562092721e-13,True,False,7.63499999720807e-05,9.869999985312461e-06,0.00010106999980052933,schedule_ablation,every_eligible,100,0.5,1101
schedule_ablation_every_eligible,4V-FB,1964,423,True,False,51,0.044505063237101045,0.04944142818870401,1,-5.428545583541222e-05,9.533972675049429e-32,5.27708456209272e-13,True,False,7.649000008314033e-05,1.00799998108414e-05,0.00010161000000152853,schedule_ablation,every_eligible,100,0.5,1101
schedule_ablation_every_eligible,4V-FB,1965,424,True,False,51,0.044505063235553324,0.04944142818870401,1,-5.428545650421057e-05,9.533972675049429e-32,5.277084562092722e-13,True,False,7.657000014660298e-05,9.830000180954812e-06,0.00010133000000678294,schedule_ablation,every_eligible,100,0.5,1101
schedule_ablation_every_eligible,4V-FB,1966,425,True,False,51,0.044505063234019746,0.04944142818870401,1,-5.428545716945621e-05,9.533972675049429e-32,5.277084562092722e-13,True,False,7.654000000911765e-05,9.989999853132758e-06,0.00010161999989577453,schedule_ablation,every_eligible,100,0.5,1101
schedule_ablation_every_eligible,4V-FB,1967,426,True,False,51,0.04450506323250132,0.04944142818870401,1,-5.4285457828484596e-05,9.533972675049429e-32,5.277084562092721e-13,True,False,7.740999990346609e-05,1.0029999884864083e-05,0.00010257999997520528,schedule_ablation,every_eligible,100,0.5,1101
schedule_ablation_every_eligible,4V-FB,1968,427,True,False,51,0.0445050632309983,0.04944142818870401,1,-5.428545847951938e-05,9.533972675049429e-32,5.277084562092722e-13,True,False,7.630000004610338e-05,9.869999985312461e-06,0.000101079999922149,schedule_ablation,every_eligible,100,0.5,1101
schedule_ablation_every_eligible,4V-FB,1969,428,True,False,51,0.04450506322950941,0.04944142818870401,1,-5.428545912522509e-05,9.533972675049429e-32,5.277084562092721e-13,True,False,7.683000012548291e-05,9.999999974752427e-06,0.00010157000019717088,schedule_ablation,every_eligible,100,0.5,1101
schedule_ablation_every_eligible,4V-FB,1970,429,True,False,51,0.04450506322803564,0.04944142818870401,1,-5.4285459762049015e-05,9.533972675049429e-32,5.277084562092722e-13,True,False,7.62999998187297e-05,9.830000180954812e-06,0.00010085999997500039,schedule_ablation,every_eligible,100,0.5,1101
schedule_ablation_every_eligible,4V-FB,1971,430,True,False,51,0.04450506322657574,0.04944142818870401,1,-5.428546039532023e-05,9.533972675049429e-32,5.277084562092722e-13,True,False,7.682999989810924e-05,9.920000138663454e-06,0.00010176000000683416,schedule_ablation,every_eligible,100,0.5,1101
schedule_ablation_every_eligible,4V-FB,1972,431,True,False,51,0.04450506322512984,0.04944142818870401,1,-5.428546102415055e-05,9.533972675049429e-32,5.27708456209272e-13,True,False,8.345000014742254e-05,1.0179999890169711e-05,0.00010903999987021962,schedule_ablation,every_eligible,100,0.5,1101
schedule_ablation_every_eligible,4V-FB,1973,432,True,False,51,0.04450506322369786,0.04944142818870401,1,-5.428546164409909e-05,9.533972675049429e-32,5.277084562092722e-13,True,False,7.742999991933175e-05,1.0010000096372096e-05,0.00010258999986945128,schedule_ablation,every_eligible,100,0.5,1101
schedule_ablation_every_eligible,4V-FB,1974,433,True,False,51,0.04450506322228101,0.04944142818870401,1,-5.4285462256942196e-05,9.533972675049429e-32,5.27708456209272e-13,True,False,7.632999995621503e-05,9.990000080506434e-06,0.0001009699999485747,schedule_ablation,every_eligible,100,0.5,1101
schedule_ablation_every_eligible,4V-FB,1975,434,True,False,51,0.04450506322087651,0.04944142818870401,1,-5.4285462865344414e-05,9.533972675049429e-32,5.277084562092722e-13,True,False,7.642000014129735e-05,1.0040000006483751e-05,0.00010137999993276026,schedule_ablation,every_eligible,100,0.5,1101
schedule_ablation_every_eligible,4V-FB,1976,435,True,False,51,0.0445050632194859,0.04944142818870401,1,-5.428546346752938e-05,9.533972675049429e-32,5.277084562092721e-13,True,False,7.636000009370036e-05,9.919999911289779e-06,0.00010124999994332029,schedule_ablation,every_eligible,100,0.5,1101
schedule_ablation_every_eligible,4V-FB,1977,436,True,False,51,0.044505063218109736,0.04944142818870401,1,-5.42854640634971e-05,9.533972675049429e-32,5.277084562092722e-13,True,False,7.621999998264073e-05,9.990000080506434e-06,0.0001009699999485747,schedule_ablation,every_eligible,100,0.5,1101
schedule_ablation_every_eligible,4V-FB,1978,437,True,False,51,0.04450506321674587,0.04944142818870401,1,-5.428546465502393e-05,9.533972675049429e-32,5.27708456209272e-13,True,False,7.68900001730799e-05,1.0010000096372096e-05,0.00010206000001744542,schedule_ablation,every_eligible,100,0.5,1101
schedule_ablation_every_eligible,4V-FB,1979,438,True,False,51,0.04450506321539581,0.04944142818870401,1,-5.428546523855715e-05,9.533972675049429e-32,5.277084562092721e-13,True,False,7.655000013073732e-05,9.959999943021103e-06,0.00010158000009141688,schedule_ablation,every_eligible,100,0.5,1101
schedule_ablation_every_eligible,4V-FB,1980,439,True,False,51,0.0445050632140592,0.04944142818870401,1,-5.428546581764948e-05,9.533972675049429e-32,5.277084562092721e-13,True,False,7.731999994575744e-05,1.0250000059386366e-05,0.00010298000006514485,schedule_ablation,every_eligible,100,0.5,1101
schedule_ablation_every_eligible,4V-FB,1981,440,True,False,51,0.04450506321273487,0.04944142818870401,1,-5.428546639141274e-05,9.533972675049429e-32,5.277084562092721e-13,True,False,7.677999997213192e-05,1.0109999948326731e-05,0.00010221999991699704,schedule_ablation,every_eligible,100,0.5,1101
schedule_ablation_every_eligible,4V-FB,1982,441,True,False,51,0.04450506321142361,0.04944142818870401,1,-5.428546695807057e-05,9.533972675049429e-32,5.277084562092721e-13,True,False,7.67399999404006e-05,1.0030000112237758e-05,0.00010197000005973678,schedule_ablation,every_eligible,100,0.5,1101
schedule_ablation_every_eligible,4V-FB,1983,442,True,False,51,0.044505063210125845,0.04944142818870401,1,-5.428546752206387e-05,9.533972675049429e-32,5.27708456209272e-13,True,False,7.747000017843675e-05,9.95000004877511e-06,0.00010282000016559323,schedule_ablation,every_eligible,100,0.5,1101
schedule_ablation_every_eligible,4V-FB,1984,443,True,False,51,0.04450506320883972,0.04944142818870401,1,-5.428546807717538e-05,9.533972675049429e-32,5.277084562092721e-13,True,False,7.630000004610338e-05,1.000999986899842e-05,0.00010166000015487953,schedule_ablation,every_eligible,100,0.5,1101
schedule_ablation_every_eligible,4V-FB,1985,444,True,False,51,0.044505063207566725,0.04944142818870401,1,-5.4285468626069644e-05,9.533972675049429e-32,5.277084562092722e-13,True,False,7.636999998794636e-05,9.919999911289779e-06,0.00010137999993276026,schedule_ablation,every_eligible,100,0.5,1101
schedule_ablation_every_eligible,4V-FB,1986,445,True,False,51,0.04450506320630605,0.04944142818870401,1,-5.428546917318755e-05,9.533972675049429e-32,5.277084562092721e-13,True,False,7.660999995096063e-05,9.820000059335143e-06,0.00010137999993276026,schedule_ablation,every_eligible,100,0.5,1101
schedule_ablation_every_eligible,4V-FB,1987,446,True,False,51,0.044505063205057135,0.04944142818870401,1,-5.428546971320003e-05,9.533972675049429e-32,5.277084562092721e-13,True,False,7.707999998274317e-05,9.95000004877511e-06,0.00010199999996984843,schedule_ablation,every_eligible,100,0.5,1101
schedule_ablation_every_eligible,4V-FB,1988,447,True,False,51,0.044505063203820944,0.04944142818870401,1,-5.428547024877162e-05,9.533972675049429e-32,5.277084562092721e-13,True,False,8.275000004687172e-05,1.0200000133409048e-05,0.00010823999991771416,schedule_ablation,every_eligible,100,0.5,1101
schedule_ablation_every_eligible,4V-FB,1989,448,True,False,51,0.044505063202596645,0.04944142818870401,1,-5.428547077990231e-05,9.533972675049429e-32,5.27708456209272e-13,True,False,7.727000001978013e-05,9.960000170394778e-06,0.0001022900000862137,schedule_ablation,every_eligible,100,0.5,1101
schedule_ablation_every_eligible,4V-FB,1990,449,True,False,51,0.04450506320138392,0.04944142818870401,1,-5.42854713030394e-05,9.533972675049429e-32,5.277084562092721e-13,True,False,7.649000008314033e-05,9.840000075200805e-06,0.00010141000007024559,schedule_ablation,every_eligible,100,0.5,1101
schedule_ablation_every_eligible,4V-FB,1991,450,True,False,51,0.044505063200183326,0.04944142818870401,1,-5.4285471822623776e-05,9.533972675049429e-32,5.27708456209272e-13,True,False,7.632999995621503e-05,9.849999969446799e-06,0.00010128000008080562,schedule_ablation,every_eligible,100,0.5,1101
schedule_ablation_every_eligible,4V-FB,1992,451,True,False,51,0.044505063198994346,0.04944142818870401,1,-5.428547233776726e-05,9.533972675049429e-32,5.27708456209272e-13,True,False,7.6459999945655e-05,9.970000064640772e-06,0.00010150000002795423,schedule_ablation,every_eligible,100,0.5,1101
schedule_ablation_every_eligible,4V-FB,1993,452,True,False,51,0.04450506319781683,0.04944142818870401,1,-5.4285472845805316e-05,9.533972675049429e-32,5.27708456209272e-13,True,False,7.692999997743755e-05,9.879999879558454e-06,0.00010197000005973678,schedule_ablation,every_eligible,100,0.5,1101
schedule_ablation_every_eligible,4V-FB,1994,453,True,False,51,0.044505063196651526,0.04944142818870401,1,-5.428547334940248e-05,9.533972675049429e-32,5.277084562092721e-13,True,False,7.722000009380281e-05,9.899999895424116e-06,0.00010245999988001131,schedule_ablation,every_eligible,100,0.5,1101
schedule_ablation_every_eligible,4V-FB,1995,454,True,False,51,0.04450506319549655,0.04944142818870401,1,-5.428547384855875e-05,9.533972675049429e-32,5.277084562092721e-13,True,False,7.692000008319155e-05,9.970000064640772e-06,0.00010213999985353439,schedule_ablation,every_eligible,100,0.5,1101
schedule_ablation_every_eligible,4V-FB,1996,455,True,False,51,0.04450506319435289,0.04944142818870401,1,-5.428547434327413e-05,9.533972675049429e-32,5.277084562092721e-13,True,False,7.640000012543169e-05,9.890000001178123e-06,0.00010139000005437993,schedule_ablation,every_eligible,100,0.5,1101
schedule_ablation_every_eligible,4V-FB,1997,456,True,False,51,0.0445050631932208,0.04944142818870401,1,-5.428547483177226e-05,9.533972675049429e-32,5.277084562092722e-13,True,False,7.649999997738632e-05,9.890000001178123e-06,0.00010123999982170062,schedule_ablation,every_eligible,100,0.5,1101
schedule_ablation_every_eligible,4V-FB,1998,457,True,False,51,0.04450506319209985,0.04944142818870401,1,-5.4285475318494036e-05,9.533972675049429e-32,5.27708456209272e-13,True,False,7.625000012012606e-05,9.960000170394778e-06,0.00010131999988516327,schedule_ablation,every_eligible,100,0.5,1101
schedule_ablation_every_eligible,4V-FB,1999,458,True,False,51,0.044505063190989194,0.04944142818870401,1,-5.4285475797222205e-05,9.533972675049429e-32,5.277084562092721e-13,True,False,7.758900005683245e-05,9.95000004877511e-06,0.00010280900005454896,schedule_ablation,every_eligible,100,0.5,1101
schedule_ablation_every_eligible,4V-FB,2000,459,True,False,51,0.044505063189889824,0.04944142818870401,1,-5.428547627150948e-05,9.533972675049429e-32,5.277084562092721e-13,True,False,7.694999999330321e-05,9.990000080506434e-06,0.00010214000008090807,schedule_ablation,every_eligible,100,0.5,1101
schedule_ablation_every_eligible,4V-FB,2001,460,True,False,51,0.04450506318880129,0.04944142818870401,1,-5.428547674313222e-05,9.533972675049429e-32,5.277084562092721e-13,True,False,7.688000005146023e-05,9.959999943021103e-06,0.00010214999997515406,schedule_ablation,every_eligible,100,0.5,1101
schedule_ablation_every_eligible,4V-FB,2002,461,True,False,51,0.04450506318772271,0.04944142818870401,1,-5.428547720942589e-05,9.533972675049429e-32,5.277084562092721e-13,True,False,7.707999998274317e-05,9.919999911289779e-06,0.00010182999994867714,schedule_ablation,every_eligible,100,0.5,1101
schedule_ablation_every_eligible,4V-FB,2003,462,True,False,51,0.04450506318665501,0.04944142818870401,1,-5.428547766950231e-05,9.533972675049429e-32,5.277084562092721e-13,True,False,7.727999991402612e-05,9.949999821401434e-06,0.00010236000002805667,schedule_ablation,every_eligible,100,0.5,1101
schedule_ablation_every_eligible,4V-FB,2004,463,True,False,51,0.044505063185597604,0.04944142818870401,1,-5.428547812780238e-05,9.533972675049429e-32,5.27708456209272e-13,True,False,8.51499999043881e-05,1.0160000101677724e-05,0.00011072000006606686,schedule_ablation,every_eligible,100,0.5,1101
schedule_ablation_every_eligible,4V-FB,2005,464,True,False,51,0.0445050631845503,0.04944142818870401,1,-5.4285478579885194e-05,9.533972675049429e-32,5.27708456209272e-13,True,False,7.751999987704039e-05,1.0089999932461069e-05,0.00010262000000693661,schedule_ablation,every_eligible,100,0.5,1101
schedule_ablation_every_eligible,4V-FB,2006,465,True,False,51,0.04450506318351419,0.04944142818870401,1,-5.428547902752712e-05,9.533972675049429e-32,5.27708456209272e-13,True,False,7.68499999139749e-05,1.0010000096372096e-05,0.00010186999998040847,schedule_ablation,every_eligible,100,0.5,1101
schedule_ablation_every_eligible,4V-FB,2007,466,True,False,51,0.044505063182486856,0.04944142818870401,1,-5.428547947161633e-05,9.533972675049429e-32,5.27708456209272e-13,True,False,7.68400000197289e-05,9.959999943021103e-06,0.00010154000005968555,schedule_ablation,every_eligible,100,0.5,1101
schedule_ablation_every_eligible,4V-FB,2008,467,True,False,51,0.04450506318147003,0.04944142818870401,1,-5.428547990948829e-05,9.533972675049429e-32,5.277084562092721e-13,True,False,7.683000012548291e-05,9.849999969446799e-06,0.00010154000005968555,schedule_ablation,every_eligible,100,0.5,1101
schedule_ablation_every_eligible,4V-FB,2009,468,True,False,51,0.044505063180463364,0.04944142818870401,1,-5.428548034558389e-05,9.533972675049429e-32,5.27708456209272e-13,True,False,7.603999983984977e-05,1.6599999980826396e-05,0.00010752999992291734,schedule_ablation,every_eligible,100,0.5,1101
schedule_ablation_every_eligible,4V-FB,2010,469,True,False,51,0.044505063179466314,0.04944142818870401,1,-5.428548077457407e-05,9.533972675049429e-32,5.277084562092721e-13,True,False,7.703999995101185e-05,9.829999953581137e-06,0.00010204000000157976,schedule_ablation,every_eligible,100,0.5,1101
schedule_ablation_every_eligible,4V-FB,2011,470,True,False,51,0.0445050631784792,0.04944142818870401,1,-5.428548120001153e-05,9.533972675049429e-32,5.277084562092722e-13,True,False,7.644000015716301e-05,9.95000004877511e-06,0.0001013500000226486,schedule_ablation,every_eligible,100,0.5,1101
schedule_ablation_every_eligible,4V-FB,2012,471,True,False,51,0.04450506317750112,0.04944142818870401,1,-5.4285481624560816e-05,9.533972675049429e-32,5.27708456209272e-13,True,False,7.628000003023772e-05,9.879999879558454e-06,0.00010102000010192569,schedule_ablation,every_eligible,100,0.5,1101
schedule_ablation_every_eligible,4V-FB,2013,472,True,False,51,0.0445050631765329,0.04944142818870401,1,-5.4285482042004674e-05,9.533972675049429e-32,5.277084562092721e-13,True,False,7.66200000725803e-05,9.979999958886765e-06,0.00010148999990633456,schedule_ablation,every_eligible,100,0.5,1101
schedule_ablation_every_eligible,4V-FB,2014,473,True,False,51,0.044505063175574,0.04944142818870401,1,-5.428548245589582e-05,9.533972675049429e-32,5.27708456209272e-13,True,False,7.623999999850639e-05,9.879999879558454e-06,0.00010105000001203734,schedule_ablation,every_eligible,100,0.5,1101
schedule_ablation_every_eligible,4V-FB,2015,474,True,False,51,0.044505063174624604,0.04944142818870401,1,-5.428548286534607e-05,9.533972675049429e-32,5.277084562092721e-13,True,False,7.664999998269195e-05,9.920000138663454e-06,0.00010176000000683416,schedule_ablation,every_eligible,100,0.5,1101
schedule_ablation_every_eligible,4V-FB,2016,475,True,False,51,0.044505063173684425,0.04944142818870401,1,-5.4285483272131785e-05,9.533972675049429e-32,5.277084562092721e-13,True,False,7.632000006196904e-05,9.910000017043785e-06,0.00010113999996974599,schedule_ablation,every_eligible,100,0.5,1101
schedule_ablation_every_eligible,4V-FB,2017,476,True,False,51,0.044505063172753434,0.04944142818870401,1,-5.428548367358843e-05,9.533972675049429e-32,5.27708456209272e-13,True,False,7.599999980811845e-05,1.001999999061809e-05,0.00010103999989041768,schedule_ablation,every_eligible,100,0.5,1101
schedule_ablation_every_eligible,4V-FB,2018,477,True,False,51,0.04450506317183121,0.04944142818870401,1,-5.428548407238054e-05,9.533972675049429e-32,5.27708456209272e-13,True,False,7.623999999850639e-05,9.790000149223488e-06,0.00010100999998030602,schedule_ablation,every_eligible,100,0.5,1101
schedule_ablation_every_eligible,4V-FB,2019,478,True,False,51,0.044505063170918,0.04944142818870401,1,-5.42854844649554e-05,9.533972675049429e-32,5.27708456209272e-13,True,False,7.616000016241742e-05,1.0060000022349413e-05,0.00010113999996974599,schedule_ablation,every_eligible,100,0.5,1101
schedule_ablation_every_eligible,4V-FB,2020,479,True,False,51,0.044505063170014125,0.04944142818870401,1,-5.428548485397755e-05,9.533972675049429e-32,5.277084562092722e-13,True,False,8.289000015793135e-05,1.0080000038215076e-05,0.00010822000012922217,schedule_ablation,every_eligible,100,0.5,1101
schedule_ablation_every_eligible,4V-FB,2021,480,True,False,51,0.04450506316911883,0.04944142818870401,1,-5.428548524211152e-05,9.533972675049429e-32,5.277084562092721e-13,True,False,7.688999994570622e-05,1.0040000006483751e-05,0.00010221000002275105,schedule_ablation,every_eligible,100,0.5,1101
schedule_ablation_every_eligible,4V-FB,2022,481,True,False,51,0.044505063168232106,0.04944142818870401,1,-5.428548562491642e-05,9.533972675049429e-32,5.27708456209272e-13,True,False,7.621999998264073e-05,9.959999943021103e-06,0.00010128000008080562,schedule_ablation,every_eligible,100,0.5,1101
schedule_ablation_every_eligible,4V-FB,2023,482,True,False,51,0.04450506316735413,0.04944142818870401,1,-5.428548600150407e-05,9.533972675049429e-32,5.277084562092722e-13,True,False,7.626999990861805e-05,9.910000017043785e-06,0.00010126999995918595,schedule_ablation,every_eligible,100,0.5,1101
schedule_ablation_every_eligible,4V-FB,2024,483,True,False,51,0.044505063166484574,0.04944142818870401,1,-5.428548637720354e-05,9.533972675049429e-32,5.277084562092722e-13,True,False,7.675000006202026e-05,9.910000017043785e-06,0.00010167000004912552,schedule_ablation,every_eligible,100,0.5,1101
schedule_ablation_every_eligible,4V-FB,2025,484,True,False,51,0.044505063165623415,0.04944142818870401,1,-5.42854867493503e-05,9.533972675049429e-32,5.277084562092721e-13,True,False,7.628000003023772e-05,1.5899999880275573e-05,0.00010707999990700046,schedule_ablation,every_eligible,100,0.5,1101
schedule_ablation_every_eligible,4V-FB,2026,485,True,False,51,0.04450506316477083,0.04944142818870401,1,-5.428548711527981e-05,9.533972675049429e-32,5.277084562092722e-13,True,False,7.729999992989178e-05,9.840000075200805e-06,0.00010206000001744542,schedule_ablation,every_eligible,100,0.5,1101
schedule_ablation_every_eligible,4V-FB,2027,486,True,False,51,0.044505063163926564,0.04944142818870401,1,-5.428548748032114e-05,9.533972675049429e-32,5.277084562092721e-13,True,False,7.665999987693795e-05,9.930000032909447e-06,0.00010152999993806588,schedule_ablation,every_eligible,100,0.5,1101
schedule_ablation_every_eligible,4V-FB,2028,487,True,False,51,0.0445050631630904,0.04944142818870401,1,-5.4285487840921576e-05,9.533972675049429e-32,5.277084562092721e-13,True,False,7.644000015716301e-05,9.990000080506434e-06,0.0001012400000490743,schedule_ablation,every_eligible,100,0.5,1101
schedule_ablation_every_eligible,4V-FB,2029,488,True,False,51,0.044505063162262465,0.04944142818870401,1,-5.42854881979693e-05,9.533972675049429e-32,5.277084562092721e-13,True,False,7.628000003023772e-05,9.820000059335143e-06,0.00010087999999086605,schedule_ablation,every_eligible,100,0.5,1101
schedule_ablation_every_eligible,4V-FB,2030,489,True,False,51,0.04450506316144244,0.04944142818870401,1,-5.428548855324067e-05,9.533972675049429e-32,5.277084562092719e-13,True,False,7.636999998794636e-05,9.930000032909447e-06,0.00010127999985343195,schedule_ablation,every_eligible,100,0.5,1101
schedule_ablation_every_eligible,4V-FB,2031,490,True,False,51,0.04450506316063055,0.04944142818870401,1,-5.428548890229479e-05,9.533972675049429e-32,5.27708456209272e-13,True,False,7.820999985597155e-05,1.0040000006483751e-05,0.00010331999988011376,schedule_ablation,every_eligible,100,0.5,1101
schedule_ablation_every_eligible,4V-FB,2032,491,True,False,51,0.04450506315982661,0.04944142818870401,1,-5.428548924868437e-05,9.533972675049429e-32,5.277084562092722e-13,True,False,7.647000006727467e-05,9.789999921849812e-06,0.00010115999998561165,schedule_ablation,every_eligible,100,0.5,1101
schedule_ablation_every_eligible,4V-FB,2033,492,True,False,51,0.044505063159030175,0.04944142818870401,1,-5.428548959152124e-05,9.533972675049429e-32,5.27708456209272e-13,True,False,7.610000011482043e-05,9.959999943021103e-06,0.00010098000007019436,schedule_ablation,every_eligible,100,0.5,1101
schedule_ablation_every_eligible,4V-FB,2034,493,True,False,51,0.04450506315824192,0.04944142818870401,1,-5.42854899308054e-05,9.533972675049429e-32,5.277084562092721e-13,True,False,7.618900008310447e-05,9.869999985312461e-06,0.0001009689999591501,schedule_ablation,every_eligible,100,0.5,1101
schedule_ablation_every_eligible,4V-FB,2035,494,True,False,51,0.0445050631574614,0.04944142818870401,1,-5.42854902683132e-05,9.533972675049429e-32,5.27708456209272e-13,True,False,7.646999983990099e-05,1.001999999061809e-05,0.00010141999996449158,schedule_ablation,every_eligible,100,0.5,1101
schedule_ablation_every_eligible,4V-FB,2036,495,True,False,51,0.04450506315668831,0.04944142818870401,1,-5.4285490601380104e-05,9.533972675049429e-32,5.27708456209272e-13,True,False,8.284000000458036e-05,1.0210000027655042e-05,0.00010863000011340773,schedule_ablation,every_eligible,100,0.5,1101
schedule_ablation_every_eligible,4V-FB,2037,496,True,False,51,0.044505063155922245,0.04944142818870401,1,-5.428549093000612e-05,9.533972675049429e-32,5.277084562092721e-13,True,False,7.716000004620582e-05,1.022000014927471e-05,0.00010313999996469647,schedule_ablation,every_eligible,100,0.5,1101
schedule_ablation_every_eligible,4V-FB,2038,497,True,False,51,0.04450506315516385,0.04944142818870401,1,-5.42854912559676e-05,9.533972675049429e-32,5.277084562092722e-13,True,False,7.720999997218314e-05,1.0069999916595407e-05,0.00010252999982185429,schedule_ablation,every_eligible,100,0.5,1101
schedule_ablation_every_eligible,4V-FB,2039,498,True,False,51,0.04450506315441327,0.04944142818870401,1,-5.42854915810409e-05,9.533972675049429e-32,5.277084562092721e-13,True,False,7.662999996682629e-05,9.890000001178123e-06,0.00010184000007029681,schedule_ablation,every_eligible,100,0.5,1101
schedule_ablation_every_eligible,4V-FB,2040,499,True,False,51,0.04450506315366981,0.04944142818870401,1,-5.428549190078513e-05,9.533972675049429e-32,5.277084562092721e-13,True,False,7.583999990856682e-05,1.0040000006483751e-05,0.00010086999986924639,schedule_ablation,every_eligible,100,0.5,1101
schedule_ablation_every_eligible,4V-FB,2041,500,True,False,51,0.04450506315293372,0.04944142818870401,1,-5.428549221697665e-05,9.533972675049429e-32,5.277084562092722e-13,True,False,7.598000001962646e-05,1.720000000204891e-05,0.00010796999981721456,schedule_ablation,every_eligible,100,0.5,1101
schedule_ablation_every_eligible,4V-FB,2042,501,True,False,51,0.04450506315220486,0.04944142818870401,1,-5.428549253227999e-05,9.533972675049429e-32,5.277084562092721e-13,True,False,7.703999995101185e-05,9.999999974752427e-06,0.00010213000018666207,schedule_ablation,every_eligible,100,0.5,1101
schedule_ablation_every_eligible,4V-FB,2043,502,True,False,51,0.0445050631514826,0.04944142818870401,1,-5.4285492843142436e-05,9.533972675049429e-32,5.277084562092721e-13,True,False,7.619000007252907e-05,9.800000043469481e-06,0.00010077999991153774,schedule_ablation,every_eligible,100,0.5,1101
schedule_ablation_every_eligible,4V-FB,2044,503,True,False,51,0.04450506315076773,0.04944142818870401,1,-5.428549315134035e-05,9.533972675049429e-32,5.27708456209272e-13,True,False,7.616000016241742e-05,9.93999992715544e-06,0.00010098000007019436,schedule_ablation,every_eligible,100,0.5,1101
schedule_ablation_every_eligible,4V-FB,2045,504,True,False,51,0.04450506315005996,0.04944142818870401,1,-5.4285493456873724e-05,9.533972675049429e-32,5.27708456209272e-13,True,False,7.576000007247785e-05,9.890000001178123e-06,0.00010042999997494917,schedule_ablation,every_eligible,100,0.5,1101
schedule_ablation_every_eligible,4V-FB,2046,505,True,False,51,0.044505063149358634,0.04944142818870401,1,-5.428549375707803e-05,9.533972675049429e-32,5.277084562092722e-13,True,False,7.625000012012606e-05,1.0049999900729745e-05,0.00010133000000678294,schedule_ablation,every_eligible,100,0.5,1101
schedule_ablation_every_eligible,4V-FB,2047,506,True,False,51,0.044505063148664356,0.04944142818870401,1,-5.428549405639416e-05,9.533972675049429e-32,5.277084562092721e-13,True,False,7.742000002508576e-05,1.001999999061809e-05,0.00010257000008095929,schedule_ablation,every_eligible,100,0.5,1101
schedule_ablation_every_eligible,4V-FB,2048,507,True,False,51,0.044505063147977045,0.04944142818870401,1,-5.428549435304575e-05,9.533972675049429e-32,5.277084562092721e-13,True,False,7.638000010956603e-05,9.789999921849812e-06,0.0001014599999962229,schedule_ablation,every_eligible,100,0.5,1101
schedule_ablation_every_eligible,4V-FB,2049,508,True,False,51,0.04450506314729612,0.04944142818870401,1,-5.428549464436827e-05,9.533972675049429e-32,5.277084562092722e-13,True,False,7.639000000381202e-05,9.869999985312461e-06,0.00010102000010192569,schedule_ablation,every_eligible,100,0.5,1101
schedule_ablation_every_eligible,4V-FB,2050,509,True,False,51,0.04450506314662195,0.04944142818870401,1,-5.428549493657897e-05,9.533972675049429e-32,5.27708456209272e-13,True,False,7.621999998264073e-05,9.790000149223488e-06,0.00010094000003846304,schedule_ablation,every_eligible,100,0.5,1101
schedule_ablation_every_eligible,4V-FB,2051,510,True,False,51,0.044505063145954496,0.04944142818870401,1,-5.42854952234606e-05,9.533972675049429e-32,5.27708456209272e-13,True,False,7.615999993504374e-05,9.93999992715544e-06,0.00010087999999086605,schedule_ablation,every_eligible,100,0.5,1101
schedule_ablation_every_eligible,4V-FB,2052,511,True,False,51,0.04450506314529304,0.04944142818870401,1,-5.4285495507677695e-05,9.533972675049429e-32,5.277084562092721e-13,True,False,8.467999987260555e-05,1.0179999890169711e-05,0.00011023000001841865,schedule_ablation,every_eligible,100,0.5,1101
schedule_ablation_every_eligible,4V-FB,2053,512,True,False,51,0.04450506314463899,0.04944142818870401,1,-5.4285495788342075e-05,9.533972675049429e-32,5.277084562092721e-13,True,False,7.722000009380281e-05,1.001999999061809e-05,0.00010231000010207936,schedule_ablation,every_eligible,100,0.5,1101
schedule_ablation_every_eligible,4V-FB,2054,513,True,False,51,0.044505063143990664,0.04944142818870401,1,-5.4285496069006456e-05,9.533972675049429e-32,5.27708456209272e-13,True,False,7.636000009370036e-05,9.940000154529116e-06,0.0001012400000490743,schedule_ablation,every_eligible,100,0.5,1101
schedule_ablation_every_eligible,4V-FB,2055,514,True,False,51,0.04450506314334833,0.04944142818870401,1,-5.4285496344341766e-05,9.533972675049429e-32,5.27708456209272e-13,True,False,7.675000006202026e-05,9.88000010693213e-06,0.00010150999992220022,schedule_ablation,every_eligible,100,0.5,1101
schedule_ablation_every_eligible,4V-FB,2056,515,True,False,51,0.04450506314271274,0.04944142818870401,1,-5.428549661701254e-05,9.533972675049429e-32,5.277084562092722e-13,True,False,7.59600000037608e-05,9.800000043469481e-06,0.00010084999985338072,schedule_ablation,every_eligible,100,0.5,1101
schedule_ablation_every_eligible,4V-FB,2057,516,True,False,51,0.04450506314208352,0.04944142818870401,1,-5.428549688790696e-05,9.533972675049429e-32,5.277084562092721e-13,True,False,7.632000006196904e-05,1.0149999980058055e-05,0.00010907999990195094,schedule_ablation,every_eligible,100,0.5,1101
schedule_ablation_every_eligible,4V-FB,2058,517,True,False,51,0.044505063141460036,0.04944142818870401,1,-5.428549715702502e-05,9.533972675049429e-32,5.27708456209272e-13,True,False,7.74599998294434e-05,1.001999999061809e-05,0.00010246000010738499,schedule_ablation,every_eligible,100,0.5,1101
schedule_ablation_every_eligible,4V-FB,2059,518,True,False,51,0.044505063140842224,0.04944142818870401,1,-5.4285497423478546e-05,9.533972675049429e-32,5.27708456209272e-13,True,False,7.704000017838553e-05,9.910000017043785e-06,0.00010180000003856549,schedule_ablation,every_eligible,100,0.5,1101
schedule_ablation_every_eligible,4V-FB,2060,519,True,False,51,0.04450506314023138,0.04944142818870401,1,-5.428549768549118e-05,9.533972675049429e-32,5.277084562092721e-13,True,False,7.679999998799758e-05,9.890000001178123e-06,0.00010152000004381989,schedule_ablation,every_eligible,100,0.5,1101
schedule_ablation_every_eligible,4V-FB,2061,520,True,False,51,0.044505063139626044,0.04944142818870401,1,-5.428549794572746e-05,9.533972675049429e-32,5.277084562092721e-13,True,False,7.679999998799758e-05,9.899999895424116e-06,0.00010143999998035724,schedule_ablation,every_eligible,100,0.5,1101
schedule_ablation_every_eligible,4V-FB,2062,521,True,False,51,0.04450506313902629,0.04944142818870401,1,-5.42854982032992e-05,9.533972675049429e-32,5.27708456209272e-13,True,False,7.642000014129735e-05,9.919999911289779e-06,0.00010121999980583496,schedule_ablation,every_eligible,100,0.5,1101
schedule_ablation_every_eligible,4V-FB,2063,522,True,False,51,0.04450506313843278,0.04944142818870401,1,-5.4285498457318226e-05,9.533972675049429e-32,5.277084562092722e-13,True,False,7.772000003569701e-05,9.930000032909447e-06,0.00010283999995408521,schedule_ablation,every_eligible,100,0.5,1101
schedule_ablation_every_eligible,4V-FB,2064,523,True,False,51,0.04450506313784475,0.04944142818870401,1,-5.42854987095609e-05,9.533972675049429e-32,5.277084562092722e-13,True,False,7.709000010436284e-05,1.0029999884864083e-05,0.00010223000003861671,schedule_ablation,every_eligible,100,0.5,1101
schedule_ablation_every_eligible,4V-FB,2065,524,True,False,51,0.04450506313726252,0.04944142818870401,1,-5.428549896269175e-05,9.533972675049429e-32,5.277084562092721e-13,True,False,7.69699997817952e-05,9.999999974752427e-06,0.00010208999992755707,schedule_ablation,every_eligible,100,0.5,1101
schedule_ablation_every_eligible,4V-FB,2066,525,True,False,51,0.04450506313668684,0.04944142818870401,1,-5.428549920871717e-05,9.533972675049429e-32,5.277084562092721e-13,True,False,7.679999998799758e-05,9.930000032909447e-06,0.00010167999994337151,schedule_ablation,every_eligible,100,0.5,1101
schedule_ablation_every_eligible,4V-FB,2067,526,True,False,51,0.04450506313611585,0.04944142818870401,1,-5.428549945385441e-05,9.533972675049429e-32,5.277084562092722e-13,True,False,7.632999995621503e-05,9.760000011738157e-06,0.00010092000002259738,schedule_ablation,every_eligible,100,0.5,1101
schedule_ablation_every_eligible,4V-FB,2068,527,True,False,51,0.04450506313555043,0.04944142818870401,1,-5.42854996972153e-05,9.533972675049429e-32,5.277084562092721e-13,True,False,8.458000002065091e-05,9.930000032909447e-06,0.00010950000000775617,schedule_ablation,every_eligible,100,0.5,1101
schedule_ablation_every_eligible,4V-FB,2069,528,True,False,51,0.04450506313499043,0.04944142818870401,1,-5.4285499937023474e-05,9.533972675049429e-32,5.277084562092721e-13,True,False,7.67399999404006e-05,9.820000059335143e-06,0.00010156999996979721,schedule_ablation,every_eligible,100,0.5,1101
schedule_ablation_every_eligible,4V-FB,2070,529,True,False,51,0.044505063134436085,0.04944142818870401,1,-5.428550017683165e-05,9.533972675049429e-32,5.27708456209272e-13,True,False,7.625999978699838e-05,9.93999992715544e-06,0.00010118000000147731,schedule_ablation,every_eligible,100,0.5,1101
schedule_ablation_every_eligible,4V-FB,2071,530,True,False,51,0.04450506313388726,0.04944142818870401,1,-5.428550041131075e-05,9.533972675049429e-32,5.277084562092722e-13,True,False,7.6450000051409e-05,9.910000017043785e-06,0.00010112999984812632,schedule_ablation,every_eligible,100,0.5,1101
schedule_ablation_every_eligible,4V-FB,2072,531,True,False,51,0.04450506313334393,0.04944142818870401,1,-5.428550064667803e-05,9.533972675049429e-32,5.27708456209272e-13,True,False,7.655000013073732e-05,1.0060000022349413e-05,0.00010189999989052012,schedule_ablation,every_eligible,100,0.5,1101
schedule_ablation_every_eligible,4V-FB,2073,532,True,False,51,0.04450506313280543,0.04944142818870401,1,-5.428550087760442e-05,9.533972675049429e-32,5.27708456209272e-13,True,False,8.34299999041832e-05,1.0060000022349413e-05,0.00010883000004469068,schedule_ablation,every_eligible,100,0.5,1101
schedule_ablation_every_eligible,4V-FB,2074,533,True,False,51,0.04450506313227287,0.04944142818870401,1,-5.428550110408992e-05,9.533972675049429e-32,5.277084562092722e-13,True,False,7.70100000409002e-05,9.919999911289779e-06,0.00010204000000157976,schedule_ablation,every_eligible,100,0.5,1101
schedule_ablation_every_eligible,4V-FB,2075,534,True,False,51,0.04450506313174474,0.04944142818870401,1,-5.428550133323995e-05,9.533972675049429e-32,5.27708456209272e-13,True,False,7.589999995616381e-05,9.879999879558454e-06,0.0001007999999274034,schedule_ablation,every_eligible,100,0.5,1101
schedule_ablation_every_eligible,4V-FB,2076,535,True,False,51,0.04450506313122224,0.04944142818870401,1,-5.4285501555284554e-05,9.533972675049429e-32,5.277084562092722e-13,True,False,7.548000007773226e-05,9.730000101626501e-06,0.00010006000002249493,schedule_ablation,every_eligible,100,0.5,1101
schedule_ablation_every_eligible,4V-FB,2077,536,True,False,51,0.04450506313070468,0.04944142818870401,1,-5.428550177821734e-05,9.533972675049429e-32,5.277084562092721e-13,True,False,7.570999991912686e-05,9.890000001178123e-06,0.00010050000014416582,schedule_ablation,every_eligible,100,0.5,1101
schedule_ablation_every_eligible,4V-FB,2078,537,True,False,51,0.04450506313019224,0.04944142818870401,1,-5.4285501999373764e-05,9.533972675049429e-32,5.277084562092722e-13,True,False,7.633999985046103e-05,1.0080000038215076e-05,0.00010138000016013393,schedule_ablation,every_eligible,100,0.5,1101
schedule_ablation_every_eligible,4V-FB,2079,538,True,False,51,0.04450506312968458,0.04944142818870401,1,-5.4285502218753834e-05,9.533972675049429e-32,5.27708456209272e-13,True,False,7.70100000409002e-05,9.919999911289779e-06,0.00010191000001213979,schedule_ablation,every_eligible,100,0.5,1101
schedule_ablation_every_eligible,4V-FB,2080,539,True,False,51,0.04450506312918208,0.04944142818870401,1,-5.428550243369301e-05,9.533972675049429e-32,5.277084562092721e-13,True,False,7.649000008314033e-05,1.0149999980058055e-05,0.0001014599999962229,schedule_ablation,every_eligible,100,0.5,1101
schedule_ablation_every_eligible,4V-FB,2081,540,True,False,51,0.04450506312868405,0.04944142818870401,1,-5.428550264774401e-05,9.533972675049429e-32,5.27708456209272e-13,True,False,7.660000005671463e-05,9.899999895424116e-06,0.00010137999993276026,schedule_ablation,every_eligible,100,0.5,1101
schedule_ablation_every_eligible,4V-FB,2082,541,True,False,51,0.04450506312819162,0.04944142818870401,1,-5.4285502858242296e-05,9.533972675049429e-32,5.277084562092721e-13,True,False,7.692999997743755e-05,9.890000001178123e-06,0.00010195999993811711,schedule_ablation,every_eligible,100,0.5,1101
schedule_ablation_every_eligible,4V-FB,2083,542,True,False,51,0.044505063127703276,0.04944142818870401,1,-5.428550306874058e-05,9.533972675049429e-32,5.27708456209272e-13,True,False,7.688999994570622e-05,1.0089999932461069e-05,0.00010197000005973678,schedule_ablation,every_eligible,100,0.5,1101
schedule_ablation_every_eligible,4V-FB,2084,543,True,False,51,0.04450506312722037,0.04944142818870401,1,-5.4285503274797975e-05,9.533972675049429e-32,5.277084562092722e-13,True,False,8.488000003126217e-05,1.0239999937766697e-05,0.00011016000007657567,schedule_ablation,every_eligible,100,0.5,1101
schedule_ablation_every_eligible,4V-FB,2085,544,True,False,51,0.04450506312674196,0.04944142818870401,1,-5.428550348174355e-05,9.533972675049429e-32,5.27708456209272e-13,True,False,7.688999994570622e-05,9.970000064640772e-06,0.00010176000000683416,schedule_ablation,every_eligible,100,0.5,1101
schedule_ablation_every_eligible,4V-FB,2086,545,True,False,51,0.04450506312626751,0.04944142818870401,1,-5.4285503684248226e-05,9.533972675049429e-32,5.277084562092721e-13,True,False,7.729000003564579e-05,1.0139999858438387e-05,0.00010257999997520528,schedule_ablation,every_eligible,100,0.5,1101
schedule_ablation_every_eligible,4V-FB,2087,546,True,False,51,0.04450506312579827,0.04944142818870401,1,-5.4285503887641084e-05,9.533972675049429e-32,5.27708456209272e-13,True,False,7.693999987168354e-05,9.88000010693213e-06,0.00010184000007029681,schedule_ablation,every_eligible,100,0.5,1101
schedule_ablation_every_eligible,4V-FB,2088,547,True,False,51,0.04450506312533367,0.04944142818870401,1,-5.428550408570487e-05,9.533972675049429e-32,5.277084562092721e-13,True,False,7.628000003023772e-05,9.970000064640772e-06,0.00010137999993276026,schedule_ablation,every_eligible,100,0.5,1101
schedule_ablation_every_eligible,4V-FB,2089,548,True,False,51,0.04450506312487307,0.04944142818870401,1,-5.428550428288048e-05,9.533972675049429e-32,5.277084562092721e-13,True,False,8.401000013691373e-05,1.0100000054080738e-05,0.0001093799999125622,schedule_ablation,every_eligible,100,0.5,1101
schedule_ablation_every_eligible,4V-FB,2090,549,True,False,51,0.04450506312441797,0.04944142818870401,1,-5.4285504478279734e-05,9.533972675049429e-32,5.277084562092721e-13,True,False,7.731000005151145e-05,9.800000043469481e-06,0.00010210000004917674,schedule_ablation,every_eligible,100,0.5,1101
schedule_ablation_every_eligible,4V-FB,2091,550,True,False,51,0.04450506312396632,0.04944142818870401,1,-5.4285504674567164e-05,9.533972675049429e-32,5.27708456209272e-13,True,False,7.653000011487165e-05,1.0060000022349413e-05,0.00010143999998035724,schedule_ablation,every_eligible,100,0.5,1101
schedule_ablation_every_eligible,4V-FB,2092,551,True,False,51,0.04450506312351933,0.04944142818870401,1,-5.428550486374917e-05,9.533972675049429e-32,5.277084562092721e-13,True,False,7.715000015195983e-05,9.949999821401434e-06,0.00010208999992755707,schedule_ablation,every_eligible,100,0.5,1101
schedule_ablation_every_eligible,4V-FB,2093,552,True,False,51,0.044505063123077226,0.04944142818870401,1,-5.428550505381935e-05,9.533972675049429e-32,5.277084562092721e-13,True,False,7.7729999929943e-05,1.0109999948326731e-05,0.00010348000000703905,schedule_ablation,every_eligible,100,0.5,1101
schedule_ablation_every_eligible,4V-FB,2094,553,True,False,51,0.04450506312263887,0.04944142818870401,1,-5.428550524300135e-05,9.533972675049429e-32,5.27708456209272e-13,True,False,7.718999995631748e-05,1.0080000038215076e-05,0.00010269999984302558,schedule_ablation,every_eligible,100,0.5,1101
schedule_ablation_every_eligible,4V-FB,2095,554,True,False,51,0.044505063122205105,0.04944142818870401,1,-5.4285505427742464e-05,9.533972675049429e-32,5.27708456209272e-13,True,False,7.82800000251882e-05,1.0060000022349413e-05,0.00010379000013926998,schedule_ablation,every_eligible,100,0.5,1101
schedule_ablation_every_eligible,4V-FB,2096,555,True,False,51,0.044505063121775296,0.04944142818870401,1,-5.42855056115954e-05,9.533972675049429e-32,5.277084562092721e-13,True,False,7.699999991928053e-05,9.999999974752427e-06,0.0001021200000650424,schedule_ablation,every_eligible,100,0.5,1101
schedule_ablation_every_eligible,4V-FB,2097,556,True,False,51,0.0445050631213498,0.04944142818870401,1,-5.428550579367197e-05,9.533972675049429e-32,5.277084562092722e-13,True,False,7.677000007788592e-05,1.0109999948326731e-05,0.00010203000010733376,schedule_ablation,every_eligible,100,0.5,1101
schedule_ablation_every_eligible,4V-FB,2098,557,True,False,51,0.044505063120928265,0.04944142818870401,1,-5.428550597397219e-05,9.533972675049429e-32,5.277084562092721e-13,True,False,7.714999992458615e-05,9.930000032909447e-06,0.00010229999998045969,schedule_ablation,every_eligible,100,0.5,1101
schedule_ablation_every_eligible,4V-FB,2099,558,True,False,51,0.044505063120511265,0.04944142818870401,1,-5.428550615516059e-05,9.533972675049429e-32,5.277084562092721e-13,True,False,7.641000001967768e-05,1.0089999932461069e-05,0.00010167999994337151,schedule_ablation,every_eligible,100,0.5,1101
schedule_ablation_every_eligible,4V-FB,2100,559,True,False,51,0.044505063120097804,0.04944142818870401,1,-5.428550633101992e-05,9.533972675049429e-32,5.277084562092721e-13,True,False,7.727000001978013e-05,9.949999821401434e-06,0.00010231999999632535,schedule_ablation,every_eligible,100,0.5,1101
schedule_ablation_every_eligible,4V-FB,2101,560,True,False,51,0.04450506311968862,0.04944142818870401,1,-5.428550650776742e-05,9.533972675049429e-32,5.27708456209272e-13,True,False,7.65699999192293e-05,9.999999974752427e-06,0.0001016200001231482,schedule_ablation,every_eligible,100,0.5,1101
schedule_ablation_every_eligible,4V-FB,2102,561,True,False,51,0.044505063119283525,0.04944142818870401,1,-5.4285506680074036e-05,9.533972675049429e-32,5.277084562092721e-13,True,False,7.669000001442328e-05,9.959999943021103e-06,0.00010180999993281148,schedule_ablation,every_eligible,100,0.5,1101
schedule_ablation_every_eligible,4V-FB,2103,562,True,False,51,0.044505063118882235,0.04944142818870401,1,-5.428550685238065e-05,9.533972675049429e-32,5.27708456209272e-13,True,False,7.675000006202026e-05,9.910000017043785e-06,0.00010154999995393155,schedule_ablation,every_eligible,100,0.5,1101
schedule_ablation_every_eligible,4V-FB,2104,563,True,False,51,0.04450506311848512,0.04944142818870401,1,-5.428550702468726e-05,9.533972675049429e-32,5.27708456209272e-13,True,False,7.663999986107228e-05,1.0159999874304049e-05,0.00010176999990108015,schedule_ablation,every_eligible,100,0.5,1101
schedule_ablation_every_eligible,4V-FB,2105,564,True,False,51,0.044505063118091534,0.04944142818870401,1,-5.428550719344116e-05,9.533972675049429e-32,5.27708456209272e-13,True,False,8.490999994137383e-05,1.0140000085812062e-05,0.00011070999994444719,schedule_ablation,every_eligible,100,0.5,1101
schedule_ablation_every_eligible,4V-FB,2106,565,True,False,51,0.044505063117701665,0.04944142818870401,1,-5.428550735953053e-05,9.533972675049429e-32,5.27708456209272e-13,True,False,7.76299998506147e-05,9.970000064640772e-06,0.00010268999994877959,schedule_ablation,every_eligible,100,0.5,1101
schedule_ablation_every_eligible,4V-FB,2107,566,True,False,51,0.04450506311731579,0.04944142818870401,1,-5.4285507522955356e-05,9.533972675049429e-32,5.277084562092722e-13,True,False,7.728900004622119e-05,9.98000018626044e-06,0.00010254900007566903,schedule_ablation,every_eligible,100,0.5,1101
schedule_ablation_every_eligible,4V-FB,2108,567,True,False,51,0.04450506311693425,0.04944142818870401,1,-5.428550768904472e-05,9.533972675049429e-32,5.27708456209272e-13,True,False,7.687000015721424e-05,9.879999879558454e-06,0.0001019000001178938,schedule_ablation,every_eligible,100,0.5,1101
schedule_ablation_every_eligible,4V-FB,2109,568,True,False,51,0.044505063116556165,0.04944142818870401,1,-5.4285507849805015e-05,9.533972675049429e-32,5.277084562092721e-13,True,False,7.591999997202947e-05,1.0040000006483751e-05,0.00010094999993270903,schedule_ablation,every_eligible,100,0.5,1101
schedule_ablation_every_eligible,4V-FB,2110,569,True,False,51,0.04450506311618156,0.04944142818870401,1,-5.428550800967713e-05,9.533972675049429e-32,5.277084562092722e-13,True,False,7.672000015190861e-05,1.7459999980928842e-05,0.00010943999996015918,schedule_ablation,every_eligible,100,0.5,1101
schedule_ablation_every_eligible,4V-FB,2111,570,True,False,51,0.04450506311581039,0.04944142818870401,1,-5.4285508169549246e-05,9.533972675049429e-32,5.277084562092721e-13,True,False,7.76199999563687e-05,9.970000064640772e-06,0.00010277000001224224,schedule_ablation,every_eligible,100,0.5,1101
schedule_ablation_every_eligible,4V-FB,2112,571,True,False,51,0.04450506311544322,0.04944142818870401,1,-5.428550832586865e-05,9.533972675049429e-32,5.277084562092721e-13,True,False,7.639000000381202e-05,9.900000122797792e-06,0.00010111000005963433,schedule_ablation,every_eligible,100,0.5,1101
schedule_ablation_every_eligible,4V-FB,2113,572,True,False,51,0.04450506311507893,0.04944142818870401,1,-5.428550848129987e-05,9.533972675049429e-32,5.277084562092722e-13,True,False,7.650999987163232e-05,1.001999999061809e-05,0.00010145000010197691,schedule_ablation,every_eligible,100,0.5,1101
schedule_ablation_every_eligible,4V-FB,2114,573,True,False,51,0.044505063114718676,0.04944142818870401,1,-5.4285508636731095e-05,9.533972675049429e-32,5.277084562092721e-13,True,False,7.639000000381202e-05,9.910000017043785e-06,0.0001014699998904689,schedule_ablation,every_eligible,100,0.5,1101
schedule_ablation_every_eligible,4V-FB,2115,574,True,False,51,0.04450506311436221,0.04944142818870401,1,-5.428550878949778e-05,9.533972675049429e-32,5.277084562092722e-13,True,False,7.628999992448371e-05,9.900000122797792e-06,0.00010102999999617168,schedule_ablation,every_eligible,100,0.5,1101
schedule_ablation_every_eligible,4V-FB,2116,575,True,False,51,0.04450506311400877,0.04944142818870401,1,-5.428550894226447e-05,9.533972675049429e-32,5.277084562092721e-13,True,False,7.785999991938297e-05,9.959999943021103e-06,0.00010313000007045048,schedule_ablation,every_eligible,100,0.5,1101
schedule_ablation_every_eligible,4V-FB,2117,576,True,False,51,0.044505063113658705,0.04944142818870401,1,-5.4285509091478445e-05,9.533972675049429e-32,5.277084562092721e-13,True,False,7.753999989290605e-05,1.0119999842572724e-05,0.00010265999981129426,schedule_ablation,every_eligible,100,0.5,1101
schedule_ablation_every_eligible,4V-FB,2118,577,True,False,51,0.044505063113313106,0.04944142818870401,1,-5.428550923891606e-05,9.533972675049429e-32,5.277084562092721e-13,True,False,7.696000011492288e-05,9.940000154529116e-06,0.0001021299999592884,schedule_ablation,every_eligible,100,0.5,1101
schedule_ablation_every_eligible,4V-FB,2119,578,True,False,51,0.04450506311296973,0.04944142818870401,1,-5.428550938635368e-05,9.533972675049429e-32,5.277084562092721e-13,True,False,7.671999992453493e-05,9.979999958886765e-06,0.00010186999998040847,schedule_ablation,every_eligible,100,0.5,1101
schedule_ablation_every_eligible,4V-FB,2120,579,True,False,51,0.0445050631126301,0.04944142818870401,1,-5.428550953201494e-05,9.533972675049429e-32,5.277084562092721e-13,True,False,7.679999998799758e-05,1.0010000096372096e-05,0.00010189999989052012,schedule_ablation,every_eligible,100,0.5,1101
schedule_ablation_every_eligible,4V-FB,2121,580,True,False,51,0.044505063112293686,0.04944142818870401,1,-5.428550967501167e-05,9.533972675049429e-32,5.277084562092722e-13,True,False,8.717000014257792e-05,1.0210000027655042e-05,0.000112749999971129,schedule_ablation,every_eligible,100,0.5,1101
schedule_ablation_every_eligible,4V-FB,2122,581,True,False,51,0.044505063111960425,0.04944142818870401,1,-5.428550981978475e-05,9.533972675049429e-32,5.27708456209272e-13,True,False,7.78999999511143e-05,9.959999943021103e-06,0.00010277000001224224,schedule_ablation,every_eligible,100,0.5,1101
schedule_ablation_every_eligible,4V-FB,2123,582,True,False,51,0.04450506311163105,0.04944142818870401,1,-5.428550996100512e-05,9.533972675049429e-32,5.27708456209272e-13,True,False,7.716999994045182e-05,9.859999863692792e-06,0.00010210000004917674,schedule_ablation,every_eligible,100,0.5,1101
schedule_ablation_every_eligible,4V-FB,2124,583,True,False,51,0.0445050631113037,0.04944142818870401,1,-5.428551010044913e-05,9.533972675049429e-32,5.27708456209272e-13,True,False,7.667999989280361e-05,1.0080000038215076e-05,0.0001017399999909685,schedule_ablation,every_eligible,100,0.5,1101
schedule_ablation_every_eligible,4V-FB,2125,584,True,False,51,0.04450506311098078,0.04944142818870401,1,-5.4285510238116785e-05,9.533972675049429e-32,5.277084562092721e-13,True,False,7.707999998274317e-05,1.001999999061809e-05,0.00010203000010733376,schedule_ablation,every_eligible,100,0.5,1101
schedule_ablation_every_eligible,4V-FB,2126,585,True,False,51,0.044505063110660256,0.04944142818870401,1,-5.428551037489626e-05,9.533972675049429e-32,5.277084562092721e-13,True,False,8.342000000993721e-05,1.0180000117543386e-05,0.00010928999995485356,schedule_ablation,every_eligible,100,0.5,1101
schedule_ablation_every_eligible,4V-FB,2127,586,True,False,51,0.04450506311034311,0.04944142818870401,1,-5.428551050989938e-05,9.533972675049429e-32,5.277084562092722e-13,True,False,7.795999999871128e-05,1.0169999995923718e-05,0.00010347000011279306,schedule_ablation,every_eligible,100,0.5,1101
schedule_ablation_every_eligible,4V-FB,2128,587,True,False,51,0.044505063110028956,0.04944142818870401,1,-5.428551064579068e-05,9.533972675049429e-32,5.277084562092721e-13,True,False,7.758000015201105e-05,9.95000004877511e-06,0.0001027800001338619,schedule_ablation,every_eligible,100,0.5,1101
schedule_ablation_every_eligible,4V-FB,2129,588,True,False,51,0.044505063109718024,0.04944142818870401,1,-5.428551077901744e-05,9.533972675049429e-32,5.277084562092721e-13,True,False,7.714000003034016e-05,1.0140000085812062e-05,0.0001025100000333623,schedule_ablation,every_eligible,100,0.5,1101
schedule_ablation_every_eligible,4V-FB,2130,589,True,False,51,0.044505063109410395,0.04944142818870401,1,-5.428551090869149e-05,9.533972675049429e-32,5.277084562092721e-13,True,False,7.68499999139749e-05,9.890000001178123e-06,0.00010167000004912552,schedule_ablation,every_eligible,100,0.5,1101
schedule_ablation_every_eligible,4V-FB,2131,590,True,False,51,0.04450506310910521,0.04944142818870401,1,-5.428551103925372e-05,9.533972675049429e-32,5.277084562092722e-13,True,False,7.632000006196904e-05,9.949999821401434e-06,0.00010110999983226066,schedule_ablation,every_eligible,100,0.5,1101
schedule_ablation_every_eligible,4V-FB,2132,591,True,False,51,0.04450506310880337,0.04944142818870401,1,-5.428551116892777e-05,9.533972675049429e-32,5.277084562092722e-13,True,False,7.770999991407734e-05,1.001999999061809e-05,0.00010341999995944207,schedule_ablation,every_eligible,100,0.5,1101
schedule_ablation_every_eligible,4V-FB,2133,592,True,False,51,0.0445050631085044,0.04944142818870401,1,-5.428551129860182e-05,9.533972675049429e-32,5.27708456209272e-13,True,False,7.722000009380281e-05,1.001999999061809e-05,0.00010236000002805667,schedule_ablation,every_eligible,100,0.5,1101
schedule_ablation_every_eligible,4V-FB,2134,593,True,False,51,0.044505063108207885,0.04944142818870401,1,-5.4285511424723154e-05,9.533972675049429e-32,5.27708456209272e-13,True,False,7.707999998274317e-05,9.869999985312461e-06,0.00010199999996984843,schedule_ablation,every_eligible,100,0.5,1101
schedule_ablation_every_eligible,4V-FB,2135,594,True,False,51,0.04450506310791502,0.04944142818870401,1,-5.428551154995631e-05,9.533972675049429e-32,5.277084562092721e-13,True,False,7.919999984551396e-05,9.990000080506434e-06,0.00010444000008646981,schedule_ablation,every_eligible,100,0.5,1101
schedule_ablation_every_eligible,4V-FB,2136,595,True,False,51,0.04450506310762421,0.04944142818870401,1,-5.428551167341311e-05,9.533972675049429e-32,5.277084562092722e-13,True,False,7.716000004620582e-05,1.0069999916595407e-05,0.00010245999988001131,schedule_ablation,every_eligible,100,0.5,1101
schedule_ablation_every_eligible,4V-FB,2137,596,True,False,51,0.04450506310733647,0.04944142818870401,1,-5.428551179686991e-05,9.533972675049429e-32,5.277084562092721e-13,True,False,7.832000005691953e-05,9.999999974752427e-06,0.00010388999999122461,schedule_ablation,every_eligible,100,0.5,1101
schedule_ablation_every_eligible,4V-FB,2138,597,True,False,51,0.04450506310705228,0.04944142818870401,1,-5.428551192032671e-05,9.533972675049429e-32,5.27708456209272e-13,True,False,7.694000009905722e-05,9.849999969446799e-06,0.00010164999980588618,schedule_ablation,every_eligible,100,0.5,1101
schedule_ablation_every_eligible,4V-FB,2139,598,True,False,51,0.04450506310677023,0.04944142818870401,1,-5.428551203845444e-05,9.533972675049429e-32,5.277084562092721e-13,True,False,7.666000010431162e-05,1.0010000096372096e-05,0.0001017399999909685,schedule_ablation,every_eligible,100,0.5,1101
schedule_ablation_every_eligible,4V-FB,2140,599,True,False,51,0.044505063106490994,0.04944142818870401,1,-5.428551215835853e-05,9.533972675049429e-32,5.277084562092722e-13,True,False,7.694999999330321e-05,9.83999984782713e-06,0.00010161000000152853,schedule_ablation,every_eligible,100,0.5,1101
schedule_ablation_every_eligible,4V-FB,2141,600,True,False,51,0.04450506310621505,0.04944142818870401,1,-5.428551227648626e-05,9.533972675049429e-32,5.277084562092721e-13,True,False,7.626999990861805e-05,9.989999853132758e-06,0.00010141900020244066,schedule_ablation,every_eligible,100,0.5,1101
schedule_ablation_every_eligible,4V-FB,2142,601,True,False,51,0.04450506310594084,0.04944142818870401,1,-5.428551239372581e-05,9.533972675049429e-32,5.277084562092721e-13,True,False,8.391999995183141e-05,1.0210000027655042e-05,0.00010945999997602485,schedule_ablation,every_eligible,100,0.5,1101
schedule_ablation_every_eligible,4V-FB,2143,602,True,False,51,0.04450506310566946,0.04944142818870401,1,-5.428551251007718e-05,9.533972675049429e-32,5.27708456209272e-13,True,False,7.697000000916887e-05,1.001999999061809e-05,0.00010214000008090807,schedule_ablation,every_eligible,100,0.5,1101
schedule_ablation_every_eligible,4V-FB,2144,603,True,False,51,0.04450506310540135,0.04944142818870401,1,-5.428551262376402e-05,9.533972675049429e-32,5.277084562092722e-13,True,False,7.657000014660298e-05,9.760000011738157e-06,0.00010122999992745463,schedule_ablation,every_eligible,100,0.5,1101
schedule_ablation_every_eligible,4V-FB,2145,604,True,False,51,0.044505063105135356,0.04944142818870401,1,-5.4285512739227215e-05,9.533972675049429e-32,5.27708456209272e-13,True,False,7.61899998451554e-05,9.979999958886765e-06,0.000101070000027903,schedule_ablation,every_eligible,100,0.5,1101
schedule_ablation_every_eligible,4V-FB,2146,605,True,False,51,0.044505063104871706,0.04944142818870401,1,-5.4285512851137696e-05,9.533972675049429e-32,5.27708456209272e-13,True,False,7.648999985576665e-05,9.869999985312461e-06,0.00010133000000678294,schedule_ablation,every_eligible,100,0.5,1101
schedule_ablation_every_eligible,4V-FB,2147,606,True,False,51,0.04450506310461169,0.04944142818870401,1,-5.428551296304818e-05,9.533972675049429e-32,5.27708456209272e-13,True,False,7.641999991392368e-05,9.990000080506434e-06,0.0001014599999962229,schedule_ablation,every_eligible,100,0.5,1101
schedule_ablation_every_eligible,4V-FB,2148,607,True,False,51,0.04450506310435348,0.04944142818870401,1,-5.4285513071405944e-05,9.533972675049429e-32,5.277084562092722e-13,True,False,7.705999996687751e-05,1.0100000054080738e-05,0.00010227999996459403,schedule_ablation,every_eligible,100,0.5,1101
schedule_ablation_every_eligible,4V-FB,2149,608,True,False,51,0.04450506310409792,0.04944142818870401,1,-5.428551318242825e-05,9.533972675049429e-32,5.277084562092721e-13,True,False,7.81600001573679e-05,9.979999958886765e-06,0.00010339000004933041,schedule_ablation,every_eligible,100,0.5,1101
schedule_ablation_every_eligible,4V-FB,2150,609,True,False,51,0.04450506310384475,0.04944142818870401,1,-5.428551328812148e-05,9.533972675049429e-32,5.277084562092722e-13,True,False,7.771000014145102e-05,1.0199999906035373e-05,0.00010341000006519607,schedule_ablation,every_eligible,100,0.5,1101
schedule_ablation_every_eligible,4V-FB,2151,610,True,False,51,0.04450506310359388,0.04944142818870401,1,-5.4285513397367424e-05,9.533972675049429e-32,5.277084562092721e-13,True,False,7.716999994045182e-05,9.930000032909447e-06,0.00010241000018140767,schedule_ablation,every_eligible,100,0.5,1101
schedule_ablation_every_eligible,4V-FB,2152,611,True,False,51,0.04450506310334505,0.04944142818870401,1,-5.428551350483701e-05,9.533972675049429e-32,5.27708456209272e-13,True,False,7.690999996157188e-05,9.979999958886765e-06,0.00010202999987996009,schedule_ablation,every_eligible,100,0.5,1101
schedule_ablation_every_eligible,4V-FB,2153,612,True,False,51,0.04450506310309968,0.04944142818870401,1,-5.428551360608935e-05,9.533972675049429e-32,5.277084562092722e-13,True,False,7.76700001097197e-05,9.790000149223488e-06,0.00010287999998581654,schedule_ablation,every_eligible,100,0.5,1101
schedule_ablation_every_eligible,4V-FB,2154,613,True,False,51,0.0445050631028559,0.04944142818870401,1,-5.428551371355894e-05,9.533972675049429e-32,5.277084562092721e-13,True,False,7.747000017843675e-05,9.990000080506434e-06,0.00010248000012325065,schedule_ablation,every_eligible,100,0.5,1101
schedule_ablation_every_eligible,4V-FB,2155,614,True,False,51,0.044505063102615386,0.04944142818870401,1,-5.428551381658764e-05,9.533972675049429e-32,5.27708456209272e-13,True,False,7.72800001413998e-05,1.0100000054080738e-05,0.00010253999994347396,schedule_ablation,every_eligible,100,0.5,1101
schedule_ablation_every_eligible,4V-FB,2156,615,True,False,51,0.04450506310237651,0.04944142818870401,1,-5.428551391783998e-05,9.533972675049429e-32,5.277084562092721e-13,True,False,7.71200000144745e-05,9.890000001178123e-06,0.00010217999988526572,schedule_ablation,every_eligible,100,0.5,1101
schedule_ablation_every_eligible,4V-FB,2157,616,True,False,51,0.04450506310214014,0.04944142818870401,1,-5.428551401820414e-05,9.533972675049429e-32,5.277084562092721e-13,True,False,7.784000013089099e-05,9.970000064640772e-06,0.00010274999999637657,schedule_ablation,every_eligible,100,0.5,1101
schedule_ablation_every_eligible,4V-FB,2158,617,True,False,51,0.044505063101905926,0.04944142818870401,1,-5.42855141185683e-05,9.533972675049429e-32,5.277084562092721e-13,True,False,8.577999983572226e-05,1.025999995363236e-05,0.00011143999995510967,schedule_ablation,every_eligible,100,0.5,1101
schedule_ablation_every_eligible,4V-FB,2159,618,True,False,51,0.04450506310167475,0.04944142818870401,1,-5.4285514218044284e-05,9.533972675049429e-32,5.27708456209272e-13,True,False,7.709999999860884e-05,1.0119999842572724e-05,0.00010243999986414565,schedule_ablation,every_eligible,100,0.5,1101
schedule_ablation_every_eligible,4V-FB,2160,619,True,False,51,0.044505063101445044,0.04944142818870401,1,-5.428551431485573e-05,9.533972675049429e-32,5.277084562092722e-13,True,False,7.666000010431162e-05,9.999999974752427e-06,0.00010196000016549078,schedule_ablation,every_eligible,100,0.5,1101
schedule_ablation_every_eligible,4V-FB,2161,620,True,False,51,0.044505063101217504,0.04944142818870401,1,-5.428551441166718e-05,9.533972675049429e-32,5.277084562092721e-13,True,False,7.635000019945437e-05,1.0049999900729745e-05,0.00010155999984817754,schedule_ablation,every_eligible,100,0.5,1101
schedule_ablation_every_eligible,4V-FB,2162,621,True,False,51,0.04450506310099267,0.04944142818870401,1,-5.4285514509366806e-05,9.533972675049429e-32,5.277084562092721e-13,True,False,7.677999997213192e-05,9.959999943021103e-06,0.00010186000008616247,schedule_ablation,every_eligible,100,0.5,1101
schedule_ablation_every_eligible,4V-FB,2163,622,True,False,51,0.04450506310076936,0.04944142818870401,1,-5.4285514604401897e-05,9.533972675049429e-32,5.27708456209272e-13,True,False,8.485000012115052e-05,1.0309999879609677e-05,0.00011064000000260421,schedule_ablation,every_eligible,100,0.5,1101
schedule_ablation_every_eligible,4V-FB,2164,623,True,False,51,0.044505063100548775,0.04944142818870401,1,-5.428551469766063e-05,9.533972675049429e-32,5.277084562092721e-13,True,False,7.753999989290605e-05,1.0069999916595407e-05,0.00010264999991704826,schedule_ablation,every_eligible,100,0.5,1101
schedule_ablation_every_eligible,4V-FB,2165,624,True,False,51,0.044505063100330366,0.04944142818870401,1,-5.4285514790919365e-05,9.533972675049429e-32,5.277084562092721e-13,True,False,7.668000012017728e-05,9.860000091066468e-06,0.00010154999995393155,schedule_ablation,every_eligible,100,0.5,1101
schedule_ablation_every_eligible,4V-FB,2166,625,True,False,51,0.04450506310011404,0.04944142818870401,1,-5.428551488506628e-05,9.533972675049429e-32,5.27708456209272e-13,True,False,7.636999998794636e-05,1.001999999061809e-05,0.00010143999998035724,schedule_ablation,every_eligible,100,0.5,1101
schedule_ablation_every_eligible,4V-FB,2167,626,True,False,51,0.04450506309989963,0.04944142818870401,1,-5.42855149747723e-05,9.533972675049429e-32,5.277084562092722e-13,True,False,7.703000005676586e-05,9.910000017043785e-06,0.00010188999999627413,schedule_ablation,every_eligible,100,0.5,1101
schedule_ablation_every_eligible,4V-FB,2168,627,True,False,51,0.0445050630996876,0.04944142818870401,1,-5.428551506447832e-05,9.533972675049429e-32,5.277084562092722e-13,True,False,7.677999997213192e-05,9.910000017043785e-06,0.00010178000002269982,schedule_ablation,every_eligible,100,0.5,1101
schedule_ablation_every_eligible,4V-FB,2169,628,True,False,51,0.044505063099477715,0.04944142818870401,1,-5.428551515507252e-05,9.533972675049429e-32,5.277084562092721e-13,True,False,7.770999991407734e-05,9.989999853132758e-06,0.00010286999986419687,schedule_ablation,every_eligible,100,0.5,1101
schedule_ablation_every_eligible,4V-FB,2170,629,True,False,51,0.044505063099269326,0.04944142818870401,1,-5.4285515245666716e-05,9.533972675049429e-32,5.27708456209272e-13,True,False,7.67399999404006e-05,9.979999958886765e-06,0.00010172999986934883,schedule_ablation,every_eligible,100,0.5,1101
schedule_ablation_every_eligible,4V-FB,2171,630,True,False,51,0.044505063099063505,0.04944142818870401,1,-5.42855153327082e-05,9.533972675049429e-32,5.27708456209272e-13,True,False,7.674999983464659e-05,9.910000017043785e-06,0.00010164000013901386,schedule_ablation,every_eligible,100,0.5,1101
schedule_ablation_every_eligible,4V-FB,2172,631,True,False,51,0.044505063098859196,0.04944142818870401,1,-5.4285515419749686e-05,9.533972675049429e-32,5.27708456209272e-13,True,False,7.664999998269195e-05,9.860000091066468e-06,0.00010137999993276026,schedule_ablation,every_eligible,100,0.5,1101
schedule_ablation_every_eligible,4V-FB,2173,632,True,False,51,0.04450506309865779,0.04944142818870401,1,-5.428551550679117e-05,9.533972675049429e-32,5.27708456209272e-13,True,False,7.651000009900599e-05,9.889999773804448e-06,0.00010125999983756628,schedule_ablation,every_eligible,100,0.5,1101
schedule_ablation_every_eligible,4V-FB,2174,633,True,False,51,0.0445050630984572,0.04944142818870401,1,-5.42855155920563e-05,9.533972675049429e-32,5.27708456209272e-13,True,False,8.497000021634449e-05,1.001999999061809e-05,0.00011038000002372428,schedule_ablation,every_eligible,100,0.5,1101
schedule_ablation_every_eligible,4V-FB,2175,634,True,False,51,0.04450506309825904,0.04944142818870401,1,-5.428551567465689e-05,9.533972675049429e-32,5.277084562092722e-13,True,False,7.71100001202285e-05,9.93999992715544e-06,0.00010223000003861671,schedule_ablation,every_eligible,100,0.5,1101
schedule_ablation_every_eligible,4V-FB,2176,635,True,False,51,0.044505063098063,0.04944142818870401,1,-5.4285515758145664e-05,9.533972675049429e-32,5.277084562092722e-13,True,False,7.682999989810924e-05,9.990000080506434e-06,0.00010178999991694582,schedule_ablation,every_eligible,100,0.5,1101
schedule_ablation_every_eligible,4V-FB,2177,636,True,False,51,0.04450506309786871,0.04944142818870401,1,-5.4285515841634435e-05,9.533972675049429e-32,5.277084562092721e-13,True,False,7.709000010436284e-05,9.979999958886765e-06,0.0001021200000650424,schedule_ablation,every_eligible,100,0.5,1101
schedule_ablation_every_eligible,4V-FB,2178,637,True,False,51,0.04450506309767642,0.04944142818870401,1,-5.428551592423503e-05,9.533972675049429e-32,5.277084562092721e-13,True,False,7.704999984525784e-05,9.969999837267096e-06,0.00010202999987996009,schedule_ablation,every_eligible,100,0.5,1101
schedule_ablation_every_eligible,4V-FB,2179,638,True,False,51,0.04450506309748571,0.04944142818870401,1,-5.4285516005059264e-05,9.533972675049429e-32,5.277084562092721e-13,True,False,8.555999988857366e-05,1.0219999921901035e-05,0.00011126999993393838,schedule_ablation,every_eligible,100,0.5,1101
schedule_ablation_every_eligible,4V-FB,2180,639,True,False,51,0.04450506309729724,0.04944142818870401,1,-5.42855160858835e-05,9.533972675049429e-32,5.27708456209272e-13,True,False,7.747000017843675e-05,1.0060000022349413e-05,0.00010268999994877959,schedule_ablation,every_eligible,100,0.5,1101
schedule_ablation_every_eligible,4V-FB,2181,640,True,False,51,0.04450506309711051,0.04944142818870401,1,-5.428551616581956e-05,9.533972675049429e-32,5.27708456209272e-13,True,False,7.68400000197289e-05,9.999999974752427e-06,0.00010188999999627413,schedule_ablation,every_eligible,100,0.5,1101
schedule_ablation_every_eligible,4V-FB,2182,641,True,False,51,0.044505063096925285,0.04944142818870401,1,-5.428551624397926e-05,9.533972675049429e-32,5.277084562092722e-13,True,False,7.67300000461546e-05,9.899999895424116e-06,0.00010161999989577453,schedule_ablation,every_eligible,100,0.5,1101
schedule_ablation_every_eligible,4V-FB,2183,642,True,False,51,0.04450506309674197,0.04944142818870401,1,-5.428551632302714e-05,9.533972675049429e-32,5.27708456209272e-13,True,False,7.690999996157188e-05,1.0060000022349413e-05,0.00010227000007034803,schedule_ablation,every_eligible,100,0.5,1101
schedule_ablation_every_eligible,4V-FB,2184,643,True,False,51,0.044505063096560535,0.04944142818870401,1,-5.428551639941048e-05,9.533972675049429e-32,5.277084562092721e-13,True,False,7.675999995626626e-05,9.920000138663454e-06,0.00010186999998040847,schedule_ablation,every_eligible,100,0.5,1101
schedule_ablation_every_eligible,4V-FB,2185,644,True,False,51,0.044505063096381456,0.04944142818870401,1,-5.4285516476682005e-05,9.533972675049429e-32,5.277084562092721e-13,True,False,7.741000013083976e-05,1.0029999884864083e-05,0.00010265000014442194,schedule_ablation,every_eligible,100,0.5,1101
schedule_ablation_every_eligible,4V-FB,2186,645,True,False,51,0.04450506309620328,0.04944142818870401,1,-5.428551655128899e-05,9.533972675049429e-32,5.277084562092722e-13,True,False,7.696000011492288e-05,9.930000032909447e-06,0.00010192000013375946,schedule_ablation,every_eligible,100,0.5,1101
schedule_ablation_every_eligible,4V-FB,2187,646,True,False,51,0.044505063096027475,0.04944142818870401,1,-5.428551662678416e-05,9.533972675049429e-32,5.277084562092721e-13,True,False,7.719999985056347e-05,1.0169999995923718e-05,0.00010237999981654866,schedule_ablation,every_eligible,100,0.5,1101
schedule_ablation_every_eligible,4V-FB,2188,647,True,False,51,0.04450506309585309,0.04944142818870401,1,-5.428551670050297e-05,9.533972675049429e-32,5.277084562092722e-13,True,False,7.686999992984056e-05,9.869999985312461e-06,0.00010191000001213979,schedule_ablation,every_eligible,100,0.5,1101
schedule_ablation_every_eligible,4V-FB,2189,648,True,False,51,0.044505063095679906,0.04944142818870401,1,-5.428551677688631e-05,9.533972675049429e-32,5.27708456209272e-13,True,False,7.630000004610338e-05,9.849999969446799e-06,0.00010100000008606003,schedule_ablation,every_eligible,100,0.5,1101
schedule_ablation_every_eligible,4V-FB,2190,649,True,False,51,0.044505063095509084,0.04944142818870401,1,-5.428551684971694e-05,9.533972675049429e-32,5.27708456209272e-13,True,False,7.707000008849718e-05,9.849999969446799e-06,0.00010210999994342274,schedule_ablation,every_eligible,100,0.5,1101
schedule_ablation_every_eligible,4V-FB,2191,650,True,False,51,0.044505063095339706,0.04944142818870401,1,-5.428551691988304e-05,9.533972675049429e-32,5.277084562092721e-13,True,False,7.692999997743755e-05,1.0109999948326731e-05,0.00010226000017610204,schedule_ablation,every_eligible,100,0.5,1101
schedule_ablation_every_eligible,4V-FB,2192,651,True,False,51,0.04450506309517216,0.04944142818870401,1,-5.428551699271367e-05,9.533972675049429e-32,5.27708456209272e-13,True,False,7.871999991948542e-05,1.0060000022349413e-05,0.00010386000008111296,schedule_ablation,every_eligible,100,0.5,1101
schedule_ablation_every_eligible,4V-FB,2193,652,True,False,51,0.04450506309500603,0.04944142818870401,1,-5.428551706287976e-05,9.533972675049429e-32,5.277084562092722e-13,True,False,7.707000008849718e-05,1.005000012810342e-05,0.00010216000009677373,schedule_ablation,every_eligible,100,0.5,1101
schedule_ablation_every_eligible,4V-FB,2194,653,True,False,51,0.04450506309484166,0.04944142818870401,1,-5.428551713304586e-05,9.533972675049429e-32,5.277084562092721e-13,True,False,7.660999995096063e-05,9.930000032909447e-06,0.00010152999993806588,schedule_ablation,every_eligible,100,0.5,1101
schedule_ablation_every_eligible,4V-FB,2195,654,True,False,51,0.04450506309467893,0.04944142818870401,1,-5.4285517202323774e-05,9.533972675049429e-32,5.277084562092721e-13,True,False,8.372000002054847e-05,1.025999995363236e-05,0.00011044000007132126,schedule_ablation,every_eligible,100,0.5,1101
schedule_ablation_every_eligible,4V-FB,2196,655,True,False,51,0.04450506309451745,0.04944142818870401,1,-5.428551727071351e-05,9.533972675049429e-32,5.277084562092722e-13,True,False,7.737000009910844e-05,9.970000064640772e-06,0.00010240999995403399,schedule_ablation,every_eligible,100,0.5,1101
schedule_ablation_every_eligible,4V-FB,2197,656,True,False,51,0.04450506309435784,0.04944142818870401,1,-5.428551733999143e-05,9.533972675049429e-32,5.27708456209272e-13,True,False,7.658000004084897e-05,1.0030000112237758e-05,0.0001016300000173942,schedule_ablation,every_eligible,100,0.5,1101
schedule_ablation_every_eligible,4V-FB,2198,657,True,False,51,0.044505063094199826,0.04944142818870401,1,-5.428551740749299e-05,9.533972675049429e-32,5.27708456209272e-13,True,False,7.636000009370036e-05,1.0010000096372096e-05,0.00010147000011784257,schedule_ablation,every_eligible,100,0.5,1101
schedule_ablation_every_eligible,4V-FB,2199,658,True,False,51,0.044505063094043354,0.04944142818870401,1,-5.4285517472330014e-05,9.533972675049429e-32,5.277084562092721e-13,True,False,7.639000000381202e-05,9.95000004877511e-06,0.00010133000000678294,schedule_ablation,every_eligible,100,0.5,1101
schedule_ablation_every_eligible,4V-FB,2200,659,True,False,51,0.04450506309388802,0.04944142818870401,1,-5.4285517539831574e-05,9.533972675049429e-32,5.27708456209272e-13,True,False,7.66200000725803e-05,1.7159999970317585e-05,0.00010881999992307101,schedule_ablation,every_eligible,100,0.5,1101
schedule_ablation_every_eligible,4V-FB,2201,660,True,False,51,0.04450506309373446,0.04944142818870401,1,-5.428551760289224e-05,9.533972675049429e-32,5.277084562092722e-13,True,False,7.775000017318234e-05,9.910000017043785e-06,0.00010274000010213058,schedule_ablation,every_eligible,100,0.5,1101
schedule_ablation_every_eligible,4V-FB,2202,661,True,False,51,0.04450506309358261,0.04944142818870401,1,-5.428551766950562e-05,9.533972675049429e-32,5.277084562092721e-13,True,False,7.657000014660298e-05,9.949999821401434e-06,0.00010133999990102893,schedule_ablation,every_eligible,100,0.5,1101
schedule_ablation_every_eligible,4V-FB,2203,662,True,False,51,0.044505063093432023,0.04944142818870401,1,-5.428551773256629e-05,9.533972675049429e-32,5.277084562092722e-13,True,False,7.688000005146023e-05,1.0119999842572724e-05,0.0001021299999592884,schedule_ablation,every_eligible,100,0.5,1101
schedule_ablation_every_eligible,4V-FB,2204,663,True,False,51,0.04450506309328302,0.04944142818870401,1,-5.4285517797403315e-05,9.533972675049429e-32,5.277084562092721e-13,True,False,7.683999979235523e-05,9.990000080506434e-06,0.00010170999985348317,schedule_ablation,every_eligible,100,0.5,1101
schedule_ablation_every_eligible,4V-FB,2205,664,True,False,51,0.04450506309313566,0.04944142818870401,1,-5.428551786046398e-05,9.533972675049429e-32,5.277084562092722e-13,True,False,7.660999995096063e-05,9.95000004877511e-06,0.00010152000004381989,schedule_ablation,every_eligible,100,0.5,1101
schedule_ablation_every_eligible,4V-FB,2206,665,True,False,51,0.0445050630929895,0.04944142818870401,1,-5.428551792263647e-05,9.533972675049429e-32,5.27708456209272e-13,True,False,7.908000020506734e-05,1.0160000101677724e-05,0.00010457999997015577,schedule_ablation,every_eligible,100,0.5,1101
schedule_ablation_every_eligible,4V-FB,2207,666,True,False,51,0.04450506309284495,0.04944142818870401,1,-5.4285517983920784e-05,9.533972675049429e-32,5.277084562092721e-13,True,False,7.705999996687751e-05,1.0210000027655042e-05,0.00010302999999112217,schedule_ablation,every_eligible,100,0.5,1101
schedule_ablation_every_eligible,4V-FB,2208,667,True,False,51,0.04450506309270093,0.04944142818870401,1,-5.4285518045205094e-05,9.533972675049429e-32,5.27708456209272e-13,True,False,7.67300000461546e-05,1.0030000112237758e-05,0.00010206000001744542,schedule_ablation,every_eligible,100,0.5,1101
schedule_ablation_every_eligible,4V-FB,2209,668,True,False,51,0.04450506309255929,0.04944142818870401,1,-5.428551810560123e-05,9.533972675049429e-32,5.27708456209272e-13,True,False,7.688999994570622e-05,9.990000080506434e-06,0.00010192000013375946,schedule_ablation,every_eligible,100,0.5,1101
schedule_ablation_every_eligible,4V-FB,2210,669,True,False,51,0.04450506309241868,0.04944142818870401,1,-5.428551816510918e-05,9.533972675049429e-32,5.277084562092722e-13,True,False,7.641999991392368e-05,9.809999937715475e-06,0.00010118000000147731,schedule_ablation,every_eligible,100,0.5,1101
schedule_ablation_every_eligible,4V-FB,2211,670,True,False,51,0.04450506309227957,0.04944142818870401,1,-5.4285518224617135e-05,9.533972675049429e-32,5.277084562092721e-13,True,False,8.378999996239145e-05,1.001999999061809e-05,0.00010924999992312223,schedule_ablation,every_eligible,100,0.5,1101
schedule_ablation_every_eligible,4V-FB,2212,671,True,False,51,0.044505063092141695,0.04944142818870401,1,-5.428551828323691e-05,9.533972675049429e-32,5.277084562092722e-13,True,False,7.658000004084897e-05,1.00789998214168e-05,0.00010190900002271519,schedule_ablation,every_eligible,100,0.5,1101
schedule_ablation_every_eligible,4V-FB,2213,672,True,False,51,0.04450506309200514,0.04944142818870401,1,-5.428551834096851e-05,9.533972675049429e-32,5.27708456209272e-13,True,False,7.643999992978934e-05,9.920000138663454e-06,0.00010149000013370824,schedule_ablation,every_eligible,100,0.5,1101
schedule_ablation_every_eligible,4V-FB,2214,673,True,False,51,0.044505063091870314,0.04944142818870401,1,-5.428551839692375e-05,9.533972675049429e-32,5.277084562092722e-13,True,False,7.709999999860884e-05,1.001999999061809e-05,0.00010232999989057134,schedule_ablation,every_eligible,100,0.5,1101
schedule_ablation_every_eligible,4V-FB,2215,674,True,False,51,0.04450506309173635,0.04944142818870401,1,-5.4285518455543524e-05,9.533972675049429e-32,5.277084562092721e-13,True,False,7.710999989285483e-05,1.0049999900729745e-05,0.00010227999996459403,schedule_ablation,every_eligible,100,0.5,1101
schedule_ablation_every_eligible,4V-FB,2216,675,True,False,51,0.04450506309160389,0.04944142818870401,1,-5.4285518511498765e-05,9.533972675049429e-32,5.277084562092722e-13,True,False,8.37000000046828e-05,1.0169999995923718e-05,0.00010969999993903912,schedule_ablation,every_eligible,100,0.5,1101
schedule_ablation_every_eligible,4V-FB,2217,676,True,False,51,0.04450506309147281,0.04944142818870401,1,-5.4285518568342184e-05,9.533972675049429e-32,5.277084562092721e-13,True,False,7.765999998810003e-05,9.999999974752427e-06,0.00010282000016559323,schedule_ablation,every_eligible,100,0.5,1101
schedule_ablation_every_eligible,4V-FB,2218,677,True,False,51,0.04450506309134282,0.04944142818870401,1,-5.428551862252107e-05,9.533972675049429e-32,5.277084562092722e-13,True,False,7.6459999945655e-05,9.959999943021103e-06,0.00010130999999091728,schedule_ablation,every_eligible,100,0.5,1101
schedule_ablation_every_eligible,4V-FB,2219,678,True,False,51,0.0445050630912138,0.04944142818870401,1,-5.428551867758813e-05,9.533972675049429e-32,5.27708456209272e-13,True,False,7.67399999404006e-05,9.940000154529116e-06,0.0001016300000173942,schedule_ablation,every_eligible,100,0.5,1101
schedule_ablation_every_eligible,4V-FB,2220,679,True,False,51,0.044505063091086566,0.04944142818870401,1,-5.4285518729990656e-05,9.533972675049429e-32,5.277084562092721e-13,True,False,7.785000002513698e-05,1.0030000112237758e-05,0.0001029099998959282,schedule_ablation,every_eligible,100,0.5,1101
schedule_ablation_every_eligible,4V-FB,2221,680,True,False,51,0.04450506309096036,0.04944142818870401,1,-5.4285518785945897e-05,9.533972675049429e-32,5.277084562092722e-13,True,False,7.659000016246864e-05,1.01200000699464e-05,0.00010158999998566287,schedule_ablation,every_eligible,100,0.5,1101
schedule_ablation_every_eligible,4V-FB,2222,681,True,False,51,0.0445050630908356,0.04944142818870401,1,-5.428551884012478e-05,9.533972675049429e-32,5.277084562092721e-13,True,False,7.747999984530907e-05,1.0160000101677724e-05,0.00010298999995939084,schedule_ablation,every_eligible,100,0.5,1101
schedule_ablation_every_eligible,4V-FB,2223,682,True,False,51,0.044505063090711394,0.04944142818870401,1,-5.428551889075095e-05,9.533972675049429e-32,5.277084562092722e-13,True,False,7.682999989810924e-05,9.95000004877511e-06,0.0001016300000173942,schedule_ablation,every_eligible,100,0.5,1101
schedule_ablation_every_eligible,4V-FB,2224,683,True,False,51,0.044505063090589214,0.04944142818870401,1,-5.4285518944929834e-05,9.533972675049429e-32,5.277084562092721e-13,True,False,7.68499999139749e-05,9.860000091066468e-06,0.00010137000003851426,schedule_ablation,every_eligible,100,0.5,1101
schedule_ablation_every_eligible,4V-FB,2225,684,True,False,51,0.044505063090467964,0.04944142818870401,1,-5.428551899644418e-05,9.533972675049429e-32,5.277084562092721e-13,True,False,7.641999991392368e-05,9.949999821401434e-06,0.00010115999998561165,schedule_ablation,every_eligible,100,0.5,1101
schedule_ablation_every_eligible,4V-FB,2226,685,True,False,51,0.044505063090347685,0.04944142818870401,1,-5.4285519045293995e-05,9.533972675049429e-32,5.277084562092722e-13,True,False,7.602000005135778e-05,1.0029999884864083e-05,0.00010081999994326907,schedule_ablation,every_eligible,100,0.5,1101
schedule_ablation_every_eligible,4V-FB,2227,686,True,False,51,0.04450506309022845,0.04944142818870401,1,-5.42855190985847e-05,9.533972675049429e-32,5.27708456209272e-13,True,False,8.346999993591453e-05,9.970000064640772e-06,0.00010844999997061677,schedule_ablation,every_eligible,100,0.5,1101
schedule_ablation_every_eligible,4V-FB,2228,687,True,False,51,0.04450506309011086,0.04944142818870401,1,-5.428551914743451e-05,9.533972675049429e-32,5.277084562092721e-13,True,False,7.661999984520662e-05,9.830000180954812e-06,0.0001014599999962229,schedule_ablation,every_eligible,100,0.5,1101
schedule_ablation_every_eligible,4V-FB,2229,688,True,False,51,0.044505063089994315,0.04944142818870401,1,-5.428551919539615e-05,9.533972675049429e-32,5.277084562092721e-13,True,False,7.635999986632669e-05,9.910000017043785e-06,0.00010121000013896264,schedule_ablation,every_eligible,100,0.5,1101
schedule_ablation_every_eligible,4V-FB,2230,689,True,False,51,0.044505063089878616,0.04944142818870401,1,-5.428551924513414e-05,9.533972675049429e-32,5.277084562092721e-13,True,False,7.619999996677507e-05,9.850000196820474e-06,0.00010094000003846304,schedule_ablation,every_eligible,100,0.5,1101
schedule_ablation_every_eligible,4V-FB,2231,690,True,False,51,0.044505063089764804,0.04944142818870401,1,-5.428551929398395e-05,9.533972675049429e-32,5.277084562092722e-13,True,False,7.576000007247785e-05,9.970000064640772e-06,0.00010048000012830016,schedule_ablation,every_eligible,100,0.5,1101
schedule_ablation_every_eligible,4V-FB,2232,691,True,False,51,0.044505063089650895,0.04944142818870401,1,-5.428551934461012e-05,9.533972675049429e-32,5.27708456209272e-13,True,False,8.223999998335785e-05,1.019000001178938e-05,0.00010757999984889466,schedule_ablation,every_eligible,100,0.5,1101
schedule_ablation_every_eligible,4V-FB,2233,692,True,False,51,0.04450506308953919,0.04944142818870401,1,-5.428551938990722e-05,9.533972675049429e-32,5.277084562092721e-13,True,False,7.649999997738632e-05,9.930000032909447e-06,0.00010131999988516327,schedule_ablation,every_eligible,100,0.5,1101
schedule_ablation_every_eligible,4V-FB,2234,693,True,False,51,0.04450506308942766,0.04944142818870401,1,-5.4285519438757035e-05,9.533972675049429e-32,5.277084562092721e-13,True,False,7.815000003574823e-05,9.979999958886765e-06,0.00010326000005989044,schedule_ablation,every_eligible,100,0.5,1101
schedule_ablation_every_eligible,4V-FB,2235,694,True,False,51,0.04450506308931784,0.04944142818870401,1,-5.4285519484054134e-05,9.533972675049429e-32,5.277084562092722e-13,True,False,7.649000008314033e-05,9.919999911289779e-06,0.00010120000001734297,schedule_ablation,every_eligible,100,0.5,1101
schedule_ablation_every_eligible,4V-FB,2236,695,True,False,51,0.044505063089209165,0.04944142818870401,1,-5.428551953201577e-05,9.533972675049429e-32,5.27708456209272e-13,True,False,7.683999979235523e-05,1.0040000006483751e-05,0.00010180999993281148,schedule_ablation,every_eligible,100,0.5,1101
schedule_ablation_every_eligible,4V-FB,2237,696,True,False,51,0.04450506308910113,0.04944142818870401,1,-5.428551957642469e-05,9.533972675049429e-32,5.277084562092722e-13,True,False,7.660000005671463e-05,9.979999958886765e-06,0.00010171999997510284,schedule_ablation,every_eligible,100,0.5,1101
schedule_ablation_every_eligible,4V-FB,2238,697,True,False,51,0.044505063088994615,0.04944142818870401,1,-5.428551962260997e-05,9.533972675049429e-32,5.277084562092721e-13,True,False,7.748999996692874e-05,1.005000012810342e-05,0.00010300000008101051,schedule_ablation,every_eligible,100,0.5,1101
schedule_ablation_every_eligible,4V-FB,2239,698,True,False,51,0.04450506308888841,0.04944142818870401,1,-5.428551966790707e-05,9.533972675049429e-32,5.27708456209272e-13,True,False,7.671999992453493e-05,1.0030000112237758e-05,0.00010186999998040847,schedule_ablation,every_eligible,100,0.5,1101
schedule_ablation_every_eligible,4V-FB,2240,699,True,False,51,0.04450506308878388,0.04944142818870401,1,-5.428551971320417e-05,9.533972675049429e-32,5.27708456209272e-13,True,False,7.691999985581788e-05,9.800000043469481e-06,0.00010171999997510284,schedule_ablation,every_eligible,100,0.5,1101
schedule_ablation_every_eligible,4V-FB,2241,700,True,False,51,0.044505063088680144,0.04944142818870401,1,-5.428551975494855e-05,9.533972675049429e-32,5.277084562092721e-13,True,False,7.666000010431162e-05,9.990000080506434e-06,0.00010156000007555122,schedule_ablation,every_eligible,100,0.5,1101
schedule_ablation_every_eligible,4V-FB,2242,701,True,False,51,0.044505063088577684,0.04944142818870401,1,-5.4285519799357473e-05,9.533972675049429e-32,5.277084562092721e-13,True,False,7.646000017302867e-05,9.920000138663454e-06,0.00010120999991158897,schedule_ablation,every_eligible,100,0.5,1101
schedule_ablation_every_eligible,4V-FB,2243,702,True,False,51,0.04450506308847603,0.04944142818870401,1,-5.4285519843766394e-05,9.533972675049429e-32,5.27708456209272e-13,True,False,7.707000008849718e-05,9.809999937715475e-06,0.0001082100000076025,schedule_ablation,every_eligible,100,0.5,1101
schedule_ablation_every_eligible,4V-FB,2244,703,True,False,51,0.04450506308837515,0.04944142818870401,1,-5.42855198846226e-05,9.533972675049429e-32,5.277084562092722e-13,True,False,7.665999987693795e-05,9.990000080506434e-06,0.00010158000009141688,schedule_ablation,every_eligible,100,0.5,1101
schedule_ablation_every_eligible,4V-FB,2245,704,True,False,51,0.0445050630882759,0.04944142818870401,1,-5.428551992636699e-05,9.533972675049429e-32,5.277084562092722e-13,True,False,7.651999999325199e-05,9.999999974752427e-06,0.0001013500000226486,schedule_ablation,every_eligible,100,0.5,1101
schedule_ablation_every_eligible,4V-FB,2246,705,True,False,51,0.04450506308817663,0.04944142818870401,1,-5.428551997166409e-05,9.533972675049429e-32,5.27708456209272e-13,True,False,7.664000008844596e-05,9.88000010693213e-06,0.00010177999979532615,schedule_ablation,every_eligible,100,0.5,1101
schedule_ablation_every_eligible,4V-FB,2247,706,True,False,51,0.044505063088078986,0.04944142818870401,1,-5.428552001074394e-05,9.533972675049429e-32,5.277084562092722e-13,True,False,7.698000013078854e-05,1.0089999932461069e-05,0.00010204999989582575,schedule_ablation,every_eligible,100,0.5,1101
schedule_ablation_every_eligible,4V-FB,2248,707,True,False,51,0.04450506308798215,0.04944142818870401,1,-5.428552005248832e-05,9.533972675049429e-32,5.277084562092721e-13,True,False,8.327999989887758e-05,1.0109999948326731e-05,0.00010879999990720535,schedule_ablation,every_eligible,100,0.5,1101
schedule_ablation_every_eligible,4V-FB,2249,708,True,False,51,0.044505063087886876,0.04944142818870401,1,-5.428552009423271e-05,9.533972675049429e-32,5.27708456209272e-13,True,False,7.795999999871128e-05,9.879999879558454e-06,0.00010305999990123382,schedule_ablation,every_eligible,100,0.5,1101
schedule_ablation_every_eligible,4V-FB,2250,709,True,False,51,0.04450506308779166,0.04944142818870401,1,-5.428552013242438e-05,9.533972675049429e-32,5.277084562092722e-13,True,False,7.679000009375159e-05,9.93999992715544e-06,0.00010186000008616247,schedule_ablation,every_eligible,100,0.5,1101
schedule_ablation_every_eligible,4V-FB,2251,710,True,False,51,0.044505063087697166,0.04944142818870401,1,-5.428552017328059e-05,9.533972675049429e-32,5.27708456209272e-13,True,False,7.703999995101185e-05,1.0069999916595407e-05,0.00010208000003331108,schedule_ablation,every_eligible,100,0.5,1101
schedule_ablation_every_eligible,4V-FB,2252,711,True,False,51,0.04450506308760438,0.04944142818870401,1,-5.428552021236044e-05,9.533972675049429e-32,5.277084562092722e-13,True,False,7.675000006202026e-05,1.0100000054080738e-05,0.00010179000014431949,schedule_ablation,every_eligible,100,0.5,1101
schedule_ablation_every_eligible,4V-FB,2253,712,True,False,51,0.04450506308751262,0.04944142818870401,1,-5.428552025144029e-05,9.533972675049429e-32,5.277084562092722e-13,True,False,7.654000000911765e-05,9.990000080506434e-06,0.00010161000000152853,schedule_ablation,every_eligible,100,0.5,1101
schedule_ablation_every_eligible,4V-FB,2254,713,True,False,51,0.044505063087421054,0.04944142818870401,1,-5.428552029140832e-05,9.533972675049429e-32,5.277084562092721e-13,True,False,7.742999991933175e-05,9.930000032909447e-06,0.00010258999986945128,schedule_ablation,every_eligible,100,0.5,1101
schedule_ablation_every_eligible,4V-FB,2255,714,True,False,51,0.04450506308733043,0.04944142818870401,1,-5.428552032959999e-05,9.533972675049429e-32,5.277084562092721e-13,True,False,7.67399999404006e-05,9.960000170394778e-06,0.00010181999982705747,schedule_ablation,every_eligible,100,0.5,1101
schedule_ablation_every_eligible,4V-FB,2256,715,True,False,51,0.04450506308724135,0.04944142818870401,1,-5.428552036867984e-05,9.533972675049429e-32,5.27708456209272e-13,True,False,7.687000015721424e-05,9.849999969446799e-06,0.00010172999986934883,schedule_ablation,every_eligible,100,0.5,1101
schedule_ablation_every_eligible,4V-FB,2257,716,True,False,51,0.04450506308715217,0.04944142818870401,1,-5.428552040420698e-05,9.533972675049429e-32,5.277084562092722e-13,True,False,7.672000015190861e-05,9.840000075200805e-06,0.0001013500000226486,schedule_ablation,every_eligible,100,0.5,1101
schedule_ablation_every_eligible,4V-FB,2258,717,True,False,51,0.04450506308706473,0.04944142818870401,1,-5.428552044151047e-05,9.533972675049429e-32,5.277084562092722e-13,True,False,7.626999990861805e-05,1.0060000022349413e-05,0.00010148000001208857,schedule_ablation,every_eligible,100,0.5,1101
schedule_ablation_every_eligible,4V-FB,2259,718,True,False,51,0.04450506308697795,0.04944142818870401,1,-5.428552048059032e-05,9.533972675049429e-32,5.27708456209272e-13,True,False,7.76700001097197e-05,9.959999943021103e-06,0.00010308999981134548,schedule_ablation,every_eligible,100,0.5,1101
schedule_ablation_every_eligible,4V-FB,2260,719,True,False,51,0.044505063086891825,0.04944142818870401,1,-5.428552051522928e-05,9.533972675049429e-32,5.277084562092722e-13,True,False,7.68400000197289e-05,1.0040000006483751e-05,0.00010179000014431949,schedule_ablation,every_eligible,100,0.5,1101
schedule_ablation_every_eligible,4V-FB,2261,720,True,False,51,0.04450506308680689,0.04944142818870401,1,-5.428552055253277e-05,9.533972675049429e-32,5.27708456209272e-13,True,False,7.690000006732589e-05,9.93999992715544e-06,0.00010192000013375946,schedule_ablation,every_eligible,100,0.5,1101
schedule_ablation_every_eligible,4V-FB,2262,721,True,False,51,0.044505063086722405,0.04944142818870401,1,-5.428552058894809e-05,9.533972675049429e-32,5.27708456209272e-13,True,False,7.68900001730799e-05,1.0000000202126103e-05,0.00010203000010733376,schedule_ablation,every_eligible,100,0.5,1101
schedule_ablation_every_eligible,4V-FB,2263,722,True,False,51,0.0445050630866385,0.04944142818870401,1,-5.428552062269887e-05,9.533972675049429e-32,5.277084562092722e-13,True,False,7.694999999330321e-05,1.0210000027655042e-05,0.0001029000000016822,schedule_ablation,every_eligible,100,0.5,1101
schedule_ablation_every_eligible,4V-FB,2264,723,True,False,51,0.04450506308655591,0.04944142818870401,1,-5.4285520659114184e-05,9.533972675049429e-32,5.277084562092721e-13,True,False,8.479999996779952e-05,1.0379999821452657e-05,0.00011104000009254378,schedule_ablation,every_eligible,100,0.5,1101
schedule_ablation_every_eligible,4V-FB,2265,724,True,False,51,0.0445050630864742,0.04944142818870401,1,-5.42855206955295e-05,9.533972675049429e-32,5.27708456209272e-13,True,False,7.776999996167433e-05,1.022000014927471e-05,0.0001030600001286075,schedule_ablation,every_eligible,100,0.5,1101
schedule_ablation_every_eligible,4V-FB,2266,725,True,False,51,0.044505063086393126,0.04944142818870401,1,-5.428552072750392e-05,9.533972675049429e-32,5.27708456209272e-13,True,False,7.714999992458615e-05,9.910000017043785e-06,0.0001022399999328627,schedule_ablation,every_eligible,100,0.5,1101
schedule_ablation_every_eligible,4V-FB,2267,726,True,False,51,0.04450506308631258,0.04944142818870401,1,-5.42855207612547e-05,9.533972675049429e-32,5.277084562092722e-13,True,False,7.741999979771208e-05,9.910000017043785e-06,0.00010244999998576532,schedule_ablation,every_eligible,100,0.5,1101
schedule_ablation_every_eligible,4V-FB,2268,727,True,False,51,0.044505063086233115,0.04944142818870401,1,-5.428552079767002e-05,9.533972675049429e-32,5.27708456209272e-13,True,False,7.72399998822948e-05,1.001999999061809e-05,0.00010246000010738499,schedule_ablation,every_eligible,100,0.5,1101
schedule_ablation_every_eligible,4V-FB,2269,728,True,False,51,0.04450506308615412,0.04944142818870401,1,-5.4285520826979905e-05,9.533972675049429e-32,5.277084562092722e-13,True,False,7.702999982939218e-05,1.621999990675249e-05,0.00010817999987011717,schedule_ablation,every_eligible,100,0.5,1101
schedule_ablation_every_eligible,4V-FB,2270,729,True,False,51,0.044505063086076005,0.04944142818870401,1,-5.428552086339522e-05,9.533972675049429e-32,5.27708456209272e-13,True,False,7.724000010966847e-05,1.00799998108414e-05,0.00010247999989587697,schedule_ablation,every_eligible,100,0.5,1101
schedule_ablation_every_eligible,4V-FB,2271,730,True,False,51,0.04450506308599876,0.04944142818870401,1,-5.428552089625782e-05,9.533972675049429e-32,5.27708456209272e-13,True,False,7.65799998134753e-05,1.0080000038215076e-05,0.0001018599998587888,schedule_ablation,every_eligible,100,0.5,1101
schedule_ablation_every_eligible,4V-FB,2272,731,True,False,51,0.044505063085922544,0.04944142818870401,1,-5.4285520927344066e-05,9.533972675049429e-32,5.277084562092721e-13,True,False,7.641000001967768e-05,9.930000032909447e-06,0.00010143999998035724,schedule_ablation,every_eligible,100,0.5,1101
schedule_ablation_every_eligible,4V-FB,2273,732,True,False,51,0.04450506308584669,0.04944142818870401,1,-5.4285520961094846e-05,9.533972675049429e-32,5.27708456209272e-13,True,False,7.649000008314033e-05,9.999999974752427e-06,0.00010164000013901386,schedule_ablation,every_eligible,100,0.5,1101
schedule_ablation_every_eligible,4V-FB,2274,733,True,False,51,0.044505063085772026,0.04944142818870401,1,-5.428552099218109e-05,9.533972675049429e-32,5.27708456209272e-13,True,False,7.620999986102106e-05,9.820000059335143e-06,0.00010119000012309698,schedule_ablation,every_eligible,100,0.5,1101
schedule_ablation_every_eligible,4V-FB,2275,734,True,False,51,0.04450506308569738,0.04944142818870401,1,-5.428552102237916e-05,9.533972675049429e-32,5.277084562092722e-13,True,False,7.704000017838553e-05,1.005000012810342e-05,0.0001022399999328627,schedule_ablation,every_eligible,100,0.5,1101
schedule_ablation_every_eligible,4V-FB,2276,735,True,False,51,0.044505063085623645,0.04944142818870401,1,-5.4285521052577224e-05,9.533972675049429e-32,5.277084562092722e-13,True,False,7.66200000725803e-05,9.899999895424116e-06,0.00010148000001208857,schedule_ablation,every_eligible,100,0.5,1101
schedule_ablation_every_eligible,4V-FB,2277,736,True,False,51,0.044505063085551036,0.04944142818870401,1,-5.4285521086328004e-05,9.533972675049429e-32,5.27708456209272e-13,True,False,7.709999999860884e-05,9.979999958886765e-06,0.00010219000000688538,schedule_ablation,every_eligible,100,0.5,1101
schedule_ablation_every_eligible,4V-FB,2278,737,True,False,51,0.044505063085479094,0.04944142818870401,1,-5.428552111474971e-05,9.533972675049429e-32,5.277084562092722e-13,True,False,7.70100000409002e-05,9.98000018626044e-06,0.00010215999986940005,schedule_ablation,every_eligible,100,0.5,1101
schedule_ablation_every_eligible,4V-FB,2279,738,True,False,51,0.044505063085407734,0.04944142818870401,1,-5.428552114583596e-05,9.533972675049429e-32,5.277084562092721e-13,True,False,7.677999997213192e-05,9.930000032909447e-06,0.00010163999991164019,schedule_ablation,every_eligible,100,0.5,1101
schedule_ablation_every_eligible,4V-FB,2280,739,True,False,51,0.04450506308533675,0.04944142818870401,1,-5.428552117781038e-05,9.533972675049429e-32,5.27708456209272e-13,True,False,8.287000014206569e-05,1.0049999900729745e-05,0.00010808999991240853,schedule_ablation,every_eligible,100,0.5,1101
schedule_ablation_every_eligible,4V-FB,2281,740,True,False,51,0.04450506308526701,0.04944142818870401,1,-5.428552120623209e-05,9.533972675049429e-32,5.277084562092721e-13,True,False,7.72299999880488e-05,1.001999999061809e-05,0.00010223000003861671,schedule_ablation,every_eligible,100,0.5,1101
schedule_ablation_every_eligible,4V-FB,2282,741,True,False,51,0.04450506308519735,0.04944142818870401,1,-5.42855212346538e-05,9.533972675049429e-32,5.277084562092721e-13,True,False,7.651999999325199e-05,9.930000032909447e-06,0.0001014699998904689,schedule_ablation,every_eligible,100,0.5,1101
schedule_ablation_every_eligible,4V-FB,2283,742,True,False,51,0.04450506308512879,0.04944142818870401,1,-5.4285521264851866e-05,9.533972675049429e-32,5.277084562092721e-13,True,False,7.606000008308911e-05,1.0010000096372096e-05,0.0001009600000543287,schedule_ablation,every_eligible,100,0.5,1101
schedule_ablation_every_eligible,4V-FB,2284,743,True,False,51,0.04450506308506055,0.04944142818870401,1,-5.4285521293273575e-05,9.533972675049429e-32,5.277084562092721e-13,True,False,7.600000003549212e-05,9.900000122797792e-06,0.00010070999996969476,schedule_ablation,every_eligible,100,0.5,1101
schedule_ablation_every_eligible,4V-FB,2285,744,True,False,51,0.04450506308499373,0.04944142818870401,1,-5.428552132258346e-05,9.533972675049429e-32,5.27708456209272e-13,True,False,7.630999994034937e-05,1.019000001178938e-05,0.00010814999996000552,schedule_ablation,every_eligible,100,0.5,1101
schedule_ablation_every_eligible,4V-FB,2286,745,True,False,51,0.04450506308492651,0.04944142818870401,1,-5.4285521349228816e-05,9.533972675049429e-32,5.277084562092722e-13,True,False,7.749000019430241e-05,9.93999992715544e-06,0.00010238999993816833,schedule_ablation,every_eligible,100,0.5,1101
schedule_ablation_every_eligible,4V-FB,2287,746,True,False,51,0.044505063084860796,0.04944142818870401,1,-5.428552138031506e-05,9.533972675049429e-32,5.27708456209272e-13,True,False,7.656000002498331e-05,9.879999879558454e-06,0.00010124999994332029,schedule_ablation,every_eligible,100,0.5,1101
schedule_ablation_every_eligible,4V-FB,2288,747,True,False,51,0.04450506308479553,0.04944142818870401,1,-5.4285521405184056e-05,9.533972675049429e-32,5.277084562092721e-13,True,False,7.609999988744676e-05,9.900000122797792e-06,0.00010071999986394076,schedule_ablation,every_eligible,100,0.5,1101
schedule_ablation_every_eligible,4V-FB,2289,748,True,False,51,0.044505063084730456,0.04944142818870401,1,-5.4285521433605766e-05,9.533972675049429e-32,5.277084562092721e-13,True,False,7.626000001437205e-05,9.869999985312461e-06,0.00010120000001734297,schedule_ablation,every_eligible,100,0.5,1101
schedule_ablation_every_eligible,4V-FB,2290,749,True,False,51,0.04450506308466631,0.04944142818870401,1,-5.428552146025112e-05,9.533972675049429e-32,5.277084562092721e-13,True,False,7.658999993509497e-05,1.000999986899842e-05,0.0001014699998904689,schedule_ablation,every_eligible,100,0.5,1101
schedule_ablation_every_eligible,4V-FB,2291,750,True,False,51,0.044505063084603405,0.04944142818870401,1,-5.428552148778465e-05,9.533972675049429e-32,5.277084562092722e-13,True,False,7.871000002523942e-05,1.0129999964192393e-05,0.00010419000000183587,schedule_ablation,every_eligible,100,0.5,1101
schedule_ablation_every_eligible,4V-FB,2292,751,True,False,51,0.044505063084540414,0.04944142818870401,1,-5.4285521513541823e-05,9.533972675049429e-32,5.277084562092721e-13,True,False,7.667999989280361e-05,9.979999958886765e-06,0.00010171999997510284,schedule_ablation,every_eligible,100,0.5,1101
schedule_ablation_every_eligible,4V-FB,2293,752,True,False,51,0.0445050630844782,0.04944142818870401,1,-5.4285521541075354e-05,9.533972675049429e-32,5.277084562092721e-13,True,False,7.647000006727467e-05,9.840000075200805e-06,0.0001011899998957233,schedule_ablation,every_eligible,100,0.5,1101
schedule_ablation_every_eligible,4V-FB,2294,753,True,False,51,0.0445050630844169,0.04944142818870401,1,-5.428552156683253e-05,9.533972675049429e-32,5.277084562092721e-13,True,False,7.639000000381202e-05,9.820000059335143e-06,0.00010100999998030602,schedule_ablation,every_eligible,100,0.5,1101
schedule_ablation_every_eligible,4V-FB,2295,754,True,False,51,0.04450506308435524,0.04944142818870401,1,-5.428552159347788e-05,9.533972675049429e-32,5.277084562092721e-13,True,False,7.642000014129735e-05,9.949999821401434e-06,0.00010141000007024559,schedule_ablation,every_eligible,100,0.5,1101
schedule_ablation_every_eligible,4V-FB,2296,755,True,False,51,0.044505063084294694,0.04944142818870401,1,-5.4285521619235055e-05,9.533972675049429e-32,5.27708456209272e-13,True,False,8.274999981949804e-05,1.0000000202126103e-05,0.00010805000010805088,schedule_ablation,every_eligible,100,0.5,1101
schedule_ablation_every_eligible,4V-FB,2297,756,True,False,51,0.04450506308423527,0.04944142818870401,1,-5.428552164321587e-05,9.533972675049429e-32,5.277084562092721e-13,True,False,7.641000001967768e-05,9.789999921849812e-06,0.00010137000003851426,schedule_ablation,every_eligible,100,0.5,1101
schedule_ablation_every_eligible,4V-FB,2298,757,True,False,51,0.04450506308417598,0.04944142818870401,1,-5.428552166808487e-05,9.533972675049429e-32,5.277084562092722e-13,True,False,7.6450000051409e-05,9.890000001178123e-06,0.00010128999997505161,schedule_ablation,every_eligible,100,0.5,1101
schedule_ablation_every_eligible,4V-FB,2299,758,True,False,51,0.04450506308411689,0.04944142818870401,1,-5.4285521692953864e-05,9.533972675049429e-32,5.277084562092721e-13,True,False,7.614999981342407e-05,9.869999985312461e-06,0.00010105000001203734,schedule_ablation,every_eligible,100,0.5,1101
schedule_ablation_every_eligible,4V-FB,2300,759,True,False,51,0.0445050630840588,0.04944142818870401,1,-5.428552171782286e-05,9.533972675049429e-32,5.277084562092721e-13,True,False,7.576999996672384e-05,9.809999937715475e-06,0.00010045999988506082,schedule_ablation,every_eligible,100,0.5,1101
schedule_ablation_every_eligible,4V-FB,2301,760,True,False,51,0.0445050630840018,0.04944142818870401,1,-5.4285521742691856e-05,9.533972675049429e-32,5.277084562092721e-13,True,False,7.611000000906643e-05,1.0040000006483751e-05,0.00010709999992286612,schedule_ablation,every_eligible,100,0.5,1101
schedule_ablation_every_eligible,4V-FB,2302,761,True,False,51,0.044505063083944765,0.04944142818870401,1,-5.428552176667267e-05,9.533972675049429e-32,5.27708456209272e-13,True,False,7.735999997748877e-05,9.81000016508915e-06,0.00010195999993811711,schedule_ablation,every_eligible,100,0.5,1101
schedule_ablation_every_eligible,4V-FB,2303,762,True,False,51,0.04450506308388773,0.04944142818870401,1,-5.428552178976531e-05,9.533972675049429e-32,5.277084562092721e-13,True,False,7.68400000197289e-05,9.959999943021103e-06,0.00010176000000683416,schedule_ablation,every_eligible,100,0.5,1101
schedule_ablation_every_eligible,4V-FB,2304,763,True,False,51,0.04450506308383226,0.04944142818870401,1,-5.4285521815522486e-05,9.533972675049429e-32,5.277084562092721e-13,True,False,7.671999992453493e-05,9.849999969446799e-06,0.00010150000002795423,schedule_ablation,every_eligible,100,0.5,1101
schedule_ablation_every_eligible,4V-FB,2305,764,True,False,51,0.04450506308377686,0.04944142818870401,1,-5.428552183683877e-05,9.533972675049429e-32,5.277084562092721e-13,True,False,7.804999995641992e-05,9.95000004877511e-06,0.00010304000011274184,schedule_ablation,every_eligible,100,0.5,1101
schedule_ablation_every_eligible,4V-FB,2306,765,True,False,51,0.044505063083722304,0.04944142818870401,1,-5.4285521860819586e-05,9.533972675049429e-32,5.277084562092722e-13,True,False,7.626000001437205e-05,9.88000010693213e-06,0.000101079999922149,schedule_ablation,every_eligible,100,0.5,1101
schedule_ablation_every_eligible,4V-FB,2307,766,True,False,51,0.04450506308366782,0.04944142818870401,1,-5.4285521883912224e-05,9.533972675049429e-32,5.277084562092721e-13,True,False,7.743000014670542e-05,9.930000032909447e-06,0.00010253000004922797,schedule_ablation,every_eligible,100,0.5,1101
schedule_ablation_every_eligible,4V-FB,2308,767,True,False,51,0.04450506308361411,0.04944142818870401,1,-5.4285521905228507e-05,9.533972675049429e-32,5.277084562092722e-13,True,False,7.697000000916887e-05,1.0029999884864083e-05,0.00010199000007560244,schedule_ablation,every_eligible,100,0.5,1101
schedule_ablation_every_eligible,4V-FB,2309,768,True,False,51,0.04450506308356106,0.04944142818870401,1,-5.42855219300975e-05,9.533972675049429e-32,5.27708456209272e-13,True,False,7.641999991392368e-05,9.90999978967011e-06,0.00010128999997505161,schedule_ablation,every_eligible,100,0.5,1101
schedule_ablation_every_eligible,4V-FB,2310,769,True,False,51,0.044505063083508586,0.04944142818870401,1,-5.4285521951413784e-05,9.533972675049429e-32,5.277084562092722e-13,True,False,7.637999988219235e-05,9.999999974752427e-06,0.00010143999998035724,schedule_ablation,every_eligible,100,0.5,1101
schedule_ablation_every_eligible,4V-FB,2311,770,True,False,51,0.044505063083456656,0.04944142818870401,1,-5.428552197450642e-05,9.533972675049429e-32,5.277084562092722e-13,True,False,7.60799998715811e-05,9.970000064640772e-06,0.0001009699999485747,schedule_ablation,every_eligible,100,0.5,1101
schedule_ablation_every_eligible,4V-FB,2312,771,True,False,51,0.04450506308340439,0.04944142818870401,1,-5.4285521995822705e-05,9.533972675049429e-32,5.27708456209272e-13,True,False,8.330999980898923e-05,1.000999986899842e-05,0.00010853999992832541,schedule_ablation,every_eligible,100,0.5,1101
schedule_ablation_every_eligible,4V-FB,2313,772,True,False,51,0.044505063083353155,0.04944142818870401,1,-5.428552201713899e-05,9.533972675049429e-32,5.277084562092722e-13,True,False,7.68400000197289e-05,9.919999911289779e-06,0.00010165000003325986,schedule_ablation,every_eligible,100,0.5,1101
schedule_ablation_every_eligible,4V-FB,2314,773,True,False,51,0.044505063083302904,0.04944142818870401,1,-5.428552203845527e-05,9.533972675049429e-32,5.277084562092722e-13,True,False,7.697000000916887e-05,9.940000154529116e-06,0.00010182000005443115,schedule_ablation,every_eligible,100,0.5,1101
schedule_ablation_every_eligible,4V-FB,2315,774,True,False,51,0.044505063083252874,0.04944142818870401,1,-5.428552206154791e-05,9.533972675049429e-32,5.27708456209272e-13,True,False,7.731000005151145e-05,9.890000001178123e-06,0.0001020199999857141,schedule_ablation,every_eligible,100,0.5,1101
schedule_ablation_every_eligible,4V-FB,2316,775,True,False,51,0.04450506308320322,0.04944142818870401,1,-5.428552208197601e-05,9.533972675049429e-32,5.277084562092721e-13,True,False,7.679999998799758e-05,9.879999879558454e-06,0.00010171000008085684,schedule_ablation,every_eligible,100,0.5,1101
schedule_ablation_every_eligible,4V-FB,2317,776,True,False,51,0.04450506308315397,0.04944142818870401,1,-5.4285522102404116e-05,9.533972675049429e-32,5.27708456209272e-13,True,False,8.331000003636291e-05,1.0049999900729745e-05,0.00010864000000765373,schedule_ablation,every_eligible,100,0.5,1101
schedule_ablation_every_eligible,4V-FB,2318,777,True,False,51,0.04450506308310517,0.04944142818870401,1,-5.428552212283222e-05,9.533972675049429e-32,5.27708456209272e-13,True,False,7.690999996157188e-05,9.919999911289779e-06,0.00010197000005973678,schedule_ablation,every_eligible,100,0.5,1101
schedule_ablation_every_eligible,4V-FB,2319,778,True,False,51,0.044505063083056975,0.04944142818870401,1,-5.4285522141483966e-05,9.533972675049429e-32,5.277084562092722e-13,True,False,7.771000014145102e-05,1.0040000006483751e-05,0.00010266999993291392,schedule_ablation,every_eligible,100,0.5,1101
schedule_ablation_every_eligible,4V-FB,2320,779,True,False,51,0.04450506308300892,0.04944142818870401,1,-5.428552216102389e-05,9.533972675049429e-32,5.277084562092722e-13,True,False,7.67800001995056e-05,9.999999974752427e-06,0.00010209000015493075,schedule_ablation,every_eligible,100,0.5,1101
schedule_ablation_every_eligible,4V-FB,2321,780,True,False,51,0.0445050630829619,0.04944142818870401,1,-5.428552218322835e-05,9.533972675049429e-32,5.277084562092721e-13,True,False,7.664000008844596e-05,9.829999953581137e-06,0.00010171999997510284,schedule_ablation,every_eligible,100,0.5,1101
schedule_ablation_every_eligible,4V-FB,2322,781,True,False,51,0.04450506308291524,0.04944142818870401,1,-5.4285522203656456e-05,9.533972675049429e-32,5.27708456209272e-13,True,False,7.614000014655176e-05,1.0140000085812062e-05,0.0001013500000226486,schedule_ablation,every_eligible,100,0.5,1101
schedule_ablation_every_eligible,4V-FB,2323,782,True,False,51,0.04450506308286882,0.04944142818870401,1,-5.4285522221420024e-05,9.533972675049429e-32,5.277084562092722e-13,True,False,7.691900009376695e-05,9.929999805535772e-06,0.00010203900001215516,schedule_ablation,every_eligible,100,0.5,1101
schedule_ablation_every_eligible,4V-FB,2324,783,True,False,51,0.044505063082822774,0.04944142818870401,1,-5.428552224184813e-05,9.533972675049429e-32,5.277084562092721e-13,True,False,7.644000015716301e-05,9.899999895424116e-06,0.00010130000009667128,schedule_ablation,every_eligible,100,0.5,1101
schedule_ablation_every_eligible,4V-FB,2325,784,True,False,51,0.04450506308277745,0.04944142818870401,1,-5.428552226316441e-05,9.533972675049429e-32,5.27708456209272e-13,True,False,7.622999987688672e-05,9.979999958886765e-06,0.0001011999997899693,schedule_ablation,every_eligible,100,0.5,1101
schedule_ablation_every_eligible,4V-FB,2326,785,True,False,51,0.04450506308273243,0.04944142818870401,1,-5.428552227915162e-05,9.533972675049429e-32,5.277084562092721e-13,True,False,7.657000014660298e-05,1.005000012810342e-05,0.00010185000019191648,schedule_ablation,every_eligible,100,0.5,1101
schedule_ablation_every_eligible,4V-FB,2327,786,True,False,51,0.04450506308268787,0.04944142818870401,1,-5.4285522298691546e-05,9.533972675049429e-32,5.277084562092721e-13,True,False,7.676000018363993e-05,9.83999984782713e-06,0.0001016300000173942,schedule_ablation,every_eligible,100,0.5,1101
schedule_ablation_every_eligible,4V-FB,2328,787,True,False,51,0.044505063082643834,0.04944142818870401,1,-5.428552231734329e-05,9.533972675049429e-32,5.277084562092722e-13,True,False,8.38700000258541e-05,1.0010000096372096e-05,0.0001091500000711676,schedule_ablation,every_eligible,100,0.5,1101
schedule_ablation_every_eligible,4V-FB,2329,788,True,False,51,0.044505063082600285,0.04944142818870401,1,-5.428552233688322e-05,9.533972675049429e-32,5.27708456209272e-13,True,False,7.6450000051409e-05,9.849999969446799e-06,0.00010115999998561165,schedule_ablation,every_eligible,100,0.5,1101
schedule_ablation_every_eligible,4V-FB,2330,789,True,False,51,0.04450506308255707,0.04944142818870401,1,-5.428552235375861e-05,9.533972675049429e-32,5.277084562092721e-13,True,False,7.653000011487165e-05,1.0090000159834744e-05,0.00010180000003856549,schedule_ablation,every_eligible,100,0.5,1101
schedule_ablation_every_eligible,4V-FB,2331,790,True,False,51,0.04450506308251387,0.04944142818870401,1,-5.4285522372410355e-05,9.533972675049429e-32,5.277084562092721e-13,True,False,7.636999998794636e-05,9.890000001178123e-06,0.00010124999994332029,schedule_ablation,every_eligible,100,0.5,1101
schedule_ablation_every_eligible,4V-FB,2332,791,True,False,51,0.044505063082471305,0.04944142818870401,1,-5.42855223910621e-05,9.533972675049429e-32,5.277084562092721e-13,True,False,7.63499999720807e-05,9.959999943021103e-06,0.00010130999999091728,schedule_ablation,every_eligible,100,0.5,1101
schedule_ablation_every_eligible,4V-FB,2333,792,True,False,51,0.04450506308242935,0.04944142818870401,1,-5.428552240971385e-05,9.533972675049429e-32,5.27708456209272e-13,True,False,8.426999988841999e-05,1.0140000085812062e-05,0.00011002999985976203,schedule_ablation,every_eligible,100,0.5,1101
schedule_ablation_every_eligible,4V-FB,2334,793,True,False,51,0.04450506308238793,0.04944142818870401,1,-5.428552242570106e-05,9.533972675049429e-32,5.277084562092721e-13,True,False,7.748999996692874e-05,9.899999895424116e-06,0.00010249000001749664,schedule_ablation,every_eligible,100,0.5,1101
schedule_ablation_every_eligible,4V-FB,2335,794,True,False,51,0.04450506308234674,0.04944142818870401,1,-5.428552244346463e-05,9.533972675049429e-32,5.277084562092722e-13,True,False,7.615000004079775e-05,9.93999992715544e-06,0.00010114999986399198,schedule_ablation,every_eligible,100,0.5,1101
schedule_ablation_every_eligible,4V-FB,2336,795,True,False,51,0.04450506308230551,0.04944142818870401,1,-5.42855224612282e-05,9.533972675049429e-32,5.27708456209272e-13,True,False,7.635999986632669e-05,9.959999943021103e-06,0.00010149000013370824,schedule_ablation,every_eligible,100,0.5,1101
schedule_ablation_every_eligible,4V-FB,2337,796,True,False,51,0.04450506308226533,0.04944142818870401,1,-5.428552247810359e-05,9.533972675049429e-32,5.27708456209272e-13,True,False,7.679999998799758e-05,1.0070000143969082e-05,0.00010199999996984843,schedule_ablation,every_eligible,100,0.5,1101
schedule_ablation_every_eligible,4V-FB,2338,797,True,False,51,0.044505063082225294,0.04944142818870401,1,-5.42855224940908e-05,9.533972675049429e-32,5.277084562092721e-13,True,False,7.631000016772305e-05,1.0010000096372096e-05,0.00010131999988516327,schedule_ablation,every_eligible,100,0.5,1101
schedule_ablation_every_eligible,4V-FB,2339,798,True,False,51,0.04450506308218595,0.04944142818870401,1,-5.428552251096619e-05,9.533972675049429e-32,5.277084562092721e-13,True,False,7.717999983469781e-05,1.0030000112237758e-05,0.00010255000006509363,schedule_ablation,every_eligible,100,0.5,1101
schedule_ablation_every_eligible,4V-FB,2340,799,True,False,51,0.04450506308214672,0.04944142818870401,1,-5.428552252784158e-05,9.533972675049429e-32,5.277084562092721e-13,True,False,7.663999986107228e-05,9.910000017043785e-06,0.00010157000019717088,schedule_ablation,every_eligible,100,0.5,1101
schedule_ablation_every_eligible,4V-FB,2341,800,True,False,51,0.044505063082107915,0.04944142818870401,1,-5.428552254560515e-05,9.533972675049429e-32,5.277084562092721e-13,True,False,7.703000005676586e-05,1.001999999061809e-05,0.00010223000003861671,schedule_ablation,every_eligible,100,0.5,1101
schedule_ablation_every_eligible,4V-FB,2342,801,True,False,51,0.0445050630820695,0.04944142818870401,1,-5.428552256070418e-05,9.533972675049429e-32,5.277084562092722e-13,True,False,7.66200000725803e-05,9.899999895424116e-06,0.00010148000001208857,schedule_ablation,every_eligible,100,0.5,1101
schedule_ablation_every_eligible,4V-FB,2343,802,True,False,51,0.044505063082031115,0.04944142818870401,1,-5.428552257757957e-05,9.533972675049429e-32,5.27708456209272e-13,True,False,7.625000012012606e-05,9.990000080506434e-06,0.00010127000018655963,schedule_ablation,every_eligible,100,0.5,1101
schedule_ablation_every_eligible,4V-FB,2344,803,True,False,51,0.04450506308199369,0.04944142818870401,1,-5.4285522590902247e-05,9.533972675049429e-32,5.277084562092722e-13,True,False,7.740999990346609e-05,9.920000138663454e-06,0.00010277000001224224,schedule_ablation,every_eligible,100,0.5,1101
schedule_ablation_every_eligible,4V-FB,2345,804,True,False,51,0.044505063081956245,0.04944142818870401,1,-5.428552260955399e-05,9.533972675049429e-32,5.27708456209272e-13,True,False,7.631000016772305e-05,9.76999990598415e-06,0.00010125999983756628,schedule_ablation,every_eligible,100,0.5,1101
schedule_ablation_every_eligible,4V-FB,2346,805,True,False,51,0.044505063081919344,0.04944142818870401,1,-5.428552262376485e-05,9.533972675049429e-32,5.277084562092721e-13,True,False,7.664000008844596e-05,9.990000080506434e-06,0.00010174999988521449,schedule_ablation,every_eligible,100,0.5,1101
schedule_ablation_every_eligible,4V-FB,2347,806,True,False,51,0.04450506308188251,0.04944142818870401,1,-5.428552264064024e-05,9.533972675049429e-32,5.277084562092721e-13,True,False,7.71100001202285e-05,9.959999943021103e-06,0.00010247999989587697,schedule_ablation,every_eligible,100,0.5,1101
schedule_ablation_every_eligible,4V-FB,2348,807,True,False,51,0.04450506308184632,0.04944142818870401,1,-5.4285522653962914e-05,9.533972675049429e-32,5.277084562092721e-13,True,False,7.718000006207149e-05,1.0030000112237758e-05,0.00010248000012325065,schedule_ablation,every_eligible,100,0.5,1101
schedule_ablation_every_eligible,4V-FB,2349,808,True,False,51,0.04450506308181067,0.04944142818870401,1,-5.4285522670838304e-05,9.533972675049429e-32,5.27708456209272e-13,True,False,8.4250000099928e-05,1.0199999906035373e-05,0.00011007000011886703,schedule_ablation,every_eligible,100,0.5,1101
schedule_ablation_every_eligible,4V-FB,2350,809,True,False,51,0.04450506308177467,0.04944142818870401,1,-5.428552268416098e-05,9.533972675049429e-32,5.277084562092721e-13,True,False,7.778999997753999e-05,1.0159999874304049e-05,0.00010322000002815912,schedule_ablation,every_eligible,100,0.5,1101
schedule_ablation_every_eligible,4V-FB,2351,810,True,False,51,0.044505063081739515,0.04944142818870401,1,-5.428552270014819e-05,9.533972675049429e-32,5.277084562092721e-13,True,False,7.703000005676586e-05,9.970000064640772e-06,0.00010206000001744542,schedule_ablation,every_eligible,100,0.5,1101
schedule_ablation_every_eligible,4V-FB,2352,811,True,False,51,0.04450506308170482,0.04944142818870401,1,-5.4285522716135404e-05,9.533972675049429e-32,5.277084562092721e-13,True,False,7.70100000409002e-05,9.919999911289779e-06,0.00010204000000157976,schedule_ablation,every_eligible,100,0.5,1101
schedule_ablation_every_eligible,4V-FB,2353,812,True,False,51,0.044505063081670224,0.04944142818870401,1,-5.428552273123444e-05,9.533972675049429e-32,5.27708456209272e-13,True,False,7.717000016782549e-05,9.959999943021103e-06,0.00010213000018666207,schedule_ablation,every_eligible,100,0.5,1101
schedule_ablation_every_eligible,4V-FB,2354,813,True,False,51,0.04450506308163589,0.04944142818870401,1,-5.428552274544529e-05,9.533972675049429e-32,5.27708456209272e-13,True,False,7.67800001995056e-05,9.970000064640772e-06,0.00010167000004912552,schedule_ablation,every_eligible,100,0.5,1101
schedule_ablation_every_eligible,4V-FB,2355,814,True,False,51,0.04450506308160217,0.04944142818870401,1,-5.4285522759656146e-05,9.533972675049429e-32,5.27708456209272e-13,True,False,7.765999998810003e-05,9.959999943021103e-06,0.00010274000010213058,schedule_ablation,every_eligible,100,0.5,1101
schedule_ablation_every_eligible,4V-FB,2356,815,True,False,51,0.04450506308156879,0.04944142818870401,1,-5.4285522772090644e-05,9.533972675049429e-32,5.277084562092722e-13,True,False,7.654999990336364e-05,9.849999969446799e-06,0.00010148999990633456,schedule_ablation,every_eligible,100,0.5,1101
schedule_ablation_every_eligible,4V-FB,2357,816,True,False,51,0.044505063081535526,0.04944142818870401,1,-5.4285522788077856e-05,9.533972675049429e-32,5.27708456209272e-13,True,False,7.626000001437205e-05,9.800000043469481e-06,0.00010094999993270903,schedule_ablation,every_eligible,100,0.5,1101
schedule_ablation_every_eligible,4V-FB,2358,817,True,False,51,0.0445050630815024,0.04944142818870401,1,-5.4285522800512354e-05,9.533972675049429e-32,5.27708456209272e-13,True,False,7.611999990331242e-05,9.809999937715475e-06,0.00010083999995913473,schedule_ablation,every_eligible,100,0.5,1101
schedule_ablation_every_eligible,4V-FB,2359,818,True,False,51,0.044505063081469856,0.04944142818870401,1,-5.428552281294685e-05,9.533972675049429e-32,5.277084562092722e-13,True,False,7.663999986107228e-05,9.910000017043785e-06,0.00010150000002795423,schedule_ablation,every_eligible,100,0.5,1101
schedule_ablation_every_eligible,4V-FB,2360,819,True,False,51,0.0445050630814378,0.04944142818870401,1,-5.4285522828045885e-05,9.533972675049429e-32,5.277084562092721e-13,True,False,7.742000002508576e-05,9.800000043469481e-06,0.00010249999991174263,schedule_ablation,every_eligible,100,0.5,1101
schedule_ablation_every_eligible,4V-FB,2361,820,True,False,51,0.04450506308140598,0.04944142818870401,1,-5.428552284048038e-05,9.533972675049429e-32,5.277084562092721e-13,True,False,7.660999995096063e-05,1.0089999932461069e-05,0.00010158999998566287,schedule_ablation,every_eligible,100,0.5,1101
schedule_ablation_every_eligible,4V-FB,2362,821,True,False,51,0.044505063081374724,0.04944142818870401,1,-5.428552285380306e-05,9.533972675049429e-32,5.277084562092722e-13,True,False,7.852999988244846e-05,1.0139999858438387e-05,0.00010403000010228425,schedule_ablation,every_eligible,100,0.5,1101
schedule_ablation_every_eligible,4V-FB,2363,822,True,False,51,0.04450506308134279,0.04944142818870401,1,-5.428552286890209e-05,9.533972675049429e-32,5.277084562092721e-13,True,False,7.638000010956603e-05,9.860000091066468e-06,0.00010140999984287191,schedule_ablation,every_eligible,100,0.5,1101
schedule_ablation_every_eligible,4V-FB,2364,823,True,False,51,0.04450506308131229,0.04944142818870401,1,-5.428552288044841e-05,9.533972675049429e-32,5.277084562092722e-13,True,False,7.67300000461546e-05,1.0060000022349413e-05,0.00010216999999101972,schedule_ablation,every_eligible,100,0.5,1101
schedule_ablation_every_eligible,4V-FB,2365,824,True,False,51,0.04450506308128144,0.04944142818870401,1,-5.428552289288291e-05,9.533972675049429e-32,5.277084562092722e-13,True,False,8.32099999570346e-05,1.001999999061809e-05,0.00010877999989133968,schedule_ablation,every_eligible,100,0.5,1101
schedule_ablation_every_eligible,4V-FB,2366,825,True,False,51,0.044505063081250976,0.04944142818870401,1,-5.4285522906205586e-05,9.533972675049429e-32,5.277084562092721e-13,True,False,7.692000008319155e-05,1.01200000699464e-05,0.00010248000012325065,schedule_ablation,every_eligible,100,0.5,1101
schedule_ablation_every_eligible,4V-FB,2367,826,True,False,51,0.04450506308122125,0.04944142818870401,1,-5.4285522918640083e-05,9.533972675049429e-32,5.277084562092722e-13,True,False,7.716000004620582e-05,9.98000018626044e-06,0.00010214000008090807,schedule_ablation,every_eligible,100,0.5,1101
schedule_ablation_every_eligible,4V-FB,2368,827,True,False,51,0.0445050630811909,0.04944142818870401,1,-5.428552293285094e-05,9.533972675049429e-32,5.27708456209272e-13,True,False,7.626999990861805e-05,9.890000001178123e-06,0.00010113999996974599,schedule_ablation,every_eligible,100,0.5,1101
schedule_ablation_every_eligible,4V-FB,2369,828,True,False,51,0.044505063081161436,0.04944142818870401,1,-5.428552294350908e-05,9.533972675049429e-32,5.277084562092722e-13,True,False,7.626999990861805e-05,9.999999974752427e-06,0.00010119000012309698,schedule_ablation,every_eligible,100,0.5,1101
schedule_ablation_every_eligible,4V-FB,2370,829,True,False,51,0.04450506308113231,0.04944142818870401,1,-5.428552295860811e-05,9.533972675049429e-32,5.27708456209272e-13,True,False,7.623999999850639e-05,1.617000020814885e-05,0.00010730000008152274,schedule_ablation,every_eligible,100,0.5,1101
schedule_ablation_every_eligible,4V-FB,2371,830,True,False,51,0.0445050630811034,0.04944142818870401,1,-5.428552296926625e-05,9.533972675049429e-32,5.277084562092721e-13,True,False,7.670000013604295e-05,9.959999943021103e-06,0.00010163999991164019,schedule_ablation,every_eligible,100,0.5,1101
schedule_ablation_every_eligible,4V-FB,2372,831,True,False,51,0.04450506308107456,0.04944142818870401,1,-5.428552298258893e-05,9.533972675049429e-32,5.277084562092721e-13,True,False,7.630000004610338e-05,9.840000075200805e-06,0.00010094999993270903,schedule_ablation,every_eligible,100,0.5,1101
schedule_ablation_every_eligible,4V-FB,2373,832,True,False,51,0.044505063081046264,0.04944142818870401,1,-5.428552299413525e-05,9.533972675049429e-32,5.27708456209272e-13,True,False,7.666000010431162e-05,9.959999943021103e-06,0.0001014599999962229,schedule_ablation,every_eligible,100,0.5,1101
schedule_ablation_every_eligible,4V-FB,2374,833,True,False,51,0.0445050630810183,0.04944142818870401,1,-5.428552300479339e-05,9.533972675049429e-32,5.277084562092721e-13,True,False,7.611000000906643e-05,1.0029999884864083e-05,0.00010113000007549999,schedule_ablation,every_eligible,100,0.5,1101
schedule_ablation_every_eligible,4V-FB,2375,834,True,False,51,0.04450506308099045,0.04944142818870401,1,-5.428552301722789e-05,9.533972675049429e-32,5.27708456209272e-13,True,False,7.68400000197289e-05,1.0059999794975738e-05,0.00010205000012319942,schedule_ablation,every_eligible,100,0.5,1101
schedule_ablation_every_eligible,4V-FB,2376,835,True,False,51,0.044505063080963386,0.04944142818870401,1,-5.4285523029662386e-05,9.533972675049429e-32,5.27708456209272e-13,True,False,7.937999998830492e-05,9.930000032909447e-06,0.00010470000006534974,schedule_ablation,every_eligible,100,0.5,1101
schedule_ablation_every_eligible,4V-FB,2377,836,True,False,51,0.04450506308093592,0.04944142818870401,1,-5.428552303943235e-05,9.533972675049429e-32,5.277084562092722e-13,True,False,7.752999999866006e-05,1.0100000054080738e-05,0.00010310999982721114,schedule_ablation,every_eligible,100,0.5,1101
schedule_ablation_every_eligible,4V-FB,2378,837,True,False,51,0.04450506308090846,0.04944142818870401,1,-5.42855230536432e-05,9.533972675049429e-32,5.27708456209272e-13,True,False,7.679000009375159e-05,9.820000059335143e-06,0.00010178000002269982,schedule_ablation,every_eligible,100,0.5,1101
schedule_ablation_every_eligible,4V-FB,2379,838,True,False,51,0.044505063080881785,0.04944142818870401,1,-5.428552306252499e-05,9.533972675049429e-32,5.277084562092721e-13,True,False,7.671000003028894e-05,1.0110000175700407e-05,0.00010209000015493075,schedule_ablation,every_eligible,100,0.5,1101
schedule_ablation_every_eligible,4V-FB,2380,839,True,False,51,0.04450506308085564,0.04944142818870401,1,-5.428552307407131e-05,9.533972675049429e-32,5.277084562092721e-13,True,False,7.632999995621503e-05,9.940000154529116e-06,0.0001017300000967225,schedule_ablation,every_eligible,100,0.5,1101
schedule_ablation_every_eligible,4V-FB,2381,840,True,False,51,0.04450506308082916,0.04944142818870401,1,-5.4285523086505805e-05,9.533972675049429e-32,5.27708456209272e-13,True,False,0.00016234000008807925,1.0779999911392224e-05,0.00019135000002279412,schedule_ablation,every_eligible,100,0.5,1101
schedule_ablation_every_eligible,4V-FB,2382,841,True,False,51,0.04450506308080385,0.04944142818870401,1,-5.4285523098052124e-05,9.533972675049429e-32,5.27708456209272e-13,True,False,8.244000014201447e-05,1.0139999858438387e-05,0.0001084800001081021,schedule_ablation,every_eligible,100,0.5,1101
schedule_ablation_every_eligible,4V-FB,2383,842,True,False,51,0.04450506308077801,0.04944142818870401,1,-5.428552310782209e-05,9.533972675049429e-32,5.277084562092721e-13,True,False,7.908999987193965e-05,1.0000000202126103e-05,0.00010462999989613309,schedule_ablation,every_eligible,100,0.5,1101
schedule_ablation_every_eligible,4V-FB,2384,843,True,False,51,0.04450506308075204,0.04944142818870401,1,-5.428552311759205e-05,9.533972675049429e-32,5.277084562092721e-13,True,False,7.75000000885484e-05,9.88000010693213e-06,0.00010266999993291392,schedule_ablation,every_eligible,100,0.5,1101
schedule_ablation_every_eligible,4V-FB,2385,844,True,False,51,0.044505063080726825,0.04944142818870401,1,-5.428552312736201e-05,9.533972675049429e-32,5.277084562092722e-13,True,False,7.72299999880488e-05,1.0060000022349413e-05,0.00010246000010738499,schedule_ablation,every_eligible,100,0.5,1101
schedule_ablation_every_eligible,4V-FB,2386,845,True,False,51,0.04450506308070171,0.04944142818870401,1,-5.428552313890833e-05,9.533972675049429e-32,5.277084562092721e-13,True,False,7.792000019435363e-05,1.001999999061809e-05,0.0001033999999435764,schedule_ablation,every_eligible,100,0.5,1101
schedule_ablation_every_eligible,4V-FB,2387,846,True,False,51,0.04450506308067739,0.04944142818870401,1,-5.428552314956647e-05,9.533972675049429e-32,5.277084562092721e-13,True,False,7.73499998558691e-05,1.001999999061809e-05,0.00010253000004922797,schedule_ablation,every_eligible,100,0.5,1101
schedule_ablation_every_eligible,4V-FB,2388,847,True,False,51,0.04450506308065291,0.04944142818870401,1,-5.4285523160224614e-05,9.533972675049429e-32,5.277084562092721e-13,True,False,7.692000008319155e-05,9.920000138663454e-06,0.00010180000003856549,schedule_ablation,every_eligible,100,0.5,1101
schedule_ablation_every_eligible,4V-FB,2389,848,True,False,51,0.044505063080628446,0.04944142818870401,1,-5.4285523169994576e-05,9.533972675049429e-32,5.277084562092721e-13,True,False,7.707999998274317e-05,1.001999999061809e-05,0.00010236000002805667,schedule_ablation,every_eligible,100,0.5,1101
schedule_ablation_every_eligible,4V-FB,2390,849,True,False,51,0.04450506308060452,0.04944142818870401,1,-5.4285523181540896e-05,9.533972675049429e-32,5.277084562092721e-13,True,False,7.823999999345688e-05,1.0040000006483751e-05,0.00010348000000703905,schedule_ablation,every_eligible,100,0.5,1101
schedule_ablation_every_eligible,4V-FB,2391,850,True,False,51,0.04450506308058115,0.04944142818870401,1,-5.428552319131086e-05,9.533972675049429e-32,5.27708456209272e-13,True,False,8.337999997820589e-05,1.0270000075252028e-05,0.00010890999988077965,schedule_ablation,every_eligible,100,0.5,1101
schedule_ablation_every_eligible,4V-FB,2392,851,True,False,51,0.044505063080557475,0.04944142818870401,1,-5.428552320019264e-05,9.533972675049429e-32,5.277084562092722e-13,True,False,7.710999989285483e-05,9.93999992715544e-06,0.00010220000012850505,schedule_ablation,every_eligible,100,0.5,1101
schedule_ablation_every_eligible,4V-FB,2393,852,True,False,51,0.04450506308053402,0.04944142818870401,1,-5.4285523209962605e-05,9.533972675049429e-32,5.277084562092721e-13,True,False,7.664999998269195e-05,9.999999974752427e-06,0.0001018499999645428,schedule_ablation,every_eligible,100,0.5,1101
schedule_ablation_every_eligible,4V-FB,2394,853,True,False,51,0.044505063080510665,0.04944142818870401,1,-5.428552321884439e-05,9.533972675049429e-32,5.277084562092722e-13,True,False,7.657000014660298e-05,9.940000154529116e-06,0.0001017300000967225,schedule_ablation,every_eligible,100,0.5,1101
schedule_ablation_every_eligible,4V-FB,2395,854,True,False,51,0.04450506308048824,0.04944142818870401,1,-5.428552322950253e-05,9.533972675049429e-32,5.277084562092722e-13,True,False,7.649000008314033e-05,9.849999969446799e-06,0.0001014699998904689,schedule_ablation,every_eligible,100,0.5,1101
schedule_ablation_every_eligible,4V-FB,2396,855,True,False,51,0.04450506308046524,0.04944142818870401,1,-5.428552323927249e-05,9.533972675049429e-32,5.27708456209272e-13,True,False,7.666000010431162e-05,1.668999993853504e-05,0.00010833999999704247,schedule_ablation,every_eligible,100,0.5,1101
schedule_ablation_every_eligible,4V-FB,2397,856,True,False,51,0.044505063080443316,0.04944142818870401,1,-5.4285523249930634e-05,9.533972675049429e-32,5.27708456209272e-13,True,False,7.744999993519741e-05,9.910000017043785e-06,0.0001025100000333623,schedule_ablation,every_eligible,100,0.5,1101
schedule_ablation_every_eligible,4V-FB,2398,857,True,False,51,0.044505063080420834,0.04944142818870401,1,-5.428552325881242e-05,9.533972675049429e-32,5.27708456209272e-13,True,False,7.658999993509497e-05,9.76999990598415e-06,0.00010137000003851426,schedule_ablation,every_eligible,100,0.5,1101
schedule_ablation_every_eligible,4V-FB,2399,858,True,False,51,0.04450506308039898,0.04944142818870401,1,-5.42855232676942e-05,9.533972675049429e-32,5.27708456209272e-13,True,False,7.694999999330321e-05,9.920000138663454e-06,0.00010188999999627413,schedule_ablation,every_eligible,100,0.5,1101
schedule_ablation_every_eligible,4V-FB,2400,859,True,False,51,0.044505063080377244,0.04944142818870401,1,-5.4285523276575987e-05,9.533972675049429e-32,5.27708456209272e-13,True,False,7.633000018358871e-05,9.920000138663454e-06,0.00010137999993276026,schedule_ablation,every_eligible,100,0.5,1101
schedule_ablation_every_eligible,4V-FB,2401,860,True,False,51,0.04450506308035551,0.04944142818870401,1,-5.428552328456959e-05,9.533972675049429e-32,5.277084562092722e-13,True,False,7.651000009900599e-05,9.849999969446799e-06,0.00010127000018655963,schedule_ablation,every_eligible,100,0.5,1101
schedule_ablation_every_eligible,4V-FB,2402,861,True,False,51,0.04450506308033454,0.04944142818870401,1,-5.4285523294339555e-05,9.533972675049429e-32,5.277084562092721e-13,True,False,7.765999998810003e-05,1.0060000022349413e-05,0.00010280000014972757,schedule_ablation,every_eligible,100,0.5,1101
schedule_ablation_every_eligible,4V-FB,2403,862,True,False,51,0.0445050630803131,0.04944142818870401,1,-5.428552330322134e-05,9.533972675049429e-32,5.27708456209272e-13,True,False,7.677999997213192e-05,9.90999978967011e-06,0.00010180999993281148,schedule_ablation,every_eligible,100,0.5,1101
schedule_ablation_every_eligible,4V-FB,2404,863,True,False,51,0.04450506308029213,0.04944142818870401,1,-5.4285523310326766e-05,9.533972675049429e-32,5.277084562092722e-13,True,False,7.826999990356853e-05,9.979999958886765e-06,0.00010332000010748743,schedule_ablation,every_eligible,100,0.5,1101
schedule_ablation_every_eligible,4V-FB,2405,864,True,False,51,0.04450506308027179,0.04944142818870401,1,-5.428552332098491e-05,9.533972675049429e-32,5.27708456209272e-13,True,False,7.611999990331242e-05,9.890000001178123e-06,0.00010102000010192569,schedule_ablation,every_eligible,100,0.5,1101
schedule_ablation_every_eligible,4V-FB,2406,865,True,False,51,0.04450506308025119,0.04944142818870401,1,-5.428552332986669e-05,9.533972675049429e-32,5.27708456209272e-13,True,False,7.667999989280361e-05,9.919999911289779e-06,0.0001014599999962229,schedule_ablation,every_eligible,100,0.5,1101
schedule_ablation_every_eligible,4V-FB,2407,866,True,False,51,0.04450506308023071,0.04944142818870401,1,-5.4285523338748476e-05,9.533972675049429e-32,5.27708456209272e-13,True,False,8.361999994122016e-05,1.029000009111769e-05,0.00010922000001301058,schedule_ablation,every_eligible,100,0.5,1101
schedule_ablation_every_eligible,4V-FB,2408,867,True,False,51,0.044505063080210655,0.04944142818870401,1,-5.428552334674208e-05,9.533972675049429e-32,5.27708456209272e-13,True,False,7.72299999880488e-05,9.999999974752427e-06,0.00010247000000163098,schedule_ablation,every_eligible,100,0.5,1101
schedule_ablation_every_eligible,4V-FB,2409,868,True,False,51,0.0445050630801907,0.04944142818870401,1,-5.428552335473569e-05,9.533972675049429e-32,5.277084562092721e-13,True,False,7.669999990866927e-05,9.820000059335143e-06,0.0001016200001231482,schedule_ablation,every_eligible,100,0.5,1101
schedule_ablation_every_eligible,4V-FB,2410,869,True,False,51,0.04450506308017067,0.04944142818870401,1,-5.428552336361747e-05,9.533972675049429e-32,5.277084562092721e-13,True,False,7.658999993509497e-05,1.0049999900729745e-05,0.0001017399999909685,schedule_ablation,every_eligible,100,0.5,1101
schedule_ablation_every_eligible,4V-FB,2411,870,True,False,51,0.04450506308015119,0.04944142818870401,1,-5.4285523372499256e-05,9.533972675049429e-32,5.27708456209272e-13,True,False,7.663999986107228e-05,9.88000010693213e-06,0.00010158999998566287,schedule_ablation,every_eligible,100,0.5,1101
schedule_ablation_every_eligible,4V-FB,2412,871,True,False,51,0.04450506308013229,0.04944142818870401,1,-5.428552337960468e-05,9.533972675049429e-32,5.277084562092721e-13,True,False,7.67300000461546e-05,1.0149999980058055e-05,0.00010786999996525992,schedule_ablation,every_eligible,100,0.5,1101
schedule_ablation_every_eligible,4V-FB,2413,872,True,False,51,0.04450506308011272,0.04944142818870401,1,-5.4285523389374646e-05,9.533972675049429e-32,5.27708456209272e-13,True,False,7.67399999404006e-05,1.001999999061809e-05,0.00010176000000683416,schedule_ablation,every_eligible,100,0.5,1101
schedule_ablation_every_eligible,4V-FB,2414,873,True,False,51,0.044505063080093735,0.04944142818870401,1,-5.4285523395591895e-05,9.533972675049429e-32,5.277084562092721e-13,True,False,7.674000016777427e-05,9.920000138663454e-06,0.00010161000000152853,schedule_ablation,every_eligible,100,0.5,1101
schedule_ablation_every_eligible,4V-FB,2415,874,True,False,51,0.04450506308007528,0.04944142818870401,1,-5.428552340269732e-05,9.533972675049429e-32,5.277084562092722e-13,True,False,7.639000000381202e-05,1.019000001178938e-05,0.00010152999993806588,schedule_ablation,every_eligible,100,0.5,1101
schedule_ablation_every_eligible,4V-FB,2416,875,True,False,51,0.04450506308005671,0.04944142818870401,1,-5.428552341069093e-05,9.533972675049429e-32,5.277084562092721e-13,True,False,7.705999996687751e-05,9.999999974752427e-06,0.00010225000005448237,schedule_ablation,every_eligible,100,0.5,1101
schedule_ablation_every_eligible,4V-FB,2417,876,True,False,51,0.04450506308003811,0.04944142818870401,1,-5.428552341957271e-05,9.533972675049429e-32,5.277084562092721e-13,True,False,7.694000009905722e-05,1.0040000006483751e-05,0.00010208999992755707,schedule_ablation,every_eligible,100,0.5,1101
schedule_ablation_every_eligible,4V-FB,2418,877,True,False,51,0.04450506308001993,0.04944142818870401,1,-5.428552342667814e-05,9.533972675049429e-32,5.277084562092721e-13,True,False,7.748999996692874e-05,9.890000001178123e-06,0.00010271000019201892,schedule_ablation,every_eligible,100,0.5,1101
schedule_ablation_every_eligible,4V-FB,2419,878,True,False,51,0.044505063080001836,0.04944142818870401,1,-5.428552343289539e-05,9.533972675049429e-32,5.277084562092722e-13,True,False,7.72299999880488e-05,9.999999974752427e-06,0.00010240999995403399,schedule_ablation,every_eligible,100,0.5,1101
schedule_ablation_every_eligible,4V-FB,2420,879,True,False,51,0.044505063079983725,0.04944142818870401,1,-5.428552344177717e-05,9.533972675049429e-32,5.277084562092721e-13,True,False,7.703999995101185e-05,9.919999911289779e-06,0.00010204000000157976,schedule_ablation,every_eligible,100,0.5,1101
schedule_ablation_every_eligible,4V-FB,2421,880,True,False,51,0.04450506307996607,0.04944142818870401,1,-5.428552345065896e-05,9.533972675049429e-32,5.27708456209272e-13,True,False,7.688999994570622e-05,9.979999958886765e-06,0.00010180000003856549,schedule_ablation,every_eligible,100,0.5,1101
schedule_ablation_every_eligible,4V-FB,2422,881,True,False,51,0.04450506307994888,0.04944142818870401,1,-5.4285523456876206e-05,9.533972675049429e-32,5.277084562092721e-13,True,False,7.65699999192293e-05,9.949999821401434e-06,0.00010156999996979721,schedule_ablation,every_eligible,100,0.5,1101
schedule_ablation_every_eligible,4V-FB,2423,882,True,False,51,0.04450506307993117,0.04944142818870401,1,-5.428552346486981e-05,9.533972675049429e-32,5.27708456209272e-13,True,False,8.324999998876592e-05,9.979999958886765e-06,0.00010845999986486277,schedule_ablation,every_eligible,100,0.5,1101
schedule_ablation_every_eligible,4V-FB,2424,883,True,False,51,0.04450506307991452,0.04944142818870401,1,-5.428552347197524e-05,9.533972675049429e-32,5.27708456209272e-13,True,False,7.68499999139749e-05,9.919999911289779e-06,0.00010191000001213979,schedule_ablation,every_eligible,100,0.5,1101
schedule_ablation_every_eligible,4V-FB,2425,884,True,False,51,0.04450506307989702,0.04944142818870401,1,-5.4285523479080666e-05,9.533972675049429e-32,5.277084562092721e-13,True,False,7.694999999330321e-05,9.959999943021103e-06,0.00010199000007560244,schedule_ablation,every_eligible,100,0.5,1101
schedule_ablation_every_eligible,4V-FB,2426,885,True,False,51,0.04450506307988006,0.04944142818870401,1,-5.4285523486186094e-05,9.533972675049429e-32,5.27708456209272e-13,True,False,7.665999987693795e-05,1.0030000112237758e-05,0.00010172999986934883,schedule_ablation,every_eligible,100,0.5,1101
schedule_ablation_every_eligible,4V-FB,2427,886,True,False,51,0.04450506307986357,0.04944142818870401,1,-5.428552349240334e-05,9.533972675049429e-32,5.277084562092721e-13,True,False,7.694999999330321e-05,1.0029999884864083e-05,0.00010193999992225145,schedule_ablation,every_eligible,100,0.5,1101
schedule_ablation_every_eligible,4V-FB,2428,887,True,False,51,0.04450506307984721,0.04944142818870401,1,-5.428552349950877e-05,9.533972675049429e-32,5.277084562092722e-13,True,False,8.316999992530327e-05,1.0299999985363684e-05,0.00010894999991251098,schedule_ablation,every_eligible,100,0.5,1101
schedule_ablation_every_eligible,4V-FB,2429,888,True,False,51,0.04450506307983065,0.04944142818870401,1,-5.428552350572602e-05,9.533972675049429e-32,5.277084562092722e-13,True,False,7.765000009385403e-05,1.0110000175700407e-05,0.00010295999982190551,schedule_ablation,every_eligible,100,0.5,1101
schedule_ablation_every_eligible,4V-FB,2430,889,True,False,51,0.04450506307981428,0.04944142818870401,1,-5.4285523513719625e-05,9.533972675049429e-32,5.277084562092721e-13,True,False,7.690000006732589e-05,9.910000017043785e-06,0.00010176000000683416,schedule_ablation,every_eligible,100,0.5,1101
schedule_ablation_every_eligible,4V-FB,2431,890,True,False,51,0.04450506307979893,0.04944142818870401,1,-5.428552352171323e-05,9.533972675049429e-32,5.27708456209272e-13,True,False,7.707999998274317e-05,1.0089999932461069e-05,0.00010210000004917674,schedule_ablation,every_eligible,100,0.5,1101
schedule_ablation_every_eligible,4V-FB,2432,891,True,False,51,0.0445050630797824,0.04944142818870401,1,-5.4285523525265944e-05,9.533972675049429e-32,5.277084562092722e-13,True,False,7.66200000725803e-05,9.979999958886765e-06,0.00010152000004381989,schedule_ablation,every_eligible,100,0.5,1101
schedule_ablation_every_eligible,4V-FB,2433,892,True,False,51,0.0445050630797669,0.04944142818870401,1,-5.428552353237137e-05,9.533972675049429e-32,5.277084562092722e-13,True,False,7.778899998811539e-05,1.0100000054080738e-05,0.00010378900014984538,schedule_ablation,every_eligible,100,0.5,1101
schedule_ablation_every_eligible,4V-FB,2434,893,True,False,51,0.04450506307975151,0.04944142818870401,1,-5.428552353858862e-05,9.533972675049429e-32,5.277084562092722e-13,True,False,7.781999988765165e-05,9.959999943021103e-06,0.00010341999995944207,schedule_ablation,every_eligible,100,0.5,1101
schedule_ablation_every_eligible,4V-FB,2435,894,True,False,51,0.044505063079736285,0.04944142818870401,1,-5.428552354569405e-05,9.533972675049429e-32,5.277084562092722e-13,True,False,7.68900001730799e-05,1.0040000006483751e-05,0.00010188000010202813,schedule_ablation,every_eligible,100,0.5,1101
schedule_ablation_every_eligible,4V-FB,2436,895,True,False,51,0.044505063079720436,0.04944142818870401,1,-5.4285523553687653e-05,9.533972675049429e-32,5.277084562092721e-13,True,False,7.649999997738632e-05,9.749999890118488e-06,0.0001014599999962229,schedule_ablation,every_eligible,100,0.5,1101
schedule_ablation_every_eligible,4V-FB,2437,896,True,False,51,0.04450506307970585,0.04944142818870401,1,-5.4285523559016724e-05,9.533972675049429e-32,5.277084562092722e-13,True,False,7.715999981883215e-05,1.0060000022349413e-05,0.00010234000001219101,schedule_ablation,every_eligible,100,0.5,1101
schedule_ablation_every_eligible,4V-FB,2438,897,True,False,51,0.04450506307969067,0.04944142818870401,1,-5.4285523564345795e-05,9.533972675049429e-32,5.277084562092722e-13,True,False,7.6459999945655e-05,9.849999969446799e-06,0.00010156999996979721,schedule_ablation,every_eligible,100,0.5,1101
schedule_ablation_every_eligible,4V-FB,2439,898,True,False,51,0.04450506307967568,0.04944142818870401,1,-5.428552357322758e-05,9.533972675049429e-32,5.27708456209272e-13,True,False,7.736000020486244e-05,9.990000080506434e-06,0.0001026700001602876,schedule_ablation,every_eligible,100,0.5,1101
schedule_ablation_every_eligible,4V-FB,2440,899,True,False,51,0.044505063079661414,0.04944142818870401,1,-5.428552357678029e-05,9.533972675049429e-32,5.277084562092722e-13,True,False,7.65699999192293e-05,9.920000138663454e-06,0.0001016300000173942,schedule_ablation,every_eligible,100,0.5,1101
schedule_ablation_every_eligible,4V-FB,2441,900,True,False,51,0.04450506307964626,0.04944142818870401,1,-5.42855235847739e-05,9.533972675049429e-32,5.277084562092721e-13,True,False,7.68499999139749e-05,9.940000154529116e-06,0.00010171999997510284,schedule_ablation,every_eligible,100,0.5,1101
schedule_ablation_every_eligible,4V-FB,2442,901,True,False,51,0.04450506307963244,0.04944142818870401,1,-5.428552359099115e-05,9.533972675049429e-32,5.27708456209272e-13,True,False,7.653000011487165e-05,9.760000011738157e-06,0.00010129999986929761,schedule_ablation,every_eligible,100,0.5,1101
schedule_ablation_every_eligible,4V-FB,2443,902,True,False,51,0.04450506307961788,0.04944142818870401,1,-5.428552359543204e-05,9.533972675049429e-32,5.277084562092722e-13,True,False,7.680999988224357e-05,9.949999821401434e-06,0.00010195999993811711,schedule_ablation,every_eligible,100,0.5,1101
schedule_ablation_every_eligible,4V-FB,2444,903,True,False,51,0.044505063079603516,0.04944142818870401,1,-5.4285523603425645e-05,9.533972675049429e-32,5.27708456209272e-13,True,False,8.332000015798258e-05,1.0030000112237758e-05,0.00010894000001826498,schedule_ablation,every_eligible,100,0.5,1101
schedule_ablation_every_eligible,4V-FB,2445,904,True,False,51,0.04450506307959001,0.04944142818870401,1,-5.4285523608754715e-05,9.533972675049429e-32,5.27708456209272e-13,True,False,7.729999992989178e-05,9.95000004877511e-06,0.000102400000059788,schedule_ablation,every_eligible,100,0.5,1101
schedule_ablation_every_eligible,4V-FB,2446,905,True,False,51,0.04450506307957586,0.04944142818870401,1,-5.4285523614971964e-05,9.533972675049429e-32,5.277084562092721e-13,True,False,7.688999994570622e-05,9.93999992715544e-06,0.00010188999999627413,schedule_ablation,every_eligible,100,0.5,1101
schedule_ablation_every_eligible,4V-FB,2447,906,True,False,51,0.04450506307956244,0.04944142818870401,1,-5.4285523620301035e-05,9.533972675049429e-32,5.27708456209272e-13,True,False,7.85500001256878e-05,9.899999895424116e-06,0.00010395999993306759,schedule_ablation,every_eligible,100,0.5,1101
schedule_ablation_every_eligible,4V-FB,2448,907,True,False,51,0.04450506307954888,0.04944142818870401,1,-5.4285523625630105e-05,9.533972675049429e-32,5.277084562092721e-13,True,False,7.71200000144745e-05,9.959999943021103e-06,0.00010216999999101972,schedule_ablation,every_eligible,100,0.5,1101
schedule_ablation_every_eligible,4V-FB,2449,908,True,False,51,0.044505063079535126,0.04944142818870401,1,-5.428552363273553e-05,9.533972675049429e-32,5.27708456209272e-13,True,False,7.658000004084897e-05,1.0040000006483751e-05,0.00010176000000683416,schedule_ablation,every_eligible,100,0.5,1101
schedule_ablation_every_eligible,4V-FB,2450,909,True,False,51,0.04450506307952187,0.04944142818870401,1,-5.4285523636288247e-05,9.533972675049429e-32,5.277084562092721e-13,True,False,7.784000013089099e-05,9.930000032909447e-06,0.00010291000012330187,schedule_ablation,every_eligible,100,0.5,1101
schedule_ablation_every_eligible,4V-FB,2451,910,True,False,51,0.044505063079508966,0.04944142818870401,1,-5.4285523642505495e-05,9.533972675049429e-32,5.277084562092722e-13,True,False,7.68499999139749e-05,9.910000017043785e-06,0.00010176000000683416,schedule_ablation,every_eligible,100,0.5,1101
schedule_ablation_every_eligible,4V-FB,2452,911,True,False,51,0.04450506307949567,0.04944142818870401,1,-5.428552364694639e-05,9.533972675049429e-32,5.277084562092721e-13,True,False,7.671999992453493e-05,1.0059999794975738e-05,0.00010192000013375946,schedule_ablation,every_eligible,100,0.5,1101
schedule_ablation_every_eligible,4V-FB,2453,912,True,False,51,0.044505063079482585,0.04944142818870401,1,-5.4285523653163636e-05,9.533972675049429e-32,5.277084562092721e-13,True,False,7.757000003039138e-05,9.849999969446799e-06,0.00010240999995403399,schedule_ablation,every_eligible,100,0.5,1101
schedule_ablation_every_eligible,4V-FB,2454,913,True,False,51,0.044505063079470136,0.04944142818870401,1,-5.428552365849271e-05,9.533972675049429e-32,5.277084562092721e-13,True,False,7.665999987693795e-05,9.910000017043785e-06,0.00010161000000152853,schedule_ablation,every_eligible,100,0.5,1101
schedule_ablation_every_eligible,4V-FB,2455,914,True,False,51,0.04450506307945701,0.04944142818870401,1,-5.4285523664709956e-05,9.533972675049429e-32,5.277084562092721e-13,True,False,7.737999999335443e-05,1.005000012810342e-05,0.0001026800000545336,schedule_ablation,every_eligible,100,0.5,1101
schedule_ablation_every_eligible,4V-FB,2456,915,True,False,51,0.044505063079444906,0.04944142818870401,1,-5.428552366737449e-05,9.533972675049429e-32,5.277084562092722e-13,True,False,7.696000011492288e-05,1.0089999932461069e-05,0.00010219000000688538,schedule_ablation,every_eligible,100,0.5,1101
schedule_ablation_every_eligible,4V-FB,2457,916,True,False,51,0.04450506307943271,0.04944142818870401,1,-5.42855236753681e-05,9.533972675049429e-32,5.27708456209272e-13,True,False,7.698999979766086e-05,9.970000064640772e-06,0.00010195999993811711,schedule_ablation,every_eligible,100,0.5,1101
schedule_ablation_every_eligible,4V-FB,2458,917,True,False,51,0.04450506307942005,0.04944142818870401,1,-5.428552367892081e-05,9.533972675049429e-32,5.277084562092721e-13,True,False,7.632000006196904e-05,9.990000080506434e-06,0.00010144999987460324,schedule_ablation,every_eligible,100,0.5,1101
schedule_ablation_every_eligible,4V-FB,2459,918,True,False,51,0.04450506307940785,0.04944142818870401,1,-5.428552368513806e-05,9.533972675049429e-32,5.277084562092721e-13,True,False,7.67399999404006e-05,9.890000001178123e-06,0.0001017300000967225,schedule_ablation,every_eligible,100,0.5,1101
schedule_ablation_every_eligible,4V-FB,2460,919,True,False,51,0.04450506307939622,0.04944142818870401,1,-5.428552368957895e-05,9.533972675049429e-32,5.277084562092721e-13,True,False,8.309999998346029e-05,1.0099999826707062e-05,0.00010854999982257141,schedule_ablation,every_eligible,100,0.5,1101
schedule_ablation_every_eligible,4V-FB,2461,920,True,False,51,0.04450506307938393,0.04944142818870401,1,-5.4285523694019844e-05,9.533972675049429e-32,5.277084562092722e-13,True,False,7.843000003049383e-05,1.0230000043520704e-05,0.00010388999999122461,schedule_ablation,every_eligible,100,0.5,1101
schedule_ablation_every_eligible,4V-FB,2462,921,True,False,51,0.04450506307937198,0.04944142818870401,1,-5.4285523698460736e-05,9.533972675049429e-32,5.277084562092722e-13,True,False,7.678999986637791e-05,1.0060000022349413e-05,0.00010227999996459403,schedule_ablation,every_eligible,100,0.5,1101
schedule_ablation_every_eligible,4V-FB,2463,922,True,False,51,0.04450506307936057,0.04944142818870401,1,-5.4285523704677985e-05,9.533972675049429e-32,5.277084562092722e-13,True,False,7.701999993514619e-05,1.0030000112237758e-05,0.00010188999999627413,schedule_ablation,every_eligible,100,0.5,1101
schedule_ablation_every_eligible,4V-FB,2464,923,True,False,51,0.04450506307934893,0.04944142818870401,1,-5.4285523710007055e-05,9.533972675049429e-32,5.27708456209272e-13,True,False,7.687999982408655e-05,9.969999837267096e-06,0.00010191000001213979,schedule_ablation,every_eligible,100,0.5,1101
schedule_ablation_every_eligible,4V-FB,2465,924,True,False,51,0.0445050630793372,0.04944142818870401,1,-5.428552371355977e-05,9.533972675049429e-32,5.277084562092722e-13,True,False,7.658899994567037e-05,1.0320000001229346e-05,0.00010795899993354396,schedule_ablation,every_eligible,100,0.5,1101
schedule_ablation_every_eligible,4V-FB,2466,925,True,False,51,0.04450506307932585,0.04944142818870401,1,-5.428552371977702e-05,9.533972675049429e-32,5.277084562092721e-13,True,False,7.667999989280361e-05,1.0080000038215076e-05,0.00010188000010202813,schedule_ablation,every_eligible,100,0.5,1101
